retailer,product_id,name,brand,size_raw,price,was_price,unit_price,unit_measure,is_on_special,result_rank,search_term,category,snapshot_date,fetched_at
woolworths,888137,Woolworths Full Cream Milk 2L,Woolworths,2L,3.55,3.55,1.78,1L,False,1,full cream milk 2l,dairy,2026-08-21,2026-08-21T03:39:38.960189+00:00
woolworths,88436,Dairy Farmers Full Cream Milk 2L,Dairy Farmers,2L,4.7,4.7,2.35,1L,False,2,full cream milk 2l,dairy,2026-08-21,2026-08-21T03:39:38.960189+00:00
woolworths,757826,Farmers Own Full Cream Homogenised 2L,Farmers Own,2L,3.95,3.95,1.98,1L,False,3,full cream milk 2l,dairy,2026-08-21,2026-08-21T03:39:38.960189+00:00
woolworths,44528,Norco Full Cream Milk 2L,Norco,2L,5.05,5.05,2.53,1L,False,4,full cream milk 2l,dairy,2026-08-21,2026-08-21T03:39:38.960189+00:00
woolworths,113887,Riverina Fresh Full Cream Milk 2L,Riverina,2L,5.15,5.15,2.58,1L,False,5,full cream milk 2l,dairy,2026-08-21,2026-08-21T03:39:38.960189+00:00
woolworths,154465,Norco Organic Milk 2L,Norco,2L,7.2,7.2,3.6,1L,False,6,full cream milk 2l,dairy,2026-08-21,2026-08-21T03:39:38.960189+00:00
woolworths,896367,Norco Pure Jersey Milk 2L,Norco,2L,6.55,6.55,3.28,1L,False,7,full cream milk 2l,dairy,2026-08-21,2026-08-21T03:39:38.960189+00:00
woolworths,406949,The Little Big Dairy Company Full Cream Milk 2L,The Little Big Dairy Company,2L,7.45,7.45,3.73,1L,False,8,full cream milk 2l,dairy,2026-08-21,2026-08-21T03:39:38.960189+00:00
woolworths,785722,Pauls Zymil Lactose Free Full Cream Milk 2L,Pauls,2L,5.95,6.9,2.98,1L,True,9,full cream milk 2l,dairy,2026-08-21,2026-08-21T03:39:38.960189+00:00
woolworths,789208,Riverina Fresh Lactose Free Full Cream Milk 2L,Riverina,2L,6.3,6.3,3.15,1L,False,10,full cream milk 2l,dairy,2026-08-21,2026-08-21T03:39:38.960189+00:00
coles,9760091,a2 Milk Full Cream Milk,a2 Milk,2L,7.3,,3.65,1l,False,1,full cream milk 2l,dairy,2026-08-21,2026-08-21T03:39:38.960189+00:00
coles,9760070,a2 Milk Full Cream Milk,a2 Milk,1L,4.1,,4.1,1l,False,2,full cream milk 2l,dairy,2026-08-21,2026-08-21T03:39:38.960189+00:00
coles,3186175,a2 Milk Full Cream Milk,a2 Milk,3L,10.5,,3.5,1l,False,3,full cream milk 2l,dairy,2026-08-21,2026-08-21T03:39:38.960189+00:00
coles,1913790,Devondale Full Cream Milk,Devondale,2L,4.7,,2.35,1l,False,4,full cream milk 2l,dairy,2026-08-21,2026-08-21T03:39:38.960189+00:00
coles,5477930,Pura Full Cream Milk,Pura,2L,4.65,,2.33,1l,False,5,full cream milk 2l,dairy,2026-08-21,2026-08-21T03:39:38.960189+00:00
coles,439693,Coles Full Cream Milk,Coles,2L,3.55,,1.78,1l,False,6,full cream milk 2l,dairy,2026-08-21,2026-08-21T03:39:38.960189+00:00
coles,5562926,Riverina Fresh Full Cream Milk,Riverina Fresh,2L,5.15,,2.58,1l,False,7,full cream milk 2l,dairy,2026-08-21,2026-08-21T03:39:38.960189+00:00
coles,4201117,Gippsland Jersey Full Cream Milk,Gippsland,2L,6.2,,3.1,1l,False,8,full cream milk 2l,dairy,2026-08-21,2026-08-21T03:39:38.960189+00:00
coles,9321070,Great Ocean Road Fresh Full Cream Milk,Great Ocean Road,2L,5,,2.5,1l,False,9,full cream milk 2l,dairy,2026-08-21,2026-08-21T03:39:38.960189+00:00
coles,6450917,East Coast Sustainable Organic Full Cream Milk,East Coast,2L,7.9,,3.95,1l,False,10,full cream milk 2l,dairy,2026-08-21,2026-08-21T03:39:38.960189+00:00
coles,6759482,Coles Full Cream Milk,Coles,600mL,1.45,,2.42,1l,False,11,full cream milk 2l,dairy,2026-08-21,2026-08-21T03:39:38.960189+00:00
coles,4490331,Great Ocean Road Full Cream Milk,Great Ocean Road,3L,6.75,,2.25,1l,False,12,full cream milk 2l,dairy,2026-08-21,2026-08-21T03:39:38.960189+00:00
coles,8150288,Coles Full Cream Milk,Coles,3L,5.15,,1.72,1l,False,13,full cream milk 2l,dairy,2026-08-21,2026-08-21T03:39:38.960189+00:00
coles,3647722,Pura Full Cream Milk,Pura,1L,3,,3,1l,False,14,full cream milk 2l,dairy,2026-08-21,2026-08-21T03:39:38.960189+00:00
coles,7828977,Pura Milk Full Cream,Pura,3L,6.7,,2.23,1l,False,15,full cream milk 2l,dairy,2026-08-21,2026-08-21T03:39:38.960189+00:00
coles,9411784,Pauls Smarter White Milk 2% Fat Full Cream Taste,Pauls,2L,5.1,,2.55,1l,False,16,full cream milk 2l,dairy,2026-08-21,2026-08-21T03:39:38.960189+00:00
coles,3187600,Farmhouse Gold Full Cream Milk,Farmhouse,750mL,3.8,,5.07,1l,False,17,full cream milk 2l,dairy,2026-08-21,2026-08-21T03:39:38.960189+00:00
coles,2750602,Pauls Farmhouse Gold Full Cream Milk,Pauls,1.5L,4.95,,3.3,1l,False,18,full cream milk 2l,dairy,2026-08-21,2026-08-21T03:39:38.960189+00:00
coles,9317935,Great Ocean Road Fresh Full Cream Milk,Great Ocean Road,1L,3,,3,1l,False,19,full cream milk 2l,dairy,2026-08-21,2026-08-21T03:39:38.960189+00:00
coles,4873250,a2 Milk Full Cream Uht Milk,a2 Milk,1L,3.9,,3.9,1l,False,20,full cream milk 2l,dairy,2026-08-21,2026-08-21T03:39:38.960189+00:00
coles,9052681,Coles Dairy Full Cream Milk,Coles,1L,1.85,,1.85,1l,False,21,full cream milk 2l,dairy,2026-08-21,2026-08-21T03:39:38.960189+00:00
coles,1909941,Devondale Full Cream Milk,Devondale,3L,6.4,,2.13,1l,False,22,full cream milk 2l,dairy,2026-08-21,2026-08-21T03:39:38.960189+00:00
coles,2589981,The Complete Dairy High Protein Full Cream Milk,The Complete Dairy,1L,3.8,,3.8,1l,False,23,full cream milk 2l,dairy,2026-08-21,2026-08-21T03:39:38.960189+00:00
coles,3894029,Made By Cow Cold Press Raw Milk Full Cream,Made By Cow,1.5L,8.95,,5.97,1l,False,24,full cream milk 2l,dairy,2026-08-21,2026-08-21T03:39:38.960189+00:00
coles,9411773,Pauls Smarter White Milk 2% Fat Full Cream Taste Bottle,Pauls,1L,3.5,,3.5,1l,False,25,full cream milk 2l,dairy,2026-08-21,2026-08-21T03:39:38.960189+00:00
coles,5458210,a2 Milk Lactose Free Full Cream Milk,a2 Milk,2L,7.3,,3.65,1l,False,26,full cream milk 2l,dairy,2026-08-21,2026-08-21T03:39:38.960189+00:00
coles,3179657,Australia's Own Full Cream Milk,Australia's Own,1L,1.8,,1.8,1l,False,27,full cream milk 2l,dairy,2026-08-21,2026-08-21T03:39:38.960189+00:00
coles,1104147,a2 Milk Lactose Free Full Cream Milk,a2 Milk,3L,10.5,,3.5,1l,False,28,full cream milk 2l,dairy,2026-08-21,2026-08-21T03:39:38.960189+00:00
coles,5593191,a2 Milk Lactose Free Full Cream Milk,a2 Milk,1L,4.1,,4.1,1l,False,29,full cream milk 2l,dairy,2026-08-21,2026-08-21T03:39:38.960189+00:00
coles,3179680,Australia's Own A2 Protein Full Cream Milk,Australia's Own,1L,3,,3,1l,False,30,full cream milk 2l,dairy,2026-08-21,2026-08-21T03:39:38.960189+00:00
coles,1329781,Devondale High Protein Full Cream Milk,Devondale,1L,2.5,,2.5,1l,False,31,full cream milk 2l,dairy,2026-08-21,2026-08-21T03:39:38.960189+00:00
coles,1973022,Devondale High Protein Full Cream Milk 6x200ml,Devondale,1.2L,6.9,,5.75,1l,False,32,full cream milk 2l,dairy,2026-08-21,2026-08-21T03:39:38.960189+00:00
woolworths,260729,Norco Skim Milk 2L,Norco,2L,5.05,5.05,2.53,1L,False,1,skim milk 2l,dairy,2026-08-21,2026-08-21T03:39:43.093442+00:00
woolworths,345464,Riverina Fresh Skim Milk 2L,Riverina,2L,5.25,5.25,2.63,1L,False,2,skim milk 2l,dairy,2026-08-21,2026-08-21T03:39:43.093442+00:00
woolworths,89926,Dairy Farmers Skim Milk 2L,Dairy Farmers,2L,5.05,5.05,2.53,1L,False,3,skim milk 2l,dairy,2026-08-21,2026-08-21T03:39:43.093442+00:00
woolworths,888139,Woolworths Lite Milk 2L,Woolworths,2L,3.55,3.55,1.78,1L,False,4,skim milk 2l,dairy,2026-08-21,2026-08-21T03:39:43.093442+00:00
woolworths,208066,a2 Milk Light 2L,a2,2L,7.3,7.3,3.65,1L,False,5,skim milk 2l,dairy,2026-08-21,2026-08-21T03:39:43.093442+00:00
woolworths,293187,Norco Reduced Fat Milk 2L,Norco,2L,5.05,5.05,2.53,1L,False,6,skim milk 2l,dairy,2026-08-21,2026-08-21T03:39:43.093442+00:00
woolworths,24133,Dairy Farmers Light Milk 2L,Dairy Farmers,2L,5.05,5.05,2.53,1L,False,7,skim milk 2l,dairy,2026-08-21,2026-08-21T03:39:43.093442+00:00
woolworths,553273,Norco Lactose Free Lite Milk 2L,Norco,2L,6.65,6.65,3.33,1L,False,8,skim milk 2l,dairy,2026-08-21,2026-08-21T03:39:43.093442+00:00
woolworths,513469,Pauls Plus+ Protein Low Fat Milk 2L,Pauls,2L,5.6,5.6,2.8,1L,False,9,skim milk 2l,dairy,2026-08-21,2026-08-21T03:39:43.093442+00:00
woolworths,407493,The Little Big Dairy Company No Cream Milk 2L,The Little Big Dairy Company,2L,7.1,7.1,3.55,1L,False,10,skim milk 2l,dairy,2026-08-21,2026-08-21T03:39:43.093442+00:00
coles,1079800,Coles Skim Milk,Coles,2L,3.55,,1.78,1l,False,1,skim milk 2l,dairy,2026-08-21,2026-08-21T03:39:43.093442+00:00
coles,455849,Devondale Skim Long Life Milk,Devondale,1L,2.35,,2.35,1l,False,2,skim milk 2l,dairy,2026-08-21,2026-08-21T03:39:43.093442+00:00
coles,1993267,Coles Skim Milk Bottle,Coles,1L,1.85,,1.85,1l,False,3,skim milk 2l,dairy,2026-08-21,2026-08-21T03:39:43.093442+00:00
coles,4824856,Devondale Semi Skim Long Life Milk,Devondale,1L,2.35,,2.35,1l,False,4,skim milk 2l,dairy,2026-08-21,2026-08-21T03:39:43.093442+00:00
coles,7910660,Coles Fat Free Instant Skim Milk Powder,Coles,1kg,10.5,,1.05,100g,False,5,skim milk 2l,dairy,2026-08-21,2026-08-21T03:39:43.093442+00:00
coles,7667244,Coles Australian Skim Long Life Milk,Coles,1L,1.85,,1.85,1l,False,6,skim milk 2l,dairy,2026-08-21,2026-08-21T03:39:43.093442+00:00
coles,5994046,Devondale Uht Skim Multipack Milk 6x200ml,Devondale,1.2L,6.25,,5.21,1l,False,7,skim milk 2l,dairy,2026-08-21,2026-08-21T03:39:43.093442+00:00
coles,8011598,Coles Multipack Skim Uht Milk 6 Pack,Coles,1200mL,4.5,,3.75,1l,False,8,skim milk 2l,dairy,2026-08-21,2026-08-21T03:39:43.093442+00:00
coles,7239433,Coles Australian Lite Long Life Milk,Coles,1L,1.85,,1.85,1l,False,9,skim milk 2l,dairy,2026-08-21,2026-08-21T03:39:43.093442+00:00
coles,301721,Devondale Full Cream Long Life Milk,Devondale,1L,2.35,,2.35,1l,False,10,skim milk 2l,dairy,2026-08-21,2026-08-21T03:39:43.093442+00:00
coles,7667368,Coles Australian Full Cream Long Life Milk,Coles,1L,1.85,,1.85,1l,False,11,skim milk 2l,dairy,2026-08-21,2026-08-21T03:39:43.093442+00:00
coles,8972436,Pauls Zymil Lactose Free Skim Milk,Pauls,1L,4.1,,4.1,1l,False,12,skim milk 2l,dairy,2026-08-21,2026-08-21T03:39:43.093442+00:00
coles,5984520,Devondale Uht Full Cream Multipack Milk 6x200ml,Devondale,1.2L,6.25,,5.21,1l,False,13,skim milk 2l,dairy,2026-08-21,2026-08-21T03:39:43.093442+00:00
coles,4311829,Pauls Zymil Skim Long Life Milk,Pauls,1L,3,,3,1l,False,14,skim milk 2l,dairy,2026-08-21,2026-08-21T03:39:43.093442+00:00
coles,3964532,Nestle Skim Sweetened Condensed Milk,Nestle,410g,4,,0.98,100g,False,15,skim milk 2l,dairy,2026-08-21,2026-08-21T03:39:43.093442+00:00
woolworths,48650,Woolworths Salted Butter 500g,Woolworths,500g,7,7,1.4,100G,False,1,butter 500g,dairy,2026-08-21,2026-08-21T03:39:45.086163+00:00
woolworths,688962,Woolworths Essentials Unsalted Butter 500g,Woolworths Essentials,500g,7,7,1.4,100G,False,2,butter 500g,dairy,2026-08-21,2026-08-21T03:39:45.086163+00:00
woolworths,41287,Western Star Salted Butter Block 500g,Western Star,500g,9.5,9.5,1.9,100G,False,3,butter 500g,dairy,2026-08-21,2026-08-21T03:39:45.086163+00:00
woolworths,41421,Devondale Butter Block Salted 500g,Devondale,500g,8.4,9.3,1.68,100G,True,4,butter 500g,dairy,2026-08-21,2026-08-21T03:39:45.086163+00:00
woolworths,802209,Devondale Butter Block Unsalted 500g,Devondale,500g,8.4,9.3,1.68,100G,True,5,butter 500g,dairy,2026-08-21,2026-08-21T03:39:45.086163+00:00
woolworths,48016,Meadowlea Original Spread 500g,Meadowlea,500g,4,4.5,0.8,100G,False,6,butter 500g,dairy,2026-08-21,2026-08-21T03:39:45.086163+00:00
woolworths,712251,Western Star Unsalted Butter Block Chef's Choice 500g,Western Star,500g,9.5,9.5,1.9,100G,False,7,butter 500g,dairy,2026-08-21,2026-08-21T03:39:45.086163+00:00
woolworths,69756,Western Star Original Spreadable Butter Blend Tub 500g,Western Star,500g,8.5,8.5,1.7,100G,False,8,butter 500g,dairy,2026-08-21,2026-08-21T03:39:45.086163+00:00
woolworths,69759,Western Star Spreadable Butter Blend Tub Soft 'n' Less Salt 500g,Western Star,500g,8.5,8.5,1.7,100G,False,9,butter 500g,dairy,2026-08-21,2026-08-21T03:39:45.086163+00:00
woolworths,1125895867,Protein Supplies Australia Whey Protein Powder Choc Peanut Butter 500g,Protein Supplies Australia,500G,44.95,44.95,8.99,100G,False,10,butter 500g,dairy,2026-08-21,2026-08-21T03:39:45.086163+00:00
coles,210160,Coles Salted Butter,Coles,500g,8.5,,1.7,100g,False,1,butter 500g,dairy,2026-08-21,2026-08-21T03:39:45.086163+00:00
coles,3169880,Coles Simply Salted Butter,Coles Simply,500g,7,,1.4,100g,False,2,butter 500g,dairy,2026-08-21,2026-08-21T03:39:45.086163+00:00
coles,210604,Western Star Dairy Butter,Western Star,500g,9.5,,1.9,100g,False,3,butter 500g,dairy,2026-08-21,2026-08-21T03:39:45.086163+00:00
coles,3056920,Nuttelex Buttery Spread,Nuttelex,500g,5.7,,1.14,100g,False,4,butter 500g,dairy,2026-08-21,2026-08-21T03:39:45.086163+00:00
coles,4844820,Nuttelex Spread Light Buttery,Nuttelex,500g,5.7,,1.14,100g,False,5,butter 500g,dairy,2026-08-21,2026-08-21T03:39:45.086163+00:00
coles,5384679,Nuttelex Olive Spread,Nuttelex,500g,6.3,,1.26,100g,False,6,butter 500g,dairy,2026-08-21,2026-08-21T03:39:45.086163+00:00
coles,209161,Nuttelex Original Spread,Nuttelex,500g,5.7,,1.14,100g,False,7,butter 500g,dairy,2026-08-21,2026-08-21T03:39:45.086163+00:00
coles,1155920,Nuttelex Spread Cholesterol Lowering,Nuttelex,500g,4.95,9.9,0.99,100g,True,8,butter 500g,dairy,2026-08-21,2026-08-21T03:39:45.086163+00:00
coles,4514859,Nuttelex Buttery,Nuttelex,1kg,8.9,9.9,0.89,100g,False,9,butter 500g,dairy,2026-08-21,2026-08-21T03:39:45.086163+00:00
coles,7085056,Westgold Unsalted Butter,Westgold,400g,7,8,1.75,100g,False,10,butter 500g,dairy,2026-08-21,2026-08-21T03:39:45.086163+00:00
coles,7075278,Westgold Salted Butter,Westgold,400g,7,8,1.75,100g,False,11,butter 500g,dairy,2026-08-21,2026-08-21T03:39:45.086163+00:00
coles,7174906,Lurpak Butter Unsalted,Lurpak,250g,7.25,,2.9,100g,False,12,butter 500g,dairy,2026-08-21,2026-08-21T03:39:45.086163+00:00
coles,313505,Coles Salted Butter,Coles,250g,4.8,,1.92,100g,False,13,butter 500g,dairy,2026-08-21,2026-08-21T03:39:45.086163+00:00
coles,3169835,Coles Simply Salted Butter,Coles Simply,250g,4.5,,1.8,100g,False,14,butter 500g,dairy,2026-08-21,2026-08-21T03:39:45.086163+00:00
coles,3169879,Coles Simply Unsalted Butter,Coles Simply,250g,4.5,,1.8,100g,False,15,butter 500g,dairy,2026-08-21,2026-08-21T03:39:45.086163+00:00
coles,3519416,Coles Organic Salted Butter,Coles Organic,250g,5.2,,2.08,100g,False,16,butter 500g,dairy,2026-08-21,2026-08-21T03:39:45.086163+00:00
coles,1708076,Mainland Organic Salted Butter,Mainland,250g,9.1,,,100g,False,17,butter 500g,dairy,2026-08-21,2026-08-21T03:39:45.086163+00:00
coles,7739731,Western Star Dairy Butter Unsalted,Western Star,250g,5.3,5.9,2.12,100g,False,18,butter 500g,dairy,2026-08-21,2026-08-21T03:39:45.086163+00:00
coles,210590,Western Star Dairy Butter Pat,Western Star,250g,5.3,5.9,2.12,100g,False,19,butter 500g,dairy,2026-08-21,2026-08-21T03:39:45.086163+00:00
coles,6801964,Tru-Blue Garlic Butter Spread,Tru-Blue,150g,3.35,,2.23,100g,False,20,butter 500g,dairy,2026-08-21,2026-08-21T03:39:45.086163+00:00
coles,5394129,Lurpak Butter Slightly Salted,Lurpak,250g,7.25,,2.9,100g,False,21,butter 500g,dairy,2026-08-21,2026-08-21T03:39:45.086163+00:00
coles,1778617,Devondale Regular Pat Butter,Devondale,250g,5.8,,2.32,100g,False,22,butter 500g,dairy,2026-08-21,2026-08-21T03:39:45.086163+00:00
coles,1985917,Devondale Butter Block Unsalted,Devondale,250g,5.8,,2.32,100g,False,23,butter 500g,dairy,2026-08-21,2026-08-21T03:39:45.086163+00:00
coles,1565365,Lardass Unsalted Cultured Butter,Lardass,200g,10,,5,100g,False,24,butter 500g,dairy,2026-08-21,2026-08-21T03:39:45.086163+00:00
coles,1565354,Lardass Salted Cultured Butter,Lardass,200g,10,,5,100g,False,25,butter 500g,dairy,2026-08-21,2026-08-21T03:39:45.086163+00:00
coles,6892100,Lurpak Butter Unsalted,Lurpak,400g,10,,2.5,100g,False,26,butter 500g,dairy,2026-08-21,2026-08-21T03:39:45.086163+00:00
coles,1730188,Lurpak Butter Garlic,Lurpak,125g,4,,3.2,100g,False,27,butter 500g,dairy,2026-08-21,2026-08-21T03:39:45.086163+00:00
coles,7033482,Geelong Dairy Butter Pat Salted,Geelong Dairy,250g,5.5,,2.2,100g,False,28,butter 500g,dairy,2026-08-21,2026-08-21T03:39:45.086163+00:00
coles,3783775,Great Ocean Road Pat Butter Unsalted,Great Ocean Road,250g,6.5,,2.6,100g,False,29,butter 500g,dairy,2026-08-21,2026-08-21T03:39:45.086163+00:00
coles,1154043,Lurpak Butter Slightly Salted,Lurpak,100g,3,,3,100g,False,30,butter 500g,dairy,2026-08-21,2026-08-21T03:39:45.086163+00:00
coles,46883,Coles Dairy Unsalted Butter Pat,Coles,250g,4.8,,1.92,100g,False,31,butter 500g,dairy,2026-08-21,2026-08-21T03:39:45.086163+00:00
coles,190100,Western Star Dairy Butter Unsalted Cultured,Western Star,250g,5.3,5.9,2.12,100g,False,32,butter 500g,dairy,2026-08-21,2026-08-21T03:39:45.086163+00:00
coles,6892143,Lurpak Butter Slightly Salted,Lurpak,400g,10,,2.5,100g,False,33,butter 500g,dairy,2026-08-21,2026-08-21T03:39:45.086163+00:00
coles,3783764,Great Ocean Road Pat Butter Sea Salt,Great Ocean Road,250g,6.5,,2.6,100g,False,34,butter 500g,dairy,2026-08-21,2026-08-21T03:39:45.086163+00:00
coles,7085089,Westgold Butter Infused Garlic & Parsley,Westgold,100g,2.8,,2.8,100g,False,35,butter 500g,dairy,2026-08-21,2026-08-21T03:39:45.086163+00:00
coles,8076469,Coppertree Farms Salted Butter,Coppertree Farms,200g,7.5,,3.75,100g,False,36,butter 500g,dairy,2026-08-21,2026-08-21T03:39:45.086163+00:00
coles,8076505,CopperTree Farms Unsalted Butter,CopperTree Farms,200g,7.5,,3.75,100g,False,37,butter 500g,dairy,2026-08-21,2026-08-21T03:39:45.086163+00:00
coles,8072242,Lard Ass Salted Cultured Butter,Lard Ass,225g,10.5,,,100g,False,38,butter 500g,dairy,2026-08-21,2026-08-21T03:39:45.086163+00:00
coles,8072082,Lard Ass Roasted Tomato Cultured Butter,Lard Ass,150g,10,,6.67,100g,False,39,butter 500g,dairy,2026-08-21,2026-08-21T03:39:45.086163+00:00
coles,8072162,Lard Ass Garlic & Herb Cultured Butter,Lard Ass,150g,10,,6.67,100g,False,40,butter 500g,dairy,2026-08-21,2026-08-21T03:39:45.086163+00:00
coles,8071953,Lard Ass Sweet Vanilla Cultured Butter,Lard Ass,150g,10,,6.67,100g,False,41,butter 500g,dairy,2026-08-21,2026-08-21T03:39:45.086163+00:00
coles,8070860,Lard Ass Smoked Garlic Cultured Butter,Lard Ass,150g,10,,6.67,100g,False,42,butter 500g,dairy,2026-08-21,2026-08-21T03:39:45.086163+00:00
coles,7034180,Geelong Dairy Butter Pat Unsalted,Geelong Dairy,250g,5.5,,2.2,100g,False,43,butter 500g,dairy,2026-08-21,2026-08-21T03:39:45.086163+00:00
coles,8072005,Lard Ass Black Garlic Cultured Butter,Lard Ass,150g,10,,6.67,100g,False,44,butter 500g,dairy,2026-08-21,2026-08-21T03:39:45.086163+00:00
coles,8071590,Lard Ass Smoked Salted Cultured Butter,Lard Ass,150g,10,,6.67,100g,False,45,butter 500g,dairy,2026-08-21,2026-08-21T03:39:45.086163+00:00
coles,5017496,Devondale Dairy Soft Salt Reduced Spreadable Butter,Devondale,500g,8,,1.6,100g,False,46,butter 500g,dairy,2026-08-21,2026-08-21T03:39:45.086163+00:00
coles,8071487,Lard Ass Roasted Fennel Seed Cultured Butter,Lard Ass,150g,10,,6.67,100g,False,47,butter 500g,dairy,2026-08-21,2026-08-21T03:39:45.086163+00:00
coles,93760,Western Star Chef's Choice Unsalted Cultured,Western Star,500g,9.5,,1.9,100g,False,48,butter 500g,dairy,2026-08-21,2026-08-21T03:39:45.086163+00:00
woolworths,310237,Woolworths Tasty Cheese Block 500g,Woolworths,500g,7.7,7.7,15.4,1KG,False,1,tasty cheese block 500g,dairy,2026-08-21,2026-08-21T03:39:47.112008+00:00
woolworths,40471,Bega Tasty Cheese Block 500g,Bega,500g,11.2,11.2,22.4,1KG,False,2,tasty cheese block 500g,dairy,2026-08-21,2026-08-21T03:39:47.112008+00:00
woolworths,807870,Mainland Extra Tasty Cheese Block 500g,Mainland,500g,10.5,11.8,21,1KG,True,3,tasty cheese block 500g,dairy,2026-08-21,2026-08-21T03:39:47.112008+00:00
woolworths,182060,Bega Protein Tasty Cheese Block 500g,Bega,500g,11.2,11.2,22.4,1KG,False,4,tasty cheese block 500g,dairy,2026-08-21,2026-08-21T03:39:47.112008+00:00
woolworths,310238,Woolworths Extra Tasty Cheese Block 500g,Woolworths,500g,7.7,7.7,15.4,1KG,False,5,tasty cheese block 500g,dairy,2026-08-21,2026-08-21T03:39:47.112008+00:00
woolworths,17280,Dairyworks Tasty Block 500g,Dairyworks,500g,7.5,7.5,15,1KG,False,6,tasty cheese block 500g,dairy,2026-08-21,2026-08-21T03:39:47.112008+00:00
coles,472994,Mainland Tasty Cheese Block,Mainland,500g,11.8,,23.6,1kg,False,1,tasty cheese block 500g,dairy,2026-08-21,2026-08-21T03:39:47.112008+00:00
coles,189712,Bega Cheese Tasty Block,Bega,500g,11.2,,22.4,1kg,False,2,tasty cheese block 500g,dairy,2026-08-21,2026-08-21T03:39:47.112008+00:00
coles,293995,Coles Cheese Block Tasty,Coles,500g,7.7,,15.4,1kg,False,3,tasty cheese block 500g,dairy,2026-08-21,2026-08-21T03:39:47.112008+00:00
coles,192411,Cheer Tasty Cheese Block,Cheer,1kg,14.95,,14.95,1kg,False,4,tasty cheese block 500g,dairy,2026-08-21,2026-08-21T03:39:47.112008+00:00
coles,7648283,Cheer Tasty Cheese Block,Cheer,400g,9,,22.5,1kg,False,5,tasty cheese block 500g,dairy,2026-08-21,2026-08-21T03:39:47.112008+00:00
coles,296712,Bega Cheese Tasty Block,Bega,250g,8,,32,1kg,False,6,tasty cheese block 500g,dairy,2026-08-21,2026-08-21T03:39:47.112008+00:00
coles,166568,Bega Cheese Block Tasty,Bega,750g,14.4,,19.2,1kg,False,7,tasty cheese block 500g,dairy,2026-08-21,2026-08-21T03:39:47.112008+00:00
coles,294003,Coles Dairy Tasty Cheese Block,Coles,250g,6,,24,1kg,False,8,tasty cheese block 500g,dairy,2026-08-21,2026-08-21T03:39:47.112008+00:00
coles,9182202,Great Ocean Road Extra Tasty Cheese Block,Great Ocean Road,500g,10.8,,21.6,1kg,False,9,tasty cheese block 500g,dairy,2026-08-21,2026-08-21T03:39:47.112008+00:00
coles,3308421,Mainland Extra Tasty Cheddar Cheese Block,Mainland,500g,11.8,,23.6,1kg,False,10,tasty cheese block 500g,dairy,2026-08-21,2026-08-21T03:39:47.112008+00:00
coles,287609,Coles Dairy Cheese Tasty,Coles,1kg,10.5,,10.5,1kg,False,11,tasty cheese block 500g,dairy,2026-08-21,2026-08-21T03:39:47.112008+00:00
coles,3274148,Mainland Extra Tasty Cheese Block,Mainland,250g,7.5,,30,1kg,False,12,tasty cheese block 500g,dairy,2026-08-21,2026-08-21T03:39:47.112008+00:00
coles,5432669,Coles Dairy Extra Tasty Cheese Block,Coles,250g,6,,24,1kg,False,13,tasty cheese block 500g,dairy,2026-08-21,2026-08-21T03:39:47.112008+00:00
coles,447556,Norco Natural Cheese Block,Norco,500g,10.8,12,21.6,1kg,False,14,tasty cheese block 500g,dairy,2026-08-21,2026-08-21T03:39:47.112008+00:00
coles,2071305,Coles Simply Cheddar Cheese Block,Coles Simply,1Kg,9.3,,9.3,1kg,False,15,tasty cheese block 500g,dairy,2026-08-21,2026-08-21T03:39:47.112008+00:00
coles,7648465,Cheer Light & Tasty Cheese Block,Cheer,400g,9,,22.5,1kg,False,16,tasty cheese block 500g,dairy,2026-08-21,2026-08-21T03:39:47.112008+00:00
coles,5236004,Coles Dairy Tasty Lite Cheese Block,Coles,250g,6,,24,1kg,False,17,tasty cheese block 500g,dairy,2026-08-21,2026-08-21T03:39:47.112008+00:00
coles,6900933,Coles Dairy Tasty Light Cheese Block,Coles,1kg,10.5,,10.5,1kg,False,18,tasty cheese block 500g,dairy,2026-08-21,2026-08-21T03:39:47.112008+00:00
coles,4380854,The Organic Milk Co Organic Cheddar Block,The Organic Milk Co,400g,9,,22.5,1kg,False,19,tasty cheese block 500g,dairy,2026-08-21,2026-08-21T03:39:47.112008+00:00
coles,1134670,The Organic Milk Co Organic High Protein Cheddar Block,The Organic Milk Co,250g,7,,28,1kg,False,20,tasty cheese block 500g,dairy,2026-08-21,2026-08-21T03:39:47.112008+00:00
woolworths,312204,Farmers Union Light Greek Yoghurt 1kg,Farmers Union,1kg,7.5,7.5,0.75,100G,False,1,greek yoghurt 1kg,dairy,2026-08-21,2026-08-21T03:39:48.901617+00:00
woolworths,571487,Woolworths Natural Greek Style Yoghurt 1kg,Woolworths,1kg,4.2,4.2,0.42,100G,False,2,greek yoghurt 1kg,dairy,2026-08-21,2026-08-21T03:39:48.901617+00:00
woolworths,31547,Farmers Union Greek Style Natural Yoghurt 1kg,Farmers Union,1kg,7.5,7.5,0.75,100G,False,3,greek yoghurt 1kg,dairy,2026-08-21,2026-08-21T03:39:48.901617+00:00
woolworths,249086,Woolworths Pot Set Greek Style Yoghurt 1kg,Woolworths,1kg,6.7,6.7,0.67,100G,False,4,greek yoghurt 1kg,dairy,2026-08-21,2026-08-21T03:39:48.901617+00:00
woolworths,543383,Jalna Pot Set A2 Protein All Natural Yoghurt Vanilla 1kg,Jalna,1kg,9.2,9.2,0.92,100G,False,5,greek yoghurt 1kg,dairy,2026-08-21,2026-08-21T03:39:48.901617+00:00
woolworths,768154,Jalna Sweet & Creamy Greek Style Yoghurt 1kg,Jalna,1kg,7.2,9,0.72,100G,True,6,greek yoghurt 1kg,dairy,2026-08-21,2026-08-21T03:39:48.901617+00:00
woolworths,6039010,Five:Am Organic Greek Style Yoghurt 1kg,Five:Am,1kg,9.5,9.5,0.95,100G,False,7,greek yoghurt 1kg,dairy,2026-08-21,2026-08-21T03:39:48.901617+00:00
woolworths,331963,Jalna Pot Set Greek Style Natural Yoghurt 1kg,Jalna,1kg,7.2,9,0.72,100G,True,8,greek yoghurt 1kg,dairy,2026-08-21,2026-08-21T03:39:48.901617+00:00
woolworths,622935,Tamar Valley Dairy Greek Style Yoghurt 1kg,Tamar Valley,1kg,8.3,8.3,0.83,100G,False,9,greek yoghurt 1kg,dairy,2026-08-21,2026-08-21T03:39:48.901617+00:00
coles,5938613,Chobani Greek Yogurt Lemon,Chobani,160g,3,,1.88,100g,False,1,greek yoghurt 1kg,dairy,2026-08-21,2026-08-21T03:39:48.901617+00:00
coles,5938726,Chobani Greek Yogurt Strawberry,Chobani,160g,3,,1.88,100g,False,2,greek yoghurt 1kg,dairy,2026-08-21,2026-08-21T03:39:48.901617+00:00
coles,5938668,Chobani Greek Yogurt Vanilla,Chobani,160g,3,,1.88,100g,False,3,greek yoghurt 1kg,dairy,2026-08-21,2026-08-21T03:39:48.901617+00:00
coles,5938715,Chobani Greek Yogurt Passionfruit,Chobani,160g,3,,1.88,100g,False,4,greek yoghurt 1kg,dairy,2026-08-21,2026-08-21T03:39:48.901617+00:00
coles,5938602,Chobani Greek Yogurt Raspberry,Chobani,160g,3,,1.88,100g,False,5,greek yoghurt 1kg,dairy,2026-08-21,2026-08-21T03:39:48.901617+00:00
coles,5938690,Chobani Greek Yogurt Mango,Chobani,160g,3,,1.88,100g,False,6,greek yoghurt 1kg,dairy,2026-08-21,2026-08-21T03:39:48.901617+00:00
coles,5939412,Chobani Greek Yogurt Limited Edition,Chobani,160g,3,,1.88,100g,False,7,greek yoghurt 1kg,dairy,2026-08-21,2026-08-21T03:39:48.901617+00:00
coles,1158328,Chobani No Added Sugar Greek Yogurt Strawberry,Chobani,150g,3,,2,100g,False,8,greek yoghurt 1kg,dairy,2026-08-21,2026-08-21T03:39:48.901617+00:00
coles,5939570,Jalna Greek Style Yoghurt Lactose Free,Jalna,170g,3.05,,1.79,100g,False,9,greek yoghurt 1kg,dairy,2026-08-21,2026-08-21T03:39:48.901617+00:00
coles,5939332,Chobani Greek Yogurt Natural Light,Chobani,160g,3,,1.88,100g,False,10,greek yoghurt 1kg,dairy,2026-08-21,2026-08-21T03:39:48.901617+00:00
coles,6604351,Farmers Union Greek Style Yoghurt Natural,Farmers Union,240g,3.75,,1.56,100g,False,11,greek yoghurt 1kg,dairy,2026-08-21,2026-08-21T03:39:48.901617+00:00
coles,8000649,Yo Chi Greek Style Mango Frozen Yoghurt Tub,Yo Chi,500mL,7.7,9.6,1.54,100ml,False,12,greek yoghurt 1kg,dairy,2026-08-21,2026-08-21T03:39:48.901617+00:00
coles,5792915,Yo Chi Greek Style Original Frozen Yoghurt Tub,Yo Chi,500mL,7.7,9.6,1.54,100ml,False,13,greek yoghurt 1kg,dairy,2026-08-21,2026-08-21T03:39:48.901617+00:00
coles,5792904,Yo Chi Greek Style Wild Berry Frozen Yoghurt Tub,Yo Chi,500mL,7.7,9.6,1.54,100ml,False,14,greek yoghurt 1kg,dairy,2026-08-21,2026-08-21T03:39:48.901617+00:00
coles,2130299,Tamar Valley Greek Style Yoghurt,Tamar Valley,1kg,6.5,8.3,0.65,100g,False,15,greek yoghurt 1kg,dairy,2026-08-21,2026-08-21T03:39:48.901617+00:00
coles,3537316,Jalna Pot Set Yoghurt Natural Greek Style,Jalna,170g,2.05,2.65,1.21,100g,False,16,greek yoghurt 1kg,dairy,2026-08-21,2026-08-21T03:39:48.901617+00:00
coles,7250935,Jalna Greek Style Natural Yoghurt,Jalna,1kg,9,,0.9,100g,False,17,greek yoghurt 1kg,dairy,2026-08-21,2026-08-21T03:39:48.901617+00:00
coles,2273478,Coles Greek Style Natural Yoghurt,Coles,1kg,4.2,,0.42,100g,False,18,greek yoghurt 1kg,dairy,2026-08-21,2026-08-21T03:39:48.901617+00:00
coles,2273489,Coles Light Greek Style Yoghurt,Coles,1kg,4.2,,,100g,False,19,greek yoghurt 1kg,dairy,2026-08-21,2026-08-21T03:39:48.901617+00:00
coles,1990746,Farmers Union Greek Style Light Yogurt,Farmers Union,1Kg,7.5,,0.75,100g,False,20,greek yoghurt 1kg,dairy,2026-08-21,2026-08-21T03:39:48.901617+00:00
coles,6523216,Procal Authentic Greek Yoghurt,Procal,900g,7.2,,0.8,100g,False,21,greek yoghurt 1kg,dairy,2026-08-21,2026-08-21T03:39:48.901617+00:00
coles,3816954,Jalna Farm To Pot Organic Yoghurt Greek Style,Jalna,1kg,9.2,,0.92,100g,False,22,greek yoghurt 1kg,dairy,2026-08-21,2026-08-21T03:39:48.901617+00:00
coles,1438540,Jalna Sweet & Creamy Greek Style Yoghurt,Jalna,1kg,9,,0.9,100g,False,23,greek yoghurt 1kg,dairy,2026-08-21,2026-08-21T03:39:48.901617+00:00
coles,2273467,Coles Pot Set Natural Greek Style Yoghurt,Coles,1kg,6.7,,,100g,False,24,greek yoghurt 1kg,dairy,2026-08-21,2026-08-21T03:39:48.901617+00:00
coles,3816874,Jalna Lactose Free Greek Style Yoghurt Natural,Jalna,1kg,9.2,,0.92,100g,False,25,greek yoghurt 1kg,dairy,2026-08-21,2026-08-21T03:39:48.901617+00:00
coles,1151023,Jalna Greek Style Yoghurt Plus Natural,Jalna,1Kg,9.2,,0.92,100g,False,26,greek yoghurt 1kg,dairy,2026-08-21,2026-08-21T03:39:48.901617+00:00
coles,1851681,Coles Pot Set Natural Greek Style Yoghurt,Coles,1Kg,6.7,,0.67,100g,False,27,greek yoghurt 1kg,dairy,2026-08-21,2026-08-21T03:39:48.901617+00:00
coles,2744701,Jalna Pot Set Greek Style Sweet & Creamy Strawberry Yoghurt,Jalna,1kg,9,,0.9,100g,False,28,greek yoghurt 1kg,dairy,2026-08-21,2026-08-21T03:39:48.901617+00:00
coles,1158339,Chobani No Added Sugar Greek Yogurt Strawberry,Chobani,680g,7.75,,1.14,100g,False,29,greek yoghurt 1kg,dairy,2026-08-21,2026-08-21T03:39:48.901617+00:00
coles,3246583,Chobani Greek Yogurt Vanilla,Chobani,907g,8.8,,0.97,100g,False,30,greek yoghurt 1kg,dairy,2026-08-21,2026-08-21T03:39:48.901617+00:00
coles,3866894,Coles Perform High Protein Greek Yoghurt,Coles Perform,900g,7,,0.78,100g,False,31,greek yoghurt 1kg,dairy,2026-08-21,2026-08-21T03:39:48.901617+00:00
coles,1012016,Farmers Union Greek Style Yogurt,Farmers Union,2Kg,13.5,,0.68,100g,False,32,greek yoghurt 1kg,dairy,2026-08-21,2026-08-21T03:39:48.901617+00:00
coles,9964116,Tamar Valley Greek Style Yoghurt,Tamar Valley,500g,4.9,,0.98,100g,False,33,greek yoghurt 1kg,dairy,2026-08-21,2026-08-21T03:39:48.901617+00:00
coles,1753387,Chobani 20g Protein Greek Yogurt Vanilla,Chobani,900g,9.85,,1.09,100g,False,34,greek yoghurt 1kg,dairy,2026-08-21,2026-08-21T03:39:48.901617+00:00
coles,1753376,Chobani 20g Protein Greek Yogurt Strawberry,Chobani,900g,9.85,,1.09,100g,False,35,greek yoghurt 1kg,dairy,2026-08-21,2026-08-21T03:39:48.901617+00:00
coles,1314650,Chobani No Added Sugar Yogurt Vanilla,Chobani,150g,3,,2,100g,False,36,greek yoghurt 1kg,dairy,2026-08-21,2026-08-21T03:39:48.901617+00:00
coles,2745340,Chobani Greek Yogurt Natural Whole Milk,Chobani,907g,8.8,,0.97,100g,False,37,greek yoghurt 1kg,dairy,2026-08-21,2026-08-21T03:39:48.901617+00:00
coles,1435100,Chobani Greek Yogurt Natural Light,Chobani,907g,8.8,,0.97,100g,False,38,greek yoghurt 1kg,dairy,2026-08-21,2026-08-21T03:39:48.901617+00:00
coles,2392513,Carman's Greek Yoghurt & Berry Protein Bars,Carman's,200g,8.5,,4.25,100g,False,39,greek yoghurt 1kg,dairy,2026-08-21,2026-08-21T03:39:48.901617+00:00
coles,3537327,Jalna Pot Set Yoghurt Vanilla,Jalna,170g,2.05,2.65,1.21,100g,False,40,greek yoghurt 1kg,dairy,2026-08-21,2026-08-21T03:39:48.901617+00:00
coles,3087060,Farmers Union Greek Style Yoghurt Pouch Vanilla,Farmers Union,130g,1.45,2.9,1.12,100g,False,41,greek yoghurt 1kg,dairy,2026-08-21,2026-08-21T03:39:48.901617+00:00
coles,2376288,Jalna Sweet & Creamy Greek Style Yoghurt,Jalna,2kg,16,,0.8,100g,False,42,greek yoghurt 1kg,dairy,2026-08-21,2026-08-21T03:39:48.901617+00:00
coles,7110073,Chobani 15g High Protein Greek Yogurt Strawberry,Chobani,160g,2.6,3.3,1.63,100g,False,43,greek yoghurt 1kg,dairy,2026-08-21,2026-08-21T03:39:48.901617+00:00
coles,7109609,Chobani 15g High Protein Greek Yogurt Vanilla,Chobani,160g,2.6,3.3,1.63,100g,False,44,greek yoghurt 1kg,dairy,2026-08-21,2026-08-21T03:39:48.901617+00:00
coles,7109686,Chobani 15g High Protein Greek Yogurt Blueberry,Chobani,160g,2.6,3.3,1.63,100g,False,45,greek yoghurt 1kg,dairy,2026-08-21,2026-08-21T03:39:48.901617+00:00
coles,7109868,Chobani 15g High Protein Greek Yogurt Passionfruit,Chobani,160g,2.6,3.3,1.63,100g,False,46,greek yoghurt 1kg,dairy,2026-08-21,2026-08-21T03:39:48.901617+00:00
coles,7109813,Chobani 15g High Protein Greek Yogurt Tropical,Chobani,160g,2.6,3.3,1.63,100g,False,47,greek yoghurt 1kg,dairy,2026-08-21,2026-08-21T03:39:48.901617+00:00
coles,9961366,Chobani No Added Sugar Greek Yogurt Blueberry Pouch,Chobani,100g,2.25,,2.25,100g,False,48,greek yoghurt 1kg,dairy,2026-08-21,2026-08-21T03:39:48.901617+00:00
woolworths,1127086861,Advwin 12 Eggs Incubator with Egg Candler Automatic Egg Turning,Advwin,,79.9,79.9,,,False,1,eggs 12 pack,dairy,2026-08-21,2026-08-21T03:39:50.758910+00:00
woolworths,1129970495,"12 Grid Egg Storage Box, Portable Egg Organizer, Egg Preservation Container",,,39.75,39.75,,,False,2,eggs 12 pack,dairy,2026-08-21,2026-08-21T03:39:50.758910+00:00
woolworths,1125425979,Advwin Automatic 12 Eggs Incubator with Egg Candler,Advwin,1EA,79.9,79.9,,,False,3,eggs 12 pack,dairy,2026-08-21,2026-08-21T03:39:50.758910+00:00
woolworths,1126480833,Colorful Dinosaur Fossil Digging Egg Set (12 Eggs),,,104.99,104.99,104.99,1EA,False,4,eggs 12 pack,dairy,2026-08-21,2026-08-21T03:39:50.758910+00:00
woolworths,1128745685,12 Egg Incubator with Automatic Egg Turning & Humidity Control Eggs Tray Hatcher,Grozy,,65.99,65.99,,,False,5,eggs 12 pack,dairy,2026-08-21,2026-08-21T03:39:50.758910+00:00
woolworths,1104780162,Electric Egg Incubator Digital For Chicken Quail Poultry Birds Eggs 12 Eggs Incubator,,1EA,129.99,129.99,,,False,6,eggs 12 pack,dairy,2026-08-21,2026-08-21T03:39:50.758910+00:00
woolworths,118213,Simply Eggs 12 Extra Large Cage Free Eggs 700g,Simply Eggs,700g,6.9,6.9,0.99,100G,False,7,eggs 12 pack,dairy,2026-08-21,2026-08-21T03:39:50.758910+00:00
woolworths,1120986713,Aussie Traveller 12 Egg Carrier,Aussie Traveller,1EA,22,22,,,False,8,eggs 12 pack,dairy,2026-08-21,2026-08-21T03:39:50.758910+00:00
woolworths,1126389103,Advwin 2 Pcs Egg Incubator 12 Eggs Automatic Water Refill,Advwin,,132.9,132.9,,,False,9,eggs 12 pack,dairy,2026-08-21,2026-08-21T03:39:50.758910+00:00
woolworths,1124580995,"2 Pack Covered Egg Holders, 12 Grid Fridge Egg Storage Container with Lid (24 Eggs)",,1EA,30.74,30.74,,,False,10,eggs 12 pack,dairy,2026-08-21,2026-08-21T03:39:50.758910+00:00
coles,9453478,Coles Free Range Eggs 12 Pack,Coles,700g,6.5,,0.93,100g,False,1,eggs 12 pack,dairy,2026-08-21,2026-08-21T03:39:50.758910+00:00
coles,9453456,Coles Free Range Eggs 12 Pack,Coles,600g,5,6.2,0.83,100g,False,2,eggs 12 pack,dairy,2026-08-21,2026-08-21T03:39:50.758910+00:00
coles,5178633,Coles Cage Free Eggs 12 Pack,Coles,700g,5.7,,0.81,100g,False,3,eggs 12 pack,dairy,2026-08-21,2026-08-21T03:39:50.758910+00:00
coles,8077133,Sunny Queen Odd Eggs Ready To Pour Egg Mix,Sunny Queen,500g,6.5,,1.3,100g,False,4,eggs 12 pack,dairy,2026-08-21,2026-08-21T03:39:50.758910+00:00
coles,6802377,Fyfe Family Eggs Free Range 12 Pack,Fyfe Family Eggs,600g,9,,1.5,100g,False,5,eggs 12 pack,dairy,2026-08-21,2026-08-21T03:39:50.758910+00:00
coles,1760000,Puregg Cage Free Egg Whites,Puregg,500g,10.5,,2.1,100g,False,6,eggs 12 pack,dairy,2026-08-21,2026-08-21T03:39:50.758910+00:00
coles,5178804,Coles Cage Free Eggs 12 Pack,Coles,800g,6.4,,0.8,100g,False,7,eggs 12 pack,dairy,2026-08-21,2026-08-21T03:39:50.758910+00:00
coles,6804769,Yarra Valley Free Range Eggs 12 Pack,Yarra Valley,700g,7.5,,1.07,100g,False,8,eggs 12 pack,dairy,2026-08-21,2026-08-21T03:39:50.758910+00:00
coles,6339534,Sunrise Free Range Eggs 12 Pack,Sunrise,700g,7.4,,1.06,100g,False,9,eggs 12 pack,dairy,2026-08-21,2026-08-21T03:39:50.758910+00:00
coles,9131063,Sunrise Cage Free Eggs 12 Pack,Sunrise,700g,6.5,,0.93,100g,False,10,eggs 12 pack,dairy,2026-08-21,2026-08-21T03:39:50.758910+00:00
coles,6802490,Mornington Peninsula Free Range Eggs 12 Pack,Mornington Peninsula,800g,9.6,,1.2,100g,False,11,eggs 12 pack,dairy,2026-08-21,2026-08-21T03:39:50.758910+00:00
coles,2364450,Josh's Rainbow Free Range Eggs 12 Pack,Josh's Rainbow,700g,9.3,,1.33,100g,False,12,eggs 12 pack,dairy,2026-08-21,2026-08-21T03:39:50.758910+00:00
coles,6339498,Good Yolk Co Cage Free Eggs 12 Pack,Good Yolk Co,700g,6.5,,0.93,100g,False,13,eggs 12 pack,dairy,2026-08-21,2026-08-21T03:39:50.758910+00:00
coles,6339512,Good Yolk Co Cage Free Eggs 12 Pack,Good Yolk Co,600g,6.2,,1.03,100g,False,14,eggs 12 pack,dairy,2026-08-21,2026-08-21T03:39:50.758910+00:00
coles,6949240,Pace Farm Cage Free Eggs 12 Pack,Pace Farm,800g,7.95,,0.99,100g,False,15,eggs 12 pack,dairy,2026-08-21,2026-08-21T03:39:50.758910+00:00
coles,7069016,Mornington Peninsula Cage Free Eggs 12 Pack,Mornington,700g,6.6,,0.94,100g,False,16,eggs 12 pack,dairy,2026-08-21,2026-08-21T03:39:50.758910+00:00
coles,7069038,Mornington Peninsula Cage Free Eggs 12 Pack,Mornington,600g,6.2,,1.03,100g,False,17,eggs 12 pack,dairy,2026-08-21,2026-08-21T03:39:50.758910+00:00
coles,1034234,Coles Jumbo Free Range Eggs 12 Pack,Coles,800g,7.25,,0.91,100g,False,18,eggs 12 pack,dairy,2026-08-21,2026-08-21T03:39:50.758910+00:00
coles,6802242,Fyfe Family Farm Free Range Eggs 12 Pack,Fyfe Family Farm,700g,9.3,,1.33,100g,False,19,eggs 12 pack,dairy,2026-08-21,2026-08-21T03:39:50.758910+00:00
coles,4932940,Pace Farm Eggs For Everyone Free Range 12 Pack,Pace Farm,600g,7.5,,1.25,100g,False,20,eggs 12 pack,dairy,2026-08-21,2026-08-21T03:39:50.758910+00:00
coles,8736885,Pace Farm Eggs For Everyone Free Range 12 Pack,Pace Farm,800g,9.75,,1.22,100g,False,21,eggs 12 pack,dairy,2026-08-21,2026-08-21T03:39:50.758910+00:00
coles,5417778,Sunny Queen Free Range Large Eggs 12 Pack,Sunny Queen,600g,8.85,,1.47,100g,False,22,eggs 12 pack,dairy,2026-08-21,2026-08-21T03:39:50.758910+00:00
coles,5178961,Coles Cage Free Eggs 18 Pack,Coles,900g,8.4,,0.93,100g,False,23,eggs 12 pack,dairy,2026-08-21,2026-08-21T03:39:50.758910+00:00
coles,2680008,Coles Free Range Eggs 6 Pack,Coles,300g,4.2,,1.4,100g,False,24,eggs 12 pack,dairy,2026-08-21,2026-08-21T03:39:50.758910+00:00
coles,8736750,Pace Farm Eggs For Everyone Free Range 12 Pack,Pace Farm,700g,7.75,,1.11,100g,False,25,eggs 12 pack,dairy,2026-08-21,2026-08-21T03:39:50.758910+00:00
coles,7007096,Pace Farm Eggs For Everyone Cage Free 12 Pack,Pace Farm,600g,6,,1,100g,False,26,eggs 12 pack,dairy,2026-08-21,2026-08-21T03:39:50.758910+00:00
coles,6949783,Pace Farm Eggs For Everyone Cage Free 12 Pack,Pace Farm,700g,6.4,,0.91,100g,False,27,eggs 12 pack,dairy,2026-08-21,2026-08-21T03:39:50.758910+00:00
coles,7065751,Josh's Rainbow Free Range Eggs 12pack,Josh's Rainbow,800g,10.5,,1.31,100g,False,28,eggs 12 pack,dairy,2026-08-21,2026-08-21T03:39:50.758910+00:00
coles,5346590,Josh's Rainbow Free Range Eggs 18 Pack,Josh's Rainbow,900g,11.9,,1.32,100g,False,29,eggs 12 pack,dairy,2026-08-21,2026-08-21T03:39:50.758910+00:00
coles,6804816,Surf Coast Cracking Good Ultimate Free Range Eggs 12 Pack,Surf Coast,800g,7.5,,0.94,100g,False,30,eggs 12 pack,dairy,2026-08-21,2026-08-21T03:39:50.758910+00:00
coles,6804805,Surf Coast Cracking Good Ultimate Free Range Eggs 12 Pack,Surf Coast,700g,7,,1,100g,False,31,eggs 12 pack,dairy,2026-08-21,2026-08-21T03:39:50.758910+00:00
coles,5484210,Sunny Queen Free Range X Large Eggs 6 Pack,Sunny Queen,350g,5.2,,1.49,100g,False,32,eggs 12 pack,dairy,2026-08-21,2026-08-21T03:39:50.758910+00:00
coles,2364471,Josh's Rainbow Free Range Eggs Regular 6 Pack,Josh's Rainbow,350g,5.2,,1.49,100g,False,33,eggs 12 pack,dairy,2026-08-21,2026-08-21T03:39:50.758910+00:00
coles,8953577,Sunny Queen Free Range Large Eggs 18 Pack,Sunny Queen,900g,13.2,,1.47,100g,False,34,eggs 12 pack,dairy,2026-08-21,2026-08-21T03:39:50.758910+00:00
coles,5341257,Sunny Queen Free Range X-large Eggs 30 Pack,Sunny Queen,1.75kg,19.5,,1.11,100g,False,35,eggs 12 pack,dairy,2026-08-21,2026-08-21T03:39:50.758910+00:00
coles,1059279,Sunny Queen Peeled Hard Boiled Eggs 2 Pack,Sunny Queen,85g,3.5,4.5,4.12,100g,False,36,eggs 12 pack,dairy,2026-08-21,2026-08-21T03:39:50.758910+00:00
coles,3434540,Pace Farm Eggs For Everyone Cage Free 18 Pack,Pace Farm,900g,9.5,,1.06,100g,False,37,eggs 12 pack,dairy,2026-08-21,2026-08-21T03:39:50.758910+00:00
coles,4228838,Sunny Queen Organic Eggs 12 Pack,Sunny Queen,700g,13.3,,1.9,100g,False,38,eggs 12 pack,dairy,2026-08-21,2026-08-21T03:39:50.758910+00:00
coles,5417789,Sunny Queen Free Range Extra Large Eggs 12 Pack,Sunny Queen,700g,8.8,,1.26,100g,False,39,eggs 12 pack,dairy,2026-08-21,2026-08-21T03:39:50.758910+00:00
coles,3169697,Coles Organic Free Range Eggs 12 Pack,Coles Organic,600g,10.6,,1.77,100g,False,40,eggs 12 pack,dairy,2026-08-21,2026-08-21T03:39:50.758910+00:00
coles,5352209,Yallamundi Farm Organic Free Range Eggs 12 Pack,Yallamundi Farm,600g,13.8,,2.3,100g,False,41,eggs 12 pack,dairy,2026-08-21,2026-08-21T03:39:50.758910+00:00
coles,5337624,Yallamundi Farm Organic Free Range Eggs 12 Pack,Yallamundi Farm,700g,14.3,,2.04,100g,False,42,eggs 12 pack,dairy,2026-08-21,2026-08-21T03:39:50.758910+00:00
coles,8946775,Sunny Queen Cage Free Large Eggs 18 Pack,Sunny Queen,900g,11.2,,1.24,100g,False,43,eggs 12 pack,dairy,2026-08-21,2026-08-21T03:39:50.758910+00:00
coles,3428401,Sunny Queen Big Brekkie Free Range 12 Pack,Sunny Queen,820g,10.5,,1.28,100g,False,44,eggs 12 pack,dairy,2026-08-21,2026-08-21T03:39:50.758910+00:00
coles,6802424,Mornington Peninsula Free Range 12 Pack,Mornington Peninsula,700g,9.1,,1.3,100g,False,45,eggs 12 pack,dairy,2026-08-21,2026-08-21T03:39:50.758910+00:00
coles,6802515,Mornington Peninsula Free Range 6 Pack,Mornington Peninsula,330g,5.3,,1.61,100g,False,46,eggs 12 pack,dairy,2026-08-21,2026-08-21T03:39:50.758910+00:00
coles,3519416,Coles Organic Salted Butter,Coles Organic,250g,5.2,,2.08,100g,False,47,eggs 12 pack,dairy,2026-08-21,2026-08-21T03:39:50.758910+00:00
coles,1708076,Mainland Organic Salted Butter,Mainland,250g,9.1,,,100g,False,48,eggs 12 pack,dairy,2026-08-21,2026-08-21T03:39:50.758910+00:00
woolworths,277728,Woolworths White Sandwich Bread Loaf 650g,Woolworths,650g,2.5,2.5,0.38,100G,False,1,white bread loaf,bakery,2026-08-21,2026-08-21T03:39:52.794194+00:00
woolworths,1119109537,Gund Pusheen Squisheen White Bread Loaf Plush 30cm,Gund,1EA,59.95,59.95,,,False,2,white bread loaf,bakery,2026-08-21,2026-08-21T03:39:52.794194+00:00
woolworths,233160,Woolworths Soft White Loaf 800g,Woolworths,800g,3.6,3.6,0.45,100G,False,3,white bread loaf,bakery,2026-08-21,2026-08-21T03:39:52.794194+00:00
woolworths,893462,Helga's Crafted White Sourdough Bread Loaf 700g,Helga's,700g,6.7,6.7,0.96,100G,False,4,white bread loaf,bakery,2026-08-21,2026-08-21T03:39:52.794194+00:00
woolworths,277578,Woolworths Free From Gluten White Bread Loaf 440g,Woolworths,440g,5.5,5.5,1.25,100G,False,5,white bread loaf,bakery,2026-08-21,2026-08-21T03:39:52.794194+00:00
woolworths,889314,Wonder 5 Star Soft White High Fibre Bread Loaf 680g,Wonder,680g,4.9,4.9,0.72,100G,False,6,white bread loaf,bakery,2026-08-21,2026-08-21T03:39:52.794194+00:00
woolworths,19899,Tip Top Sunblest Soft White Sandwich Slice Bread Loaf Bakery 650g,Tip Top,650g,3.9,3.9,0.6,100G,False,7,white bread loaf,bakery,2026-08-21,2026-08-21T03:39:52.794194+00:00
woolworths,713816,Tip Top The One White Sandwich Slice Bread Loaf Bakery 700g,Tip Top,700g,4.6,4.6,0.66,100G,False,8,white bread loaf,bakery,2026-08-21,2026-08-21T03:39:52.794194+00:00
woolworths,713834,Tip Top The One White Toast Slice Bread Loaf Bakery 700g,Tip Top,700g,4.6,4.6,0.66,100G,False,9,white bread loaf,bakery,2026-08-21,2026-08-21T03:39:52.794194+00:00
woolworths,6076251,Just White Loaf 700g,Just,700g,4,4,0.57,100G,False,10,white bread loaf,bakery,2026-08-21,2026-08-21T03:39:52.794194+00:00
coles,4901345,Coles Simply White Sandwich Loaf,Coles Simply,650g,2.5,,0.38,100g,False,1,white bread loaf,bakery,2026-08-21,2026-08-21T03:39:52.794194+00:00
coles,1856492,Just White Loaf,Just,700g,4,,0.57,100g,False,2,white bread loaf,bakery,2026-08-21,2026-08-21T03:39:52.794194+00:00
coles,3378289,Coles Soft White Toast Loaf,Coles,650g,2.8,,0.43,100g,False,3,white bread loaf,bakery,2026-08-21,2026-08-21T03:39:52.794194+00:00
coles,3860901,Wonder Mini Loaf White Sandwich Vitamin,Wonder,320g,3.6,,1.13,100g,False,4,white bread loaf,bakery,2026-08-21,2026-08-21T03:39:52.794194+00:00
coles,1089939,Helgas White Loaf,Helgas,700g,5.2,,0.74,100g,False,5,white bread loaf,bakery,2026-08-21,2026-08-21T03:39:52.794194+00:00
coles,1856517,Just Wholemeal Loaf,Just,700g,4,,0.57,100g,False,6,white bread loaf,bakery,2026-08-21,2026-08-21T03:39:52.794194+00:00
coles,7074016,Warburtons Gluten Free White Tiger Bloomer Loaf,Warburtons,400g,9.95,,2.49,100g,False,7,white bread loaf,bakery,2026-08-21,2026-08-21T03:39:52.794194+00:00
coles,8391309,Coles White Sandwich Loaf,Coles,800g,3.6,,0.45,100g,False,8,white bread loaf,bakery,2026-08-21,2026-08-21T03:39:52.794194+00:00
coles,7168969,Coles White Sandwich Loaf,Coles,680g,3.3,,0.49,100g,False,9,white bread loaf,bakery,2026-08-21,2026-08-21T03:39:52.794194+00:00
coles,7169000,Coles Hi Fibre Low Gi White Sandwich Loaf,Coles,680g,4,,0.59,100g,False,10,white bread loaf,bakery,2026-08-21,2026-08-21T03:39:52.794194+00:00
woolworths,253921,Burgen Wholemeal & Seeds Bread Loaf 700g,Burgen,700g,6,6,0.86,100G,False,1,wholemeal bread loaf,bakery,2026-08-21,2026-08-21T03:39:55.313272+00:00
woolworths,277579,Woolworths Free From Gluten Wholemeal Bread Loaf 450g,Woolworths,450g,5.5,5.5,1.22,100G,False,2,wholemeal bread loaf,bakery,2026-08-21,2026-08-21T03:39:55.313272+00:00
woolworths,49613,Tip Top Sunblest Soft Wholemeal Bread Loaf Sandwich Bakery 650g,Tip Top,650g,3.9,3.9,0.6,100G,False,3,wholemeal bread loaf,bakery,2026-08-21,2026-08-21T03:39:55.313272+00:00
woolworths,277578,Woolworths Free From Gluten White Bread Loaf 440g,Woolworths,440g,5.5,5.5,1.25,100G,False,4,wholemeal bread loaf,bakery,2026-08-21,2026-08-21T03:39:55.313272+00:00
woolworths,6028342,Helga's Plus+ Lower Carb 5 Seed Bread Loaf 700g,Helga's,700g,4.9,5.8,0.7,100G,True,5,wholemeal bread loaf,bakery,2026-08-21,2026-08-21T03:39:55.313272+00:00
woolworths,277577,Woolworths Free From Gluten Seeded Bread Loaf 450g,Woolworths,450g,5.5,5.5,1.22,100G,False,6,wholemeal bread loaf,bakery,2026-08-21,2026-08-21T03:39:55.313272+00:00
woolworths,264174,Woolworths Free From Gluten Turkish Bread Loaf 200g,Woolworths,200g,5.1,5.1,2.55,100G,False,7,wholemeal bread loaf,bakery,2026-08-21,2026-08-21T03:39:55.313272+00:00
woolworths,277728,Woolworths White Sandwich Bread Loaf 650g,Woolworths,650g,2.5,2.5,0.38,100G,False,8,wholemeal bread loaf,bakery,2026-08-21,2026-08-21T03:39:55.313272+00:00
woolworths,263634,Tip Top 9 Grain Wholemeal Sandwich Slice Bread Loaf Bakery 750g,Tip Top,750g,4.6,4.6,0.61,100G,False,9,wholemeal bread loaf,bakery,2026-08-21,2026-08-21T03:39:55.313272+00:00
woolworths,893462,Helga's Crafted White Sourdough Bread Loaf 700g,Helga's,700g,6.7,6.7,0.96,100G,False,10,wholemeal bread loaf,bakery,2026-08-21,2026-08-21T03:39:55.313272+00:00
coles,2649482,Coles Country Loaf Wholemeal,Coles,750g,4.2,,0.56,100g,False,1,wholemeal bread loaf,bakery,2026-08-21,2026-08-21T03:39:55.313272+00:00
coles,3860912,Wonder Mini Loaf Wholemeal,Wonder,320g,3.6,,1.13,100g,False,2,wholemeal bread loaf,bakery,2026-08-21,2026-08-21T03:39:55.313272+00:00
coles,3378290,Coles Soft Wholemeal Sandwich Loaf,Coles,650g,2.8,,0.43,100g,False,3,wholemeal bread loaf,bakery,2026-08-21,2026-08-21T03:39:55.313272+00:00
coles,3860887,Helgas Mini Loaf Traditional Wholemeal,Helgas,360g,3.7,4.2,1.03,100g,False,4,wholemeal bread loaf,bakery,2026-08-21,2026-08-21T03:39:55.313272+00:00
coles,1856517,Just Wholemeal Loaf,Just,700g,4,,0.57,100g,False,5,wholemeal bread loaf,bakery,2026-08-21,2026-08-21T03:39:55.313272+00:00
coles,8391284,Coles Wholemeal Sandwich Loaf,Coles,800g,3.6,,0.45,100g,False,6,wholemeal bread loaf,bakery,2026-08-21,2026-08-21T03:39:55.313272+00:00
coles,7168845,Coles Wholemeal Sandwich Loaf,Coles,680g,3.3,,0.49,100g,False,7,wholemeal bread loaf,bakery,2026-08-21,2026-08-21T03:39:55.313272+00:00
coles,8712570,Coles Stone Baked By Laurent Wholemeal Pane Di Casa Loaf Oc,Coles,1 Each,5,,5,1ea,False,8,wholemeal bread loaf,bakery,2026-08-21,2026-08-21T03:39:55.313272+00:00
woolworths,634918,Woolworths White Wrap 8 pack,Woolworths,8 pack,2.2,2.2,0.61,100G,False,1,wraps 8 pack,bakery,2026-08-21,2026-08-21T03:39:57.031212+00:00
woolworths,182138,Helga's Traditional White Wraps 8 pack,Helga's,8 pack,5.5,5.5,1.08,100G,False,2,wraps 8 pack,bakery,2026-08-21,2026-08-21T03:39:57.031212+00:00
woolworths,182092,Helga's Traditional Wholemeal Wraps 8 pack,Helga's,8 pack,5.5,5.5,1.08,100G,False,3,wraps 8 pack,bakery,2026-08-21,2026-08-21T03:39:57.031212+00:00
woolworths,6024445,Woolworths Large White Wraps 8 pack,Woolworths,8 pack,4,4,0.71,100G,False,4,wraps 8 pack,bakery,2026-08-21,2026-08-21T03:39:57.031212+00:00
woolworths,389402,Mission Mini Wholegrain Wraps 8 pack,Mission,8 pack,5.6,5.6,1.46,100G,False,5,wraps 8 pack,bakery,2026-08-21,2026-08-21T03:39:57.031212+00:00
woolworths,118406,Mountain Bread Natural Light Wraps 8 pack,Mountain Bread,8 pack,4.9,4.9,2.45,100G,False,6,wraps 8 pack,bakery,2026-08-21,2026-08-21T03:39:57.031212+00:00
woolworths,390253,Simson's Pantry Mixed Wholegrain Wraps 8 pack,Simson's Pantry,8 pack,5.5,5.5,1.04,100G,False,7,wraps 8 pack,bakery,2026-08-21,2026-08-21T03:39:57.031212+00:00
woolworths,389889,Simson's Pantry Premium White Large Wraps 8 pack,Simson's Pantry,8 pack,5.5,5.5,1.04,100G,False,8,wraps 8 pack,bakery,2026-08-21,2026-08-21T03:39:57.031212+00:00
woolworths,1124329849,Easter Bunny Paper Cups & Wraps 8pk,,1EA,4.99,4.99,,,False,9,wraps 8 pack,bakery,2026-08-21,2026-08-21T03:39:57.031212+00:00
woolworths,1122660189,Floral Bunny Wrap Paper Cups (Pack of 8),,,4.99,4.99,0.62,1EA,False,10,wraps 8 pack,bakery,2026-08-21,2026-08-21T03:39:57.031212+00:00
coles,6955662,Mission Original Wraps 8 Pack,Mission,567g,5.5,,0.97,100g,False,1,wraps 8 pack,bakery,2026-08-21,2026-08-21T03:39:57.031212+00:00
coles,3731705,Coles Simply Soft White Wraps 8 Pack,Coles Simply,360g,2.2,,0.61,100g,False,2,wraps 8 pack,bakery,2026-08-21,2026-08-21T03:39:57.031212+00:00
coles,4461810,Helga's White Wraps 8 Pack,Helga's,508g,5.5,,1.08,100g,False,3,wraps 8 pack,bakery,2026-08-21,2026-08-21T03:39:57.031212+00:00
coles,7620921,Mission Spinach & Herb Wraps 8 Pack,Mission,567g,5.5,,0.97,100g,False,4,wraps 8 pack,bakery,2026-08-21,2026-08-21T03:39:57.031212+00:00
coles,4821406,Old El Paso Jumbo Tortillas Burrito 6 Pack,Old El Paso,450g,4.55,6.5,1.01,100g,False,5,wraps 8 pack,bakery,2026-08-21,2026-08-21T03:39:57.031212+00:00
coles,7395337,Old El Paso Tortillas Mini Tacos 10 Pack,Old El Paso,250g,3.95,5,1.58,100g,False,6,wraps 8 pack,bakery,2026-08-21,2026-08-21T03:39:57.031212+00:00
coles,1422244,Coles Bakery White Flatbread Oc,Coles Bakery,6 Pack,4.7,,0.78,1ea,False,7,wraps 8 pack,bakery,2026-08-21,2026-08-21T03:39:57.031212+00:00
coles,7395392,Old El Paso Regular Tortillas Fajita 6 Pack,Old El Paso,240g,4.5,,1.88,100g,False,8,wraps 8 pack,bakery,2026-08-21,2026-08-21T03:39:57.031212+00:00
coles,7610214,Old El Paso Regular Tortillas Fajita 10 Pack,Old El Paso,400g,5.5,,1.38,100g,False,9,wraps 8 pack,bakery,2026-08-21,2026-08-21T03:39:57.031212+00:00
coles,7373720,Old El Paso Family Regular Tortillas Fajita 16 Pack,Old El Paso,640g,6.5,,1.02,100g,False,10,wraps 8 pack,bakery,2026-08-21,2026-08-21T03:39:57.031212+00:00
coles,1422288,Coles Bakery Flatbread Wholemeal,Coles Bakery,6 Pack,4.7,,0.78,1ea,False,11,wraps 8 pack,bakery,2026-08-21,2026-08-21T03:39:57.031212+00:00
coles,4322552,Old El Paso Gluten Free Jumbo Tortillas Burrito 4 Pack,Old El Paso,215g,5.4,6,2.51,100g,False,12,wraps 8 pack,bakery,2026-08-21,2026-08-21T03:39:57.031212+00:00
coles,4322563,Old El Paso White Corn Tortillas Tacos 10 Pack,Old El Paso,208g,5,,2.4,100g,False,13,wraps 8 pack,bakery,2026-08-21,2026-08-21T03:39:57.031212+00:00
coles,3198695,Old El Paso Gluten Free Tortillas,Old El Paso,216g,6,,2.78,100g,False,14,wraps 8 pack,bakery,2026-08-21,2026-08-21T03:39:57.031212+00:00
coles,6955673,Mission Roasted Garlic Wraps 8 Pack,Mission,567g,5.5,,0.97,100g,False,15,wraps 8 pack,bakery,2026-08-21,2026-08-21T03:39:57.031212+00:00
coles,297792,Glad Cling Wrap,Glad,60m,5.25,,0.09,1m,False,16,wraps 8 pack,bakery,2026-08-21,2026-08-21T03:39:57.031212+00:00
coles,8730539,Glad Cling Wrap,Glad,100m,5.5,7,0.06,1m,False,17,wraps 8 pack,bakery,2026-08-21,2026-08-21T03:39:57.031212+00:00
coles,309461,Glad Cling Wrap,Glad,150m,10.5,,0.07,1m,False,18,wraps 8 pack,bakery,2026-08-21,2026-08-21T03:39:57.031212+00:00
coles,106282,Glad Cling Wrap,Glad,30m,3.25,,0.11,1m,False,19,wraps 8 pack,bakery,2026-08-21,2026-08-21T03:39:57.031212+00:00
coles,5896648,Coles Simply Cling Wrap,Coles Simply,60M,1.5,,0.03,1m,False,20,wraps 8 pack,bakery,2026-08-21,2026-08-21T03:39:57.031212+00:00
coles,5896659,Coles Simply Cling Wrap,Coles Simply,300M,8.3,,0.03,1m,False,21,wraps 8 pack,bakery,2026-08-21,2026-08-21T03:39:57.031212+00:00
coles,4486163,Coles Cling Wrap Super Stretch,Coles,60m,3.5,,0.06,1m,False,22,wraps 8 pack,bakery,2026-08-21,2026-08-21T03:39:57.031212+00:00
coles,4486040,Coles Cling Wrap Super Stretch,Coles,30M,2,,0.07,1m,False,23,wraps 8 pack,bakery,2026-08-21,2026-08-21T03:39:57.031212+00:00
coles,3975186,Multix Greener Plant Based Cling Wrap 20m,Multix,20m,2.9,,0.15,1m,False,24,wraps 8 pack,bakery,2026-08-21,2026-08-21T03:39:57.031212+00:00
coles,8636359,Mission Lite Wrap 8 Pack,Mission,567g,5.5,,0.97,100g,False,25,wraps 8 pack,bakery,2026-08-21,2026-08-21T03:39:57.031212+00:00
coles,4461821,Helga's Wholemeal Wraps 8 Pack,Helga's,508g,5.5,,1.08,100g,False,26,wraps 8 pack,bakery,2026-08-21,2026-08-21T03:39:57.031212+00:00
coles,7863480,Mission Wholegrain Wraps 8 Pack,Mission,567g,5.5,,0.97,100g,False,27,wraps 8 pack,bakery,2026-08-21,2026-08-21T03:39:57.031212+00:00
coles,7863606,Mission Whole Wheat Mini Wraps 8 Pack,Mission,384g,4.5,5.5,1.17,100g,False,28,wraps 8 pack,bakery,2026-08-21,2026-08-21T03:39:57.031212+00:00
coles,7863592,Mission Original  Mini Wraps 8 Pack,Mission,384g,4.5,5.5,1.17,100g,False,29,wraps 8 pack,bakery,2026-08-21,2026-08-21T03:39:57.031212+00:00
coles,5202104,Simson's Pantry Preservative Free Mixed Wholegrain Large Wraps 8 Pack,Simson's Pantry,528g,4,5.5,0.76,100g,False,30,wraps 8 pack,bakery,2026-08-21,2026-08-21T03:39:57.031212+00:00
coles,9851947,Helga's Sourdough Wraps 7 Pack,Helga's,445g,5.5,,1.24,100g,False,31,wraps 8 pack,bakery,2026-08-21,2026-08-21T03:39:57.031212+00:00
coles,5202080,Simson's Pantry Preservative Free Premium White Large Wraps 8 Pack,Simson's Pantry,528g,4,5.5,0.76,100g,False,32,wraps 8 pack,bakery,2026-08-21,2026-08-21T03:39:57.031212+00:00
coles,4317483,Coles White Large Jumbo Wraps 8 Pack,Coles,560g,4,,0.71,100g,False,33,wraps 8 pack,bakery,2026-08-21,2026-08-21T03:39:57.031212+00:00
coles,3639597,Mission Salt Reduced Wraps 8 Pack,Mission,567g,5.5,,0.97,100g,False,34,wraps 8 pack,bakery,2026-08-21,2026-08-21T03:39:57.031212+00:00
coles,1875679,Simson's Pantry High Protein White Wraps 6 Pack,Simson's Pantry,600g,8.5,,1.42,100g,False,35,wraps 8 pack,bakery,2026-08-21,2026-08-21T03:39:57.031212+00:00
coles,5862588,Mission Mini Wrap Wholegrain 8 Pack,Mission,384g,4.5,5.5,1.17,100g,False,36,wraps 8 pack,bakery,2026-08-21,2026-08-21T03:39:57.031212+00:00
coles,4461785,Helga's Mixed Grain Wraps 8 Pack,Helga's,508g,5.5,,1.08,100g,False,37,wraps 8 pack,bakery,2026-08-21,2026-08-21T03:39:57.031212+00:00
coles,7741030,Simsons Pantry High Protein Low Carb Wholemeal Wrap 5 Pack,Simsons Pantry,210g,5.5,,2.62,100g,False,38,wraps 8 pack,bakery,2026-08-21,2026-08-21T03:39:57.031212+00:00
coles,3731716,Coles Simply Soft Wholemeal & Grain Wraps 8 Pack,Coles Simply,360g,2.2,,0.61,100g,False,39,wraps 8 pack,bakery,2026-08-21,2026-08-21T03:39:57.031212+00:00
coles,4461923,Helga's Spinach & Garden Herb Wraps 7 Pack,Helga's,445g,5.5,,1.24,100g,False,40,wraps 8 pack,bakery,2026-08-21,2026-08-21T03:39:57.031212+00:00
coles,2471234,Mission Soft & Fluffy Wrap 12 Pack,Mission,450g,4.5,,1,100g,False,41,wraps 8 pack,bakery,2026-08-21,2026-08-21T03:39:57.031212+00:00
coles,8566038,Mission Carb Balance Wrap 6 Pack,Mission,288g,6.5,,2.26,100g,False,42,wraps 8 pack,bakery,2026-08-21,2026-08-21T03:39:57.031212+00:00
coles,3313760,Mission Wraps Low Gi Wholemeal 6 Pack,Mission,425g,5,,1.18,100g,False,43,wraps 8 pack,bakery,2026-08-21,2026-08-21T03:39:57.031212+00:00
coles,9280325,Mountain Bread Natural Wraps 8 Pack,Mountain Bread,200g,4.9,,2.45,100g,False,44,wraps 8 pack,bakery,2026-08-21,2026-08-21T03:39:57.031212+00:00
coles,5213790,Mountain Bread Rye Wraps 8 Pack,Mountain Bread,200g,4.9,,2.45,100g,False,45,wraps 8 pack,bakery,2026-08-21,2026-08-21T03:39:57.031212+00:00
coles,6826590,Simson's Pantry Nap Mini Wraps Value Pack 12 Pack,Simson's Pantry,336g,4,5.5,1.19,100g,False,46,wraps 8 pack,bakery,2026-08-21,2026-08-21T03:39:57.031212+00:00
coles,6062270,Ziploc Resealable Sandwich Bags,Ziploc,40 Pack,3.15,,0.08,1ea,False,47,wraps 8 pack,bakery,2026-08-21,2026-08-21T03:39:57.031212+00:00
coles,3591956,Coles Resealable Slider Bags,Coles,25 Pack,3.8,,0.15,1ea,False,48,wraps 8 pack,bakery,2026-08-21,2026-08-21T03:39:57.031212+00:00
woolworths,710953,Woolworths RSPCA Approved Chicken Breast Fillet per 350g,Woolworths,per 350g,8,12,8,1KG,True,1,chicken breast fillets,meat,2026-08-21,2026-08-21T03:39:58.950044+00:00
woolworths,700228,Macro Chicken Breast Fillets Free Range 700g - 1.4kg,Macro,700g - 1.4kg,19.18,19.18,13.7,1KG,False,2,chicken breast fillets,meat,2026-08-21,2026-08-21T03:39:58.950044+00:00
woolworths,969723,Woolworths RSPCA Approved Chicken Breast Fillet 1.3kg - 1.7kg,Woolworths,1.3kg - 1.7kg,18.7,18.7,11,1KG,False,3,chicken breast fillets,meat,2026-08-21,2026-08-21T03:39:58.950044+00:00
woolworths,119259,Woolworths RSPCA Approved Chicken Breast Fillet Skinless Small 500g - 650g,Woolworths,500g - 650g,9.43,9.43,14.5,1KG,False,4,chicken breast fillets,meat,2026-08-21,2026-08-21T03:39:58.950044+00:00
woolworths,902837,The Bare Bird Free Range Chicken Breast Fillets 600g,The Bare Bird,600g,13.5,13.5,22.5,1KG,False,5,chicken breast fillets,meat,2026-08-21,2026-08-21T03:39:58.950044+00:00
woolworths,184628,Macro Chicken Breast Fillets Free Range 400g - 900g,Macro,400g - 900g,16.2,16.2,18,1KG,False,6,chicken breast fillets,meat,2026-08-21,2026-08-21T03:39:58.950044+00:00
woolworths,1116116229,Blackdog Dog Treats Chicken Breast Fillet - 120g,Blackdog,1EA,16.99,16.99,14.16,100G,False,7,chicken breast fillets,meat,2026-08-21,2026-08-21T03:39:58.950044+00:00
woolworths,229324,Macro Organic Chicken Breast Fillet 300g - 600g,Macro,300g - 600g,20.7,20.7,34.5,1KG,False,8,chicken breast fillets,meat,2026-08-21,2026-08-21T03:39:58.950044+00:00
woolworths,1107743715,Blackdog Australian Chicken Breast Fillet Natural Dog Treats 500g,Blackdog,1EA,39.99,39.99,8,100G,False,9,chicken breast fillets,meat,2026-08-21,2026-08-21T03:39:58.950044+00:00
woolworths,1106154515,Blackdog 1kg Naturally Good Pet/Dog Chicken Breast Fillets Healthy Treats/Food,Blackdog,1KG,62.9,62.9,6.29,100G,False,10,chicken breast fillets,meat,2026-08-21,2026-08-21T03:39:58.950044+00:00
coles,2263179,Coles RSPCA Approved Chicken Breast Fillets Large Pack,Coles,approx. 1.4kg,15.4,,11,1kg,False,1,chicken breast fillets,meat,2026-08-21,2026-08-21T03:39:58.950044+00:00
coles,7362270,The Bare Bird Chicken Breast Fillet,The Bare Bird,600g,13.5,,22.5,1kg,False,2,chicken breast fillets,meat,2026-08-21,2026-08-21T03:39:58.950044+00:00
coles,1158780,The Bare Bird Chicken Breast Steak,The Bare Bird,500g,13.5,,27,1kg,False,3,chicken breast fillets,meat,2026-08-21,2026-08-21T03:39:58.950044+00:00
coles,2263168,Coles RSPCA Approved Chicken Breast Fillets Small Pack,Coles,approx. 600g,8.7,,14.5,1g,False,4,chicken breast fillets,meat,2026-08-21,2026-08-21T03:39:58.950044+00:00
coles,8409186,Lilydale Free Range Chicken Breast Fillet,Lilydale,600g,13,,21.67,1kg,False,5,chicken breast fillets,meat,2026-08-21,2026-08-21T03:39:58.950044+00:00
coles,2303750,Lilydale Free Range Chicken Breast Fillets Bulk,Lilydale,approx. 1kg,17.5,,17.5,1g,False,6,chicken breast fillets,meat,2026-08-21,2026-08-21T03:39:58.950044+00:00
coles,1898460,Coles Free Range RSPCA Approved Chicken Breast Fillet,Coles,600g,12,,20,1kg,False,7,chicken breast fillets,meat,2026-08-21,2026-08-21T03:39:58.950044+00:00
coles,3228730,Coles RSPCA Approved Free Range Chicken Breast Fillet Small Pack,Coles,approx. 600g,10.8,,,1g,False,8,chicken breast fillets,meat,2026-08-21,2026-08-21T03:39:58.950044+00:00
coles,3227410,Coles RSPCA Approved Free Range Chicken Breast Large Pack,Coles,approx. 1.25kg,16.88,,13.5,1kg,False,9,chicken breast fillets,meat,2026-08-21,2026-08-21T03:39:58.950044+00:00
coles,9494624,Continental Kosher Butchers Chicken Breast Fillet Smoked,Continental Kosher Butchers,approx. 500g Pack,27.5,,55,1g,False,10,chicken breast fillets,meat,2026-08-21,2026-08-21T03:39:58.950044+00:00
coles,1403013,Coles RSPCA Approved Chicken Breast Fillet Value Pack,Coles,approx. 2Kg,18,,9,1kg,False,11,chicken breast fillets,meat,2026-08-21,2026-08-21T03:39:58.950044+00:00
coles,2962203,El- Amin's Halal Chicken Breast Fillets Large Pack,El- Amin's,approx. 1.3kg,16.9,,13,1kg,False,12,chicken breast fillets,meat,2026-08-21,2026-08-21T03:39:58.950044+00:00
coles,2903871,Coles RSPCA Approved Chicken Breast Fillet Crumb Sage & Rosemary,Coles,400g,10,,25,1kg,False,13,chicken breast fillets,meat,2026-08-21,2026-08-21T03:39:58.950044+00:00
coles,1331477,Inglewood Farms Free Range Organic Chicken Breast Fillets Skin Off,Inglewood Farms,approx. 488g each,16.84,,34.5,1g,False,14,chicken breast fillets,meat,2026-08-21,2026-08-21T03:39:58.950044+00:00
coles,1075912,El- Amin's Chicken Breast Small Pack,El- Amin's,approx. 600g,9,,15,1g,False,15,chicken breast fillets,meat,2026-08-21,2026-08-21T03:39:58.950044+00:00
coles,8407646,Coles Free Range RSPCA Chicken Sweet Mustard Breast Fillet,Coles,500g,12,,24,1kg,False,16,chicken breast fillets,meat,2026-08-21,2026-08-21T03:39:58.950044+00:00
woolworths,577863,Woolworths Beef Mince 500g,Woolworths,500g,8.5,8.5,17,1KG,False,1,beef mince 500g,meat,2026-08-21,2026-08-21T03:40:00.789515+00:00
woolworths,577861,Woolworths Lean Beef Mince 500g,Woolworths,500g,10,11,20,1KG,False,2,beef mince 500g,meat,2026-08-21,2026-08-21T03:40:00.789515+00:00
woolworths,577860,Woolworths Heart Smart Extra Lean Beef Mince 500g,Woolworths,500g,10.5,12,21,1KG,False,3,beef mince 500g,meat,2026-08-21,2026-08-21T03:40:00.789515+00:00
woolworths,175570,Macro Grass Fed Australian Beef Mince 500g,Macro,500g,12.5,12.5,25,1KG,False,4,beef mince 500g,meat,2026-08-21,2026-08-21T03:40:00.789515+00:00
woolworths,236845,Macro Grass Fed Lean Beef Mince 500g,Macro,500g,13,13,26,1KG,False,5,beef mince 500g,meat,2026-08-21,2026-08-21T03:40:00.789515+00:00
woolworths,239598,Woolworths Pork & Beef Mince 500g,Woolworths,500g,7,7,14,1KG,False,6,beef mince 500g,meat,2026-08-21,2026-08-21T03:40:00.789515+00:00
woolworths,672975,Macro Organic Lean Beef Mince 500g,Macro,500g,15.5,15.5,31,1KG,False,7,beef mince 500g,meat,2026-08-21,2026-08-21T03:40:00.789515+00:00
woolworths,321551,Macro Organic Extra Lean Beef Mince 500g,Macro,500g,16.5,16.5,33,1KG,False,8,beef mince 500g,meat,2026-08-21,2026-08-21T03:40:00.789515+00:00
woolworths,109099,Woolworths Beef Sausage Mince 500g,Woolworths,500g,5.5,5.5,11,1KG,False,9,beef mince 500g,meat,2026-08-21,2026-08-21T03:40:00.789515+00:00
coles,9012814,Coles No Added Hormone Beef Regular Mince,Coles,500g,8.5,,17,1kg,False,1,beef mince 500g,meat,2026-08-21,2026-08-21T03:40:00.789515+00:00
coles,8112449,Coles Australian No Added Hormones Beef Mince Lean,Coles,500g,11,,22,1kg,False,2,beef mince 500g,meat,2026-08-21,2026-08-21T03:40:00.789515+00:00
coles,8112799,Coles No Added Hormone Beef Extra Lean Mince,Coles,500g,10.5,,21,1kg,False,3,beef mince 500g,meat,2026-08-21,2026-08-21T03:40:00.789515+00:00
coles,3449795,Coles No Added Hormone Beef Lean Mince,Coles,800g,15.5,,19.38,1kg,False,4,beef mince 500g,meat,2026-08-21,2026-08-21T03:40:00.789515+00:00
coles,7677408,Drovers Choice Big Pack Value Beef Mince,Drovers Choice,2kg,24,,12,1kg,False,5,beef mince 500g,meat,2026-08-21,2026-08-21T03:40:00.789515+00:00
coles,9012825,Coles No Added Hormones Beef Regular Mince,Coles,1Kg,14.5,,14.5,1kg,False,6,beef mince 500g,meat,2026-08-21,2026-08-21T03:40:00.789515+00:00
coles,9224255,Cleaver's Organic Grass-Fed Premium Beef Mince,Cleaver's Organic,500g,13.5,15,27,1kg,False,7,beef mince 500g,meat,2026-08-21,2026-08-21T03:40:00.789515+00:00
coles,6123116,El-Amin's Beef Lean Mince,El-Amin's,500g,12.5,,25,1kg,False,8,beef mince 500g,meat,2026-08-21,2026-08-21T03:40:00.789515+00:00
coles,9223332,Cleaver's Organic Grass-fed Extra Lean Beef Mince,Cleaver's Organic,500g,16,,32,1kg,False,9,beef mince 500g,meat,2026-08-21,2026-08-21T03:40:00.789515+00:00
coles,6065982,El- Amin's Beef Mince,El- Amin's,1Kg,15.5,,15.5,1kg,False,10,beef mince 500g,meat,2026-08-21,2026-08-21T03:40:00.789515+00:00
coles,8782237,Coles Pork & Beef 3 Star Regular Mince Bolognese,Coles,500g,6.5,,13,1kg,False,11,beef mince 500g,meat,2026-08-21,2026-08-21T03:40:00.789515+00:00
coles,1656438,Coles Pork & Beef 3 Star Regular Mince Bolognese,Coles,1kg,12.5,,12.5,1kg,False,12,beef mince 500g,meat,2026-08-21,2026-08-21T03:40:00.789515+00:00
coles,8851680,V2 Plant Based Mince,V2,400g,8.5,,2.13,100g,False,13,beef mince 500g,meat,2026-08-21,2026-08-21T03:40:00.789515+00:00
coles,1828806,El- Amin's Halal Kofta Lamb And Beef Mince,El- Amin's,750g,11,,14.67,1kg,False,14,beef mince 500g,meat,2026-08-21,2026-08-21T03:40:00.789515+00:00
woolworths,714680,Hans Middle Bacon Rashers From the Deli per 170g,Hans,per 170g,17,19,17,1KG,True,1,bacon rashers 250g,meat,2026-08-21,2026-08-21T03:40:02.493368+00:00
coles,3266489,Beak & Sons Hickory BBQ Pork Ribs,Beak & Sons,650g,16,,24.62,1kg,False,1,bacon rashers 250g,meat,2026-08-21,2026-08-21T03:40:02.493368+00:00
coles,1532694,Coles Quick Cook Belly Slices,Coles,350g,11,,31.43,1kg,False,2,bacon rashers 250g,meat,2026-08-21,2026-08-21T03:40:02.493368+00:00
woolworths,901649,Woolworths 10 Beef Sausages 550g,Woolworths,550g,6.5,6.5,11.82,1KG,False,1,sausages beef,meat,2026-08-21,2026-08-21T03:40:04.864787+00:00
woolworths,357418,Woolworths Classic Angus Beef Sausages 6 pack,Woolworths,6 pack,9,9,20,1KG,False,2,sausages beef,meat,2026-08-21,2026-08-21T03:40:04.864787+00:00
woolworths,901510,Woolworths 6 Beef Sausages 505g,Woolworths,505g,7,7,13.86,1KG,False,3,sausages beef,meat,2026-08-21,2026-08-21T03:40:04.864787+00:00
woolworths,175566,Macro Grass Fed Australian Beef Sausage 500g,Macro,500g,8.5,8.5,17,1KG,False,4,sausages beef,meat,2026-08-21,2026-08-21T03:40:04.864787+00:00
woolworths,6033469,Woolworths Gourmet Boerewors Sausage Beef & Pork 500g,Woolworths,500g,9,9,18,1KG,False,5,sausages beef,meat,2026-08-21,2026-08-21T03:40:04.864787+00:00
woolworths,901505,Woolworths 10 Herb & Garlic Beef Sausages 550g,Woolworths,550g,6.5,6.5,11.82,1KG,False,6,sausages beef,meat,2026-08-21,2026-08-21T03:40:04.864787+00:00
woolworths,260670,Woolworths Cracked Black Pepper Wagyu Beef Sausages 450g,Woolworths,450g,9,9,20,1KG,False,7,sausages beef,meat,2026-08-21,2026-08-21T03:40:04.864787+00:00
woolworths,260669,Woolworths Angus Beef & Caramelised Onion Sausages 450g,Woolworths,450g,9,9,20,1KG,False,8,sausages beef,meat,2026-08-21,2026-08-21T03:40:04.864787+00:00
woolworths,1115829589,Stainless Steel Meat Mixer Blender Commercial Home Manual Sausage Ground Beef,Applebyco,1EA,302.39,302.39,,,False,9,sausages beef,meat,2026-08-21,2026-08-21T03:40:04.864787+00:00
woolworths,1128045985,"Manual Meat Grinder, Meat Mincer Sausage Maker with 1 Cutting Blade, 3 Sausage Tubes for Beef Pepper Mushroom",,,82.99,82.99,,,False,10,sausages beef,meat,2026-08-21,2026-08-21T03:40:04.864787+00:00
coles,3923626,Coles The Original Beef Sausages,Coles,550g,6.5,,11.82,1kg,False,1,sausages beef,meat,2026-08-21,2026-08-21T03:40:04.864787+00:00
coles,6028603,British Sausage Co. Beef Eater Sausage,British Sausage Co.,1kg,14,,14,1kg,False,2,sausages beef,meat,2026-08-21,2026-08-21T03:40:04.864787+00:00
coles,3496343,The British Sausage Co. Premium Angus Beef & Caramelised Onion Sausages 6 Pack,The British Sausage Co.,450g,9.5,,21.11,1kg,False,3,sausages beef,meat,2026-08-21,2026-08-21T03:40:04.864787+00:00
coles,2598520,Cleaver's Organic Grass-Fed Beef Sausages Gluten Free,Cleaver's Organic,450g,11,,24.44,1kg,False,4,sausages beef,meat,2026-08-21,2026-08-21T03:40:04.864787+00:00
coles,8888307,Peppercorn Extra Lean Beef Sausages,Peppercorn,450g,10,11.5,22.22,1kg,False,5,sausages beef,meat,2026-08-21,2026-08-21T03:40:04.864787+00:00
coles,3923681,Coles Beef Garlic & Herb Sausages,Coles,550g,6.5,,11.82,1kg,False,6,sausages beef,meat,2026-08-21,2026-08-21T03:40:04.864787+00:00
coles,1754754,V2 Plant Protein Sausage 4 Pack,V2,400g,8.5,,2.13,100g,False,7,sausages beef,meat,2026-08-21,2026-08-21T03:40:04.864787+00:00
coles,3233617,Fettayleh Beef Sausage,Fettayleh,500g,11.5,,,1kg,False,8,sausages beef,meat,2026-08-21,2026-08-21T03:40:04.864787+00:00
coles,3923739,Coles Beef Chipolatas,Coles,550g,6.5,,11.82,1kg,False,9,sausages beef,meat,2026-08-21,2026-08-21T03:40:04.864787+00:00
coles,7346171,Coles Finest Sausages Beef Garlic Parsley,Coles Finest,500g,8,9,16,1kg,False,10,sausages beef,meat,2026-08-21,2026-08-21T03:40:04.864787+00:00
coles,2951397,Coles Graze Grassfed Beef Sausages,Coles,500g,8.5,,17,1kg,False,11,sausages beef,meat,2026-08-21,2026-08-21T03:40:04.864787+00:00
coles,5100240,Coles I'm Free From Beef Sausage Roll,Coles I'm Free From,320g,7.5,,2.34,100g,False,12,sausages beef,meat,2026-08-21,2026-08-21T03:40:04.864787+00:00
coles,7645616,Coles Finest Australian Pork & Beef Chorizo Sausages,Coles Finest,500g,8,9,16,1kg,False,13,sausages beef,meat,2026-08-21,2026-08-21T03:40:04.864787+00:00
coles,5926669,Coles Finest Beef And Margaret River Shiraz Sausages,Coles Finest,500g,8,9,16,1kg,False,14,sausages beef,meat,2026-08-21,2026-08-21T03:40:04.864787+00:00
coles,3169959,Coles Beef & Onion Party Sausage Roll,Coles,450g,6.9,,1.53,100g,False,15,sausages beef,meat,2026-08-21,2026-08-21T03:40:04.864787+00:00
coles,1327924,Small Batch Angus Beef And Jarrah Honey Sausages,Small Batch,450g,4,10,,1kg,True,16,sausages beef,meat,2026-08-21,2026-08-21T03:40:04.864787+00:00
coles,1048046,Coles Made Easy Beef And Gravy Puff Pastry Parcel,Coles Made Easy,350g,8,,,1kg,False,17,sausages beef,meat,2026-08-21,2026-08-21T03:40:04.864787+00:00
coles,8799524,Coles Finest Selection Pack Sausages,Coles Finest,500g,8,9,16,1kg,False,18,sausages beef,meat,2026-08-21,2026-08-21T03:40:04.864787+00:00
coles,5110731,National Pies Little Classic Beef Pies 12 Pack,National Pies,720g,12,,1.67,100g,False,19,sausages beef,meat,2026-08-21,2026-08-21T03:40:04.864787+00:00
coles,2900636,Herbert Adams Frozen King Island Frozen Beef Sausage Rolls 12 Pack,Herbert Adams,420g,12,,2.86,100g,True,20,sausages beef,meat,2026-08-21,2026-08-21T03:40:04.864787+00:00
coles,7866105,Foxes Den Wagyu Beef Sausage With Mash,Foxes Den,400g,12.9,14.9,3.23,100g,False,21,sausages beef,meat,2026-08-21,2026-08-21T03:40:04.864787+00:00
coles,4224644,National Pies Mixed Little Beef Pies & Little Sausage Rolls 12 Pack,National Pies,720g,12,,1.67,100g,False,22,sausages beef,meat,2026-08-21,2026-08-21T03:40:04.864787+00:00
woolworths,126497,Fresh Tasmanian Atlantic Salmon Fillets per 200g,,per 200g,42,42,42,1KG,False,1,salmon fillets,meat,2026-08-21,2026-08-21T03:40:06.748331+00:00
woolworths,95171,Fresh Tasmanian Atlantic Skin On Salmon Fillets per 200g,Woolworths,per 200g,34,38,34,1KG,True,2,salmon fillets,meat,2026-08-21,2026-08-21T03:40:06.748331+00:00
woolworths,259832,Woolworths Frozen Salmon Fillets Skin On 250g,Woolworths,250g,8.5,8.5,34,1KG,False,3,salmon fillets,meat,2026-08-21,2026-08-21T03:40:06.748331+00:00
woolworths,917982,Woolworths COOK Tasmanian Salmon Fillets With Lemon Butter 270g,Woolworths,270g,14,14,51.85,1KG,False,4,salmon fillets,meat,2026-08-21,2026-08-21T03:40:06.748331+00:00
woolworths,673742,Woolworths Tasmanian Salmon Fillet With Rice & Green Beans 400g,Woolworths,400g,14,14,3.5,100G,False,5,salmon fillets,meat,2026-08-21,2026-08-21T03:40:06.748331+00:00
woolworths,6018091,Fast Fuel Air Fry Poached Atlantic Salmon Fillet 400g,Fast Fuel,400g,17,17,4.25,100G,False,6,salmon fillets,meat,2026-08-21,2026-08-21T03:40:06.748331+00:00
woolworths,289214,Woolworths Cook Salmon Fillets With Miso & Maple Marinade 320g,Woolworths,320g,17,17,53.13,1KG,False,7,salmon fillets,meat,2026-08-21,2026-08-21T03:40:06.748331+00:00
woolworths,237480,Applaws Tuna Fillet With Salmon Wet Cat Food 70g,Applaws,70g,2.4,2.4,3.43,100G,False,8,salmon fillets,meat,2026-08-21,2026-08-21T03:40:06.748331+00:00
coles,1600706,Coles Frozen Salmon Fillets,Coles,750g,26,,34.67,1kg,False,1,salmon fillets,meat,2026-08-21,2026-08-21T03:40:06.748331+00:00
coles,3580246,I&J The Finest Frozen Salmon Portions Skin Off,I&J,500g,26,,52,1kg,False,2,salmon fillets,meat,2026-08-21,2026-08-21T03:40:06.748331+00:00
coles,3580213,I&J Salmon Skin On,I&J,500g,26,,52,1kg,False,3,salmon fillets,meat,2026-08-21,2026-08-21T03:40:06.748331+00:00
coles,1063006,Coles Salmon Fillets Skin On 2 Pack,Coles,250g,8.5,,34,1kg,False,4,salmon fillets,meat,2026-08-21,2026-08-21T03:40:06.748331+00:00
coles,1063028,Coles Salmon Fillets Skin On With Lemon Pepper Marinade 2 Pack,Coles,250g,8.5,,34,1kg,False,5,salmon fillets,meat,2026-08-21,2026-08-21T03:40:06.748331+00:00
coles,1063039,Coles Kitchen Salmon Fillets So With Creamy Garlic & Herb Sauce 2 Pack,Coles Kitchen,300g,10,12.5,33.33,1kg,False,6,salmon fillets,meat,2026-08-21,2026-08-21T03:40:06.748331+00:00
coles,7207299,Birds Eye Atlantic Salmon Fillet Natural,Birds Eye,250g,14,,56,1kg,True,7,salmon fillets,meat,2026-08-21,2026-08-21T03:40:06.748331+00:00
woolworths,133211,Cavendish Bananas each,,each,0.56,0.56,0.56,1EA,False,1,bananas,produce,2026-08-21,2026-08-21T03:40:08.591697+00:00
woolworths,157649,Eat Later Cavendish Bananas each,,each,0.56,0.56,0.56,1EA,False,2,bananas,produce,2026-08-21,2026-08-21T03:40:08.591697+00:00
woolworths,106218,Bananas Kids 5 pack,,5 pack,3.5,3.5,3.5,1EA,False,3,bananas,produce,2026-08-21,2026-08-21T03:40:08.591697+00:00
woolworths,306510,Macro Organic Banana each,Macro,each,1.2,1.2,1.2,1EA,False,4,bananas,produce,2026-08-21,2026-08-21T03:40:08.591697+00:00
woolworths,180148,Banana Red Tipped each,,each,1.11,1.11,1.11,1EA,False,5,bananas,produce,2026-08-21,2026-08-21T03:40:08.591697+00:00
woolworths,133390,Banana Lady Finger each,,each,1.44,1.44,1.44,1EA,False,6,bananas,produce,2026-08-21,2026-08-21T03:40:08.591697+00:00
woolworths,707281,Woolworths Banana Bread Slice 100g,Woolworths,100g,2,2,2,100G,False,7,bananas,produce,2026-08-21,2026-08-21T03:40:08.591697+00:00
woolworths,328822,Woolworths Banana Bread Slices 5 pack,Woolworths,5 pack,5.75,5.75,1.15,100G,False,8,bananas,produce,2026-08-21,2026-08-21T03:40:08.591697+00:00
woolworths,607875,Woolworths Mini Banana Muffin 8 pack,Woolworths,8 pack,4.5,4.5,0.56,1EA,False,9,bananas,produce,2026-08-21,2026-08-21T03:40:08.591697+00:00
woolworths,6010720,Woolworths Banana Yoghurt Pouch 70g,Woolworths,70g,0.8,0.8,1.14,100G,False,10,bananas,produce,2026-08-21,2026-08-21T03:40:08.591697+00:00
coles,409499,Coles Bananas,Coles,approx. 170g,0.51,,3,1g,False,1,bananas,produce,2026-08-21,2026-08-21T03:40:08.591697+00:00
coles,2511791,Coles Bananas Mini Pack,Coles,750g,3,,4,1kg,False,2,bananas,produce,2026-08-21,2026-08-21T03:40:08.591697+00:00
coles,2728964,Coles Banana Muffins 9 Pack,Coles,315g,4.5,,1.43,100g,False,3,bananas,produce,2026-08-21,2026-08-21T03:40:08.591697+00:00
coles,1039770,Coles Organic Banana,Coles,approx. 170g,1,,5.9,1g,False,4,bananas,produce,2026-08-21,2026-08-21T03:40:08.591697+00:00
coles,5556581,Life Savers Bananas,Life Savers,160g,3.5,5,2.19,100g,False,5,bananas,produce,2026-08-21,2026-08-21T03:40:08.591697+00:00
coles,1013493,Coles Squeezie Banana Yoghurt Pouch,Coles,70g,0.8,,1.14,100g,False,6,bananas,produce,2026-08-21,2026-08-21T03:40:08.591697+00:00
coles,2915724,Coles Banana Bread Slices 5 Pack,Coles,500g,5.75,,1.15,100g,False,7,bananas,produce,2026-08-21,2026-08-21T03:40:08.591697+00:00
coles,3059972,Creative Gourmet Frozen Banana Chunks,Creative Gourmet,500g,4,5,8,1kg,False,8,bananas,produce,2026-08-21,2026-08-21T03:40:08.591697+00:00
coles,6569240,Yoplait Petit Miam Squeezie Banana Yoghurt Pouch,Yoplait,70g,1.4,,2,100g,False,9,bananas,produce,2026-08-21,2026-08-21T03:40:08.591697+00:00
coles,3883747,Coles Simply Banana Muffin Bars,Coles Simply,10 Pack,5.75,,1.37,100g,False,10,bananas,produce,2026-08-21,2026-08-21T03:40:08.591697+00:00
coles,9120090,Coles Banana Bread,Coles,550g,5.9,,1.07,100g,False,11,bananas,produce,2026-08-21,2026-08-21T03:40:08.591697+00:00
coles,4868319,Creative Gourmet Banana Mango Pineapple,Creative Gourmet,400g,4,5.65,10,1kg,False,12,bananas,produce,2026-08-21,2026-08-21T03:40:08.591697+00:00
coles,4494060,Wicked Sister High Protein Banana Pudding,Wicked,170g,3.5,,2.06,100g,False,13,bananas,produce,2026-08-21,2026-08-21T03:40:08.591697+00:00
coles,3017655,Coles Banana Chips,Coles,200g,3.4,,17,1kg,False,14,bananas,produce,2026-08-21,2026-08-21T03:40:08.591697+00:00
coles,3996947,Green's Banana Bread Loaf Mix,Green's,400g,3,,0.75,100g,False,15,bananas,produce,2026-08-21,2026-08-21T03:40:08.591697+00:00
coles,8704346,Vaalia Kids Yoghurt Pouch Banana,Vaalia,140g,2.55,,1.82,100g,False,16,bananas,produce,2026-08-21,2026-08-21T03:40:08.591697+00:00
coles,3539526,Tamar Valley Kids Greek Style Pouch Yoghurt Banana,Tamar Valley,110g,1.8,2.55,1.64,100g,False,17,bananas,produce,2026-08-21,2026-08-21T03:40:08.591697+00:00
coles,3910442,Coles Reduced Sugar Banana Bread Slices,Coles,500g,5.75,,1.15,100g,False,18,bananas,produce,2026-08-21,2026-08-21T03:40:08.591697+00:00
coles,4346255,YoPro High Protein Yoghurt Pouch No Added Sugar Banana,YoPro,150g,3.2,,2.13,100g,False,19,bananas,produce,2026-08-21,2026-08-21T03:40:08.591697+00:00
coles,4346299,YoPro Perform High Protein Yoghurt No Added Sugar Banana,YoPro,175g,3.9,,2.23,100g,False,20,bananas,produce,2026-08-21,2026-08-21T03:40:08.591697+00:00
coles,3246889,YoPro High Protein Yoghurt No Added Sugar Banana,YoPro,160g,2.5,3.2,1.56,100g,False,21,bananas,produce,2026-08-21,2026-08-21T03:40:08.591697+00:00
coles,5111440,Noshu 95% Sugar Free Banana Bread Slices,Noshu,240g,5.9,7.5,2.46,100g,False,22,bananas,produce,2026-08-21,2026-08-21T03:40:08.591697+00:00
coles,3987844,Oob Organic Frozen Banana,Oob,450g,8,,17.78,1kg,False,23,bananas,produce,2026-08-21,2026-08-21T03:40:08.591697+00:00
coles,8757466,Banana Joe Hickory BBQ Banana Chips,Banana Joe,46.8g,4,,8.55,100g,False,24,bananas,produce,2026-08-21,2026-08-21T03:40:08.591697+00:00
coles,8757513,Banana Joe Banana Chips Sea Salt,Banana Joe,46.8g,4,,8.55,100g,False,25,bananas,produce,2026-08-21,2026-08-21T03:40:08.591697+00:00
coles,8757546,Banana Joe Thai Sweet Chili Banana Chips,Banana Joe,46.8g,4,,8.55,100g,False,26,bananas,produce,2026-08-21,2026-08-21T03:40:08.591697+00:00
woolworths,105919,Fresh Pink Lady Apples each,,each,1.31,1.31,1.31,1EA,False,1,apples pink lady,produce,2026-08-21,2026-08-21T03:40:10.532399+00:00
woolworths,310968,Woolworths Fresh Pink Lady Apples Punnet 1kg,Woolworths,1kg,7.5,7.5,7.5,1KG,False,2,apples pink lady,produce,2026-08-21,2026-08-21T03:40:10.532399+00:00
woolworths,160888,Macro Organic Pink Lady Apple Punnet 1kg,Macro,1kg,9.5,9.5,9.5,1KG,False,3,apples pink lady,produce,2026-08-21,2026-08-21T03:40:10.532399+00:00
woolworths,6007213,Woolworths Custard & Pink Lady Apple Scrolls 2 pack,Woolworths,2 pack,4.1,4.1,2.05,1EA,False,4,apples pink lady,produce,2026-08-21,2026-08-21T03:40:10.532399+00:00
woolworths,6054860,Sam's Pantry Granola Pink Lady Apple & Cinnamon 700g,Sam's Pantry,700g,5.9,7.6,0.84,100G,True,5,apples pink lady,produce,2026-08-21,2026-08-21T03:40:10.532399+00:00
woolworths,317953,Preshafruit Cold Pressed Pink Lady Apple Juice 350mL,Preshafruit,350mL,3.8,3.8,10.86,1L,False,6,apples pink lady,produce,2026-08-21,2026-08-21T03:40:10.532399+00:00
coles,5111654,Coles Pink Lady Apples Medium,Coles,approx. 200g each,0.98,,4.9,1g,False,1,apples pink lady,produce,2026-08-21,2026-08-21T03:40:10.532399+00:00
coles,4438477,Coles Pink Lady Apples,Coles,1kg,4.9,,4.9,1kg,False,2,apples pink lady,produce,2026-08-21,2026-08-21T03:40:10.532399+00:00
coles,4678233,Coles Organic Pink Lady Apple,Coles Organic,1kg,8.9,,8.9,1kg,False,3,apples pink lady,produce,2026-08-21,2026-08-21T03:40:10.532399+00:00
coles,3957821,Summer Snow Sparkling Pink Lady Apple Juice,Summer Snow,750mL,6,,8,1l,False,4,apples pink lady,produce,2026-08-21,2026-08-21T03:40:10.532399+00:00
coles,3500382,Carman's Pink Lady Apple & Blueberry Granola,Carman's,450g,6,8.9,,100g,True,5,apples pink lady,produce,2026-08-21,2026-08-21T03:40:10.532399+00:00
coles,1297073,Preshafruit Cold Pressed Pink Lady Apple Juice,Preshafruit,1.5L,5.95,6.7,3.97,1l,False,6,apples pink lady,produce,2026-08-21,2026-08-21T03:40:10.532399+00:00
coles,2022580,Fresh Grab N Glow Pink Lady,Fresh,6 Pack,4.9,,0.82,1ea,False,7,apples pink lady,produce,2026-08-21,2026-08-21T03:40:10.532399+00:00
woolworths,135369,Woolworths Australian Grown Carrots 1kg,Woolworths,1kg,2.4,2.4,2.4,1KG,False,1,carrots 1kg,produce,2026-08-21,2026-08-21T03:40:12.537234+00:00
woolworths,289348,Bell Farms Frozen Carrots Peas & Corn 1kg,Bell Farms,1kg,3.9,3.9,3.9,1KG,False,2,carrots 1kg,produce,2026-08-21,2026-08-21T03:40:12.537234+00:00
woolworths,768569,Woolworths Frozen Australian Carrots Peas & Corn 1kg,Woolworths,1kg,5,5,5,1KG,False,3,carrots 1kg,produce,2026-08-21,2026-08-21T03:40:12.537234+00:00
woolworths,217969,Birds Eye Frozen Carrot Cauliflower & Broccoli 1kg,Birds Eye,1kg,6.5,6.5,6.5,1KG,False,4,carrots 1kg,produce,2026-08-21,2026-08-21T03:40:12.537234+00:00
woolworths,255445,Birds Eye Frozen Carrot Peas & Corn 1kg,Birds Eye,1kg,6.5,6.5,6.5,1KG,False,5,carrots 1kg,produce,2026-08-21,2026-08-21T03:40:12.537234+00:00
woolworths,782979,Birds Eye Snap Frozen Baby Beans Carrot Corn & Broccoli 1kg,Birds Eye,1kg,6.5,6.5,6.5,1KG,False,6,carrots 1kg,produce,2026-08-21,2026-08-21T03:40:12.537234+00:00
woolworths,247686,VIP Adult Chilled Fresh Dog Food Beef & Carrot Meatballs 1kg,VIP,1kg,5.85,6.5,0.59,100G,False,7,carrots 1kg,produce,2026-08-21,2026-08-21T03:40:12.537234+00:00
coles,4924034,Coles Dutch Carrots,Coles,1 each,5.6,,5.6,1ea,False,1,carrots 1kg,produce,2026-08-21,2026-08-21T03:40:12.537234+00:00
coles,9006560,Coles Carrots,Coles,1Kg,2.4,,2.4,1kg,False,2,carrots 1kg,produce,2026-08-21,2026-08-21T03:40:12.537234+00:00
coles,5016904,Coles Organic Carrots,Coles Organic,1kg,5.8,,5.8,1kg,False,3,carrots 1kg,produce,2026-08-21,2026-08-21T03:40:12.537234+00:00
coles,4223335,Coles Carrots Loose,Coles,approx. 170g,0.44,,2.6,1g,False,4,carrots 1kg,produce,2026-08-21,2026-08-21T03:40:12.537234+00:00
coles,6309511,Coles Snacking Carrots,Coles,250g,3.9,,15.6,1kg,False,5,carrots 1kg,produce,2026-08-21,2026-08-21T03:40:12.537234+00:00
coles,4236122,Coles Baby Carrots,Coles,500g,1.9,,3.8,1kg,False,6,carrots 1kg,produce,2026-08-21,2026-08-21T03:40:12.537234+00:00
coles,4995826,Coles Organic Carrots Juicing,Coles Organic,2kg,6.5,,3.25,1kg,False,7,carrots 1kg,produce,2026-08-21,2026-08-21T03:40:12.537234+00:00
coles,3609392,Coles I'm Perfect Carrots Prepacked,Coles,1.5kg,2.6,,1.73,1kg,False,8,carrots 1kg,produce,2026-08-21,2026-08-21T03:40:12.537234+00:00
coles,4491980,Coles Organic Carrot Snacking,Coles Organic,250g,4.5,,18,1kg,False,9,carrots 1kg,produce,2026-08-21,2026-08-21T03:40:12.537234+00:00
coles,1869370,Natoora Organic Purple Haze Carrots,Natoora,500g,5.5,,11,1kg,False,10,carrots 1kg,produce,2026-08-21,2026-08-21T03:40:12.537234+00:00
coles,5433173,Coles Baby Carrots,Coles,410g,1.8,,4.39,1kg,False,11,carrots 1kg,produce,2026-08-21,2026-08-21T03:40:12.537234+00:00
coles,7645070,Coles Frozen Carrot Battons,Coles,500g,2.5,,5,1kg,False,12,carrots 1kg,produce,2026-08-21,2026-08-21T03:40:12.537234+00:00
coles,5298748,Coles Parsnips Loose,Coles,approx. 200g,2.4,,12,1g,False,13,carrots 1kg,produce,2026-08-21,2026-08-21T03:40:12.537234+00:00
coles,7644770,Coles Frozen Peas Carrots Cauliflower,Coles,1kg,4.2,,4.2,1kg,False,14,carrots 1kg,produce,2026-08-21,2026-08-21T03:40:12.537234+00:00
coles,7644872,Coles Frozen Carrot Corn & Peas,Coles,1kg,4.2,,4.2,1kg,False,15,carrots 1kg,produce,2026-08-21,2026-08-21T03:40:12.537234+00:00
coles,4525844,Birds Eye Frozen Mixed Vegetables Carrot Cauliflower & Broccoli,Birds Eye,1Kg,6.9,,6.9,1kg,False,16,carrots 1kg,produce,2026-08-21,2026-08-21T03:40:12.537234+00:00
coles,1935351,"McCain Mixed Vegetables Peas, Corn, Carrots",McCain,1Kg,7.3,,7.3,1kg,False,17,carrots 1kg,produce,2026-08-21,2026-08-21T03:40:12.537234+00:00
coles,5577016,Coles Carrot Cake,Coles,400g,6.3,,1.58,100g,False,18,carrots 1kg,produce,2026-08-21,2026-08-21T03:40:12.537234+00:00
coles,2043478,Coles Peas & Carrots,Coles,420g,1.8,,4.29,1kg,False,19,carrots 1kg,produce,2026-08-21,2026-08-21T03:40:12.537234+00:00
coles,2470424,Coles Kitchen Shredded Carrot,Coles Kitchen,200g,2.2,,11,1kg,False,20,carrots 1kg,produce,2026-08-21,2026-08-21T03:40:12.537234+00:00
coles,100763,Edgell Peas & Carrots,Edgell,420g,2.5,,5.95,1kg,False,21,carrots 1kg,produce,2026-08-21,2026-08-21T03:40:12.537234+00:00
coles,8165842,Mccain Peas Corn & Carrots,Mccain,2kg,12.9,,,1kg,False,22,carrots 1kg,produce,2026-08-21,2026-08-21T03:40:12.537234+00:00
coles,8565647,Edgell Peas Corn & Carrots,Edgell,420g,2.5,,5.95,1kg,False,23,carrots 1kg,produce,2026-08-21,2026-08-21T03:40:12.537234+00:00
coles,6310871,Coles Nature's Kitchen Carrot Cake,Coles Nature's Kitchen,450g,9.5,,2.11,100g,False,24,carrots 1kg,produce,2026-08-21,2026-08-21T03:40:12.537234+00:00
coles,2313448,Coles Kitchen Carrot Sticks,Coles Kitchen,150g,2.2,,14.67,1kg,False,25,carrots 1kg,produce,2026-08-21,2026-08-21T03:40:12.537234+00:00
woolworths,246566,Potato Brushed each,,each,1.18,1.18,1.18,1EA,False,1,potatoes brushed,produce,2026-08-21,2026-08-21T03:40:14.498193+00:00
woolworths,124831,Woolworths Brushed Potatoes Bag 4kg,Woolworths,4kg,10,10,2.5,1KG,False,2,potatoes brushed,produce,2026-08-21,2026-08-21T03:40:14.498193+00:00
woolworths,1126424361,6 Pcs Vegetable Brush Scrubber Fruits Cleaning Brush Scrubber Potato Brush,,,26.95,26.95,,,False,3,potatoes brushed,produce,2026-08-21,2026-08-21T03:40:14.498193+00:00
woolworths,1124434485,"Potato Brush with Peeler 3 in 1 Brush, Peeler and Eye Remover for Potatoes and Other Fruits and Vegetables",,1EA,48.88,48.88,,,False,4,potatoes brushed,produce,2026-08-21,2026-08-21T03:40:14.498193+00:00
woolworths,1129395849,Joie Potato Brush Root Vegetables Dirt Remover Kitchen Scrubber Green 15x5x4cm,Joie,,12.95,12.95,,,False,5,potatoes brushed,produce,2026-08-21,2026-08-21T03:40:14.498193+00:00
woolworths,1124437023,2Pcs Multifunctional Fruit Brush Home Kitchen Clean Brush Potato Removal Brush,,1EA,22.94,22.94,,,False,6,potatoes brushed,produce,2026-08-21,2026-08-21T03:40:14.498193+00:00
woolworths,1115967731,2Pcs Multifunctional Fruit Brush Home Kitchen Clean Brush Potato Removal Brush,,1EA,20.95,20.95,,,False,7,potatoes brushed,produce,2026-08-21,2026-08-21T03:40:14.498193+00:00
woolworths,1125074513,JOYBUY 2Pcs Multifunctional Fruit Brush Home Kitchen Clean Brush Potato Removal Brush,,1EA,23.04,23.04,,,False,8,potatoes brushed,produce,2026-08-21,2026-08-21T03:40:14.498193+00:00
woolworths,244637,Woolworths Brushed Potatoes Bag 2kg,Woolworths,2kg,7.7,7.7,3.85,1KG,False,9,potatoes brushed,produce,2026-08-21,2026-08-21T03:40:14.498193+00:00
woolworths,1125258061,Nevenka 2 Pcs Vegetable Brushes Bendable Quick Cleaning Potato Carrots,Nevenka,1EA,20.89,20.89,,,False,10,potatoes brushed,produce,2026-08-21,2026-08-21T03:40:14.498193+00:00
coles,5024866,Coles Organic Potatoes Brushed,Coles Organic,2Kg,11.9,,5.95,1kg,False,1,potatoes brushed,produce,2026-08-21,2026-08-21T03:40:14.498193+00:00
coles,3958573,Coles Brushed Potatoes,Coles,2Kg,7.7,,3.85,1kg,False,2,potatoes brushed,produce,2026-08-21,2026-08-21T03:40:14.498193+00:00
coles,3958530,Coles Brushed Potatoes,Coles,4Kg,12,,3,1kg,False,3,potatoes brushed,produce,2026-08-21,2026-08-21T03:40:14.498193+00:00
coles,1022610,Coles Potatoes Creme Royale Brushed,Coles,approx. 200g,0.86,,4.3,1g,False,4,potatoes brushed,produce,2026-08-21,2026-08-21T03:40:14.498193+00:00
woolworths,134034,Gourmet Tomato each,,each,0.54,0.54,0.54,1EA,False,1,tomatoes,produce,2026-08-21,2026-08-21T03:40:16.276202+00:00
woolworths,169438,Truss Tomatoes each,,each,1.11,1.11,1.11,1EA,False,2,tomatoes,produce,2026-08-21,2026-08-21T03:40:16.276202+00:00
woolworths,149864,Tomato Roma Red each,,each,0.8,0.8,0.8,1EA,False,3,tomatoes,produce,2026-08-21,2026-08-21T03:40:16.276202+00:00
woolworths,149620,Woolworths Cherry Tomatoes Punnet 250g,Woolworths,250g,3.2,3.2,12.8,1KG,False,4,tomatoes,produce,2026-08-21,2026-08-21T03:40:16.276202+00:00
woolworths,727144,Woolworths Sweet Solanato Tomato Punnet 200g,Woolworths,200g,3.5,3.5,17.5,1KG,False,5,tomatoes,produce,2026-08-21,2026-08-21T03:40:16.276202+00:00
woolworths,196442,Woolworths Tomato Truss Punnet 500g,Woolworths,500g,5.5,5.5,11,1KG,False,6,tomatoes,produce,2026-08-21,2026-08-21T03:40:16.276202+00:00
woolworths,747009,Woolworths Truss Cocktail Tomato Punnet 250g,Woolworths,250g,4.5,4.5,18,1KG,False,7,tomatoes,produce,2026-08-21,2026-08-21T03:40:16.276202+00:00
woolworths,166144,Mini-Roma Tomato Punnet 250g,Mini-Roma,250g,3.5,3.5,14,1KG,False,8,tomatoes,produce,2026-08-21,2026-08-21T03:40:16.276202+00:00
woolworths,143730,Woolworths Gourmet Tomatoes Punnet 1kg,Woolworths,1kg,4.9,4.9,4.9,1KG,False,9,tomatoes,produce,2026-08-21,2026-08-21T03:40:16.276202+00:00
woolworths,760007,Woolworths Roma Tomato Punnet 480g,Woolworths,480g,4.9,4.9,10.21,1KG,False,10,tomatoes,produce,2026-08-21,2026-08-21T03:40:16.276202+00:00
coles,4597109,Coles Tomatoes Gourmet,Coles,approx. 130g,0.39,,3,1g,False,1,tomatoes,produce,2026-08-21,2026-08-21T03:40:16.276202+00:00
coles,4628676,Coles Tomatoes Greenhouse Truss,Coles,approx. 130g,1.11,,8.5,1g,False,2,tomatoes,produce,2026-08-21,2026-08-21T03:40:16.276202+00:00
coles,4834736,Coles Cherry Tomatoes,Coles,250g,3.3,,13.2,1kg,False,3,tomatoes,produce,2026-08-21,2026-08-21T03:40:16.276202+00:00
coles,7265535,Coles Perino Red Grape Tomatoes,Coles,200g,4.9,,24.5,1kg,False,4,tomatoes,produce,2026-08-21,2026-08-21T03:40:16.276202+00:00
coles,4835171,Coles Vine Ripened Tomatoes,Coles,500g,5.9,,11.8,1kg,False,5,tomatoes,produce,2026-08-21,2026-08-21T03:40:16.276202+00:00
coles,5548754,Coles Italian Diced Tomatoes,Coles,400g,1.1,,2.75,1kg,False,6,tomatoes,produce,2026-08-21,2026-08-21T03:40:16.276202+00:00
coles,4498173,Coles Glasshouse Grape Tomatoes,Coles,200g,4.4,,22,1kg,False,7,tomatoes,produce,2026-08-21,2026-08-21T03:40:16.276202+00:00
coles,4640831,Coles Gourmet Field Tomatoes,Coles,1Kg,3,,3,1kg,False,8,tomatoes,produce,2026-08-21,2026-08-21T03:40:16.276202+00:00
coles,4594712,Coles Roma Tomatoes Loose,Coles,approx. 70g,0.62,,8.9,1g,False,9,tomatoes,produce,2026-08-21,2026-08-21T03:40:16.276202+00:00
coles,4488464,Coles Mini Tomatoes,Coles,125g,4.9,,39.2,1kg,False,10,tomatoes,produce,2026-08-21,2026-08-21T03:40:16.276202+00:00
coles,3088176,Coles Cocktail Truss Tomatoes,Coles,250g,4.5,,18,1kg,False,11,tomatoes,produce,2026-08-21,2026-08-21T03:40:16.276202+00:00
coles,6238990,Coles Italian Diced Tomatoes,Coles,800g,2,,2.5,1kg,False,12,tomatoes,produce,2026-08-21,2026-08-21T03:40:16.276202+00:00
coles,3997189,Coles Roma Tomatoes,Coles,480g,5.9,,12.29,1kg,False,13,tomatoes,produce,2026-08-21,2026-08-21T03:40:16.276202+00:00
coles,3835890,Coles Mix-a-mato Grape Tomatoes,Coles,300g,5.9,,19.67,1kg,False,14,tomatoes,produce,2026-08-21,2026-08-21T03:40:16.276202+00:00
coles,9093215,Coles Whole Peeled Italian Tomatoes,Coles,400g,1.1,,2.75,1kg,False,15,tomatoes,produce,2026-08-21,2026-08-21T03:40:16.276202+00:00
coles,4218380,Coles Simply Chopped Tomatoes Canned,Coles Simply,400g,0.95,,2.37,1kg,False,16,tomatoes,produce,2026-08-21,2026-08-21T03:40:16.276202+00:00
coles,4687074,Ardmona Crushed Tomatoes,Ardmona,410g,1.8,,4.39,1kg,False,17,tomatoes,produce,2026-08-21,2026-08-21T03:40:16.276202+00:00
coles,4558967,Ardmona Diced Tomatoes,Ardmona,400g,1.8,,4.5,1kg,False,18,tomatoes,produce,2026-08-21,2026-08-21T03:40:16.276202+00:00
coles,2612948,Mutti Cherry Tomatoes Whole,Mutti,400g,2.7,,6.75,1kg,False,19,tomatoes,produce,2026-08-21,2026-08-21T03:40:16.276202+00:00
coles,6481444,Coles Semi Dried Tomatoes Fresh Basil,Coles,135g,3.75,,27.78,1kg,False,20,tomatoes,produce,2026-08-21,2026-08-21T03:40:16.276202+00:00
coles,2996872,Heinz Baked Beans in Tomato Sauce Beans 3 Pack,Heinz,300g,7,,,100g,False,21,tomatoes,produce,2026-08-21,2026-08-21T03:40:16.276202+00:00
coles,128503,Heinz Big Red Tomato Soup Can,Heinz,420g,2.5,,0.6,100g,False,22,tomatoes,produce,2026-08-21,2026-08-21T03:40:16.276202+00:00
coles,6311127,Mutti Polpa Finely Chopped Tomatoes,Mutti,400g,2.3,,5.75,1kg,False,23,tomatoes,produce,2026-08-21,2026-08-21T03:40:16.276202+00:00
coles,6025525,Heinz Baked Beans in Tomato Sauce 4 Pack,Heinz,520g,6,,1.15,100g,False,24,tomatoes,produce,2026-08-21,2026-08-21T03:40:16.276202+00:00
coles,2954941,Heinz Canned Baked Beans Tomato Sauce,Heinz,300g,2,2.9,,100g,True,25,tomatoes,produce,2026-08-21,2026-08-21T03:40:16.276202+00:00
coles,384718,John West Tuna Onion & Tomato Savoury Sauce,John West,95g,1.45,2.9,15.26,1kg,False,26,tomatoes,produce,2026-08-21,2026-08-21T03:40:16.276202+00:00
coles,4837111,Cucina Matese Diced Tomato,Cucina Matese,400g,1.4,,,1kg,False,27,tomatoes,produce,2026-08-21,2026-08-21T03:40:16.276202+00:00
coles,6070326,Coles Sundried Tomato Strips,Coles,280g,2.75,,9.82,1kg,False,28,tomatoes,produce,2026-08-21,2026-08-21T03:40:16.276202+00:00
coles,7390413,Coles Simply Tomato Condensed Soup,Coles Simply,420g,1.3,,0.31,100g,False,29,tomatoes,produce,2026-08-21,2026-08-21T03:40:16.276202+00:00
coles,9388660,Coles Organic Tomatoes Ita Diced,Coles Organic,400g,1.7,,4.25,1kg,False,30,tomatoes,produce,2026-08-21,2026-08-21T03:40:16.276202+00:00
coles,3883860,Mutti Polpa Finely Chopped Tomatoes,Mutti,790g,4.3,,5.44,1kg,False,31,tomatoes,produce,2026-08-21,2026-08-21T03:40:16.276202+00:00
coles,7522966,Coles Simply Baked Beans In Tomato Sauce,Coles Simply,420g,1.1,,0.26,100g,False,32,tomatoes,produce,2026-08-21,2026-08-21T03:40:16.276202+00:00
coles,4486469,Seacrown Sardines In Tomato Sauce,Seacrown,125g,1.1,,8.8,1kg,False,33,tomatoes,produce,2026-08-21,2026-08-21T03:40:16.276202+00:00
coles,4276342,SPC Spaghetti in Rich Tomato,SPC,420g,2.5,,0.6,100g,False,34,tomatoes,produce,2026-08-21,2026-08-21T03:40:16.276202+00:00
coles,8412726,Coles Organic Snacking Tomatoes,Coles Organic,200g,6.9,,34.5,1kg,False,35,tomatoes,produce,2026-08-21,2026-08-21T03:40:16.276202+00:00
coles,4515749,Ardmona Classic Rich & Thick Tomatoes,Ardmona,410g,2.5,,6.1,1kg,False,36,tomatoes,produce,2026-08-21,2026-08-21T03:40:16.276202+00:00
coles,4515738,Ardmona Rich & Thick Tomatoes With Garlic & Basil,Ardmona,410g,2.5,,6.1,1kg,False,37,tomatoes,produce,2026-08-21,2026-08-21T03:40:16.276202+00:00
coles,5071480,Mutti Polpa Finely Chopped Tomatoes With Basil,Mutti,400g,2.2,2.75,5.5,1kg,False,38,tomatoes,produce,2026-08-21,2026-08-21T03:40:16.276202+00:00
coles,5109619,Mutti Polpa Finely Chopped Tomatoes With Garlic,Mutti,400g,2.2,2.75,5.5,1kg,False,39,tomatoes,produce,2026-08-21,2026-08-21T03:40:16.276202+00:00
coles,5324462,Ardmona Rich & Thick Tomatoes With Herbs,Ardmona,410g,2.5,,6.1,1kg,False,40,tomatoes,produce,2026-08-21,2026-08-21T03:40:16.276202+00:00
coles,4276284,SPC Spaghetti in Tomato & Cheese,SPC,420g,2.5,,0.6,100g,False,41,tomatoes,produce,2026-08-21,2026-08-21T03:40:16.276202+00:00
coles,6187447,Coles Kitchen Tomato Pizza Base,Coles Kitchen,300g,3,,1,100g,False,42,tomatoes,produce,2026-08-21,2026-08-21T03:40:16.276202+00:00
coles,4837122,Cucina Matese Whole Peeled Tomatoes,Cucina Matese,400g,1.2,1.4,3.5,1kg,True,43,tomatoes,produce,2026-08-21,2026-08-21T03:40:16.276202+00:00
coles,6311116,Mutti Polpa Finely Chopped Tomatoes,Mutti,210g,1.5,,7.14,1kg,False,44,tomatoes,produce,2026-08-21,2026-08-21T03:40:16.276202+00:00
coles,5079482,Coles Perino Noir Grape Tomatoes,Coles,200g,4.9,,24.5,1kg,False,45,tomatoes,produce,2026-08-21,2026-08-21T03:40:16.276202+00:00
coles,367446,Beerenberg Tomato Chutney,Beerenberg,260g,6.45,,2.48,100g,False,46,tomatoes,produce,2026-08-21,2026-08-21T03:40:16.276202+00:00
coles,6068721,Jill's Cuisine Traditional Tomato Relish,Jill's Cuisine,400g,3.9,,0.98,100g,False,47,tomatoes,produce,2026-08-21,2026-08-21T03:40:16.276202+00:00
coles,9095833,Heinz Spaghetti In Tomato Sauce Pasta 3 Pack,Heinz,660g,5.2,,0.79,100g,False,48,tomatoes,produce,2026-08-21,2026-08-21T03:40:16.276202+00:00
woolworths,134681,Fresh Broccoli each,,each,1.95,1.95,1.95,1EA,False,1,broccoli,produce,2026-08-21,2026-08-21T03:40:18.080136+00:00
woolworths,187314,Woolworths Broccolini Bunch each,Woolworths,each,3.7,3.7,3.7,1EA,False,2,broccoli,produce,2026-08-21,2026-08-21T03:40:18.080136+00:00
woolworths,768559,Woolworths Frozen Australian Broccoli Florets 500g,Woolworths,500g,4,4,8,1KG,False,3,broccoli,produce,2026-08-21,2026-08-21T03:40:18.080136+00:00
woolworths,120139,Bell Farms Frozen Broccoli Florets 500g,Bell Farms,500g,3,3,6,1KG,False,4,broccoli,produce,2026-08-21,2026-08-21T03:40:18.080136+00:00
woolworths,768561,Woolworths Frozen Australian Broccoli & Cauliflower 500g,Woolworths,500g,4,4,8,1KG,False,5,broccoli,produce,2026-08-21,2026-08-21T03:40:18.080136+00:00
woolworths,217969,Birds Eye Frozen Carrot Cauliflower & Broccoli 1kg,Birds Eye,1kg,6.5,6.5,6.5,1KG,False,6,broccoli,produce,2026-08-21,2026-08-21T03:40:18.080136+00:00
woolworths,117518,Birds Eye Frozen Veggie Rice Carrot Cauliflower & Broccoli 500g,Birds Eye,500g,5.5,5.5,11,1KG,False,7,broccoli,produce,2026-08-21,2026-08-21T03:40:18.080136+00:00
woolworths,782977,Birds Eye Steamfresh Frozen Peas Beans Corn & Broccoli 750g,Birds Eye,750g,5.5,5.5,7.33,1KG,False,8,broccoli,produce,2026-08-21,2026-08-21T03:40:18.080136+00:00
woolworths,180752,Birds Eye Steamfresh Frozen Carrot Cauliflower & Broccoli 750g,Birds Eye,750g,5.5,5.5,7.33,1KG,False,9,broccoli,produce,2026-08-21,2026-08-21T03:40:18.080136+00:00
woolworths,782979,Birds Eye Snap Frozen Baby Beans Carrot Corn & Broccoli 1kg,Birds Eye,1kg,6.5,6.5,6.5,1KG,False,10,broccoli,produce,2026-08-21,2026-08-21T03:40:18.080136+00:00
coles,407755,Coles Broccoli Medium,Coles,approx. 340g,2.11,,6.2,1g,False,1,broccoli,produce,2026-08-21,2026-08-21T03:40:18.080136+00:00
coles,4601603,Coles Cauliflower Medium,Coles,1 Each,3,,3,1ea,False,2,broccoli,produce,2026-08-21,2026-08-21T03:40:18.080136+00:00
coles,5982477,Coles Baby Broccoli,Coles,1 Bunch,3.5,,3.5,1ea,False,3,broccoli,produce,2026-08-21,2026-08-21T03:40:18.080136+00:00
coles,5341010,Coles Frozen Broccoli Florets,Coles,500g,4,,8,1kg,False,4,broccoli,produce,2026-08-21,2026-08-21T03:40:18.080136+00:00
coles,4841775,Coles Family Broccolini,Coles,1 each,6,,6,1ea,False,5,broccoli,produce,2026-08-21,2026-08-21T03:40:18.080136+00:00
coles,2310111,Coles Kitchen Broccoli & Cauliflower Florets,Coles Kitchen,150g,2.2,,14.67,1kg,False,6,broccoli,produce,2026-08-21,2026-08-21T03:40:18.080136+00:00
coles,2310971,Coles Kitchen Broccoli Florets,Coles Kitchen,150g,2.2,,14.67,1kg,False,7,broccoli,produce,2026-08-21,2026-08-21T03:40:18.080136+00:00
coles,2674650,Coles Kitchen Carrot & Broccoli Florets,Coles Kitchen,150g,2.2,,14.67,1kg,False,8,broccoli,produce,2026-08-21,2026-08-21T03:40:18.080136+00:00
coles,4569216,Coles Asian Choy Chinese Broccoli,Coles,1 each,2.9,,2.9,1ea,False,9,broccoli,produce,2026-08-21,2026-08-21T03:40:18.080136+00:00
coles,3048820,Coles Organic Broccoli,Coles Organic,500g,8.9,,17.8,1kg,False,10,broccoli,produce,2026-08-21,2026-08-21T03:40:18.080136+00:00
coles,1504564,Natoora Organic Purple Sprouting Baby Broccoli,Natoora,1 Bunch,6.5,,6.5,1kg,False,11,broccoli,produce,2026-08-21,2026-08-21T03:40:18.080136+00:00
coles,8161557,Mccain Broccoli,Mccain,500g,5.5,,11,1kg,False,12,broccoli,produce,2026-08-21,2026-08-21T03:40:18.080136+00:00
coles,9189256,Birds Eye Seasoned Sides Frozen Garlic Herb Broccoli,Birds Eye,500g,7,,14,1kg,False,13,broccoli,produce,2026-08-21,2026-08-21T03:40:18.080136+00:00
coles,4982948,Coles Organic Cauliflower,Coles Organic,1 Each,5.9,,5.9,1ea,False,14,broccoli,produce,2026-08-21,2026-08-21T03:40:18.080136+00:00
coles,4601320,Coles Cauliflower Half,Coles,1 each,2,,2,1ea,False,15,broccoli,produce,2026-08-21,2026-08-21T03:40:18.080136+00:00
coles,7645117,Coles Frozen Cauliflower & Broccoli,Coles,500g,3,,6,1kg,False,16,broccoli,produce,2026-08-21,2026-08-21T03:40:18.080136+00:00
coles,8686801,Coles Organic Baby Broccoli,Coles Organic,1 Bunch,5.5,,5.5,1ea,False,17,broccoli,produce,2026-08-21,2026-08-21T03:40:18.080136+00:00
coles,9160946,Heinz Eat Well Pea & Broccoli Soup Pouch,Heinz,380g,3,4.5,0.79,100g,False,18,broccoli,produce,2026-08-21,2026-08-21T03:40:18.080136+00:00
coles,3766798,Coles Kitchen Broccoli Cauliflower & Parmesan Soup,Coles Kitchen,300g,4.7,,1.57,100g,False,19,broccoli,produce,2026-08-21,2026-08-21T03:40:18.080136+00:00
coles,4525844,Birds Eye Frozen Mixed Vegetables Carrot Cauliflower & Broccoli,Birds Eye,1Kg,6.9,,6.9,1kg,False,20,broccoli,produce,2026-08-21,2026-08-21T03:40:18.080136+00:00
coles,2740041,Birds Eye Steam Fresh Beans Carrot & Broccoli Frozen Mixed Vegetables,Birds Eye,450g,3.6,4.5,8,1kg,False,21,broccoli,produce,2026-08-21,2026-08-21T03:40:18.080136+00:00
coles,2740052,Birds Eye Steam Fresh Beans Broccoli & Sugar Snap Peas Frozen Mixed Vegetables,Birds Eye,450g,3.6,4.5,8,1kg,False,22,broccoli,produce,2026-08-21,2026-08-21T03:40:18.080136+00:00
coles,1756556,Youfoodz Nourish 5 Veggie Bolognese With Broccoli & Peas,Youfoodz,320g,11,,3.44,100g,False,23,broccoli,produce,2026-08-21,2026-08-21T03:40:18.080136+00:00
coles,6261313,Youfoodz Creamy Garlic Chicken Kyiv With Chips & Broccoli,Youfoodz,312g,11,,3.53,100g,False,24,broccoli,produce,2026-08-21,2026-08-21T03:40:18.080136+00:00
coles,3716224,Continental Sensation Cheesy Broccoli & Potato Soup Serves 2,Continental,56g,3.8,,6.79,100g,False,25,broccoli,produce,2026-08-21,2026-08-21T03:40:18.080136+00:00
coles,2741011,Birds Eye Steam Fresh Carrot Broccoli & Corn Frozen Mixed Veg Value Pack,Birds Eye,750g,6.2,,8.27,1kg,False,26,broccoli,produce,2026-08-21,2026-08-21T03:40:18.080136+00:00
coles,2740085,Birds Eye Steam Fresh Cauliflower Carrot & Broccoli Frozen Mixed Veg Value Pack,Birds Eye,750g,6.2,,8.27,1kg,False,27,broccoli,produce,2026-08-21,2026-08-21T03:40:18.080136+00:00
coles,1843027,Birds Eye Steam Fresh Baby Potato Broccoli Carrot Peas,Birds Eye,400g,5.5,6.9,13.75,1kg,False,28,broccoli,produce,2026-08-21,2026-08-21T03:40:18.080136+00:00
coles,1777261,Birds Eye Steam Fresh Peas Beans Corn & Broccoli Frozen Mixed Vegetables,Birds Eye,450g,3.6,4.5,8,1kg,False,29,broccoli,produce,2026-08-21,2026-08-21T03:40:18.080136+00:00
coles,2743254,Birds Eye Frozen Mixed Winter Vegetables Green Beans Cauliflower & Broccoli,Birds Eye,1Kg,6.9,,6.9,1kg,False,30,broccoli,produce,2026-08-21,2026-08-21T03:40:18.080136+00:00
coles,1777228,Birds Eye Steam Fresh Broccoli Cauliflower & Carrot Cheese Sauce Frozen Mixed Veg,Birds Eye,400g,5.5,6.9,,1kg,False,31,broccoli,produce,2026-08-21,2026-08-21T03:40:18.080136+00:00
coles,1719072,CUB Apple Pea Broccoli Pear & Spinach Baby Food Pouch 6+ Months,CUB,120g,1,,0.83,100g,False,32,broccoli,produce,2026-08-21,2026-08-21T03:40:18.080136+00:00
coles,6027076,Rafferty's Garden Spinach Apple Broccoli & Pea And Nothing Else Baby Food Puree Pouch 4+ Months,Rafferty's Garden,120g,1.9,2.3,1.58,100g,False,33,broccoli,produce,2026-08-21,2026-08-21T03:40:18.080136+00:00
coles,8145798,Birds Eye Stir Fry Chinese Carrot Broccoli Green Beans Onion & Baby Corn Frozen Mixed Veg,Birds Eye,850g,6.2,,7.29,1kg,False,34,broccoli,produce,2026-08-21,2026-08-21T03:40:18.080136+00:00
coles,9730385,Birds Eye Stir Fry Shanghai Carrot Broccoli Water Chestnuts Capsicum Sugar Snap Peas Frozen Mixed Veg,Birds Eye,500g,5,,10,1kg,False,35,broccoli,produce,2026-08-21,2026-08-21T03:40:18.080136+00:00
woolworths,144329,Onion Brown each,,each,0.63,0.63,0.63,1EA,False,1,brown onions,produce,2026-08-21,2026-08-21T03:40:19.847452+00:00
woolworths,144336,Woolworths Onion Brown Bag 1kg,Woolworths,1kg,3.6,3.6,3.6,1KG,False,2,brown onions,produce,2026-08-21,2026-08-21T03:40:19.847452+00:00
woolworths,144427,Woolworths Brown Onions Bag 2kg,Woolworths,2kg,5.5,5.5,2.75,1KG,False,3,brown onions,produce,2026-08-21,2026-08-21T03:40:19.847452+00:00
woolworths,250673,Woolworths Brown Onion Instant Gravy 120g,Woolworths,120g,2.1,2.1,1.75,100G,False,4,brown onions,produce,2026-08-21,2026-08-21T03:40:19.847452+00:00
woolworths,222992,Gravox Brown Onion Liquid Gravy Pouch 165g,Gravox,165g,3.7,3.7,2.24,100G,False,5,brown onions,produce,2026-08-21,2026-08-21T03:40:19.847452+00:00
woolworths,38904,Gravox Brown Onion Gravy Mix Tin 120g,Gravox,120g,5,5,0.42,10G,False,6,brown onions,produce,2026-08-21,2026-08-21T03:40:19.847452+00:00
woolworths,724831,Knorr Brown Onion South African Soup 50g,Knorr,50g,1.85,1.85,3.7,100G,False,7,brown onions,produce,2026-08-21,2026-08-21T03:40:19.847452+00:00
woolworths,1129655363,"Velocity Woven Hanging Basket for Onion and Garlic Storage, Light Brown",,,25.99,25.99,,,False,8,brown onions,produce,2026-08-21,2026-08-21T03:40:19.847452+00:00
woolworths,1121222109,Avanti 20cm Fabric/Jute Onion Storage Bag Preserving Fresh Produce Sack Brown,Avanti,1EA,23.35,23.35,,,False,9,brown onions,produce,2026-08-21,2026-08-21T03:40:19.847452+00:00
coles,4239517,Coles Loose Brown Onions,Coles,approx. 200g,0.84,,4.2,1g,False,1,brown onions,produce,2026-08-21,2026-08-21T03:40:19.847452+00:00
coles,4803991,Coles Brown Onions,Coles,1kg,3.6,,3.6,1kg,False,2,brown onions,produce,2026-08-21,2026-08-21T03:40:19.847452+00:00
coles,5134809,Coles Brown Onion Shallots Loose,Coles,approx. 35g each,0.46,,13,1g,False,3,brown onions,produce,2026-08-21,2026-08-21T03:40:19.847452+00:00
coles,289149,Fehlbergs Brown Pickled Onions,Fehlbergs,500g,4.1,,8.2,1kg,False,4,brown onions,produce,2026-08-21,2026-08-21T03:40:19.847452+00:00
coles,9442880,Blue Banner Pickled Onions Brown Chilli,Blue Banner,525g,6,7,11.43,1kg,False,5,brown onions,produce,2026-08-21,2026-08-21T03:40:19.847452+00:00
coles,197233,Blue Banner Pickled Onions,Blue Banner,525g,6,7,11.43,1kg,False,6,brown onions,produce,2026-08-21,2026-08-21T03:40:19.847452+00:00
coles,5610712,Three Threes Old Style Pickled Onions,Three Threes,500g,5.25,,10.5,1kg,False,7,brown onions,produce,2026-08-21,2026-08-21T03:40:19.847452+00:00
coles,5076305,Coles Organic Brown Onions,Coles Organic,1Kg,6.9,,6.9,1kg,False,8,brown onions,produce,2026-08-21,2026-08-21T03:40:19.847452+00:00
coles,4443579,Gravox Brown Onion Liquid Gravy Pouch,Gravox,165g,3.7,,2.24,100g,False,9,brown onions,produce,2026-08-21,2026-08-21T03:40:19.847452+00:00
coles,6046864,Gravox Brown Onion Gravy Mix Tin,Gravox,120g,4,,0.33,10g,False,10,brown onions,produce,2026-08-21,2026-08-21T03:40:19.847452+00:00
woolworths,215448,Macro Organic Penne Pasta 500g,Macro,500g,1.95,1.95,0.39,100G,False,1,penne pasta 500g,pantry,2026-08-21,2026-08-21T03:40:21.597829+00:00
woolworths,6026650,La Gina Penne Pasta 500g,La Gina,500g,2.2,2.8,0.44,100G,True,2,penne pasta 500g,pantry,2026-08-21,2026-08-21T03:40:21.597829+00:00
woolworths,904775,Free From Gluten Penne Pasta 500g,Free From Gluten,500g,2.2,2.5,0.44,100G,True,3,penne pasta 500g,pantry,2026-08-21,2026-08-21T03:40:21.597829+00:00
woolworths,188800,Woolworths Essentials Pasta Penne 500g,Woolworths Essentials,500g,0.9,0.9,0.18,100G,False,4,penne pasta 500g,pantry,2026-08-21,2026-08-21T03:40:21.597829+00:00
woolworths,83764,Barilla Pasta Penne Rigate 500g,Barilla,500g,2.9,3.5,0.58,100G,False,5,penne pasta 500g,pantry,2026-08-21,2026-08-21T03:40:21.597829+00:00
woolworths,346831,Woolworths Pasta Penne Rigate 500g,Woolworths,500g,1,1,0.2,100G,False,6,penne pasta 500g,pantry,2026-08-21,2026-08-21T03:40:21.597829+00:00
woolworths,35742,San Remo Penne Pasta No 18 500g,San Remo,500g,2.3,2.95,0.46,100G,True,7,penne pasta 500g,pantry,2026-08-21,2026-08-21T03:40:21.597829+00:00
woolworths,74787,La Molisana Pastificio Extra Di Lusso Penne Rigate Pasta 500g,La Molisana,500g,3.5,3.5,0.7,100G,False,8,penne pasta 500g,pantry,2026-08-21,2026-08-21T03:40:21.597829+00:00
coles,4409592,La Molisana Pasta Penne Lisce No. 18,La Molisana Pasta,500g,3.7,,,100g,False,1,penne pasta 500g,pantry,2026-08-21,2026-08-21T03:40:21.597829+00:00
coles,9185357,Barilla Al Bronzo Pasta Penne,Barilla,500g,4.3,,0.86,100g,False,2,penne pasta 500g,pantry,2026-08-21,2026-08-21T03:40:21.597829+00:00
coles,469912,Barilla Pasta Penne Rigate,Barilla,500g,2.9,3.5,0.58,100g,False,3,penne pasta 500g,pantry,2026-08-21,2026-08-21T03:40:21.597829+00:00
coles,3329104,Coles Simply Penne,Coles Simply,500g,0.9,,0.18,100g,False,4,penne pasta 500g,pantry,2026-08-21,2026-08-21T03:40:21.597829+00:00
coles,170838,San Remo Penne Rigate Pasta No 18,San Remo,500g,2.95,,0.59,100g,False,5,penne pasta 500g,pantry,2026-08-21,2026-08-21T03:40:21.597829+00:00
coles,5173243,San Remo Penne Zita Pasta No 20,San Remo,500g,2.95,,0.59,100g,False,6,penne pasta 500g,pantry,2026-08-21,2026-08-21T03:40:21.597829+00:00
coles,3329046,Coles Durum Wheat Pasta Penne Rigate,Coles,500g,1,,0.2,100g,False,7,penne pasta 500g,pantry,2026-08-21,2026-08-21T03:40:21.597829+00:00
coles,3380451,Cucina Matese Penne Rigate No.118 Italian Pasta,Cucina Matese,500g,2.8,,0.56,100g,False,8,penne pasta 500g,pantry,2026-08-21,2026-08-21T03:40:21.597829+00:00
coles,404021,San Remo Penne Pasta,San Remo,750g,3.6,,0.48,100g,False,9,penne pasta 500g,pantry,2026-08-21,2026-08-21T03:40:21.597829+00:00
coles,9477432,Coles Organic Penne Pasta,Coles Organic,500g,1.95,,0.39,100g,False,10,penne pasta 500g,pantry,2026-08-21,2026-08-21T03:40:21.597829+00:00
coles,3797281,Vetta Pasta Penne,Vetta,500g,1.5,1.65,0.3,100g,False,11,penne pasta 500g,pantry,2026-08-21,2026-08-21T03:40:21.597829+00:00
coles,3944579,Coles I'm Free From Penne Pasta,Coles I'm Free From,500g,2.5,,0.5,100g,False,12,penne pasta 500g,pantry,2026-08-21,2026-08-21T03:40:21.597829+00:00
coles,3329115,Coles Simply Pasta Spaghetti,Coles Simply,500g,0.9,,0.18,100g,False,13,penne pasta 500g,pantry,2026-08-21,2026-08-21T03:40:21.597829+00:00
coles,1211340,Barilla Collezione Pasta Orecchiette,Barilla,500g,4.5,,0.9,100g,False,14,penne pasta 500g,pantry,2026-08-21,2026-08-21T03:40:21.597829+00:00
coles,278153,Zafarelli Fusilli Pasta No 17,Zafarelli,500g,2,,0.4,100g,False,15,penne pasta 500g,pantry,2026-08-21,2026-08-21T03:40:21.597829+00:00
coles,278211,Zafarelli Elicoidali Pasta No 57,Zafarelli,500g,2,,0.4,100g,False,16,penne pasta 500g,pantry,2026-08-21,2026-08-21T03:40:21.597829+00:00
coles,8947858,Zafarelli Spirali Pasta No 56,Zafarelli,500g,2,,0.4,100g,False,17,penne pasta 500g,pantry,2026-08-21,2026-08-21T03:40:21.597829+00:00
coles,6990878,San Remo Linguine Pasta No 1,San Remo,500g,2.95,,0.59,100g,False,18,penne pasta 500g,pantry,2026-08-21,2026-08-21T03:40:21.597829+00:00
coles,9423808,Barilla Pasta Risoni,Barilla,500g,2.9,3.5,0.58,100g,False,19,penne pasta 500g,pantry,2026-08-21,2026-08-21T03:40:21.597829+00:00
coles,4370690,Barilla Rigatoni Pasta,Barilla,500g,2.9,3.5,0.58,100g,False,20,penne pasta 500g,pantry,2026-08-21,2026-08-21T03:40:21.597829+00:00
coles,5010453,Barilla Pasta Fusilli,Barilla,500g,2.9,3.5,0.58,100g,False,21,penne pasta 500g,pantry,2026-08-21,2026-08-21T03:40:21.597829+00:00
coles,242407,San Remo Pasta Thin Spaghetti,San Remo,500g,2.95,,0.59,100g,False,22,penne pasta 500g,pantry,2026-08-21,2026-08-21T03:40:21.597829+00:00
coles,296392,San Remo Pasta Instant Spaghetti,San Remo,500g,2.95,,0.59,100g,False,23,penne pasta 500g,pantry,2026-08-21,2026-08-21T03:40:21.597829+00:00
coles,8436735,Cucina Matese Ditali Pasta,Cucina Matese,500g,2.8,,0.56,100g,False,24,penne pasta 500g,pantry,2026-08-21,2026-08-21T03:40:21.597829+00:00
coles,125550,Zafarelli Lisio Piccolo Pasta No 40,Zafarelli,500g,2,,0.4,100g,False,25,penne pasta 500g,pantry,2026-08-21,2026-08-21T03:40:21.597829+00:00
coles,6825102,La Molisana Pasta Casareccia,La Molisana,500g,3.7,,0.74,100g,False,26,penne pasta 500g,pantry,2026-08-21,2026-08-21T03:40:21.597829+00:00
coles,1691086,Vetta Smart Fibre Penne Pasta,Vetta,500g,2.35,,0.47,100g,False,27,penne pasta 500g,pantry,2026-08-21,2026-08-21T03:40:21.597829+00:00
coles,5714650,La Molisana Farfalle Pasta No 66,La Molisana,500g,3.7,,0.74,100g,False,28,penne pasta 500g,pantry,2026-08-21,2026-08-21T03:40:21.597829+00:00
coles,9423885,Barilla Collezione Pasta Casarecce,Barilla,500g,4.5,,0.9,100g,False,29,penne pasta 500g,pantry,2026-08-21,2026-08-21T03:40:21.597829+00:00
coles,8649690,Barilla Pasta Pipe Rigate,Barilla,500g,2.9,3.5,0.58,100g,False,30,penne pasta 500g,pantry,2026-08-21,2026-08-21T03:40:21.597829+00:00
coles,9019030,Barilla Chifferi Elbow Pasta,Barilla,500g,2.9,3.5,0.58,100g,False,31,penne pasta 500g,pantry,2026-08-21,2026-08-21T03:40:21.597829+00:00
coles,9185186,Barilla Al Bronzo Pasta Fusilli,Barilla,500g,4.3,,0.86,100g,False,32,penne pasta 500g,pantry,2026-08-21,2026-08-21T03:40:21.597829+00:00
coles,4514983,Coles Durum Wheat Pasta Bowties,Coles,500g,1,,0.2,100g,False,33,penne pasta 500g,pantry,2026-08-21,2026-08-21T03:40:21.597829+00:00
coles,3329137,Coles Durum Wheat Pasta Macaroni,Coles,500g,1,,0.2,100g,False,34,penne pasta 500g,pantry,2026-08-21,2026-08-21T03:40:21.597829+00:00
coles,4515283,Coles Durum Wheat Pasta Rigatoni,Coles,500g,1,,0.2,100g,False,35,penne pasta 500g,pantry,2026-08-21,2026-08-21T03:40:21.597829+00:00
coles,3380430,Cucina Matese Orecchiette No.119 Italian Pasta,Cucina Matese,500g,2.8,,0.56,100g,False,36,penne pasta 500g,pantry,2026-08-21,2026-08-21T03:40:21.597829+00:00
coles,3380462,Cucina Matese Rigatoni No.117 Italian Pasta,Cucina Matese,500g,2.8,,0.56,100g,False,37,penne pasta 500g,pantry,2026-08-21,2026-08-21T03:40:21.597829+00:00
coles,3380495,Cucina Matese Fusilli No.114 Italian Pasta,Cucina Matese,500g,2.8,,0.56,100g,False,38,penne pasta 500g,pantry,2026-08-21,2026-08-21T03:40:21.597829+00:00
coles,9579895,San Remo Curly Fettuccine Pasta No 80,San Remo,500g,2.95,,0.59,100g,False,39,penne pasta 500g,pantry,2026-08-21,2026-08-21T03:40:21.597829+00:00
coles,3329035,Coles Durum Wheat Pasta Large Spirals,Coles,500g,1,,0.2,100g,False,40,penne pasta 500g,pantry,2026-08-21,2026-08-21T03:40:21.597829+00:00
coles,3329057,Coles Durum Wheat Pasta Shells Large,Coles,500g,1,,0.2,100g,False,41,penne pasta 500g,pantry,2026-08-21,2026-08-21T03:40:21.597829+00:00
coles,207825,San Remo Plain Fettuccine Pasta,San Remo,500g,2.95,,0.59,100g,False,42,penne pasta 500g,pantry,2026-08-21,2026-08-21T03:40:21.597829+00:00
coles,278164,Zafarelli Pennette Rigate No18 Pasta,Zafarelli,500g,2,,0.4,100g,False,43,penne pasta 500g,pantry,2026-08-21,2026-08-21T03:40:21.597829+00:00
coles,4409617,La Molisana Chifferi Rigati No. 55 Pasta,La Molisana,500g,3.7,,0.74,100g,False,44,penne pasta 500g,pantry,2026-08-21,2026-08-21T03:40:21.597829+00:00
coles,3380473,Cucina Matese Conchiglie Rigate Italian Pasta No 116,Cucina Matese,500g,2.8,,0.56,100g,False,45,penne pasta 500g,pantry,2026-08-21,2026-08-21T03:40:21.597829+00:00
coles,3380440,Cucina Matese Farfalle Rigate No.121 Italian Pasta,Cucina Matese,500g,2.8,,0.56,100g,False,46,penne pasta 500g,pantry,2026-08-21,2026-08-21T03:40:21.597829+00:00
coles,3329126,Coles Simply Spirals,Coles Simply,500g,0.9,,0.18,100g,False,47,penne pasta 500g,pantry,2026-08-21,2026-08-21T03:40:21.597829+00:00
coles,206196,San Remo Spaghetti No 5,San Remo,500g,2.95,,0.59,100g,False,48,penne pasta 500g,pantry,2026-08-21,2026-08-21T03:40:21.597829+00:00
woolworths,758286,Dolmio Extra Bolognese Tomato Pasta Sauce 500g,Dolmio,500g,2.3,4.6,0.46,100G,True,1,pasta sauce 500g,pantry,2026-08-21,2026-08-21T03:40:23.493601+00:00
woolworths,758377,Dolmio Classic Tomato With Basil Pasta Sauce 500g,Dolmio,500g,2.5,2.5,0.5,100G,False,2,pasta sauce 500g,pantry,2026-08-21,2026-08-21T03:40:23.493601+00:00
woolworths,758299,Dolmio Extra Spicy Peppers Tomato Pasta Sauce 500g,Dolmio,500g,2.3,4.6,0.46,100G,True,3,pasta sauce 500g,pantry,2026-08-21,2026-08-21T03:40:23.493601+00:00
woolworths,452031,Leggo's Tuna Bake Pasta Sauce 500g,Leggo's,500g,4.3,4.3,0.86,100G,False,4,pasta sauce 500g,pantry,2026-08-21,2026-08-21T03:40:23.493601+00:00
woolworths,450687,Leggo's Bolognese Chunky Tomato Garlic & Herbs Pasta Sauce 500g,Leggo's,500g,3.3,3.3,0.66,100G,False,5,pasta sauce 500g,pantry,2026-08-21,2026-08-21T03:40:23.493601+00:00
woolworths,451923,Leggo's Roasted Garlic Chunky Tomato & Onion Pasta Sauce 500g,Leggo's,500g,3.3,3.3,0.66,100G,False,6,pasta sauce 500g,pantry,2026-08-21,2026-08-21T03:40:23.493601+00:00
woolworths,758342,Dolmio Extra Tomato Onion & Roast Garlic Pasta Sauce 500g,Dolmio,500g,2.3,4.6,0.46,100G,True,7,pasta sauce 500g,pantry,2026-08-21,2026-08-21T03:40:23.493601+00:00
woolworths,450822,Leggo's Napoletana With Chunky Tomato & Herbs Pasta Sauce 500g,Leggo's,500g,3.3,3.3,0.66,100G,False,8,pasta sauce 500g,pantry,2026-08-21,2026-08-21T03:40:23.493601+00:00
woolworths,758288,Dolmio Extra Red Wine & Italian Herbs Tomato Pasta Sauce 500g,Dolmio,500g,2.3,4.6,0.46,100G,True,9,pasta sauce 500g,pantry,2026-08-21,2026-08-21T03:40:23.493601+00:00
woolworths,451926,Leggo's Mushroom Bolognese With Chunky Tomato & Herbs Pasta Sauce 500g,Leggo's,500g,3.3,3.3,0.66,100G,False,10,pasta sauce 500g,pantry,2026-08-21,2026-08-21T03:40:23.493601+00:00
coles,7406987,Olive Branch Napoli Pasta Sauce,Olive Branch,480g,10,,2.08,100g,False,1,pasta sauce 500g,pantry,2026-08-21,2026-08-21T03:40:23.493601+00:00
coles,9978540,Coles Kitchen Pasta Sauce Carbonara,Coles Kitchen,480g,4.95,,1.03,100g,False,2,pasta sauce 500g,pantry,2026-08-21,2026-08-21T03:40:23.493601+00:00
coles,9978529,Coles Kitchen Pasta Sauce Bolognese,Coles Kitchen,480g,4.95,,1.03,100g,False,3,pasta sauce 500g,pantry,2026-08-21,2026-08-21T03:40:23.493601+00:00
coles,8070688,Island Pasta Company Puttanesca,Island Pasta Company,500g,11,,2.2,100g,False,4,pasta sauce 500g,pantry,2026-08-21,2026-08-21T03:40:23.493601+00:00
coles,9978562,Coles Kitchen Pasta Sauce Tomato Basil,Coles Kitchen,480g,4.95,,1.03,100g,False,5,pasta sauce 500g,pantry,2026-08-21,2026-08-21T03:40:23.493601+00:00
coles,9954600,Latina Tomato & Garlic Pasta Sauce,Latina,250g,4.5,5.5,1.8,100g,False,6,pasta sauce 500g,pantry,2026-08-21,2026-08-21T03:40:23.493601+00:00
coles,9954622,Latina Creamy Carbonara Pasta Sauce,Latina,250g,4.5,5.5,1.8,100g,False,7,pasta sauce 500g,pantry,2026-08-21,2026-08-21T03:40:23.493601+00:00
coles,8069420,Island Pasta Company Salsa Di Pomodoro,Island Pasta Company,500g,11,,2.2,100g,False,8,pasta sauce 500g,pantry,2026-08-21,2026-08-21T03:40:23.493601+00:00
coles,8070190,Island Pasta Company Sugo Ai Piselli,Island Pasta Company,500g,11,,2.2,100g,False,9,pasta sauce 500g,pantry,2026-08-21,2026-08-21T03:40:23.493601+00:00
coles,5404109,Latina Fresh Creamy Carbonara Pasta Sauce,Latina,425g,7.5,,1.76,100g,False,10,pasta sauce 500g,pantry,2026-08-21,2026-08-21T03:40:23.493601+00:00
coles,5220241,Latina Fresh Beef Bolognese Pasta Sauce,Latina,425g,7.5,,1.76,100g,False,11,pasta sauce 500g,pantry,2026-08-21,2026-08-21T03:40:23.493601+00:00
coles,5233232,Latina Fresh Italian Style Tomato & Garlic Pasta Sauce,Latina,425g,7.5,,1.76,100g,False,12,pasta sauce 500g,pantry,2026-08-21,2026-08-21T03:40:23.493601+00:00
coles,6026890,Latina Fresh Creamy Sun-dried Tomato Pasta Sauce,Latina,425g,7.5,,1.76,100g,False,13,pasta sauce 500g,pantry,2026-08-21,2026-08-21T03:40:23.493601+00:00
coles,9954644,Latina Creamy Sun Dried Tomato Sauce,Latina,250g,4.5,5.5,1.8,100g,False,14,pasta sauce 500g,pantry,2026-08-21,2026-08-21T03:40:23.493601+00:00
coles,8155394,Rare Bear Mediterranean Vegetable Pasta Sauce,Rare Bear,450g,13.5,,3,100g,False,15,pasta sauce 500g,pantry,2026-08-21,2026-08-21T03:40:23.493601+00:00
coles,9164255,Providore Creamy Tomato Vodka Pasta Sauce,Providore,400g,6,,1.5,100g,False,16,pasta sauce 500g,pantry,2026-08-21,2026-08-21T03:40:23.493601+00:00
coles,8154369,Rare Bear Fresh Basil & Tomato Pasta Sauce,Rare Bear,450g,13.5,,3,100g,False,17,pasta sauce 500g,pantry,2026-08-21,2026-08-21T03:40:23.493601+00:00
coles,9978370,Coles Kitchen Creamy Pesto Sauce,Coles Kitchen,480g,4.95,,1.03,100g,False,18,pasta sauce 500g,pantry,2026-08-21,2026-08-21T03:40:23.493601+00:00
coles,8155850,Rare Bear Roasted Tomato Garlic & Shiraz Pasta Sauce,Rare Bear,450g,13.5,,3,100g,False,19,pasta sauce 500g,pantry,2026-08-21,2026-08-21T03:40:23.493601+00:00
coles,8156047,Rare Bear Creamy Tomato Cashew & Vodka Pasta Sauce,Rare Bear,450g,13.5,,3,100g,False,20,pasta sauce 500g,pantry,2026-08-21,2026-08-21T03:40:23.493601+00:00
coles,1437467,Rana Tomato & Mascarpone Sauce,Rana,400g,9,,2.25,100g,False,21,pasta sauce 500g,pantry,2026-08-21,2026-08-21T03:40:23.493601+00:00
coles,1437489,Rana Creamy Mushroom Sauce,Rana,400g,9,,2.25,100g,False,22,pasta sauce 500g,pantry,2026-08-21,2026-08-21T03:40:23.493601+00:00
coles,9990648,On The Menu Fresh Napoli Sauce,On The Menu,425g,7.5,,1.76,100g,False,23,pasta sauce 500g,pantry,2026-08-21,2026-08-21T03:40:23.493601+00:00
coles,9990670,On The Menu Fresh Bolognese Sauce,On The Menu,425g,5.5,7.5,1.29,100g,True,24,pasta sauce 500g,pantry,2026-08-21,2026-08-21T03:40:23.493601+00:00
coles,8154380,Rare Bear Roasted Capsicum & Kalamata Olive Pasta Sauce,Rare Bear,450g,13.5,,3,100g,False,25,pasta sauce 500g,pantry,2026-08-21,2026-08-21T03:40:23.493601+00:00
coles,8154482,Rare Bear Tomato Mushroom & Truffle Infused Pasta Sauce,Rare Bear,450g,13.5,,3,100g,False,26,pasta sauce 500g,pantry,2026-08-21,2026-08-21T03:40:23.493601+00:00
coles,9990637,On The Menu Fresh Creamy Tomato Sauce,On The Menu,425g,7.5,,1.76,100g,False,27,pasta sauce 500g,pantry,2026-08-21,2026-08-21T03:40:23.493601+00:00
coles,1437490,Rana Sundried Tomato Basil & Pine Nuts Sauce,Rana,350g,9,,,100g,False,28,pasta sauce 500g,pantry,2026-08-21,2026-08-21T03:40:23.493601+00:00
coles,1072404,Dolmio Extra Pasta Sauce Meatballs,Dolmio Extra Pasta Sauce,500g,4.6,,0.92,100g,False,29,pasta sauce 500g,pantry,2026-08-21,2026-08-21T03:40:23.493601+00:00
coles,8020952,Lello Ortolana Sugo,Lello,500g,9.95,,1.99,100g,False,30,pasta sauce 500g,pantry,2026-08-21,2026-08-21T03:40:23.493601+00:00
coles,8020599,Lello Tomato & Basil Sugo,Lello,500g,9.95,,1.99,100g,False,31,pasta sauce 500g,pantry,2026-08-21,2026-08-21T03:40:23.493601+00:00
coles,8080240,Lello Spicy Calabrian Nduja Sugo,Lello,500g,11.5,,2.3,100g,False,32,pasta sauce 500g,pantry,2026-08-21,2026-08-21T03:40:23.493601+00:00
coles,8080251,Lello Vegan Bolognese Sugo,Lello,500g,9.95,,1.99,100g,False,33,pasta sauce 500g,pantry,2026-08-21,2026-08-21T03:40:23.493601+00:00
coles,7831440,Australian Organic Food Co Passata,Australian Organic Food Co,500g,2.9,4.4,0.58,100g,False,34,pasta sauce 500g,pantry,2026-08-21,2026-08-21T03:40:23.493601+00:00
coles,8156150,Rare Bear Sundried Tomato & Macadamia Pesto,Rare Bear,250g,13.5,,5.4,100g,False,35,pasta sauce 500g,pantry,2026-08-21,2026-08-21T03:40:23.493601+00:00
coles,8156819,Rare Bear Basil & Macadamia Pesto,Rare Bear,250g,13.5,,5.4,100g,False,36,pasta sauce 500g,pantry,2026-08-21,2026-08-21T03:40:23.493601+00:00
coles,8156808,Rare Bear Roastd Capsicum Chilli & Cashew Pesto,Rare Bear,250g,13.5,,5.4,100g,False,37,pasta sauce 500g,pantry,2026-08-21,2026-08-21T03:40:23.493601+00:00
coles,8156783,Rare Bear Rocket & Pistachio Pesto,Rare Bear,250g,13.5,,5.4,100g,False,38,pasta sauce 500g,pantry,2026-08-21,2026-08-21T03:40:23.493601+00:00
coles,8156036,Rare Bear Roasted Garlic & Chilli Pesto,Rare Bear,250g,13.5,,5.4,100g,False,39,pasta sauce 500g,pantry,2026-08-21,2026-08-21T03:40:23.493601+00:00
coles,8156820,Rare Bear Parsley Lemon & Almond Pesto,Rare Bear,250g,13.5,,5.4,100g,False,40,pasta sauce 500g,pantry,2026-08-21,2026-08-21T03:40:23.493601+00:00
coles,1385512,Continental Pasta & Sauce Alfredo,Continental,80g,3,,3.75,100g,True,41,pasta sauce 500g,pantry,2026-08-21,2026-08-21T03:40:23.493601+00:00
coles,2683833,Leggos Tuna Bake Pasta Sauce,Leggos,500g,4.3,,0.86,100g,False,42,pasta sauce 500g,pantry,2026-08-21,2026-08-21T03:40:23.493601+00:00
coles,8706217,Tutto Pasta Gluten Free Fettucine With Creamy Rose Sauce,Tutto Pasta,350g,9,,2.57,100g,False,43,pasta sauce 500g,pantry,2026-08-21,2026-08-21T03:40:23.493601+00:00
coles,3860560,Eskal Garden Vegetables Pasta Sauce,Eskal,340g,4.2,,1.24,100g,False,44,pasta sauce 500g,pantry,2026-08-21,2026-08-21T03:40:23.493601+00:00
coles,9528952,Divella Pronto Mediterraneo Pasta Sauce,Divella,680g,3.5,4.6,0.51,100g,False,45,pasta sauce 500g,pantry,2026-08-21,2026-08-21T03:40:23.493601+00:00
coles,2683844,Leggo's Creamy Tomato & Mozzarella Pasta Bake Sauce,Leggo's,500g,4.3,,0.86,100g,False,46,pasta sauce 500g,pantry,2026-08-21,2026-08-21T03:40:23.493601+00:00
coles,1385691,Continental Pasta & Sauce Four Cheeses,Continental,145g,4,,2.76,100g,False,47,pasta sauce 500g,pantry,2026-08-21,2026-08-21T03:40:23.493601+00:00
coles,1385614,Continental Pasta & Sauce Chicken Curry,Continental,145g,4,,2.76,100g,False,48,pasta sauce 500g,pantry,2026-08-21,2026-08-21T03:40:23.493601+00:00
woolworths,601342,Woolworths Jasmine Rice 1kg,Woolworths,1kg,3.5,3.5,0.35,100G,False,1,jasmine rice 1kg,pantry,2026-08-21,2026-08-21T03:40:25.476581+00:00
woolworths,267557,Sunrice Rice Jasmine 1kg,Sunrice,1kg,4.55,4.55,0.46,100G,False,2,jasmine rice 1kg,pantry,2026-08-21,2026-08-21T03:40:25.476581+00:00
woolworths,334882,Nice Rice Jasmine Rice 1kg,Nice Rice,1kg,4.5,4.5,0.45,100G,False,3,jasmine rice 1kg,pantry,2026-08-21,2026-08-21T03:40:25.476581+00:00
woolworths,961822,Sunrice Premium Thai Hom Mali Jasmine Rice 1kg,Sunrice,1kg,7.6,7.6,0.76,100G,False,4,jasmine rice 1kg,pantry,2026-08-21,2026-08-21T03:40:25.476581+00:00
coles,5963814,Sunrice Jasmine Rice,Sunrice,1kg,4.5,,0.45,100g,False,1,jasmine rice 1kg,pantry,2026-08-21,2026-08-21T03:40:25.476581+00:00
coles,7499660,Nice Rice Australian Jasmine Rice,Nice Rice Australian,1Kg,4.5,,0.45,100g,False,2,jasmine rice 1kg,pantry,2026-08-21,2026-08-21T03:40:25.476581+00:00
coles,7423217,Sunrice Jasmine Rice,Sunrice,2kg,6.8,,0.34,100g,False,3,jasmine rice 1kg,pantry,2026-08-21,2026-08-21T03:40:25.476581+00:00
coles,4363786,Sunrice Jasmine White Rice,Sunrice,5kg,13.5,27,0.27,100g,False,4,jasmine rice 1kg,pantry,2026-08-21,2026-08-21T03:40:25.476581+00:00
coles,8739056,Sunrice Premium Jasmine,Sunrice,1Kg,7.5,,0.75,100g,False,5,jasmine rice 1kg,pantry,2026-08-21,2026-08-21T03:40:25.476581+00:00
coles,8739067,Sunrice Premium Jasmine,Sunrice,5kg,35,,0.7,100g,False,6,jasmine rice 1kg,pantry,2026-08-21,2026-08-21T03:40:25.476581+00:00
coles,8703004,Coles Jasmine Rice,Coles,1kg,3.5,,0.35,100g,False,7,jasmine rice 1kg,pantry,2026-08-21,2026-08-21T03:40:25.476581+00:00
coles,9540299,Coles Jasmine Rice,Coles,2kg,5.5,,0.27,100g,False,8,jasmine rice 1kg,pantry,2026-08-21,2026-08-21T03:40:25.476581+00:00
coles,2599420,Coles Jasmine Rice,Coles,5kg,13.5,,0.27,100g,False,9,jasmine rice 1kg,pantry,2026-08-21,2026-08-21T03:40:25.476581+00:00
coles,7639464,Dragon Jasmine Rice,Dragon,5kg,23,,0.46,100g,False,10,jasmine rice 1kg,pantry,2026-08-21,2026-08-21T03:40:25.476581+00:00
coles,4685294,Sungrow Rice Jasmine,Sungrow,1 kg,3.25,,0.33,100g,False,11,jasmine rice 1kg,pantry,2026-08-21,2026-08-21T03:40:25.476581+00:00
coles,1135140,Fortune Everyday Jasmine Rice,Fortune,10kg,30,,0.3,100g,False,12,jasmine rice 1kg,pantry,2026-08-21,2026-08-21T03:40:25.476581+00:00
coles,1135184,Fortune Fragrant Jasmine Rice,Fortune,10Kg,34,,0.34,100g,False,13,jasmine rice 1kg,pantry,2026-08-21,2026-08-21T03:40:25.476581+00:00
coles,4685308,Sungrow Rice Jasmine,Sungrow,5Kg,13,,0.26,100g,False,14,jasmine rice 1kg,pantry,2026-08-21,2026-08-21T03:40:25.476581+00:00
coles,7746704,Sunrice Microwave Jasmine Rice Pouch,Sunrice,450g,3.95,,0.88,100g,False,15,jasmine rice 1kg,pantry,2026-08-21,2026-08-21T03:40:25.476581+00:00
coles,4854380,Sunrice Microwave Jasmine Rice Pouch,Sunrice,250g,3,,1.2,100g,False,16,jasmine rice 1kg,pantry,2026-08-21,2026-08-21T03:40:25.476581+00:00
coles,8478509,Sunrice Microwave Jasmine Rice Cup 2x125g,Sunrice,250g,3.5,,1.4,100g,False,17,jasmine rice 1kg,pantry,2026-08-21,2026-08-21T03:40:25.476581+00:00
coles,1155068,Kroya Fragrant Jasmine Rice,Kroya,2Kg,8,,0.4,100g,False,18,jasmine rice 1kg,pantry,2026-08-21,2026-08-21T03:40:25.476581+00:00
coles,7639293,Thai Moon Hom Mali Jasmine Rice,Thai Moon,5kg,27,,0.54,100g,False,19,jasmine rice 1kg,pantry,2026-08-21,2026-08-21T03:40:25.476581+00:00
coles,1302005,Kroya Fragrant Purple Jasmine Rice,Kroya,5kg,13.5,18,2.7,1kg,False,20,jasmine rice 1kg,pantry,2026-08-21,2026-08-21T03:40:25.476581+00:00
coles,8471383,Coles Microwave Jasmine Rice,Coles,250g,1.8,,0.72,100g,False,21,jasmine rice 1kg,pantry,2026-08-21,2026-08-21T03:40:25.476581+00:00
woolworths,793114,Weet-Bix Breakfast Cereal 575g,Weet-Bix,575g,5,5,0.87,100G,False,1,weet-bix 575g,pantry,2026-08-21,2026-08-21T03:40:27.711122+00:00
woolworths,245169,Weet-Bix Blends Multi Grain+ Breakfast Cereal 575g,Weet-Bix,575g,6.5,6.5,1.13,100G,False,2,weet-bix 575g,pantry,2026-08-21,2026-08-21T03:40:27.711122+00:00
coles,2001784,Sanitarium Weet-bix Breakfast Cereal,Sanitarium,575g,5,,0.87,100g,False,1,weet-bix 575g,pantry,2026-08-21,2026-08-21T03:40:27.711122+00:00
coles,429612,Sanitarium Weet-bix Multi-grain Breakfast Cereal,Sanitarium,575g,6.5,,1.13,100g,False,2,weet-bix 575g,pantry,2026-08-21,2026-08-21T03:40:27.711122+00:00
coles,9393015,Sanitarium Weet-bix Cereal,Sanitarium,1.2kg,7,,0.58,100g,False,3,weet-bix 575g,pantry,2026-08-21,2026-08-21T03:40:27.711122+00:00
coles,133117,Sanitarium Weet-bix Breakfast Cereal,Sanitarium,375g,4,,1.07,100g,False,4,weet-bix 575g,pantry,2026-08-21,2026-08-21T03:40:27.711122+00:00
coles,4951376,Sanitarium Weet-bix Bites Apricot Breakfast Cereal,Sanitarium,500g,6.5,,1.3,100g,False,5,weet-bix 575g,pantry,2026-08-21,2026-08-21T03:40:27.711122+00:00
coles,2001365,Sanitarium Weet-bix Gluten Free Breakfast Cereal,Sanitarium,375g,5,,1.33,100g,False,6,weet-bix 575g,pantry,2026-08-21,2026-08-21T03:40:27.711122+00:00
coles,3049630,Sanitarium Weet-bix Cholesterol Lowering Breakfast Cereal,Sanitarium,440g,7.5,,1.7,100g,False,7,weet-bix 575g,pantry,2026-08-21,2026-08-21T03:40:27.711122+00:00
coles,2715951,Sanitarium Weet-bix Cranberry & Coconut Breakfast Cereal,Sanitarium,450g,6.5,,1.44,100g,False,8,weet-bix 575g,pantry,2026-08-21,2026-08-21T03:40:27.711122+00:00
coles,5002998,Sanitarium Weet-bix Honey & Golden Oats Breakfast Cereal,Sanitarium,450g,6.5,,1.44,100g,False,9,weet-bix 575g,pantry,2026-08-21,2026-08-21T03:40:27.711122+00:00
coles,4951398,Sanitarium Weet-bix Bites Wild Berry Breakfast Cereal,Sanitarium,500g,6.5,,1.3,100g,False,10,weet-bix 575g,pantry,2026-08-21,2026-08-21T03:40:27.711122+00:00
coles,9623884,Sanitarium Weet-bix Bites Honey Crunch Breakfast Cereal,Sanitarium,510g,6.5,,1.27,100g,False,11,weet-bix 575g,pantry,2026-08-21,2026-08-21T03:40:27.711122+00:00
coles,2715962,Sanitarium Weet-bix Gluten Free Coconut & Cinnamon Breakfast Cereal,Sanitarium,400g,5.5,,1.38,100g,False,12,weet-bix 575g,pantry,2026-08-21,2026-08-21T03:40:27.711122+00:00
coles,1556047,Sanitarium Weet-bix Protein Bites Caramel Crunch,Sanitarium,510g,8,,1.57,100g,False,13,weet-bix 575g,pantry,2026-08-21,2026-08-21T03:40:27.711122+00:00
coles,4233292,Sanitarium Weet-bix Little Kids Essentials Breakfast Cereal,Sanitarium,400g,4,5,1,100g,False,14,weet-bix 575g,pantry,2026-08-21,2026-08-21T03:40:27.711122+00:00
coles,8127832,Sanitarium Weet-bix Bites Coco Crunch Breakfast Cereal,Sanitarium,500g,6.5,,1.3,100g,False,15,weet-bix 575g,pantry,2026-08-21,2026-08-21T03:40:27.711122+00:00
coles,7299242,Coles Simply Wheat Biscuits,Coles Simply,1.12Kg,5.6,,0.5,100g,False,16,weet-bix 575g,pantry,2026-08-21,2026-08-21T03:40:27.711122+00:00
coles,6949091,U.K. Whole Wheat Biscuits,U.K.,430g,9,,2.09,100g,False,17,weet-bix 575g,pantry,2026-08-21,2026-08-21T03:40:27.711122+00:00
woolworths,321220,Woolworths Rolled Traditional Oats 750g,Woolworths,750g,1.6,1.6,0.21,100G,False,1,rolled oats 750g,pantry,2026-08-21,2026-08-21T03:40:29.853608+00:00
woolworths,321222,Woolworths Quick Oats 750g,Woolworths,750g,1.6,1.6,0.21,100G,False,2,rolled oats 750g,pantry,2026-08-21,2026-08-21T03:40:29.853608+00:00
coles,152020,Uncle Tobys Quick Oats Porridge,Uncle Tobys,500g,3.6,4.5,0.72,100g,False,1,rolled oats 750g,pantry,2026-08-21,2026-08-21T03:40:29.853608+00:00
coles,5290338,Coles Quick Oats,Coles,900g,1.95,,0.22,100g,False,2,rolled oats 750g,pantry,2026-08-21,2026-08-21T03:40:29.853608+00:00
coles,3970820,Coles Organic Rolled Oats,Coles Organic,500g,3,,0.6,100g,False,3,rolled oats 750g,pantry,2026-08-21,2026-08-21T03:40:29.853608+00:00
coles,152009,Uncle Tobys Porridge Oats Quick,Uncle Tobys,1kg,5,6.5,0.5,100g,False,4,rolled oats 750g,pantry,2026-08-21,2026-08-21T03:40:29.853608+00:00
coles,4972693,Coles Simply Rolled Oats,Coles Simply,1.8Kg,3.5,,0.19,100g,False,5,rolled oats 750g,pantry,2026-08-21,2026-08-21T03:40:29.853608+00:00
coles,3970943,Coles Organic Quick Oats,Coles Organic,500g,3,,0.6,100g,False,6,rolled oats 750g,pantry,2026-08-21,2026-08-21T03:40:29.853608+00:00
coles,4972412,Coles Simply Quick Oats,Coles Simply,1.8Kg,3.5,,0.19,100g,False,7,rolled oats 750g,pantry,2026-08-21,2026-08-21T03:40:29.853608+00:00
coles,3897399,Red Tractor Wheat Free Rolled Oats,Red Tractor,600g,7,,1.17,100g,False,8,rolled oats 750g,pantry,2026-08-21,2026-08-21T03:40:29.853608+00:00
coles,3185296,Red Tractor Organic Rolled Oats,Red Tractor,1kg,6.4,8,0.64,100g,False,9,rolled oats 750g,pantry,2026-08-21,2026-08-21T03:40:29.853608+00:00
coles,3185310,Red Tractor Australian Rolled Oats,Red Tractor,1kg,5,,0.5,100g,False,10,rolled oats 750g,pantry,2026-08-21,2026-08-21T03:40:29.853608+00:00
coles,299732,Uncle Tobys Traditional Rolled Oats,Uncle Tobys,500g,3.6,4.5,0.72,100g,False,11,rolled oats 750g,pantry,2026-08-21,2026-08-21T03:40:29.853608+00:00
coles,254971,Uncle Tobys Porridge Oats Original,Uncle Tobys,1kg,5,6.5,0.5,100g,False,12,rolled oats 750g,pantry,2026-08-21,2026-08-21T03:40:29.853608+00:00
coles,2604189,Coles Quick Oats Honey Flavoured Sachets 12 Pack,Coles,420g,3.7,,0.88,100g,False,13,rolled oats 750g,pantry,2026-08-21,2026-08-21T03:40:29.853608+00:00
coles,3992505,Uncle Tobys Oats Quick Sachets Berry Variety,Uncle Tobys,350g,7,,2,100g,False,14,rolled oats 750g,pantry,2026-08-21,2026-08-21T03:40:29.853608+00:00
coles,6038006,Bellamy's Organic Porridge Baby Cereal,Bellamy's Organic,125g,3.95,,3.16,100g,False,15,rolled oats 750g,pantry,2026-08-21,2026-08-21T03:40:29.853608+00:00
coles,8386331,Paleo Pure Power Porridge Sugar Free,Paleo Pure,300g,15,,5,100g,False,16,rolled oats 750g,pantry,2026-08-21,2026-08-21T03:40:29.853608+00:00
coles,3993202,Uncle Tobys Oats Quick Sachets Breakfast Cereal Original Big Bowl,Uncle Tobys,368g,3.5,7,0.95,100g,False,17,rolled oats 750g,pantry,2026-08-21,2026-08-21T03:40:29.853608+00:00
coles,8386262,Paleo Pure Power Porridge Berries And Cinnamon,Paleo Pure,300g,15,,5,100g,False,18,rolled oats 750g,pantry,2026-08-21,2026-08-21T03:40:29.853608+00:00
coles,3992684,Uncle Tobys Oats Quick Sachets Creamy Vanilla,Uncle Tobys,350g,7,,2,100g,False,19,rolled oats 750g,pantry,2026-08-21,2026-08-21T03:40:29.853608+00:00
coles,3992629,Uncle Tobys Oats Quick Sachets Creamy Honey,Uncle Tobys,350g,7,,2,100g,False,20,rolled oats 750g,pantry,2026-08-21,2026-08-21T03:40:29.853608+00:00
coles,3992527,Uncle Tobys Oats Quick Sachets Classic Variety,Uncle Tobys,350g,7,,2,100g,False,21,rolled oats 750g,pantry,2026-08-21,2026-08-21T03:40:29.853608+00:00
coles,9333498,Uncle Tobys Oats Quick Sachets Protein Variety,Uncle Tobys,280g,7,,2.5,100g,False,22,rolled oats 750g,pantry,2026-08-21,2026-08-21T03:40:29.853608+00:00
coles,1593757,Carman's Protein Porridge Sachets Caramelised Biscuit,Carman's,300g,7.5,,2.5,100g,False,23,rolled oats 750g,pantry,2026-08-21,2026-08-21T03:40:29.853608+00:00
coles,1854409,Rafferty's Garden Banana & Vanilla Porridge 12 Months,Rafferty's Garden,200g,6,,3,100g,False,24,rolled oats 750g,pantry,2026-08-21,2026-08-21T03:40:29.853608+00:00
coles,3993177,Uncle Tobys Oats Quick Sachets Breakfast Cereal Original,Uncle Tobys,680g,10,,1.47,100g,False,25,rolled oats 750g,pantry,2026-08-21,2026-08-21T03:40:29.853608+00:00
coles,3992560,Uncle Tobys Oats Quick Sachets Brown Sugar & Cinnamon,Uncle Tobys,350g,7,,2,100g,False,26,rolled oats 750g,pantry,2026-08-21,2026-08-21T03:40:29.853608+00:00
coles,9720268,Uncle Tobys Sachets Oats Quick 10 Pack,Uncle Tobys,340g,7,,2.06,100g,False,27,rolled oats 750g,pantry,2026-08-21,2026-08-21T03:40:29.853608+00:00
coles,3993166,Uncle Tobys Oats Quick Sachets Breakfast Cereal Creamy Honey,Uncle Tobys,700g,10,,1.43,100g,False,28,rolled oats 750g,pantry,2026-08-21,2026-08-21T03:40:29.853608+00:00
coles,7674206,Uncle Tobys Oats Quick Sachets Berry Protein Big Bowl,Uncle Tobys,368g,3.5,7,0.95,100g,False,29,rolled oats 750g,pantry,2026-08-21,2026-08-21T03:40:29.853608+00:00
coles,7674192,Uncle Tobys Oats Quick Sachets Big Bowl Vanilla Protein,Uncle Tobys,368g,3.5,7,0.95,100g,False,30,rolled oats 750g,pantry,2026-08-21,2026-08-21T03:40:29.853608+00:00
coles,3994908,Uncle Tobys Oats Quick Sachets Breakfast Cereal Hi Fibre,Uncle Tobys,320g,7,,2.19,100g,False,31,rolled oats 750g,pantry,2026-08-21,2026-08-21T03:40:29.853608+00:00
coles,1736763,Carman's Porridge Sachets Apple Sultana & Cinnamon 8 Pack,Carman's,320g,7.5,,2.34,100g,False,32,rolled oats 750g,pantry,2026-08-21,2026-08-21T03:40:29.853608+00:00
coles,2390700,Carman's Porridge Sachets Super Berry & Coconut 8 Pack,Carman's,320g,7.5,,2.34,100g,False,33,rolled oats 750g,pantry,2026-08-21,2026-08-21T03:40:29.853608+00:00
coles,9194020,Carman's Oat Cups Protein Porridge Creamy Honey 2 Pack,Carman's,100g,4.5,6.5,4.5,100g,False,34,rolled oats 750g,pantry,2026-08-21,2026-08-21T03:40:29.853608+00:00
coles,2877090,Carman's Porridge Sachets Honey Vanilla & Cinnamon 8 Pack,Carman's,320g,7.5,,2.34,100g,False,35,rolled oats 750g,pantry,2026-08-21,2026-08-21T03:40:29.853608+00:00
coles,3993144,Uncle Tobys Oats Quick Sachets Breakfast Cereal Creamy Honey Big Bowl,Uncle Tobys,368g,3.5,7,0.95,100g,False,36,rolled oats 750g,pantry,2026-08-21,2026-08-21T03:40:29.853608+00:00
coles,3990893,Carman's Porridge Sachets Protein Rich Almond Vanilla & Cinnamon 6 Pack,Carman's,270g,7.5,,2.78,100g,False,37,rolled oats 750g,pantry,2026-08-21,2026-08-21T03:40:29.853608+00:00
coles,2877104,Carman's Porridge Sachets Natural 5 Grain & Super Seed 8 Pack,Carman's,320g,7.5,,2.34,100g,False,38,rolled oats 750g,pantry,2026-08-21,2026-08-21T03:40:29.853608+00:00
coles,5290305,Coles Oats Rolled,Coles,900g,1.95,,0.22,100g,False,39,rolled oats 750g,pantry,2026-08-21,2026-08-21T03:40:29.853608+00:00
coles,3609803,Rafferty's Garden Apple Pear & Cinnamon Porridge Baby Food Pouch 6+ Months,Rafferty's Garden,120g,1.9,2.3,1.58,100g,False,40,rolled oats 750g,pantry,2026-08-21,2026-08-21T03:40:29.853608+00:00
coles,3609789,Rafferty's Garden Banana Pear & Mango Porridge Baby Food Pouch 6+ Months,Rafferty's Garden,120g,1.9,2.3,1.58,100g,False,41,rolled oats 750g,pantry,2026-08-21,2026-08-21T03:40:29.853608+00:00
coles,8997018,Farex Creamy Baby Porridge With Apple Juice Baby Food Pouch 6+ Months,Farex,120g,1.8,,1.5,100g,False,42,rolled oats 750g,pantry,2026-08-21,2026-08-21T03:40:29.853608+00:00
coles,1719844,CUB Apple Banana & Mango Porridge Baby Food Pouch 6+ Months,CUB,120g,1,,0.83,100g,False,43,rolled oats 750g,pantry,2026-08-21,2026-08-21T03:40:29.853608+00:00
coles,1593768,Carman's Protein Overnight Chia & Oat Sachets Creamy Vanilla Bean,Carman's,240g,7.5,,3.13,100g,False,44,rolled oats 750g,pantry,2026-08-21,2026-08-21T03:40:29.853608+00:00
coles,5120269,Coles Kitchen Honey Porridge High Protein,Coles Kitchen,260g,4,,1.54,100g,False,45,rolled oats 750g,pantry,2026-08-21,2026-08-21T03:40:29.853608+00:00
coles,1593860,Uncle Tobys Overnight Oat Sachets Strawberry & Vanilla Flavour,Uncle Tobys,350g,7,,2,100g,False,46,rolled oats 750g,pantry,2026-08-21,2026-08-21T03:40:29.853608+00:00
coles,1609959,Uncle Tobys Oats Quick Sachets Protein Cinnamon Scroll Flavour,Uncle Tobys,280g,7,,2.5,100g,False,47,rolled oats 750g,pantry,2026-08-21,2026-08-21T03:40:29.853608+00:00
coles,1609948,Uncle Tobys Oats Quick Sachets Protein Blueberry & Maple Pancake Flavour,Uncle Tobys,280g,7,,2.5,100g,False,48,rolled oats 750g,pantry,2026-08-21,2026-08-21T03:40:29.853608+00:00
woolworths,1125895867,Protein Supplies Australia Whey Protein Powder Choc Peanut Butter 500g,Protein Supplies Australia,500G,44.95,44.95,8.99,100G,False,1,peanut butter 500g,pantry,2026-08-21,2026-08-21T03:40:31.728478+00:00
woolworths,233925,Woolworths Crunchy Peanut Butter 500g,Woolworths,500g,3.4,3.4,0.68,100G,False,2,peanut butter 500g,pantry,2026-08-21,2026-08-21T03:40:31.728478+00:00
woolworths,233922,Woolworths Smooth Peanut Butter 500g,Woolworths,500g,3.4,3.4,0.68,100G,False,3,peanut butter 500g,pantry,2026-08-21,2026-08-21T03:40:31.728478+00:00
woolworths,6057018,Schmackos Strapz Dog Treats Temptin' Peanut Butter 500g,Schmackos,500g,13.6,17,2.72,100G,True,4,peanut butter 500g,pantry,2026-08-21,2026-08-21T03:40:31.728478+00:00
woolworths,6016172,Baxter's Dog Treats Jerky Sticks Peanut Butter Flavour 500g,Baxter's,500g,8,8,1.6,100G,False,5,peanut butter 500g,pantry,2026-08-21,2026-08-21T03:40:31.728478+00:00
coles,8100621,Coles Peanut Butter Smooth,Coles,500g,3.4,,0.68,100g,False,1,peanut butter 500g,pantry,2026-08-21,2026-08-21T03:40:31.728478+00:00
coles,8100632,Coles Peanut Butter Crunchy,Coles,500g,3.4,,0.68,100g,False,2,peanut butter 500g,pantry,2026-08-21,2026-08-21T03:40:31.728478+00:00
coles,1054446,Bega Whipped Peanut Butter,Bega,375g,6,,1.6,100g,False,3,peanut butter 500g,pantry,2026-08-21,2026-08-21T03:40:31.728478+00:00
coles,181652,Bega Peanut Butter Crunchy,Bega,200g,3.7,,1.85,100g,False,4,peanut butter 500g,pantry,2026-08-21,2026-08-21T03:40:31.728478+00:00
coles,5398753,Bega Peanut Butter Smooth,Bega,470g,6.9,,1.47,100g,False,5,peanut butter 500g,pantry,2026-08-21,2026-08-21T03:40:31.728478+00:00
coles,181641,Bega Peanut Butter Smooth,Bega,200g,3.7,,1.85,100g,False,6,peanut butter 500g,pantry,2026-08-21,2026-08-21T03:40:31.728478+00:00
coles,5459530,Mayver's Smooth Peanut Butter,Mayver's,750g,10.6,,1.41,100g,False,7,peanut butter 500g,pantry,2026-08-21,2026-08-21T03:40:31.728478+00:00
coles,5459552,Mayver's Crunchy Peanut Butter,Mayver's,750g,10.6,,1.41,100g,False,8,peanut butter 500g,pantry,2026-08-21,2026-08-21T03:40:31.728478+00:00
coles,2120207,Pic's Peanut Butter Crunchy,Pic's,380g,5,7,1.32,100g,False,9,peanut butter 500g,pantry,2026-08-21,2026-08-21T03:40:31.728478+00:00
coles,9039355,Mayver's Squeezy Smooth Peanut Butter,Mayver's Squeezy,300 GRAM,4.5,,,100g,True,10,peanut butter 500g,pantry,2026-08-21,2026-08-21T03:40:31.728478+00:00
coles,2120218,Pic's Peanut Butter Smooth,Pic's,380g,5,7,1.32,100g,False,11,peanut butter 500g,pantry,2026-08-21,2026-08-21T03:40:31.728478+00:00
coles,2080135,Coles Organic Crunchy Peanut Butter,Coles Organic,375g,5.4,,1.44,100g,False,12,peanut butter 500g,pantry,2026-08-21,2026-08-21T03:40:31.728478+00:00
coles,2080124,Coles Organic Smooth Peanut Butter,Coles Organic,375g,5.4,,,100g,False,13,peanut butter 500g,pantry,2026-08-21,2026-08-21T03:40:31.728478+00:00
coles,130629,Bega Spread Peanut Butter Crunchy,Bega,375g,4.5,5.8,1.2,100g,False,14,peanut butter 500g,pantry,2026-08-21,2026-08-21T03:40:31.728478+00:00
coles,130607,Bega Spread Peanut Butter Smooth,Bega,375g,4.5,5.8,1.2,100g,False,15,peanut butter 500g,pantry,2026-08-21,2026-08-21T03:40:31.728478+00:00
coles,5390911,Bega Spread Peanut Butter Crunchy,Bega,470g,6.9,,1.47,100g,False,16,peanut butter 500g,pantry,2026-08-21,2026-08-21T03:40:31.728478+00:00
coles,1050343,Mayver's Smunchy  Protein+ Peanut Butter,Mayver's,750g,11.6,,1.55,100g,False,17,peanut butter 500g,pantry,2026-08-21,2026-08-21T03:40:31.728478+00:00
coles,7034033,Bega Peanut Butter Crunchy,Bega,755g,7.4,,0.98,100g,False,18,peanut butter 500g,pantry,2026-08-21,2026-08-21T03:40:31.728478+00:00
coles,7034011,Bega Peanut Butter Smooth,Bega,755g,7.4,,0.98,100g,False,19,peanut butter 500g,pantry,2026-08-21,2026-08-21T03:40:31.728478+00:00
coles,9039162,Mayver's No Stir Crunchy Peanut Butter,Mayver's,450g,4.9,7,1.09,100g,False,20,peanut butter 500g,pantry,2026-08-21,2026-08-21T03:40:31.728478+00:00
coles,7042370,Pics Peanut Butter Smoochy,Pics,380g,5,7,1.32,100g,False,21,peanut butter 500g,pantry,2026-08-21,2026-08-21T03:40:31.728478+00:00
coles,9039151,Mayver's No Stir Smooth Peanut Butter,Mayver's,450g,4.9,7,1.09,100g,False,22,peanut butter 500g,pantry,2026-08-21,2026-08-21T03:40:31.728478+00:00
coles,3579236,Mayver's Smunchy Natural Unsalted Peanut Butter,Mayver's,375g,6.3,,1.68,100g,False,23,peanut butter 500g,pantry,2026-08-21,2026-08-21T03:40:31.728478+00:00
coles,8100687,Coles Peanut Butter Crunchy,Coles,1kg,6.5,,0.65,100g,False,24,peanut butter 500g,pantry,2026-08-21,2026-08-21T03:40:31.728478+00:00
coles,8100665,Coles Peanut Butter Smooth,Coles,1kg,6.5,,0.65,100g,False,25,peanut butter 500g,pantry,2026-08-21,2026-08-21T03:40:31.728478+00:00
coles,1822843,Mayver's Smooth Protein Fibre+ Peanut Butter,Mayver's,375g,5.8,7.3,1.55,100g,False,26,peanut butter 500g,pantry,2026-08-21,2026-08-21T03:40:31.728478+00:00
coles,1820429,Mayver's Upside Down Crunchy Peanut Butter,Mayver's,450g,5.95,8.5,1.32,100g,False,27,peanut butter 500g,pantry,2026-08-21,2026-08-21T03:40:31.728478+00:00
coles,1820087,Mayver's Upside Down Smooth Peanut Butter,Mayver's,450g,5.95,8.5,1.32,100g,False,28,peanut butter 500g,pantry,2026-08-21,2026-08-21T03:40:31.728478+00:00
coles,3851172,Mayvers Extra Crunchy Natural Peanut Butter,Mayvers,375g,6.3,,1.68,100g,False,29,peanut butter 500g,pantry,2026-08-21,2026-08-21T03:40:31.728478+00:00
coles,9059250,Bega Spread Peanut Butter Light Smooth,Bega,470g,6.9,,1.47,100g,False,30,peanut butter 500g,pantry,2026-08-21,2026-08-21T03:40:31.728478+00:00
coles,1822989,Mayver's No Stir Squeezy Smooth Peanut Butter,Mayver's,300g,6,,2,100g,False,31,peanut butter 500g,pantry,2026-08-21,2026-08-21T03:40:31.728478+00:00
coles,9059181,Bega Spread Peanut Butter Light Crunchy,Bega,470g,6.9,,1.47,100g,False,32,peanut butter 500g,pantry,2026-08-21,2026-08-21T03:40:31.728478+00:00
coles,5459574,Mayver's Dark Roast Crunchy Peanut Butter,Mayver's,750g,10.6,,1.41,100g,False,33,peanut butter 500g,pantry,2026-08-21,2026-08-21T03:40:31.728478+00:00
coles,7024175,Mayvers Smooth Chocolate Protein+ Peanut Butter,Mayvers,375g,5.8,7.3,1.55,100g,False,34,peanut butter 500g,pantry,2026-08-21,2026-08-21T03:40:31.728478+00:00
coles,2621643,Mayver's Smooth Natural Peanut Butter,Mayver's,375g,6.3,,1.68,100g,False,35,peanut butter 500g,pantry,2026-08-21,2026-08-21T03:40:31.728478+00:00
coles,2621632,Mayver's Crunchy Natural Peanut Butter,Mayver's,375g,6.3,,1.68,100g,False,36,peanut butter 500g,pantry,2026-08-21,2026-08-21T03:40:31.728478+00:00
coles,1054606,Mayver's Chocolate Hazelnut Peanut Butter,Mayver's,280g,6.3,,2.25,100g,False,37,peanut butter 500g,pantry,2026-08-21,2026-08-21T03:40:31.728478+00:00
coles,3791092,Bega Simply Nuts Smooth Natural Peanut Butter,Bega,650g,8,,1.23,100g,False,38,peanut butter 500g,pantry,2026-08-21,2026-08-21T03:40:31.728478+00:00
coles,3791106,Bega Simply Nuts Crunchy Natural Peanut Butter,Bega,650g,8,,1.23,100g,False,39,peanut butter 500g,pantry,2026-08-21,2026-08-21T03:40:31.728478+00:00
coles,3447600,Bega Simply Nuts Smooth Natural Peanut Butter,Bega,325g,4,5.9,1.23,100g,False,40,peanut butter 500g,pantry,2026-08-21,2026-08-21T03:40:31.728478+00:00
coles,3447596,Bega Simply Nuts Crunchy Natural Peanut Butter,Bega,325g,4,5.9,1.23,100g,False,41,peanut butter 500g,pantry,2026-08-21,2026-08-21T03:40:31.728478+00:00
coles,8067071,Byron Bay Peanut Butter Crunchy Salted,Byron Bay,375g,8.9,,2.37,100g,False,42,peanut butter 500g,pantry,2026-08-21,2026-08-21T03:40:31.728478+00:00
coles,8067184,Byron Bay Peanut Butter Crunchy Unsalted,Byron Bay,375g,8.9,,2.37,100g,False,43,peanut butter 500g,pantry,2026-08-21,2026-08-21T03:40:31.728478+00:00
coles,8066964,Byron Bay Peanut Butter Smooth Unsalted,Byron Bay,375g,8.9,,2.37,100g,False,44,peanut butter 500g,pantry,2026-08-21,2026-08-21T03:40:31.728478+00:00
coles,8060505,Byron Bay Peanut Butter Smooth Salted,Byron Bay,375g,8.9,,2.37,100g,False,45,peanut butter 500g,pantry,2026-08-21,2026-08-21T03:40:31.728478+00:00
coles,2897371,Mayver's Natural Peanut Butter High Protein,Mayver's,375g,5.8,7.3,1.55,100g,False,46,peanut butter 500g,pantry,2026-08-21,2026-08-21T03:40:31.728478+00:00
coles,1150938,Bega Peanut Butter Smooth Portion 50 Pack,Bega,550g,15,,2.73,100g,False,47,peanut butter 500g,pantry,2026-08-21,2026-08-21T03:40:31.728478+00:00
coles,1820688,Mayver's Upside Down Salted Caramel Peanut Butter,Mayver's,450g,5.95,8.5,1.32,100g,False,48,peanut butter 500g,pantry,2026-08-21,2026-08-21T03:40:31.728478+00:00
woolworths,796439,Vegemite Spread 380g,Vegemite,380g,7.7,7.7,2.03,100G,False,1,vegemite 380g,pantry,2026-08-21,2026-08-21T03:40:33.975117+00:00
coles,5998852,Vegemite Spread,Vegemite,380g,7.7,,2.03,100g,False,1,vegemite 380g,pantry,2026-08-21,2026-08-21T03:40:33.975117+00:00
coles,6027622,Vegemite Spread,Vegemite,560g,9.9,,1.77,100g,False,2,vegemite 380g,pantry,2026-08-21,2026-08-21T03:40:33.975117+00:00
coles,3447643,Vegemite Gluten Free Spread,Vegemite,235g,5.7,,2.43,100g,False,3,vegemite 380g,pantry,2026-08-21,2026-08-21T03:40:33.975117+00:00
coles,6032961,Vegemite Spread,Vegemite,150g,4.2,,2.8,100g,False,4,vegemite 380g,pantry,2026-08-21,2026-08-21T03:40:33.975117+00:00
coles,3852620,Vegemite Squeeze,Vegemite,200g,3.5,4.4,,100g,True,5,vegemite 380g,pantry,2026-08-21,2026-08-21T03:40:33.975117+00:00
coles,7277239,Vegemite Cheesybite Spread,Vegemite,270g,5.1,,1.89,100g,False,6,vegemite 380g,pantry,2026-08-21,2026-08-21T03:40:33.975117+00:00
coles,3852630,Vegemite Squeeze,Vegemite,350g,6.8,,1.94,100g,False,7,vegemite 380g,pantry,2026-08-21,2026-08-21T03:40:33.975117+00:00
coles,1819827,Vegemite Kids Spread,Vegemite,220g,5.7,,2.59,100g,False,8,vegemite 380g,pantry,2026-08-21,2026-08-21T03:40:33.975117+00:00
coles,5485847,Vegemite 40% Salt Reduced,Vegemite,400g,7.8,,1.95,100g,False,9,vegemite 380g,pantry,2026-08-21,2026-08-21T03:40:33.975117+00:00
coles,3741980,Vegemite 40% Salt Reduced,Vegemite,235g,4.5,5.7,1.91,100g,False,10,vegemite 380g,pantry,2026-08-21,2026-08-21T03:40:33.975117+00:00
coles,1150927,Vegemite Portions 90 Pack,Vegemite,432g,25,,5.79,100g,False,11,vegemite 380g,pantry,2026-08-21,2026-08-21T03:40:33.975117+00:00
coles,7171453,Coles Cheesy Vegemite Scroll,Coles,1 Pack,3.25,,3.25,1ea,False,12,vegemite 380g,pantry,2026-08-21,2026-08-21T03:40:33.975117+00:00
coles,8706181,Coles Vegemite Twist,Coles,2 Pack,3.6,,1.8,1ea,False,13,vegemite 380g,pantry,2026-08-21,2026-08-21T03:40:33.975117+00:00
coles,3410960,Arnott's Shapes Vegemite & Cheese Cracker Biscuits,Arnott's,165g,4,,2.42,100g,False,14,vegemite 380g,pantry,2026-08-21,2026-08-21T03:40:33.975117+00:00
coles,8013582,Coles Bakery Mini Wholemeal Cheesy Vegemite Scrolls,Coles Bakery,4 Pack,5.5,,1.38,1ea,False,15,vegemite 380g,pantry,2026-08-21,2026-08-21T03:40:33.975117+00:00
coles,2992248,Arnott's Shapes Vegemite & Cheese Lunchbox Multipack 8 Pack,Arnott's,200g,3.5,5,1.75,100g,False,16,vegemite 380g,pantry,2026-08-21,2026-08-21T03:40:33.975117+00:00
woolworths,248084,Woolworths Extra Virgin Olive Oil 500mL,Woolworths,500mL,11,11,2.2,100ML,False,1,olive oil 500ml,pantry,2026-08-21,2026-08-21T03:40:35.982993+00:00
woolworths,698956,Woolworths Spanish Extra Virgin Olive Oil 500mL,Woolworths,500mL,9,9,1.8,100ML,False,2,olive oil 500ml,pantry,2026-08-21,2026-08-21T03:40:35.982993+00:00
woolworths,698866,Woolworths Mediterranean Mellow Olive Oil 500mL,Woolworths,500mL,9,9,1.8,100ML,False,3,olive oil 500ml,pantry,2026-08-21,2026-08-21T03:40:35.982993+00:00
woolworths,49304,Moro Delicado Light Taste Olive Oil 500mL,Moro,500mL,16,16,3.2,100ML,False,4,olive oil 500ml,pantry,2026-08-21,2026-08-21T03:40:35.982993+00:00
woolworths,49301,Moro Tradicional Mild Taste Olive Oil 500mL,Moro,500mL,16,16,3.2,100ML,False,5,olive oil 500ml,pantry,2026-08-21,2026-08-21T03:40:35.982993+00:00
woolworths,1120429671,Glass Cooking Olive Oil 500ml 4 Pack Dispenser Bottles for Kitchen,,1EA,99.95,99.95,,,False,6,olive oil 500ml,pantry,2026-08-21,2026-08-21T03:40:35.982993+00:00
woolworths,6079345,Moro Organico Extra Virgin Olive Oil 500mL,Moro,500mL,17.5,17.5,3.5,100ML,False,7,olive oil 500ml,pantry,2026-08-21,2026-08-21T03:40:35.982993+00:00
woolworths,25065,Moro Primero Extra Virgin Olive Oil 500mL,Moro,500mL,16,16,3.2,100ML,False,8,olive oil 500ml,pantry,2026-08-21,2026-08-21T03:40:35.982993+00:00
woolworths,807200,Monini Organic Extra Virgin Olive Oil 500mL,Monini,500mL,17.5,17.5,3.5,100ML,False,9,olive oil 500ml,pantry,2026-08-21,2026-08-21T03:40:35.982993+00:00
woolworths,1118770269,Olive Oil Skin Care Company Conditioner 500ml - Rose Geranium,,500ML,28.6,28.6,5.72,100ML,False,10,olive oil 500ml,pantry,2026-08-21,2026-08-21T03:40:35.982993+00:00
coles,5295524,Coles Classic Olive Oil,Coles,500mL,9,,1.8,100ml,False,1,olive oil 500ml,pantry,2026-08-21,2026-08-21T03:40:35.982993+00:00
coles,4485229,Red Island Extra Virgin Olive Oil,Red Island,500mL,13,,2.6,100ml,False,2,olive oil 500ml,pantry,2026-08-21,2026-08-21T03:40:35.982993+00:00
coles,5295546,Coles Extra Mild Olive Oil,Coles,500mL,9,,1.8,100ml,False,3,olive oil 500ml,pantry,2026-08-21,2026-08-21T03:40:35.982993+00:00
coles,5449504,Coles Extra Virgin Olive Oil,Coles,500mL,9,,1.8,100ml,False,4,olive oil 500ml,pantry,2026-08-21,2026-08-21T03:40:35.982993+00:00
coles,6108531,Coles Organic Extra Virgin Olive Oil,Coles Organic,500mL,9,,1.8,100ml,False,5,olive oil 500ml,pantry,2026-08-21,2026-08-21T03:40:35.982993+00:00
coles,5833943,La Espanola Extra Virgin Olive Oil,La Espanola,500mL,16,,3.2,100ml,False,6,olive oil 500ml,pantry,2026-08-21,2026-08-21T03:40:35.982993+00:00
coles,5833477,La Espanola Mild & Light Olive Oil,La Espanola,500mL,16,,3.2,100ml,False,7,olive oil 500ml,pantry,2026-08-21,2026-08-21T03:40:35.982993+00:00
coles,5118143,Moro Delicado Light Taste Olive Oil,Moro,500mL,16,,3.2,100ml,False,8,olive oil 500ml,pantry,2026-08-21,2026-08-21T03:40:35.982993+00:00
coles,5118132,Moro Primero Extra Virgin Olive Oil,Moro,500mL,16,,3.2,100ml,False,9,olive oil 500ml,pantry,2026-08-21,2026-08-21T03:40:35.982993+00:00
coles,3233402,La Espanola Olive Oil,La Espanola,3.78L,40,,1.06,100ml,False,10,olive oil 500ml,pantry,2026-08-21,2026-08-21T03:40:35.982993+00:00
coles,3401493,Coles Simply Olive Oil,Coles Simply,1L,10,,1,100ml,False,11,olive oil 500ml,pantry,2026-08-21,2026-08-21T03:40:35.982993+00:00
coles,6749445,Cobram Ultra Premium Picual Extra Virgin Olive Oil,Cobram,500mL,25,,5,100ml,False,12,olive oil 500ml,pantry,2026-08-21,2026-08-21T03:40:35.982993+00:00
coles,4982450,Monini Organic Premium Selection Extra Virgin Olive Oil,Monini,500mL,17.5,,3.5,100ml,False,13,olive oil 500ml,pantry,2026-08-21,2026-08-21T03:40:35.982993+00:00
coles,7909060,Bertolli Classico Olive Oil,Bertolli,750mL,26,,3.47,100ml,False,14,olive oil 500ml,pantry,2026-08-21,2026-08-21T03:40:35.982993+00:00
coles,4689954,Cobram Estate Garlic Infused Extra Virgin Olive Oil,Cobram Estate,500mL,16,19.5,3.2,100ml,False,15,olive oil 500ml,pantry,2026-08-21,2026-08-21T03:40:35.982993+00:00
coles,5489768,Coles Classic Olive Oil,Coles,1L,14,,1.4,100ml,False,16,olive oil 500ml,pantry,2026-08-21,2026-08-21T03:40:35.982993+00:00
coles,7909285,Bertolli Light Tasting Olive Oil,Bertolli,750mL,26,,3.47,100ml,False,17,olive oil 500ml,pantry,2026-08-21,2026-08-21T03:40:35.982993+00:00
coles,7908522,Bertolli Extra Virgin Olive Oil,Bertolli,750mL,26,,3.47,100ml,False,18,olive oil 500ml,pantry,2026-08-21,2026-08-21T03:40:35.982993+00:00
coles,134608,Moro Tradicional Olive Oil,Moro,1L,27,,2.7,100ml,False,19,olive oil 500ml,pantry,2026-08-21,2026-08-21T03:40:35.982993+00:00
coles,6749536,Cobram Estate Ultra Premium Hojiblanca Extra Virgin Olive Oil,Cobram Estate,500mL,25,,5,100ml,False,20,olive oil 500ml,pantry,2026-08-21,2026-08-21T03:40:35.982993+00:00
coles,6749354,Cobram Estate Ultra Premium Coratina Extra Virgin Olive Oil,Cobram Estate,500mL,25,,5,100ml,False,21,olive oil 500ml,pantry,2026-08-21,2026-08-21T03:40:35.982993+00:00
coles,3672300,Boulder Olive Oil Canyon Chip,Boulder,142g,9,,6.34,100g,False,22,olive oil 500ml,pantry,2026-08-21,2026-08-21T03:40:35.982993+00:00
coles,4484770,Red Island Extra Virgin Olive Oil,Red Island,250mL,7,,2.8,100ml,False,23,olive oil 500ml,pantry,2026-08-21,2026-08-21T03:40:35.982993+00:00
coles,3233399,La Espanola Extra Virgin Olive Oil,La Espanola,3.78L,40,,1.06,100ml,False,24,olive oil 500ml,pantry,2026-08-21,2026-08-21T03:40:35.982993+00:00
coles,6571900,Red Island Extra Virgin Olive Oil,Red Island,1L,25,,2.5,100ml,False,25,olive oil 500ml,pantry,2026-08-21,2026-08-21T03:40:35.982993+00:00
coles,4690002,Red Island Extra Virgin Olive Oil,Red Island,3L,60,,2,100ml,False,26,olive oil 500ml,pantry,2026-08-21,2026-08-21T03:40:35.982993+00:00
coles,4491469,Cobram Estate Extra Virgin Olive Oil,Cobram Estate,750mL,25,,3.33,100ml,False,27,olive oil 500ml,pantry,2026-08-21,2026-08-21T03:40:35.982993+00:00
coles,5607376,Coles Extra Virgin Olive Oil,Coles,1L,14,,1.4,100ml,False,28,olive oil 500ml,pantry,2026-08-21,2026-08-21T03:40:35.982993+00:00
coles,5295535,Coles Extra Mild Olive Oil,Coles,1L,15,,1.5,100ml,False,29,olive oil 500ml,pantry,2026-08-21,2026-08-21T03:40:35.982993+00:00
coles,405614,Moro Tradicional Mild Taste Olive Oil,Moro,4L,45,65,1.13,100ml,False,30,olive oil 500ml,pantry,2026-08-21,2026-08-21T03:40:35.982993+00:00
coles,6542902,La Espanola Extra Virgin Olive Oil,La Espanola,4L,55,,1.38,100ml,False,31,olive oil 500ml,pantry,2026-08-21,2026-08-21T03:40:35.982993+00:00
coles,5833557,La Espanola Extra Virgin Olive Oil,La Espanola,1L,13,26,1.3,100ml,False,32,olive oil 500ml,pantry,2026-08-21,2026-08-21T03:40:35.982993+00:00
coles,3526116,La Espanola Olive Oil Mild Flavour,La Espanola,1L,13,26,1.3,100ml,False,33,olive oil 500ml,pantry,2026-08-21,2026-08-21T03:40:35.982993+00:00
coles,5847020,La Espanola Mild & Light Olive Oil,La Espanola,1L,13,26,1.3,100ml,False,34,olive oil 500ml,pantry,2026-08-21,2026-08-21T03:40:35.982993+00:00
coles,8370681,Cobram Estate Extra Virgin Olive Oil Robust,Cobram Estate,375mL,11,13,2.93,100ml,False,35,olive oil 500ml,pantry,2026-08-21,2026-08-21T03:40:35.982993+00:00
coles,9389517,Cobram Estate Extra Virgin Olive Oil Classic,Cobram Estate,375mL,11,13,2.93,100ml,False,36,olive oil 500ml,pantry,2026-08-21,2026-08-21T03:40:35.982993+00:00
coles,7452099,Cobram Estate Extra Virgin Olive Oil Light,Cobram Estate,375mL,11,13,2.93,100ml,False,37,olive oil 500ml,pantry,2026-08-21,2026-08-21T03:40:35.982993+00:00
coles,8370400,Cobram Estate Extra Virgin Olive Oil Robust,Cobram Estate,750mL,25,,3.33,100ml,False,38,olive oil 500ml,pantry,2026-08-21,2026-08-21T03:40:35.982993+00:00
coles,4992657,La Espanola Extra Virgin Olive Oil Spray,La Espanola,200mL,7.5,,3.75,100ml,False,39,olive oil 500ml,pantry,2026-08-21,2026-08-21T03:40:35.982993+00:00
coles,4995600,Coles Australian Extra Virgin Olive Oil,Coles,1L,19,,1.9,100ml,False,40,olive oil 500ml,pantry,2026-08-21,2026-08-21T03:40:35.982993+00:00
coles,4495131,Jingilli Olive Oil Extra Virgin Devine,Jingilli,2L,52,,2.6,100ml,False,41,olive oil 500ml,pantry,2026-08-21,2026-08-21T03:40:35.982993+00:00
coles,5118100,Moro Primero Extra Virgin Olive Oil,Moro,1L,27,,2.7,100ml,False,42,olive oil 500ml,pantry,2026-08-21,2026-08-21T03:40:35.982993+00:00
coles,5150598,Moro El Delicado Light Taste Olive Oil,Moro,4L,45,65,1.13,100ml,False,43,olive oil 500ml,pantry,2026-08-21,2026-08-21T03:40:35.982993+00:00
coles,8371232,Cobram Estate Extra Virgin Olive Oil Classic,Cobram Estate,3L,65,,2.17,100ml,False,44,olive oil 500ml,pantry,2026-08-21,2026-08-21T03:40:35.982993+00:00
coles,4746683,La Espanola Organic Extra Virgin Olive Oil,La Espanola,1L,28,,2.8,100ml,False,45,olive oil 500ml,pantry,2026-08-21,2026-08-21T03:40:35.982993+00:00
coles,5153360,Moro Primero Extra Virgin Olive Oil,Moro,4L,45,65,1.13,100ml,False,46,olive oil 500ml,pantry,2026-08-21,2026-08-21T03:40:35.982993+00:00
coles,5118110,Moro El Delicado Light Taste Olive Oil,Moro,1L,27,,2.7,100ml,False,47,olive oil 500ml,pantry,2026-08-21,2026-08-21T03:40:35.982993+00:00
coles,3526604,Monini Classico Extra Virgin Olive Oil,Monini,750mL,22,,2.93,100ml,False,48,olive oil 500ml,pantry,2026-08-21,2026-08-21T03:40:35.982993+00:00
woolworths,33282,Woolworths Essentials Plain Flour 1kg,Woolworths Essentials,1kg,1.3,1.3,1.3,1KG,False,1,plain flour 1kg,pantry,2026-08-21,2026-08-21T03:40:37.932638+00:00
woolworths,215462,Macro Organic Plain Flour 1kg,Macro,1kg,4.7,4.7,4.7,1KG,False,2,plain flour 1kg,pantry,2026-08-21,2026-08-21T03:40:37.932638+00:00
woolworths,535605,Woolworths Wholemeal Plain Flour 1kg,Woolworths,1kg,2.2,2.2,2.2,1KG,False,3,plain flour 1kg,pantry,2026-08-21,2026-08-21T03:40:37.932638+00:00
woolworths,33064,White Wings Plain Flour 1kg,White Wings,1kg,2.5,3.4,2.5,1KG,True,4,plain flour 1kg,pantry,2026-08-21,2026-08-21T03:40:37.932638+00:00
woolworths,262665,Lighthouse Bread & Pizza Plain Flour 1kg,Lighthouse,1kg,4,4,4,1KG,False,5,plain flour 1kg,pantry,2026-08-21,2026-08-21T03:40:37.932638+00:00
woolworths,142314,Vetta Smart Protein Plain Flour 1kg,Vetta,1kg,4.5,4.5,4.5,1KG,False,6,plain flour 1kg,pantry,2026-08-21,2026-08-21T03:40:37.932638+00:00
woolworths,262660,Lighthouse Biscuit Pastry & Cake Plain Flour 1kg,Lighthouse,1kg,4,4,4,1KG,False,7,plain flour 1kg,pantry,2026-08-21,2026-08-21T03:40:37.932638+00:00
woolworths,228764,White Wings Plain Flour Wholemeal 1kg,White Wings,1kg,3.4,3.4,3.4,1KG,False,8,plain flour 1kg,pantry,2026-08-21,2026-08-21T03:40:37.932638+00:00
woolworths,180265,Macro Organic Australian Wholemeal Plain Flour Unbleached 1kg,Macro,1kg,4.7,4.7,4.7,1KG,False,9,plain flour 1kg,pantry,2026-08-21,2026-08-21T03:40:37.932638+00:00
woolworths,230949,The Healthy Baker Plain Flour Easy Store 1kg,The Healthy Baker,1kg,3.25,3.25,3.25,1KG,False,10,plain flour 1kg,pantry,2026-08-21,2026-08-21T03:40:37.932638+00:00
coles,119455,White Wings Plain Flour,White Wings,1Kg,3.4,,3.4,1kg,False,1,plain flour 1kg,pantry,2026-08-21,2026-08-21T03:40:37.932638+00:00
coles,6480918,The Healthy Baker Plain Flour,The Healthy Baker,1Kg,3.25,,3.25,1kg,False,2,plain flour 1kg,pantry,2026-08-21,2026-08-21T03:40:37.932638+00:00
coles,5881232,Coles Simply Plain Flour,Coles Simply,1Kg,1.3,,1.3,1kg,False,3,plain flour 1kg,pantry,2026-08-21,2026-08-21T03:40:37.932638+00:00
coles,3767780,The Kind Harvest Plain Flour,The Kind Harvest,1kg,2.7,,2.7,1kg,False,4,plain flour 1kg,pantry,2026-08-21,2026-08-21T03:40:37.932638+00:00
coles,9651019,Coles Organic Plain Flour,Coles,1kg,4.7,,4.7,1kg,False,5,plain flour 1kg,pantry,2026-08-21,2026-08-21T03:40:37.932638+00:00
coles,5880943,Coles Simply Wholemeal Plain Flour,Coles Simply,1Kg,2.2,,2.2,1kg,False,6,plain flour 1kg,pantry,2026-08-21,2026-08-21T03:40:37.932638+00:00
coles,5895930,Lighthouse Plain Flour Bread & Pizza,Lighthouse,1Kg,4,,4,1kg,False,7,plain flour 1kg,pantry,2026-08-21,2026-08-21T03:40:37.932638+00:00
coles,3236262,Lo-fo Pantry Low Fodmap Plain Flour,Lo-fo Pantry,1 kg,5,,5,1kg,False,8,plain flour 1kg,pantry,2026-08-21,2026-08-21T03:40:37.932638+00:00
coles,5880841,Coles Simply Plain Flour,Coles Simply,2Kg,2.4,,1.2,1kg,False,9,plain flour 1kg,pantry,2026-08-21,2026-08-21T03:40:37.932638+00:00
coles,119466,White Wings Plain Flour,White Wings,2Kg,4.4,,2.2,1kg,False,10,plain flour 1kg,pantry,2026-08-21,2026-08-21T03:40:37.932638+00:00
coles,4354741,The Kind Harvest Plain Flour,The Kind Harvest,2kg,2.25,4.5,1.13,1kg,False,11,plain flour 1kg,pantry,2026-08-21,2026-08-21T03:40:37.932638+00:00
coles,1135366,Goodman Fielder Plain Flour,Goodman Fielder,12.5Kg,17.5,,1.4,1kg,False,12,plain flour 1kg,pantry,2026-08-21,2026-08-21T03:40:37.932638+00:00
coles,5895893,Lighthouse Flour Plain Cake Biscuit And Pastry,Lighthouse,1Kg,4,,4,1kg,False,13,plain flour 1kg,pantry,2026-08-21,2026-08-21T03:40:37.932638+00:00
coles,8137836,White Wings Gluten Free Plain Flour,White Wings,500g,4,,8,1kg,False,14,plain flour 1kg,pantry,2026-08-21,2026-08-21T03:40:37.932638+00:00
coles,2478197,Coles I'm Free From Plain Flour Gluten Free,Coles I'm Free From,500g,2.4,,4.8,1kg,False,15,plain flour 1kg,pantry,2026-08-21,2026-08-21T03:40:37.932638+00:00
coles,4418990,Laucke Wallaby Bakers Plain Flour,Laucke,5kg,9.9,14,1.98,1kg,False,16,plain flour 1kg,pantry,2026-08-21,2026-08-21T03:40:37.932638+00:00
coles,8907220,Orgran Gluten Free All Purpose Plain Flour,Orgran,500g,3.5,4.2,7,1kg,False,17,plain flour 1kg,pantry,2026-08-21,2026-08-21T03:40:37.932638+00:00
coles,119535,White Wings Self Raising Flour,White Wings,1kg,3.4,,3.4,1kg,False,18,plain flour 1kg,pantry,2026-08-21,2026-08-21T03:40:37.932638+00:00
coles,7488970,Mckenzie's Buckwheat Flour Resealable,Mckenzie's,300g,4,,13.33,1kg,False,19,plain flour 1kg,pantry,2026-08-21,2026-08-21T03:40:37.932638+00:00
coles,7488981,Mckenzie's Wholemeal Spelt Flour Resealable,Mckenzie's,300g,4,,13.33,1kg,False,20,plain flour 1kg,pantry,2026-08-21,2026-08-21T03:40:37.932638+00:00
woolworths,33156,CSR White Sugar 1kg,CSR,1kg,2,2.3,0.2,100G,True,1,white sugar 1kg,pantry,2026-08-21,2026-08-21T03:40:39.697096+00:00
woolworths,58537,Woolworths Essentials White Sugar 1kg,Woolworths Essentials,1kg,1.8,1.8,0.18,100G,False,2,white sugar 1kg,pantry,2026-08-21,2026-08-21T03:40:39.697096+00:00
woolworths,1111987349,Aqua Naturals Sugar White 9kg,Aqua Natural,1EA,56.95,56.95,,,False,3,white sugar 1kg,pantry,2026-08-21,2026-08-21T03:40:39.697096+00:00
coles,120104,CSR White Sugar,CSR,1kg,2.3,,0.23,100g,False,1,white sugar 1kg,pantry,2026-08-21,2026-08-21T03:40:39.697096+00:00
coles,5422530,Coles Simply Australian White Sugar,Coles Simply,1Kg,1.8,,0.18,100g,False,2,white sugar 1kg,pantry,2026-08-21,2026-08-21T03:40:39.697096+00:00
coles,384740,CSR White Sugar,CSR,2kg,3.5,,0.18,100g,False,3,white sugar 1kg,pantry,2026-08-21,2026-08-21T03:40:39.697096+00:00
coles,3771903,CSR White Sugar,CSR,500g,1.95,,0.39,100g,False,4,white sugar 1kg,pantry,2026-08-21,2026-08-21T03:40:39.697096+00:00
coles,5422541,Coles Simply White Sugar,Coles Simply,2Kg,2.6,,0.13,100g,False,5,white sugar 1kg,pantry,2026-08-21,2026-08-21T03:40:39.697096+00:00
woolworths,687036,Nescafe Gold Intense Soluble Instant Coffee 200g,Nescafe,200g,23,23,11.5,100G,False,1,instant coffee 200g,pantry,2026-08-21,2026-08-21T03:40:41.645331+00:00
woolworths,687062,Nescafe Gold Orginal Soluble Instant Coffee 200g,Nescafe,200g,23,23,11.5,100G,False,2,instant coffee 200g,pantry,2026-08-21,2026-08-21T03:40:41.645331+00:00
woolworths,478354,Bushells Powdered Coffee Classic 200g,Bushells,200g,10,10,5,100G,False,3,instant coffee 200g,pantry,2026-08-21,2026-08-21T03:40:41.645331+00:00
woolworths,35681,Moccona Freeze Dried Instant Coffee Classic Medium Roast 200g,Moccona,200g,14,23.6,7,100G,True,4,instant coffee 200g,pantry,2026-08-21,2026-08-21T03:40:41.645331+00:00
woolworths,92393,Moccona Freeze Dried Instant Coffee Indulgence Dark 200g,Moccona,200g,23.6,23.6,11.8,100G,False,5,instant coffee 200g,pantry,2026-08-21,2026-08-21T03:40:41.645331+00:00
woolworths,341164,Moccona Freeze Dried Instant Coffee Mocha Kenya Style 200g,Moccona,200g,14,23.6,7,100G,True,6,instant coffee 200g,pantry,2026-08-21,2026-08-21T03:40:41.645331+00:00
woolworths,6247,Moccona Freeze Dried Instant Coffee Specialty Blend Ristretto 200g,Moccona,200g,23.6,23.6,11.8,100G,False,7,instant coffee 200g,pantry,2026-08-21,2026-08-21T03:40:41.645331+00:00
woolworths,371037,Moccona Freeze Dried Instant Coffee Specialty Blend Rich 200g,Moccona,200g,23.6,23.6,11.8,100G,False,8,instant coffee 200g,pantry,2026-08-21,2026-08-21T03:40:41.645331+00:00
woolworths,248520,Moccona Freeze Dried Instant Coffee Classic Dark Roast 200g,Moccona,200g,14,23.6,7,100G,True,9,instant coffee 200g,pantry,2026-08-21,2026-08-21T03:40:41.645331+00:00
woolworths,341166,Moccona Freeze Dried Instant Coffee Espresso Style Bold & Intense 200g,Moccona,200g,14,23.6,7,100G,True,10,instant coffee 200g,pantry,2026-08-21,2026-08-21T03:40:41.645331+00:00
coles,7647688,Urban Coffee Culture Freeze Dried Instant Coffee,Urban Coffee Culture,100g,5,,5,100g,False,1,instant coffee 200g,pantry,2026-08-21,2026-08-21T03:40:41.645331+00:00
coles,8456958,Bushells Classic Gourmet Instant Coffee,Bushells,200g,8,10,4,100g,False,2,instant coffee 200g,pantry,2026-08-21,2026-08-21T03:40:41.645331+00:00
coles,7479357,Moccona Espresso Style Bold & Intense Instant Coffee,Moccona,200g,23.6,,11.8,100g,False,3,instant coffee 200g,pantry,2026-08-21,2026-08-21T03:40:41.645331+00:00
coles,7479324,Moccona French Style Smooth & Rounded Instant Coffee,Moccona,200g,23.6,,11.8,100g,False,4,instant coffee 200g,pantry,2026-08-21,2026-08-21T03:40:41.645331+00:00
coles,8009246,Vittoria Freeze Dried Oro Nero Instant Coffee,Vittoria,200g,16,23,8,100g,False,5,instant coffee 200g,pantry,2026-08-21,2026-08-21T03:40:41.645331+00:00
coles,7479335,Moccona Mocha Kenya Style Rich & Exotic Instant Coffee,Moccona,200g,23.6,,11.8,100g,False,6,instant coffee 200g,pantry,2026-08-21,2026-08-21T03:40:41.645331+00:00
coles,8048033,Nescafe Gold Original Instant Coffee Jar,Nescafe,200g,13.8,23,6.9,100g,False,7,instant coffee 200g,pantry,2026-08-21,2026-08-21T03:40:41.645331+00:00
coles,231251,Moccona Classic Medium Roast Instant Coffee,Moccona,200g,23.6,,11.8,100g,False,8,instant coffee 200g,pantry,2026-08-21,2026-08-21T03:40:41.645331+00:00
coles,8009337,Vittoria Freeze Dried Brazil Rex Instant Coffee,Vittoria,200g,16,23,8,100g,False,9,instant coffee 200g,pantry,2026-08-21,2026-08-21T03:40:41.645331+00:00
coles,8009202,Vittoria Freeze Dried Instant Espresso Coffee No 3,Vittoria,200g,16,23,8,100g,False,10,instant coffee 200g,pantry,2026-08-21,2026-08-21T03:40:41.645331+00:00
coles,5334660,Coles Simply Decaf Instant Coffee Granulated,Coles Simply,100g,5,,5,100g,False,11,instant coffee 200g,pantry,2026-08-21,2026-08-21T03:40:41.645331+00:00
coles,6495391,Daley Street Freeze Dried Instant Coffee,Daley Street,100g,9,,9,100g,False,12,instant coffee 200g,pantry,2026-08-21,2026-08-21T03:40:41.645331+00:00
coles,468319,Nestle Caro Extra Instant Beverage,Nestle,150g,7,,4.67,100g,False,13,instant coffee 200g,pantry,2026-08-21,2026-08-21T03:40:41.645331+00:00
coles,9928859,Moccona Hazelnut Flavour Infused Instant Coffee,Moccona,95g,7.25,14.5,7.63,100g,False,14,instant coffee 200g,pantry,2026-08-21,2026-08-21T03:40:41.645331+00:00
coles,9928848,Moccona Caramel Flavor Infused Instant Coffee,Moccona,95g,7.25,14.5,7.63,100g,False,15,instant coffee 200g,pantry,2026-08-21,2026-08-21T03:40:41.645331+00:00
coles,116322,Nescafe Blend 43 Instant Coffee,Nescafe,150g,14.5,,9.67,100g,False,16,instant coffee 200g,pantry,2026-08-21,2026-08-21T03:40:41.645331+00:00
coles,202672,Nescafe Blend 43 Instant Coffee,Nescafe,500g,32,,6.4,100g,False,17,instant coffee 200g,pantry,2026-08-21,2026-08-21T03:40:41.645331+00:00
coles,116220,Nescafe Blend 43 Instant Coffee,Nescafe,50g,8.5,,17,100g,False,18,instant coffee 200g,pantry,2026-08-21,2026-08-21T03:40:41.645331+00:00
coles,3208198,Nescafe Gold Intense Coffee,Nescafe,200g,13.8,23,6.9,100g,False,19,instant coffee 200g,pantry,2026-08-21,2026-08-21T03:40:41.645331+00:00
coles,173144,Moccona Classic Medium Roast Instant Coffee,Moccona,50g,8.8,,17.6,100g,False,20,instant coffee 200g,pantry,2026-08-21,2026-08-21T03:40:41.645331+00:00
coles,4737434,Vittoria Freeze Dried Italian Instant Coffee,Vittoria,100g,9,15,9,100g,False,21,instant coffee 200g,pantry,2026-08-21,2026-08-21T03:40:41.645331+00:00
coles,4824379,Vittoria Freeze Dried Latte Instant Coffee,Vittoria,400g,39,,9.75,100g,False,22,instant coffee 200g,pantry,2026-08-21,2026-08-21T03:40:41.645331+00:00
coles,4824255,Vittoria Freeze Dried Italian Instant Coffee,Vittoria,400g,39,,9.75,100g,False,23,instant coffee 200g,pantry,2026-08-21,2026-08-21T03:40:41.645331+00:00
coles,4824030,Vittoria Freeze Dried Classic Instant Coffee,Vittoria,400g,39,,9.75,100g,False,24,instant coffee 200g,pantry,2026-08-21,2026-08-21T03:40:41.645331+00:00
coles,4737401,Vittoria Freeze Dried Classic Instant Coffee,Vittoria,100g,9,15,9,100g,False,25,instant coffee 200g,pantry,2026-08-21,2026-08-21T03:40:41.645331+00:00
coles,3232465,Moccona Indulgence Specialty Blend Instant Coffee,Moccona,200g,23.6,,11.8,100g,False,26,instant coffee 200g,pantry,2026-08-21,2026-08-21T03:40:41.645331+00:00
coles,3232476,Moccona Rich Specialty Blend Instant Coffee,Moccona,200g,23.6,,,100g,False,27,instant coffee 200g,pantry,2026-08-21,2026-08-21T03:40:41.645331+00:00
coles,25249,Moccona Classic Medium Decaffeinated Instant Coffee,Moccona,100g,7.25,14.5,7.25,100g,False,28,instant coffee 200g,pantry,2026-08-21,2026-08-21T03:40:41.645331+00:00
coles,8229231,Nescafe Blend 43 Espresso Instant Coffee,Nescafe,150g,14.5,,9.67,100g,False,29,instant coffee 200g,pantry,2026-08-21,2026-08-21T03:40:41.645331+00:00
coles,8049750,Nescafe Gold Original Premium Instant Coffee,Nescafe,100g,14.5,,14.5,100g,False,30,instant coffee 200g,pantry,2026-08-21,2026-08-21T03:40:41.645331+00:00
coles,4737365,Vittoria Freeze Dried Mountain Grown Instant Coffee,Vittoria,100g,9,15,9,100g,False,31,instant coffee 200g,pantry,2026-08-21,2026-08-21T03:40:41.645331+00:00
coles,4824109,Vittoria Freeze Dried Mountain Grown Instant Coffee,Vittoria,400g,39,,9.75,100g,False,32,instant coffee 200g,pantry,2026-08-21,2026-08-21T03:40:41.645331+00:00
coles,3512654,Moccona Ristretto Specialty Blend Instant Coffee,Moccona,200g,23.6,,11.8,100g,False,33,instant coffee 200g,pantry,2026-08-21,2026-08-21T03:40:41.645331+00:00
coles,8170300,Loaded Instant Coffee Butter Bomb,Loaded,160g,40,,25,100g,False,34,instant coffee 200g,pantry,2026-08-21,2026-08-21T03:40:41.645331+00:00
coles,8170296,Loaded Instant Coffee Vanilla Bliss,Loaded,160g,40,,25,100g,False,35,instant coffee 200g,pantry,2026-08-21,2026-08-21T03:40:41.645331+00:00
coles,1052418,Nescafe Blend 43 Decaf Instant Coffee Jar,Nescafe,150g,13.5,,9,100g,False,36,instant coffee 200g,pantry,2026-08-21,2026-08-21T03:40:41.645331+00:00
coles,303556,Moccona Classic Medium Roast Instant Coffee,Moccona,100g,7.25,14.5,7.25,100g,False,37,instant coffee 200g,pantry,2026-08-21,2026-08-21T03:40:41.645331+00:00
coles,8228669,Nescafe Blend 43 Mild Roast Instant Coffee,Nescafe,150g,14.5,,9.67,100g,False,38,instant coffee 200g,pantry,2026-08-21,2026-08-21T03:40:41.645331+00:00
coles,8050829,Nescafe Gold Short Black Strong Instant Coffee,Nescafe,100g,14.5,,14.5,100g,False,39,instant coffee 200g,pantry,2026-08-21,2026-08-21T03:40:41.645331+00:00
coles,8009450,Vittoria Freeze Dried Black Valley Instant Coffee,Vittoria,400g,39,,9.75,100g,False,40,instant coffee 200g,pantry,2026-08-21,2026-08-21T03:40:41.645331+00:00
coles,8077439,Nescafe Blend 43 Refill Instant Coffee Pouch,Nescafe,400g,19.5,,4.88,100g,False,41,instant coffee 200g,pantry,2026-08-21,2026-08-21T03:40:41.645331+00:00
coles,340246,International Roast Instant Coffee,International Roast,500g,15.5,,3.1,100g,False,42,instant coffee 200g,pantry,2026-08-21,2026-08-21T03:40:41.645331+00:00
coles,2125460,Nescafe Blend 43 Smooth & Creamy Instant Coffee,Nescafe,140g,14.5,,10.36,100g,False,43,instant coffee 200g,pantry,2026-08-21,2026-08-21T03:40:41.645331+00:00
coles,6344964,Vittoria Freeze Dried Instant Decaf,Vittoria,100g,11,16.2,11,100g,False,44,instant coffee 200g,pantry,2026-08-21,2026-08-21T03:40:41.645331+00:00
coles,116402,Nescafe Blend 43 Instant Coffee,Nescafe,250g,13.8,23,5.52,100g,False,45,instant coffee 200g,pantry,2026-08-21,2026-08-21T03:40:41.645331+00:00
coles,3772961,Nescafe Blend 43 Coffee Espresso,Nescafe,500g,32,,6.4,100g,False,46,instant coffee 200g,pantry,2026-08-21,2026-08-21T03:40:41.645331+00:00
coles,3208201,Nescafe Gold Smooth Mild Ground Coffee,Nescafe,180g,13.8,23,7.67,100g,False,47,instant coffee 200g,pantry,2026-08-21,2026-08-21T03:40:41.645331+00:00
coles,3208165,Nescafe Gold Smooth Mild Ground Coffee,Nescafe,90g,14.5,,,100g,False,48,instant coffee 200g,pantry,2026-08-21,2026-08-21T03:40:41.645331+00:00
woolworths,1119530093,Ahmad Tea Cardamom Tea Bags 100 Pack,,,19,19,19,100EA,False,1,tea bags 100 pack,pantry,2026-08-21,2026-08-21T03:40:43.621262+00:00
woolworths,574821,Tetley Tea Bags 100 pack,Tetley,100 pack,4.3,4.3,0.04,1EA,False,2,tea bags 100 pack,pantry,2026-08-21,2026-08-21T03:40:43.621262+00:00
woolworths,76493,Nerada Tea Bags 100 pack,Nerada,100 pack,5.6,5.6,0.06,1EA,False,3,tea bags 100 pack,pantry,2026-08-21,2026-08-21T03:40:43.621262+00:00
woolworths,1119530097,Ahmad Tea English Breakfast Tea Bags 100 Pack,,,19,19,19,100EA,False,4,tea bags 100 pack,pantry,2026-08-21,2026-08-21T03:40:43.621262+00:00
woolworths,156690,Tetley Decaffeinated Tea Bags 100 pack,Tetley,100 pack,6.9,6.9,0.07,1EA,False,5,tea bags 100 pack,pantry,2026-08-21,2026-08-21T03:40:43.621262+00:00
woolworths,574769,Tetley Tagless Tea Bags 100 pack,Tetley,100 pack,3.8,3.8,0.04,1EA,False,6,tea bags 100 pack,pantry,2026-08-21,2026-08-21T03:40:43.621262+00:00
woolworths,6025450,Zoetic Green Tea Bags 100 pack,Zoetic,100 pack,7,7,0.07,1EA,False,7,tea bags 100 pack,pantry,2026-08-21,2026-08-21T03:40:43.621262+00:00
woolworths,1119514119,Ahmad Tea Earl Grey Black Tea Bags 100 Pack,,,19,19,19,100EA,False,8,tea bags 100 pack,pantry,2026-08-21,2026-08-21T03:40:43.621262+00:00
woolworths,1119532589,Queen Victoria Peppermint Premium Tea Bags 100 Pack,,,22,22,22,100EA,False,9,tea bags 100 pack,pantry,2026-08-21,2026-08-21T03:40:43.621262+00:00
woolworths,1119532581,Queen Victoria Green Premium Tea Bags 100 Pack,,,22,22,22,100EA,False,10,tea bags 100 pack,pantry,2026-08-21,2026-08-21T03:40:43.621262+00:00
coles,8070699,Tea Tonic Blue Magic Tea Bags Box,Tea Tonic,20 Pack,11.9,,0.6,1ea,False,1,tea bags 100 pack,pantry,2026-08-21,2026-08-21T03:40:43.621262+00:00
coles,8644437,Buddha Teas Organic Herbal Tea Bags Hibiscus Tea,Buddha Teas,18 Pack,10,,0.56,1ea,False,2,tea bags 100 pack,pantry,2026-08-21,2026-08-21T03:40:43.621262+00:00
coles,8691619,Buddha Teas Organic Tea Bags Matcha Green Tea,Buddha Teas,18 Pack,14,,0.78,1ea,False,3,tea bags 100 pack,pantry,2026-08-21,2026-08-21T03:40:43.621262+00:00
coles,8588664,Buddha Teas Organic Herbal Tea Bags Ashwagandha Tea,Buddha Teas,18 Pack,10,,0.56,1ea,False,4,tea bags 100 pack,pantry,2026-08-21,2026-08-21T03:40:43.621262+00:00
coles,8071374,Tea Tonic Energy Boost Tea Bags Box,Tea Tonic,20 Pack,11.9,,0.6,1ea,False,5,tea bags 100 pack,pantry,2026-08-21,2026-08-21T03:40:43.621262+00:00
coles,8071320,Tea Tonic Apple Tree Tea Bags Box,Tea Tonic,20 Pack,11.9,,0.6,1ea,False,6,tea bags 100 pack,pantry,2026-08-21,2026-08-21T03:40:43.621262+00:00
coles,8589077,Buddha Teas Organic Herbal Tea Bags Elderberry Tea,Buddha Teas,18 Pack,10,,0.56,1ea,False,7,tea bags 100 pack,pantry,2026-08-21,2026-08-21T03:40:43.621262+00:00
coles,8069441,Tea Tonic French Earl Grey Tea Bags Box,Tea Tonic,20 Pack,11.9,,0.6,1ea,False,8,tea bags 100 pack,pantry,2026-08-21,2026-08-21T03:40:43.621262+00:00
coles,8691652,Buddha Teas Organic Herbal Tea Bags Turmeric Ginger Tea,Buddha Teas,18 Pack,10,,0.56,1ea,False,9,tea bags 100 pack,pantry,2026-08-21,2026-08-21T03:40:43.621262+00:00
coles,8690219,Buddha Teas Organic Herbal Tea Bags Nettle Leaf Tea,Buddha Teas,18 Pack,10,,0.56,1ea,False,10,tea bags 100 pack,pantry,2026-08-21,2026-08-21T03:40:43.621262+00:00
coles,8588700,Buddha Teas Organic Herbal Tea Bags Dandelion Root Tea,Buddha Teas,18 Pack,10,,0.56,1ea,False,11,tea bags 100 pack,pantry,2026-08-21,2026-08-21T03:40:43.621262+00:00
coles,8687553,Buddha Teas Organic Herbal Tea Bags Milk Thistle Tea,Buddha Teas,18 Pack,10,,0.56,1ea,False,12,tea bags 100 pack,pantry,2026-08-21,2026-08-21T03:40:43.621262+00:00
coles,1306764,AL Chai Cardamom Tea Bags,AL Chai,100 Pack,7.5,,7.5,100ea,False,13,tea bags 100 pack,pantry,2026-08-21,2026-08-21T03:40:43.621262+00:00
coles,1304940,Al Chai Black Tea Bags,Al Chai,100 Pack,7.5,,7.5,100ea,False,14,tea bags 100 pack,pantry,2026-08-21,2026-08-21T03:40:43.621262+00:00
coles,8071421,Tea Tonic English Breakfast Tea,Tea Tonic,20 Pack,10.9,,0.55,1ea,False,15,tea bags 100 pack,pantry,2026-08-21,2026-08-21T03:40:43.621262+00:00
coles,8588686,Buddha Teas Organic Herbal Tea Bags Calm Buddha Blend,Buddha Teas,18 Pack,10,,0.56,1ea,False,16,tea bags 100 pack,pantry,2026-08-21,2026-08-21T03:40:43.621262+00:00
coles,8687214,Buddha Teas Organic Herbal Tea Bags Meditation Moment,Buddha Teas,18 Pack,10,,0.56,1ea,False,17,tea bags 100 pack,pantry,2026-08-21,2026-08-21T03:40:43.621262+00:00
coles,8644415,Buddha Teas Organic Herbal Tea Bags Detox Dharma Blend,Buddha Teas,18 Pack,10,,0.56,1ea,False,18,tea bags 100 pack,pantry,2026-08-21,2026-08-21T03:40:43.621262+00:00
coles,8691550,Buddha Teas Organic Herbal Tea Bags Throat Bliss Blend,Buddha Teas,18 Pack,10,,0.56,1ea,False,19,tea bags 100 pack,pantry,2026-08-21,2026-08-21T03:40:43.621262+00:00
coles,8691594,Buddha Teas Organic Herbal Tea Bags Zen Cleanse Blend,Buddha Teas,18 Pack,10,,0.56,1ea,False,20,tea bags 100 pack,pantry,2026-08-21,2026-08-21T03:40:43.621262+00:00
coles,8690354,Buddha Teas Organic Herbal Tea Bags Sleepy Temple Blend,Buddha Teas,18 Pack,10,,0.56,1ea,False,21,tea bags 100 pack,pantry,2026-08-21,2026-08-21T03:40:43.621262+00:00
coles,8685682,Buddha Teas Organic Herbal Tea Bags Echinacea Elderberry Blend,Buddha Teas,18 Pack,10,,0.56,1ea,False,22,tea bags 100 pack,pantry,2026-08-21,2026-08-21T03:40:43.621262+00:00
coles,8685274,Buddha Teas Organic Herbal Tea Bags Cranberry Comfort Blend,Buddha Teas,18 Pack,10,,0.56,1ea,False,23,tea bags 100 pack,pantry,2026-08-21,2026-08-21T03:40:43.621262+00:00
coles,4700547,Wagh Bakri Masala Chai Tea Bags 200g,Wagh Bakri,100 Pack,8.5,,0.09,1ea,False,24,tea bags 100 pack,pantry,2026-08-21,2026-08-21T03:40:43.621262+00:00
coles,4971759,Queen Victoria Tea Sleepy Blend Tea Bags,Queen Victoria Tea,18 Pack,5,,0.28,1ea,False,25,tea bags 100 pack,pantry,2026-08-21,2026-08-21T03:40:43.621262+00:00
coles,4971806,Queen Victoria Tea Calming Blend Tea Bags,Queen Victoria Tea,18 Pack,5,,0.28,1ea,False,26,tea bags 100 pack,pantry,2026-08-21,2026-08-21T03:40:43.621262+00:00
coles,4971770,Queen Victoria Tea Digest Blend Tea Bags,Queen Victoria Tea,18 Pack,5,,0.28,1ea,False,27,tea bags 100 pack,pantry,2026-08-21,2026-08-21T03:40:43.621262+00:00
coles,8836267,PG Tips Tea Bags,PG Tips,80 Pack,10,,0.13,1ea,False,28,tea bags 100 pack,pantry,2026-08-21,2026-08-21T03:40:43.621262+00:00
coles,8836278,PG Tips Tea Bags,PG Tips,40 Pack,6,,0.15,1ea,False,29,tea bags 100 pack,pantry,2026-08-21,2026-08-21T03:40:43.621262+00:00
coles,4735632,Freshpak Rooibos Tea Bags 40 Pack,Freshpak,100g,5.7,,0.14,1ea,False,30,tea bags 100 pack,pantry,2026-08-21,2026-08-21T03:40:43.621262+00:00
coles,8071341,Tea Tonic Fruity Selection Box,Tea Tonic,33 Pack,21.5,,0.65,1ea,False,31,tea bags 100 pack,pantry,2026-08-21,2026-08-21T03:40:43.621262+00:00
coles,199523,Tetley Tea Bags 100 Pack,Tetley,180g,4.3,,0.04,1ea,False,32,tea bags 100 pack,pantry,2026-08-21,2026-08-21T03:40:43.621262+00:00
coles,116989,Lipton Black Tea Bags,Lipton,100 Pack,3.5,7,0.04,1ea,False,33,tea bags 100 pack,pantry,2026-08-21,2026-08-21T03:40:43.621262+00:00
coles,5051734,Twinings Lady Grey Tea Bags,Twinings,100 Pack,13.5,,0.14,1ea,False,34,tea bags 100 pack,pantry,2026-08-21,2026-08-21T03:40:43.621262+00:00
coles,6059243,Madura Premium Blend Tea Bags 100 Pack,Madura,200g,8.5,10.8,0.09,1ea,False,35,tea bags 100 pack,pantry,2026-08-21,2026-08-21T03:40:43.621262+00:00
coles,490012,Dilmah Pure Ceylon Premium Tea Bags 100 Pack,Dilmah,200g,5.7,7.2,0.06,1ea,False,36,tea bags 100 pack,pantry,2026-08-21,2026-08-21T03:40:43.621262+00:00
coles,8959948,Tetley Decaffeinated Black Tea Bags 100 pack,Tetley,185g,5.5,6.9,0.06,1ea,False,37,tea bags 100 pack,pantry,2026-08-21,2026-08-21T03:40:43.621262+00:00
coles,8930039,Twinings Australian Afternoon Tea Bags,Twinings,100 Pack,13.5,,0.14,1ea,False,38,tea bags 100 pack,pantry,2026-08-21,2026-08-21T03:40:43.621262+00:00
coles,2374216,Coles Simply Tea Pot Bags,Coles Simply,100 Pack,1.75,,0.02,1ea,False,39,tea bags 100 pack,pantry,2026-08-21,2026-08-21T03:40:43.621262+00:00
coles,7752194,Tetley Extra Strong Black Tea Bags,Tetley,100 Pack,3.5,5.2,0.04,1ea,False,40,tea bags 100 pack,pantry,2026-08-21,2026-08-21T03:40:43.621262+00:00
coles,304763,Twinings Earl Grey Tea Bags 100 Pack,Twinings,200g,13.5,,0.14,1ea,False,41,tea bags 100 pack,pantry,2026-08-21,2026-08-21T03:40:43.621262+00:00
coles,304752,Twinings English Breakfast Tea Bags 100 Pack,Twinings,200g,13.5,,0.14,1ea,False,42,tea bags 100 pack,pantry,2026-08-21,2026-08-21T03:40:43.621262+00:00
coles,83584,Twinings Irish Breakfast Tea Bags 100 Pack,Twinings,200g,13.5,,0.14,1ea,False,43,tea bags 100 pack,pantry,2026-08-21,2026-08-21T03:40:43.621262+00:00
coles,9505163,Dilmah Pure Ceylon Extra Strength Tea Bags 100 Pack,Dilmah,240g,7,8.8,0.07,1ea,False,44,tea bags 100 pack,pantry,2026-08-21,2026-08-21T03:40:43.621262+00:00
coles,1684954,Coles Simply Quality Black Tea Bags,Coles Simply,100 Pack,1.75,,0.02,1ea,False,45,tea bags 100 pack,pantry,2026-08-21,2026-08-21T03:40:43.621262+00:00
coles,3984799,Queen Victoria Peppermint Tea Bags,Queen Victoria,100 Pack,12,,0.12,1ea,False,46,tea bags 100 pack,pantry,2026-08-21,2026-08-21T03:40:43.621262+00:00
coles,3984802,Queen Victoria Green Tea Bags,Queen Victoria,100 Pack,12,,0.12,1ea,False,47,tea bags 100 pack,pantry,2026-08-21,2026-08-21T03:40:43.621262+00:00
coles,496507,Nerada English Breakfast Tea Bags Teacup,Nerada,100 Pack,4.6,5.6,0.05,1ea,False,48,tea bags 100 pack,pantry,2026-08-21,2026-08-21T03:40:43.621262+00:00
woolworths,770320,Woolworths Diced Italian Tomatoes 400g,Woolworths,400g,1.1,1.1,2.75,1KG,False,1,tinned tomatoes 400g,pantry,2026-08-21,2026-08-21T03:40:45.581369+00:00
woolworths,38153,Annalisa Tomatoes Diced 400g,Annalisa,400g,1.35,1.5,3.38,1KG,True,2,tinned tomatoes 400g,pantry,2026-08-21,2026-08-21T03:40:45.581369+00:00
woolworths,700642,Macro Organic Tomatoes Diced 400g,Macro,400g,1.6,1.6,4,1KG,False,3,tinned tomatoes 400g,pantry,2026-08-21,2026-08-21T03:40:45.581369+00:00
woolworths,795621,Mutti Whole Peeled Tomatoes 400g,Mutti,400g,2.3,2.3,5.75,1KG,False,4,tinned tomatoes 400g,pantry,2026-08-21,2026-08-21T03:40:45.581369+00:00
woolworths,6067023,Annalisa Finely Chopped Tomatoes 400g,Annalisa,400g,1.5,1.5,3.75,1KG,False,5,tinned tomatoes 400g,pantry,2026-08-21,2026-08-21T03:40:45.581369+00:00
woolworths,37810,Annalisa Tomatoes Peeled 400g,Annalisa,400g,1.35,1.5,3.38,1KG,True,6,tinned tomatoes 400g,pantry,2026-08-21,2026-08-21T03:40:45.581369+00:00
woolworths,290300,Mutti Whole Cherry Tomatoes 400g,Mutti,400g,2.7,2.7,6.75,1KG,False,7,tinned tomatoes 400g,pantry,2026-08-21,2026-08-21T03:40:45.581369+00:00
woolworths,218918,Woolworths Italian Peeled Tomatoes 400g,Woolworths,400g,1.1,1.1,2.75,1KG,False,8,tinned tomatoes 400g,pantry,2026-08-21,2026-08-21T03:40:45.581369+00:00
woolworths,795295,Mutti Whole Baby Roma Tomatoes 400g,Mutti,400g,2.7,2.7,6.75,1KG,False,9,tinned tomatoes 400g,pantry,2026-08-21,2026-08-21T03:40:45.581369+00:00
woolworths,58895,Macro Organic Peeled Italian Tomatoes 400g,Macro,400g,1.6,1.6,4,1KG,False,10,tinned tomatoes 400g,pantry,2026-08-21,2026-08-21T03:40:45.581369+00:00
coles,4218380,Coles Simply Chopped Tomatoes Canned,Coles Simply,400g,0.95,,2.37,1kg,False,1,tinned tomatoes 400g,pantry,2026-08-21,2026-08-21T03:40:45.581369+00:00
coles,126439,Heinz Canned Baked Beans Tomato Sauce,Heinz,220g,2.1,,0.95,100g,False,2,tinned tomatoes 400g,pantry,2026-08-21,2026-08-21T03:40:45.581369+00:00
coles,2954941,Heinz Canned Baked Beans Tomato Sauce,Heinz,300g,2,2.9,,100g,True,3,tinned tomatoes 400g,pantry,2026-08-21,2026-08-21T03:40:45.581369+00:00
coles,126235,Leggo's Tomato Puree,Leggo's,410g,2.5,,0.61,100g,False,4,tinned tomatoes 400g,pantry,2026-08-21,2026-08-21T03:40:45.581369+00:00
coles,4457100,SPC Canned Rich Tomato 4 Pack,SPC,880g,5.8,,0.66,100g,False,5,tinned tomatoes 400g,pantry,2026-08-21,2026-08-21T03:40:45.581369+00:00
coles,4558967,Ardmona Diced Tomatoes,Ardmona,400g,1.8,,4.5,1kg,False,6,tinned tomatoes 400g,pantry,2026-08-21,2026-08-21T03:40:45.581369+00:00
coles,128911,Campbell's Condensed Soup Can Tomato,Campbell's,420g,1.95,,0.46,100g,False,7,tinned tomatoes 400g,pantry,2026-08-21,2026-08-21T03:40:45.581369+00:00
coles,4457019,Coles Australian Diced Tomatoes,Coles,400g,1.3,,3.25,1kg,False,8,tinned tomatoes 400g,pantry,2026-08-21,2026-08-21T03:40:45.581369+00:00
coles,2612948,Mutti Cherry Tomatoes Whole,Mutti,400g,2.7,,6.75,1kg,False,9,tinned tomatoes 400g,pantry,2026-08-21,2026-08-21T03:40:45.581369+00:00
coles,8855443,Carmelina Diced Tomatoes,Carmelina,400g,1.5,,3.75,1kg,False,10,tinned tomatoes 400g,pantry,2026-08-21,2026-08-21T03:40:45.581369+00:00
coles,8855476,Carmelina Peeled Tomatoes,Carmelina,400g,1.5,,3.75,1kg,False,11,tinned tomatoes 400g,pantry,2026-08-21,2026-08-21T03:40:45.581369+00:00
coles,4837111,Cucina Matese Diced Tomato,Cucina Matese,400g,1.4,,,1kg,False,12,tinned tomatoes 400g,pantry,2026-08-21,2026-08-21T03:40:45.581369+00:00
woolworths,476700,Woolworths Tuna In Springwater 95g,Woolworths,95g,1,1,10.53,1KG,False,1,tuna in springwater 95g,pantry,2026-08-21,2026-08-21T03:40:47.562015+00:00
woolworths,144821,Sirena Tuna In Springwater 95g,Sirena,95g,2.3,2.95,24.21,1KG,True,2,tuna in springwater 95g,pantry,2026-08-21,2026-08-21T03:40:47.562015+00:00
woolworths,941583,Woolworths Yellowfin Tuna In Springwater 95g,Woolworths,95g,1.4,1.4,14.74,1KG,False,3,tuna in springwater 95g,pantry,2026-08-21,2026-08-21T03:40:47.562015+00:00
woolworths,331060,Sirena Tuna In Springwater & Lemon 95g,Sirena,95g,2.3,2.95,24.21,1KG,True,4,tuna in springwater 95g,pantry,2026-08-21,2026-08-21T03:40:47.562015+00:00
woolworths,340411,John West Tuna Chunks In Springwater 95g,John West,95g,2.9,2.9,30.53,1KG,False,5,tuna in springwater 95g,pantry,2026-08-21,2026-08-21T03:40:47.562015+00:00
woolworths,6079352,John West Tuna In Springwater Value 95g x 6 pack,John West,95g x 6 pack,9.8,9.8,17.19,1KG,False,6,tuna in springwater 95g,pantry,2026-08-21,2026-08-21T03:40:47.562015+00:00
woolworths,44011,John West Tuna Chunks In Springwater Value 95g x 12 pack,John West,95g x 12 pack,18,18,15.79,1KG,False,7,tuna in springwater 95g,pantry,2026-08-21,2026-08-21T03:40:47.562015+00:00
coles,8890138,Sirena Tuna In Springwater,Sirena,95g,2.95,,31.05,1kg,False,1,tuna in springwater 95g,pantry,2026-08-21,2026-08-21T03:40:47.562015+00:00
coles,3294815,Wild Tides Tuna Springwater,Wild Tides,95g,1.7,,17.89,1kg,False,2,tuna in springwater 95g,pantry,2026-08-21,2026-08-21T03:40:47.562015+00:00
coles,9668066,Sirena Tuna Springwater & Lemon,Sirena,95g,2.95,,31.05,1kg,False,3,tuna in springwater 95g,pantry,2026-08-21,2026-08-21T03:40:47.562015+00:00
coles,8675281,Coles Tuna Chunks in Springwater,Coles,95g,1.1,,11.58,1kg,False,4,tuna in springwater 95g,pantry,2026-08-21,2026-08-21T03:40:47.562015+00:00
coles,3614010,Coles Pacific Yellowfin Tuna Chunks In Springwater,Coles,95g,1.4,,14.74,1kg,False,5,tuna in springwater 95g,pantry,2026-08-21,2026-08-21T03:40:47.562015+00:00
coles,1838366,Coles Simply Tuna Chunks In Springwater,Coles Simply,95g,1,,10.53,1kg,False,6,tuna in springwater 95g,pantry,2026-08-21,2026-08-21T03:40:47.562015+00:00
coles,7532777,John West Tuna Chunky Style In Springwater,John West,95g,1.45,2.9,15.26,1kg,False,7,tuna in springwater 95g,pantry,2026-08-21,2026-08-21T03:40:47.562015+00:00
coles,7392565,Sirena Tuna in Springwater,Sirena,185g,3.7,4.7,20,1kg,False,8,tuna in springwater 95g,pantry,2026-08-21,2026-08-21T03:40:47.562015+00:00
coles,2902438,Coles Simply Tuna Springwater,Coles Simply,425g,3.3,,7.76,1kg,False,9,tuna in springwater 95g,pantry,2026-08-21,2026-08-21T03:40:47.562015+00:00
coles,6022516,John West Tuna Slices in Springwater,John West,125g,3.95,,31.6,1kg,False,10,tuna in springwater 95g,pantry,2026-08-21,2026-08-21T03:40:47.562015+00:00
coles,8675260,Coles Tuna Chunks In Springwater,Coles,425g,4.6,,10.82,1kg,False,11,tuna in springwater 95g,pantry,2026-08-21,2026-08-21T03:40:47.562015+00:00
coles,5079802,John West Chunk Style Tuna in Springwater,John West,425g,6.3,,14.82,1kg,False,12,tuna in springwater 95g,pantry,2026-08-21,2026-08-21T03:40:47.562015+00:00
coles,8675270,Coles Tuna Chunks In Springwater,Coles,185g,2.2,,11.89,1kg,False,13,tuna in springwater 95g,pantry,2026-08-21,2026-08-21T03:40:47.562015+00:00
coles,1153991,John West Yellowfin Tuna Springwater,John West,90g,2.9,,32.22,1kg,False,14,tuna in springwater 95g,pantry,2026-08-21,2026-08-21T03:40:47.562015+00:00
coles,3614064,Coles Yellowfin Tuna Chunks In Springwater,Coles,185g,2.5,,13.51,1kg,False,15,tuna in springwater 95g,pantry,2026-08-21,2026-08-21T03:40:47.562015+00:00
coles,8975570,John West Tuna Springwater Value Pack,John West,1.14Kg,18,,15.79,1kg,False,16,tuna in springwater 95g,pantry,2026-08-21,2026-08-21T03:40:47.562015+00:00
coles,9442937,Sirena Tuna In Springwater,Sirena,425g,7.5,,17.65,1kg,False,17,tuna in springwater 95g,pantry,2026-08-21,2026-08-21T03:40:47.562015+00:00
coles,8085266,John West Tempters Tuna Multipack Springwater 4x95g,John West,380g,6.8,,17.89,1kg,False,18,tuna in springwater 95g,pantry,2026-08-21,2026-08-21T03:40:47.562015+00:00
woolworths,32731,Coca-Cola Classic  Soft Drink Bottle 1.25L,Coca-Cola,1.25L,2.5,4.2,2,1L,True,1,coca cola 1.25l,drinks,2026-08-21,2026-08-21T03:40:49.749250+00:00
woolworths,94493,Coca-Cola Diet Soft Drink Bottle 1.25L,Coca-Cola,1.25L,2.5,4.2,2,1L,True,2,coca cola 1.25l,drinks,2026-08-21,2026-08-21T03:40:49.749250+00:00
woolworths,180941,Coca-Cola Vanilla  Soft Drink Bottle 1.25L,Coca-Cola,1.25L,2.5,4.2,2,1L,True,3,coca cola 1.25l,drinks,2026-08-21,2026-08-21T03:40:49.749250+00:00
woolworths,623034,Coca-Cola Zero Sugar Soft Drink Bottle 1.25L,Coca-Cola,1.25L,2.5,4.2,2,1L,True,4,coca cola 1.25l,drinks,2026-08-21,2026-08-21T03:40:49.749250+00:00
woolworths,803078,Coca-Cola Vanilla Zero Sugar Soft Drink Bottle 1.25L,Coca-Cola,1.25L,2.5,4.2,2,1L,True,5,coca cola 1.25l,drinks,2026-08-21,2026-08-21T03:40:49.749250+00:00
woolworths,137848,Coca-Cola Caffeine Free Zero Sugar Soft Drink Bottle 1.25L,Coca-Cola,1.25L,2.5,4.2,2,1L,True,6,coca cola 1.25l,drinks,2026-08-21,2026-08-21T03:40:49.749250+00:00
coles,2993739,Coca-Cola Zero Sugar Coke 10x375ml,Coca-Cola,3.75L,11.5,23,3.07,1l,False,1,coca cola 1.25l,drinks,2026-08-21,2026-08-21T03:40:49.749250+00:00
coles,1849318,Coca-Cola Diet Coke 10x375ml,Coca-Cola,3.75L,11.5,23,3.07,1l,False,2,coca cola 1.25l,drinks,2026-08-21,2026-08-21T03:40:49.749250+00:00
coles,3271060,Coca-Cola Vanilla Zero Sugar Soft Drink Bottle,Coca-Cola,1.25L,2.7,4.5,2.16,1l,False,3,coca cola 1.25l,drinks,2026-08-21,2026-08-21T03:40:49.749250+00:00
coles,9391600,Coca-Cola Vanilla Soft Drink Bottle,Coca-Cola,1.25L,2.7,4.5,2.16,1l,False,4,coca cola 1.25l,drinks,2026-08-21,2026-08-21T03:40:49.749250+00:00
coles,419211,Coca-Cola Diet Soft Drink Bottle,Coca-Cola,1.25L,2.7,4.5,2.16,1l,False,5,coca cola 1.25l,drinks,2026-08-21,2026-08-21T03:40:49.749250+00:00
coles,2993706,Coca-Cola Zero Sugar Soft Drink Bottle,Coca-Cola,1.25L,2.7,4.5,2.16,1l,False,6,coca cola 1.25l,drinks,2026-08-21,2026-08-21T03:40:49.749250+00:00
coles,3989555,Coca-Cola Zero Sugar Zero Caffeine Soft Drink Bottle,Coca-Cola,1.25L,2.7,4.5,2.16,1l,False,7,coca cola 1.25l,drinks,2026-08-21,2026-08-21T03:40:49.749250+00:00
coles,123011,Coca-Cola Classic Soft Drink Bottle,Coca-Cola,1.25L,2.7,4.5,2.16,1l,False,8,coca cola 1.25l,drinks,2026-08-21,2026-08-21T03:40:49.749250+00:00
coles,6317065,Coca-Cola Classic Soft Drink Glass Bottle,Coca-Cola,330mL,4,,12.12,1l,False,9,coca cola 1.25l,drinks,2026-08-21,2026-08-21T03:40:49.749250+00:00
coles,3448271,Coca-Cola Classic Soft Drink Multipack Glass Bottles 330ml,Coca-Cola,4 Pack,7.5,,5.68,1l,False,10,coca cola 1.25l,drinks,2026-08-21,2026-08-21T03:40:49.749250+00:00
coles,9989955,Coca-Cola Zero Sugar Soft Drink Cans 15x250ml,Coca-Cola,3.75L,16,,4.27,1l,False,11,coca cola 1.25l,drinks,2026-08-21,2026-08-21T03:40:49.749250+00:00
coles,9989671,Coca-Cola Classic 15x250ml,Coca-Cola,3.75L,16,,4.27,1l,False,12,coca cola 1.25l,drinks,2026-08-21,2026-08-21T03:40:49.749250+00:00
coles,2680530,Coca-Cola Cherry Cola Can,Coca-Cola,355mL,2.5,,7.04,1l,False,13,coca cola 1.25l,drinks,2026-08-21,2026-08-21T03:40:49.749250+00:00
coles,2038955,Coca-Cola Soft Drink 375mL,Coca-Cola,36 Pack,38,,,1l,False,14,coca cola 1.25l,drinks,2026-08-21,2026-08-21T03:40:49.749250+00:00
coles,1492374,Coca-Cola Zero Sugar Soft Drink Multipack Bottles 300ml,Coca-Cola,12 Pack,24,,6.67,1l,False,15,coca cola 1.25l,drinks,2026-08-21,2026-08-21T03:40:49.749250+00:00
coles,191736,Coca-Cola Classic Soft Drink Bottle,Coca-Cola,2L,4,,2,1l,False,16,coca cola 1.25l,drinks,2026-08-21,2026-08-21T03:40:49.749250+00:00
coles,4398703,Coca-Cola Diet Soft Drink Multipack Mini Cans 250ml,Coca-Cola,6 Pack,11,,7.33,1l,False,17,coca cola 1.25l,drinks,2026-08-21,2026-08-21T03:40:49.749250+00:00
coles,1849307,Coca-Cola Classic Soft Drink Multipack Cans 375ml,Coca-Cola,10 Pack,11.5,23,3.07,1l,False,18,coca cola 1.25l,drinks,2026-08-21,2026-08-21T03:40:49.749250+00:00
coles,418503,Coca-Cola Diet Soft Drink Bottle,Coca-Cola,2L,4,,2,1l,False,19,coca cola 1.25l,drinks,2026-08-21,2026-08-21T03:40:49.749250+00:00
coles,1849293,Coca-Cola Vanilla Soft Drink Multipack Cans 375ml,Coca-Cola,10 Pack,11.5,23,3.07,1l,False,20,coca cola 1.25l,drinks,2026-08-21,2026-08-21T03:40:49.749250+00:00
coles,2993728,Coca-Cola Zero Sugar Soft Drink Bottle,Coca-Cola,600mL,4.7,,7.83,1l,False,21,coca cola 1.25l,drinks,2026-08-21,2026-08-21T03:40:49.749250+00:00
coles,3029790,Coca-Cola Zero Sugar Soft Drink Bottle,Coca-Cola,2L,4,,2,1l,False,22,coca cola 1.25l,drinks,2026-08-21,2026-08-21T03:40:49.749250+00:00
coles,1810607,Coca-Cola Zero Sugar Caffeine Free Soft Drink 12x300ml,Coca-Cola,3.6L,24,,6.67,1l,False,23,coca cola 1.25l,drinks,2026-08-21,2026-08-21T03:40:49.749250+00:00
coles,4991202,Coca-Cola Zero Sugar Soft Drink Bottle,Coca-Cola,1L,5.2,,5.2,1l,False,24,coca cola 1.25l,drinks,2026-08-21,2026-08-21T03:40:49.749250+00:00
coles,9981024,Coca-Cola Zero Sugar Zero Caffeine Bottle,Coca-Cola,600mL,4.7,,7.83,1l,False,25,coca cola 1.25l,drinks,2026-08-21,2026-08-21T03:40:49.749250+00:00
coles,8464800,Coca-Cola Diet Soft Drink Multipack Cans 375ml,Coca-Cola,30 Pack,32,,2.84,1l,False,26,coca cola 1.25l,drinks,2026-08-21,2026-08-21T03:40:49.749250+00:00
coles,3271139,Coca-Cola Vanilla Zero Sugar Soft Drink Bottle,Coca-Cola,600mL,4.7,,7.83,1l,False,27,coca cola 1.25l,drinks,2026-08-21,2026-08-21T03:40:49.749250+00:00
coles,5468407,Coca-Cola Classic Soft Drink Bottle,Coca-Cola,600mL,4.7,,7.83,1l,False,28,coca cola 1.25l,drinks,2026-08-21,2026-08-21T03:40:49.749250+00:00
coles,2993740,Coca-Cola Zero Sugar Soft Drink Multipack Cans 375ml,Coca-Cola,24 Pack,27,45,3,1l,False,29,coca cola 1.25l,drinks,2026-08-21,2026-08-21T03:40:49.749250+00:00
coles,8464810,Coca-Cola Zero Sugar Soft Drink Multipack Cans 375ml,Coca-Cola,30 Pack,32,,2.84,1l,False,30,coca cola 1.25l,drinks,2026-08-21,2026-08-21T03:40:49.749250+00:00
coles,5468440,Coca-Cola Diet Soft Drink Bottle,Coca-Cola,600mL,4.7,,7.83,1l,False,31,coca cola 1.25l,drinks,2026-08-21,2026-08-21T03:40:49.749250+00:00
coles,7365777,Coca-Cola Classic Soft Drink Multipack Cans 375ml,Coca-Cola,24 Pack,27,45,3,1l,False,32,coca cola 1.25l,drinks,2026-08-21,2026-08-21T03:40:49.749250+00:00
coles,4398690,Coca-Cola Zero Sugar Soft Drink Multipack Mini Cans 250ml,Coca-Cola,6 Pack,11,,7.33,1l,False,33,coca cola 1.25l,drinks,2026-08-21,2026-08-21T03:40:49.749250+00:00
coles,4398714,Coca-Cola Vanilla Soft Drink Multipack Mini Cans 250ml,Coca-Cola,6 Pack,11,,7.33,1l,False,34,coca cola 1.25l,drinks,2026-08-21,2026-08-21T03:40:49.749250+00:00
coles,8464796,Coca-Cola Classic Soft Drink Multipack Cans 375ml,Coca-Cola,30 Pack,32,,2.84,1l,False,35,coca cola 1.25l,drinks,2026-08-21,2026-08-21T03:40:49.749250+00:00
coles,4561203,Coca-Cola Diet Soft Drink Multipack Cans 375ml,Coca-Cola,24 Pack,27,45,3,1l,False,36,coca cola 1.25l,drinks,2026-08-21,2026-08-21T03:40:49.749250+00:00
coles,7910342,Coca-Cola Classic Soft Drink Multipack Mini Bottles 300ml,Coca-Cola,12 Pack,24,,6.67,1l,False,37,coca cola 1.25l,drinks,2026-08-21,2026-08-21T03:40:49.749250+00:00
coles,3989974,Coca-Cola Zero Sugar Vanilla Soft Drink Multipack Cans 375ml,Coca-Cola,10 Pack,11.5,23,3.07,1l,False,38,coca cola 1.25l,drinks,2026-08-21,2026-08-21T03:40:49.749250+00:00
coles,3989996,Coca-Cola Zero Sugar Zero Caffeine,Coca-Cola,3.75L,11.5,23,3.07,1l,False,39,coca cola 1.25l,drinks,2026-08-21,2026-08-21T03:40:49.749250+00:00
coles,4398689,Coca-Cola Classic Soft Drink Multipack Mini Cans 250ml,Coca-Cola,6 Pack,11,,7.33,1l,False,40,coca cola 1.25l,drinks,2026-08-21,2026-08-21T03:40:49.749250+00:00
coles,5484593,Coca-Cola Zero Sugar Vanilla Soft Drink Multipack Mini Cans 250ml,Coca-Cola,6 Pack,11,,7.33,1l,False,41,coca cola 1.25l,drinks,2026-08-21,2026-08-21T03:40:49.749250+00:00
coles,6670094,Coca-Cola Zero Sugar Zero Caffeine Soft Drink Multipack Cans 250ml,Coca-Cola,6 Pack,11,,7.33,1l,False,42,coca cola 1.25l,drinks,2026-08-21,2026-08-21T03:40:49.749250+00:00
woolworths,825528,Woolworths Orange Juice 2L,Woolworths,2L,4.2,4.2,2.1,1L,False,1,orange juice 2l,drinks,2026-08-21,2026-08-21T03:40:51.508638+00:00
woolworths,67056,Golden Circle Orange Fruit Juice 2L,Golden Circle,2L,6.5,6.5,3.25,1L,False,2,orange juice 2l,drinks,2026-08-21,2026-08-21T03:40:51.508638+00:00
woolworths,787165,Golden Circle Orange & Mango Fruit Juice 2L,Golden Circle,2L,6.5,6.5,3.25,1L,False,3,orange juice 2l,drinks,2026-08-21,2026-08-21T03:40:51.508638+00:00
woolworths,90211,Daily Juice Co Pulp Free Orange Fruit Juice 2L,Daily Juice Co,2L,5.95,5.95,2.98,1L,False,4,orange juice 2l,drinks,2026-08-21,2026-08-21T03:40:51.508638+00:00
woolworths,6033180,Woolworths Orange Juice 2L,Woolworths,2L,5.5,5.5,2.75,1L,False,5,orange juice 2l,drinks,2026-08-21,2026-08-21T03:40:51.508638+00:00
woolworths,104407,Golden Circle Pine Orange Fruit Juice 2L,Golden Circle,2L,4.8,4.8,2.4,1L,False,6,orange juice 2l,drinks,2026-08-21,2026-08-21T03:40:51.508638+00:00
woolworths,104086,Juice Lovers Orange Low Pulp 2L,Juice Lovers,2L,6.8,6.8,3.4,1L,False,7,orange juice 2l,drinks,2026-08-21,2026-08-21T03:40:51.508638+00:00
woolworths,104255,Juice Lovers Orange With Pulp 2L,Juice Lovers,2L,6.8,6.8,3.4,1L,False,8,orange juice 2l,drinks,2026-08-21,2026-08-21T03:40:51.508638+00:00
woolworths,47123,Daily Juice Co Orange Fruit Juice With Pulp 2L,Daily Juice Co,2L,5.95,5.95,2.98,1L,False,9,orange juice 2l,drinks,2026-08-21,2026-08-21T03:40:51.508638+00:00
woolworths,938216,Eastcoast Orange Juice Pulp Free 2L,Eastcoast,2L,7.5,7.5,3.75,1L,False,10,orange juice 2l,drinks,2026-08-21,2026-08-21T03:40:51.508638+00:00
coles,5129900,Daily Juice No Added Sugar Orange Juice,Daily Juice,2L,7.8,,3.9,1l,False,1,orange juice 2l,drinks,2026-08-21,2026-08-21T03:40:51.508638+00:00
coles,7829200,The Juice Brothers Orange Juice,The Juice Brothers,1L,4.6,,4.6,1l,False,2,orange juice 2l,drinks,2026-08-21,2026-08-21T03:40:51.508638+00:00
coles,5738160,Daily Juice Pulp Free No Added Sugar Orange Juice,Daily Juice,2L,7.8,,3.9,1l,False,3,orange juice 2l,drinks,2026-08-21,2026-08-21T03:40:51.508638+00:00
coles,105563,Just Juice Orange Juice,Just Juice,1L,3.5,,3.5,1l,False,4,orange juice 2l,drinks,2026-08-21,2026-08-21T03:40:51.508638+00:00
coles,4465378,Daily Juice Orange Juice,Daily Juice,1L,3.8,4.8,3.8,1l,False,5,orange juice 2l,drinks,2026-08-21,2026-08-21T03:40:51.508638+00:00
coles,5001281,Just Juice 100% Juice Orange 6x200ml,Just Juice,1.2L,6.5,,5.42,1l,False,6,orange juice 2l,drinks,2026-08-21,2026-08-21T03:40:51.508638+00:00
coles,8190089,Original Juice Co. Black Label Chilled Orange Juice,Original Juice Co.,1.5L,6.95,,4.63,1l,False,7,orange juice 2l,drinks,2026-08-21,2026-08-21T03:40:51.508638+00:00
coles,7009375,Daily Juice Orange No Added Sugar,Daily Juice,3L,8.9,,2.97,1l,False,8,orange juice 2l,drinks,2026-08-21,2026-08-21T03:40:51.508638+00:00
coles,7016075,Grove Juice Orange With Pulp,Grove Juice,1.5L,7.95,,5.3,1l,False,9,orange juice 2l,drinks,2026-08-21,2026-08-21T03:40:51.508638+00:00
coles,2913525,Mumble Peg Orange Juice,Mumble Peg,2L,9,,4.5,1l,False,10,orange juice 2l,drinks,2026-08-21,2026-08-21T03:40:51.508638+00:00
coles,2690908,Coles Finest Orange Juice,Coles Finest,2L,6.5,,3.25,1l,False,11,orange juice 2l,drinks,2026-08-21,2026-08-21T03:40:51.508638+00:00
coles,2531551,Coles Juice Orange,Coles,2L,4.2,,2.1,1l,False,12,orange juice 2l,drinks,2026-08-21,2026-08-21T03:40:51.508638+00:00
coles,7016100,Grove Juice Orange Pulp Free,Grove Juice,1.5L,7.95,,5.3,1l,False,13,orange juice 2l,drinks,2026-08-21,2026-08-21T03:40:51.508638+00:00
coles,5972917,Original Juice Co. Black Label Pulp Free Chilled Orange Juice,Original Juice Co.,1.5L,6.95,,4.63,1l,False,14,orange juice 2l,drinks,2026-08-21,2026-08-21T03:40:51.508638+00:00
coles,8772700,Daily Juice Orange Pulp Free No Added Sugar,Daily Juice,3L,8.9,,2.97,1l,False,15,orange juice 2l,drinks,2026-08-21,2026-08-21T03:40:51.508638+00:00
coles,5487445,Golden Circle 100% Juice Orange,Golden Circle,2L,5.2,6.5,2.6,1l,False,16,orange juice 2l,drinks,2026-08-21,2026-08-21T03:40:51.508638+00:00
coles,7016097,Grove Juice Orange Mango Pineapple Apple Passionfruit,Grove Juice,1.5L,7.95,,5.3,1l,False,17,orange juice 2l,drinks,2026-08-21,2026-08-21T03:40:51.508638+00:00
coles,7895759,Nudie Nothing But Juice Orange,Nudie,2L,9.5,,4.75,1l,False,18,orange juice 2l,drinks,2026-08-21,2026-08-21T03:40:51.508638+00:00
coles,7074311,Nippy's Orange Juice Unsweetened Chilled,Nippy's,2L,6.5,8,3.25,1l,False,19,orange juice 2l,drinks,2026-08-21,2026-08-21T03:40:51.508638+00:00
coles,2690920,Coles Finest Orange Juice Pulp Free,Coles Finest,2L,6.5,,3.25,1l,False,20,orange juice 2l,drinks,2026-08-21,2026-08-21T03:40:51.508638+00:00
coles,2044540,Golden Circle 100% Orange Mango Juice,Golden Circle,2L,5.2,6.5,2.6,1l,False,21,orange juice 2l,drinks,2026-08-21,2026-08-21T03:40:51.508638+00:00
coles,3956636,Eastcoast Orange Mango Papaya Juice,Eastcoast,2L,7.5,,3.75,1l,False,22,orange juice 2l,drinks,2026-08-21,2026-08-21T03:40:51.508638+00:00
coles,1419363,Coles Red Tab Fresh Pulp Orange Juice,Coles,2L,5.5,,2.75,1l,False,23,orange juice 2l,drinks,2026-08-21,2026-08-21T03:40:51.508638+00:00
coles,8738439,Nudie Nothing But 100% Juice Orange Pulp Free,Nudie,2L,9.5,,4.75,1l,False,24,orange juice 2l,drinks,2026-08-21,2026-08-21T03:40:51.508638+00:00
coles,1866678,Fresh Imperfect Juicing Orange,Fresh,4Kg,7.9,,1.98,1kg,False,25,orange juice 2l,drinks,2026-08-21,2026-08-21T03:40:51.508638+00:00
coles,2802921,Nudie Nothing But 100% Juice Orange Double Pulp,Nudie,2L,9.5,,4.75,1l,False,26,orange juice 2l,drinks,2026-08-21,2026-08-21T03:40:51.508638+00:00
coles,1423101,Nudie Nothing But Juice Apple Mango & Orange,Nudie,2L,8.8,9.8,4.4,1l,False,27,orange juice 2l,drinks,2026-08-21,2026-08-21T03:40:51.508638+00:00
coles,1419320,Coles Red Tab Fresh Pulp Free Orange Juice,Coles,2L,5.5,,2.75,1l,False,28,orange juice 2l,drinks,2026-08-21,2026-08-21T03:40:51.508638+00:00
coles,9485565,Coles Dairy Orange Juice,Coles Dairy,3L,7.4,,2.47,1l,False,29,orange juice 2l,drinks,2026-08-21,2026-08-21T03:40:51.508638+00:00
coles,8147137,Golden Circle 100% Pine Orange,Golden Circle,2L,4.8,,2.4,1l,False,30,orange juice 2l,drinks,2026-08-21,2026-08-21T03:40:51.508638+00:00
coles,3118313,Nudie Nothing But Carrot Apple Orange & Ginger,Nudie,2L,7.8,9.8,3.9,1l,False,31,orange juice 2l,drinks,2026-08-21,2026-08-21T03:40:51.508638+00:00
coles,2999418,Nudie Nothing But Juice Orange,Nudie,3L,12,,4,1l,False,32,orange juice 2l,drinks,2026-08-21,2026-08-21T03:40:51.508638+00:00
coles,4845619,Impressed Essentials Orange Juice With Pulp,Impressed,1L,4.5,5,4.5,1l,False,33,orange juice 2l,drinks,2026-08-21,2026-08-21T03:40:51.508638+00:00
coles,8757069,Daily Juice Pulp Free No Added Sugar Orange Juice,Daily Juice,500mL,3.55,,7.1,1l,False,34,orange juice 2l,drinks,2026-08-21,2026-08-21T03:40:51.508638+00:00
coles,4845620,Impressed Essentials Orange Juice Pulp Free,Impressed,1L,4.5,5,4.5,1l,False,35,orange juice 2l,drinks,2026-08-21,2026-08-21T03:40:51.508638+00:00
coles,8738530,Nudie Nothing But 100% Fresh Juice Orange,Nudie,1L,6.5,,6.5,1l,False,36,orange juice 2l,drinks,2026-08-21,2026-08-21T03:40:51.508638+00:00
coles,1199890,Grove Juice Cucumber- Orange- Spinach & Capsicum,Grove Juice,350mL,3.5,,,1l,False,37,orange juice 2l,drinks,2026-08-21,2026-08-21T03:40:51.508638+00:00
coles,8818094,Original Juice Co. Black Label Chilled Orange Juice,Original Juice Co.,600mL,3.75,4.2,6.25,1l,False,38,orange juice 2l,drinks,2026-08-21,2026-08-21T03:40:51.508638+00:00
coles,8771853,Grove Juice Orange Mango Passionfruit Pineapple Apple,Grove Juice,350mL,3.5,,10,1l,False,39,orange juice 2l,drinks,2026-08-21,2026-08-21T03:40:51.508638+00:00
coles,8738552,Nudie Nothing But 100% Fresh Juice Orange Pulp Free,Nudie,1L,6.5,,6.5,1l,False,40,orange juice 2l,drinks,2026-08-21,2026-08-21T03:40:51.508638+00:00
coles,2803786,Grove Signature Orange Juice,Grove,350mL,3.5,,10,1l,False,41,orange juice 2l,drinks,2026-08-21,2026-08-21T03:40:51.508638+00:00
coles,3724390,Nudie Nothing But Orange Juice,Nudie,400mL,4.5,,11.25,1l,False,42,orange juice 2l,drinks,2026-08-21,2026-08-21T03:40:51.508638+00:00
coles,1013915,Coles Finest Juice Orange,Coles Finest,500mL,2.5,,5,1l,False,43,orange juice 2l,drinks,2026-08-21,2026-08-21T03:40:51.508638+00:00
coles,8055549,Remedy Sodaly Blood Orange,Remedy,330mL,4.3,,13.03,1l,False,44,orange juice 2l,drinks,2026-08-21,2026-08-21T03:40:51.508638+00:00
coles,5626676,Nudie Antioxidant Carrot Tumeric Orange Apple Lime,Nudie,1L,7,,7,1l,False,45,orange juice 2l,drinks,2026-08-21,2026-08-21T03:40:51.508638+00:00
coles,7016520,Nudie Nothing But Kids Orange Juice,Nudie,200mL,2.8,,14,1l,False,46,orange juice 2l,drinks,2026-08-21,2026-08-21T03:40:51.508638+00:00
coles,5626654,Nudie Immunity Beetroot Carrot Orange Pear Ginger,Nudie,1L,7,,7,1l,False,47,orange juice 2l,drinks,2026-08-21,2026-08-21T03:40:51.508638+00:00
coles,7452656,Orchy Orange & Passionfruit Juice Chilled,Orchy,375mL,1.85,2.3,4.93,1l,False,48,orange juice 2l,drinks,2026-08-21,2026-08-21T03:40:51.508638+00:00
woolworths,799638,Woolworths Sparkling Mineral Water 1.25L,Woolworths,1.25L,1.1,1.1,0.88,1L,False,1,sparkling mineral water 1.25l,drinks,2026-08-21,2026-08-21T03:40:53.448977+00:00
woolworths,221494,Mount Franklin Lightly Sparkling Water Passionfruit 1.25L,Mount Franklin,1.25L,2,2,1.6,1L,False,2,sparkling mineral water 1.25l,drinks,2026-08-21,2026-08-21T03:40:53.448977+00:00
woolworths,178132,Mount Franklin Lightly Sparkling Water Raspberry 1.25L,Mount Franklin,1.25L,2,2,1.6,1L,False,3,sparkling mineral water 1.25l,drinks,2026-08-21,2026-08-21T03:40:53.448977+00:00
woolworths,925726,Mount Franklin Lightly Sparkling Water Pineapple 1.25L,Mount Franklin,1.25L,2,2,1.6,1L,False,4,sparkling mineral water 1.25l,drinks,2026-08-21,2026-08-21T03:40:53.448977+00:00
woolworths,725866,Mount Franklin Lightly Sparkling Water Lime Bottle 1.25L,Mount Franklin,1.25L,2,2,1.6,1L,False,5,sparkling mineral water 1.25l,drinks,2026-08-21,2026-08-21T03:40:53.448977+00:00
woolworths,332730,Mount Franklin Lightly Sparkling Water Natural Bottle 1.25L,Mount Franklin,1.25L,2,2,1.6,1L,False,6,sparkling mineral water 1.25l,drinks,2026-08-21,2026-08-21T03:40:53.448977+00:00
woolworths,332732,Mount Franklin Lightly Sparkling Water Lemon Bottle 1.25L,Mount Franklin,1.25L,2,2,1.6,1L,False,7,sparkling mineral water 1.25l,drinks,2026-08-21,2026-08-21T03:40:53.448977+00:00
coles,3277055,Sanpellegrino. Sparkling Mineral Water,Sanpellegrino.,6 Pack,16,,5.33,1l,False,1,sparkling mineral water 1.25l,drinks,2026-08-21,2026-08-21T03:40:53.448977+00:00
coles,8129113,Yaru Sparkling Mineral Water,Yaru,1L,1.7,,1.7,1l,False,2,sparkling mineral water 1.25l,drinks,2026-08-21,2026-08-21T03:40:53.448977+00:00
coles,3342044,Sanpellegrino Sparkling Mineral Water Bottle,Sanpellegrino,750mL,3.25,,4.33,1l,False,3,sparkling mineral water 1.25l,drinks,2026-08-21,2026-08-21T03:40:53.448977+00:00
coles,3068929,Uludag Sparkling Mineral Water,Uludag,6 Pack,9.6,,8,1l,False,4,sparkling mineral water 1.25l,drinks,2026-08-21,2026-08-21T03:40:53.448977+00:00
coles,5180522,Coles Natural Mineral Water,Coles,1.25L,1.1,,0.88,1l,False,5,sparkling mineral water 1.25l,drinks,2026-08-21,2026-08-21T03:40:53.448977+00:00
coles,3498509,Sanpellegrino Pet Sparkling Mineral Water Bottle,Sanpellegrino,1L,4.15,,4.15,1l,False,6,sparkling mineral water 1.25l,drinks,2026-08-21,2026-08-21T03:40:53.448977+00:00
coles,9811997,Santa Vittoria Sparkling Mineral Water,Santa Vittoria,1.5L,3.6,,2.4,1l,False,7,sparkling mineral water 1.25l,drinks,2026-08-21,2026-08-21T03:40:53.448977+00:00
coles,8129204,Yaru Sparkling Mineral Water Glass Bottle,Yaru,750mL,3.6,,,,False,8,sparkling mineral water 1.25l,drinks,2026-08-21,2026-08-21T03:40:53.448977+00:00
coles,9987745,Yaru Flavoured Sparkling Mineral Water Wild Berry,Yaru,1L,1.7,,,1l,False,9,sparkling mineral water 1.25l,drinks,2026-08-21,2026-08-21T03:40:53.448977+00:00
coles,9987734,Yaru Flavoured Sparkling Mineral Water Finger Lime,Yaru,1L,1.7,,1.7,1l,False,10,sparkling mineral water 1.25l,drinks,2026-08-21,2026-08-21T03:40:53.448977+00:00
coles,4465651,Capi All Australian Sparkling Water 750ml,Capi,750mL,2.95,,3.93,1l,False,11,sparkling mineral water 1.25l,drinks,2026-08-21,2026-08-21T03:40:53.448977+00:00
coles,3014974,Schweppes Natural Mineral Water Bottle,Schweppes,1.1L,1.95,3.3,1.77,1l,False,12,sparkling mineral water 1.25l,drinks,2026-08-21,2026-08-21T03:40:53.448977+00:00
coles,1056598,Schweppes Mineral Water Infused Strawberry,Schweppes,1.1L,1.95,3.3,1.77,1l,False,13,sparkling mineral water 1.25l,drinks,2026-08-21,2026-08-21T03:40:53.448977+00:00
coles,6274530,Schweppes Zero Sugar Lime & Lemon Infused Natural Mineral Sparkling Water 10x375ml,Schweppes,10 Pack,20,,5.33,1l,False,14,sparkling mineral water 1.25l,drinks,2026-08-21,2026-08-21T03:40:53.448977+00:00
coles,1056576,Schweppes Mineral Water Infused Pineapple Passionfruit,Schweppes,1.1L,1.95,3.3,1.77,1l,False,15,sparkling mineral water 1.25l,drinks,2026-08-21,2026-08-21T03:40:53.448977+00:00
coles,1056554,Schweppes Mineral Water Infused Lemon Lime,Schweppes,1.1L,1.95,3.3,1.77,1l,False,16,sparkling mineral water 1.25l,drinks,2026-08-21,2026-08-21T03:40:53.448977+00:00
coles,6274541,Schweppes Zero Sugar Raspberry & Blueberry Infused Natural Mineral Sparkling Water 375mL x 10 Pack,Schweppes,10 Pack,20,,5.33,1l,False,17,sparkling mineral water 1.25l,drinks,2026-08-21,2026-08-21T03:40:53.448977+00:00
coles,4677172,Schweppes Zero Sugar Blood Orange Infused Mineral Water Cans Multipack 10x375ml,Schweppes,10 Pack,20,,5.33,1l,False,18,sparkling mineral water 1.25l,drinks,2026-08-21,2026-08-21T03:40:53.448977+00:00
woolworths,36066,Arnott's Tim Tam Original Chocolate Biscuits 200g,Arnott's,200g,6,6,3,100G,False,1,tim tams,snacks,2026-08-21,2026-08-21T03:40:55.163879+00:00
woolworths,32257,Arnott's Tim Tam Double Chocolate Biscuits 200g,Arnott's,200g,6,6,3,100G,False,2,tim tams,snacks,2026-08-21,2026-08-21T03:40:55.163879+00:00
woolworths,117833,Arnott's Tim Tam Chewy Caramel Chocolate Biscuits 175g,Arnott's,175g,6,6,3.43,100G,False,3,tim tams,snacks,2026-08-21,2026-08-21T03:40:55.163879+00:00
woolworths,6063767,Arnott's Tim Tam Choc Mint Biscuits 165g,Arnott's,165g,6,6,3.64,100G,False,4,tim tams,snacks,2026-08-21,2026-08-21T03:40:55.163879+00:00
woolworths,84628,Arnott's Tim Tam Original Family Pack Chocolate Biscuits 365g,Arnott's,365g,8,8,2.19,100G,False,5,tim tams,snacks,2026-08-21,2026-08-21T03:40:55.163879+00:00
woolworths,89972,Arnott's Tim Tam Dark Chocolate Biscuits 200g,Arnott's,200g,6,6,3,100G,False,6,tim tams,snacks,2026-08-21,2026-08-21T03:40:55.163879+00:00
woolworths,332047,Arnott's Tim Tam White Chocolate Biscuits 165g,Arnott's,165g,6,6,3.64,100G,False,7,tim tams,snacks,2026-08-21,2026-08-21T03:40:55.163879+00:00
woolworths,6049855,Arnott's Tim Tam Mangoes & Cream Biscuits 165g,Arnott's,165g,6,6,3.64,100G,False,8,tim tams,snacks,2026-08-21,2026-08-21T03:40:55.163879+00:00
woolworths,393671,Arnott's Gluten Free Tim Tam Biscuits 150g,Arnott's,150g,5.5,5.5,3.67,100G,False,9,tim tams,snacks,2026-08-21,2026-08-21T03:40:55.163879+00:00
woolworths,904881,Arnott's TimTams Inspired By Jatz 165g,Arnott's,165g,6,6,3.64,100G,False,10,tim tams,snacks,2026-08-21,2026-08-21T03:40:55.163879+00:00
coles,329607,Arnott's Tim Tam Chocolate Biscuits Original,Arnott's,200g,3,6,1.5,100g,False,1,tim tams,snacks,2026-08-21,2026-08-21T03:40:55.163879+00:00
coles,7029292,Arnott's Tim Tam Chocolate Biscuits Double Coat,Arnott's,200g,3,6,1.5,100g,False,2,tim tams,snacks,2026-08-21,2026-08-21T03:40:55.163879+00:00
coles,6634760,Arnott's Tim Tam Original Chocolate Biscuit Large Pack,Arnott's,365g,8,,2.19,100g,False,3,tim tams,snacks,2026-08-21,2026-08-21T03:40:55.163879+00:00
coles,8655375,Arnott's Tim Tam Chocolate Biscuits Caramel,Arnott's,175g,3,6,1.71,100g,False,4,tim tams,snacks,2026-08-21,2026-08-21T03:40:55.163879+00:00
coles,6025536,Arnott's Tim Tam Chocolate Biscuits Dark,Arnott's,200g,3,6,1.5,100g,False,5,tim tams,snacks,2026-08-21,2026-08-21T03:40:55.163879+00:00
coles,7243805,Arnott's Tim Tam White Chocolate Biscuits,Arnott's,165g,3,6,1.82,100g,False,6,tim tams,snacks,2026-08-21,2026-08-21T03:40:55.163879+00:00
coles,4964414,Arnott's Tim Tam Deluxe Chocolate Biscuits Salted Caramel Brownie,Arnott's,175g,6.5,,3.71,100g,False,7,tim tams,snacks,2026-08-21,2026-08-21T03:40:55.163879+00:00
coles,4964378,Arnott's Tim Tam Deluxe Chocolate Biscuits Triple Choc,Arnott's,175g,6.5,,3.71,100g,False,8,tim tams,snacks,2026-08-21,2026-08-21T03:40:55.163879+00:00
coles,4964389,Arnott's Tim Tam Deluxe Chocolate Biscuits Dark Dark Mint,Arnott's,175g,6.5,,3.71,100g,False,9,tim tams,snacks,2026-08-21,2026-08-21T03:40:55.163879+00:00
coles,6845799,Arnott's Gluten Free Tim Tam Original Biscuits,Arnott's,150g,5.5,,3.67,100g,False,10,tim tams,snacks,2026-08-21,2026-08-21T03:40:55.163879+00:00
coles,7862884,Arnott's Tim Tam Jatz Biscuits,Arnott's,165g,3,6,1.82,100g,False,11,tim tams,snacks,2026-08-21,2026-08-21T03:40:55.163879+00:00
coles,1714910,Arnott's Tim Tam Iced Vovo Biscuits,Arnott's,175g,3,6,1.71,100g,False,12,tim tams,snacks,2026-08-21,2026-08-21T03:40:55.163879+00:00
woolworths,319969,Thins Sour Cream & Chives Potato Chips 175g,Thins,175g,5,5,2.86,100G,False,1,potato chips 175g,snacks,2026-08-21,2026-08-21T03:40:56.990248+00:00
woolworths,396254,Woolworths Sea Salt Deli Style Potato Chips 175g,Woolworths,175g,3,3,1.71,100G,False,2,potato chips 175g,snacks,2026-08-21,2026-08-21T03:40:56.990248+00:00
woolworths,6002706,Woolworths Deli Style Potato Chips Sea Salt & Balsamic Vinegar 175g,Woolworths,175g,3,3,1.71,100G,False,3,potato chips 175g,snacks,2026-08-21,2026-08-21T03:40:56.990248+00:00
woolworths,6001632,Woolworths Deli Style Potato Chips Sweet Chilli & Sour Cream 175g,Woolworths,175g,3,3,1.71,100G,False,4,potato chips 175g,snacks,2026-08-21,2026-08-21T03:40:56.990248+00:00
woolworths,339134,Smith's Thinly Cut Potato Chips Share Pack Original 175g,Smith's,175g,2.5,2.5,1.43,100G,False,5,potato chips 175g,snacks,2026-08-21,2026-08-21T03:40:56.990248+00:00
woolworths,707181,Smith's Thinly Cut Potato Chips Roast Chicken & Thyme 175g,Smith's,175g,2.5,2.5,1.43,100G,False,6,potato chips 175g,snacks,2026-08-21,2026-08-21T03:40:56.990248+00:00
woolworths,387119,Smith's Thinly Cut Potato Chips Share Pack Lightly Tangy 175g,Smith's,175g,2.5,2.5,1.43,100G,False,7,potato chips 175g,snacks,2026-08-21,2026-08-21T03:40:56.990248+00:00
woolworths,339137,Smith's Thinly Cut Potato Chips Share Pack Salt & Vinegar 175g,Smith's,175g,2.5,2.5,1.43,100G,False,8,potato chips 175g,snacks,2026-08-21,2026-08-21T03:40:56.990248+00:00
woolworths,332426,Smith's Thinly Cut Potato Chips Share Pack Sour Cream & Onion 175g,Smith's,175g,2.5,2.5,1.43,100G,False,9,potato chips 175g,snacks,2026-08-21,2026-08-21T03:40:56.990248+00:00
woolworths,528441,Smith's Thinly Cut Potato Chips Share Pack Sweet Chilli & Sour Cream 175g,Smith's,175g,2.5,2.5,1.43,100G,False,10,potato chips 175g,snacks,2026-08-21,2026-08-21T03:40:56.990248+00:00
coles,1260302,Natural Chip Co. Sea Salt Potato Chips,Natural Chip Co.,175g,3.3,,1.89,100g,False,1,potato chips 175g,snacks,2026-08-21,2026-08-21T03:40:56.990248+00:00
coles,1260313,Natural Chip Co. Sea Salt & Vinegar Potato Chips,Natural Chip Co.,175g,3.3,,1.89,100g,False,2,potato chips 175g,snacks,2026-08-21,2026-08-21T03:40:56.990248+00:00
coles,1260335,Natural Chip Co. Honey Soy Chicken Potato Chips,Natural Chip Co.,175g,3.3,,1.89,100g,False,3,potato chips 175g,snacks,2026-08-21,2026-08-21T03:40:56.990248+00:00
coles,8030617,Takis Blue Tortilla Chips 92.3g,Takis Blue,92.3 GRAM,6.5,,7.04,100g,False,4,potato chips 175g,snacks,2026-08-21,2026-08-21T03:40:56.990248+00:00
coles,8020635,Takis Fuego Tortilla Chips 92.3g,Takis Fuego,92.3 GRAM,6.5,,7.04,100g,False,5,potato chips 175g,snacks,2026-08-21,2026-08-21T03:40:56.990248+00:00
coles,1674065,Natural Chip Co. Chips Sour Cream & Chives,Natural Chip Co.,175g,3.3,,1.89,100g,False,6,potato chips 175g,snacks,2026-08-21,2026-08-21T03:40:56.990248+00:00
coles,6833891,Thins Original Potato Chips,Thins,175g,2.5,5,1.43,100g,False,7,potato chips 175g,snacks,2026-08-21,2026-08-21T03:40:56.990248+00:00
coles,6833950,Thins Chicken Potato Chips,Thins,175g,2.5,5,1.43,100g,False,8,potato chips 175g,snacks,2026-08-21,2026-08-21T03:40:56.990248+00:00
coles,6833927,Thins Light & Tangy Potato Chips,Thins,175g,2.5,5,1.43,100g,False,9,potato chips 175g,snacks,2026-08-21,2026-08-21T03:40:56.990248+00:00
coles,6833949,Thins Salt & Vinegar Potato Chips,Thins,175g,2.5,5,1.43,100g,False,10,potato chips 175g,snacks,2026-08-21,2026-08-21T03:40:56.990248+00:00
coles,7117775,French Fries Original Potato Chips,French Fries,175g,2.5,5,1.43,100g,False,11,potato chips 175g,snacks,2026-08-21,2026-08-21T03:40:56.990248+00:00
coles,5706221,Smith's Thinly Cut Potato Chips Share Pack Original,Smith's,175g,2.5,,1.43,100g,False,12,potato chips 175g,snacks,2026-08-21,2026-08-21T03:40:56.990248+00:00
coles,6989529,Coles Potato Chips Crinkle Cut Salt & Vinegar,Coles,175g,2,,1.14,100g,False,13,potato chips 175g,snacks,2026-08-21,2026-08-21T03:40:56.990248+00:00
coles,1721846,Thins Sour Cream & Chives Potato Chips,Thins,175g,2.5,5,1.43,100g,False,14,potato chips 175g,snacks,2026-08-21,2026-08-21T03:40:56.990248+00:00
coles,7533893,Coles Deli Style Potato Chips Sea Salt,Coles Deli,175g,3,,1.71,100g,False,15,potato chips 175g,snacks,2026-08-21,2026-08-21T03:40:56.990248+00:00
coles,5706254,Smith's Thinly Cut Potato Chips Share Pack Salt & Vinegar,Smith's,175g,2.5,,1.43,100g,False,16,potato chips 175g,snacks,2026-08-21,2026-08-21T03:40:56.990248+00:00
coles,1649760,Smith's Thinly Cut Potato Chips Tzatziki,Smith's,175g,2.5,,1.43,100g,False,17,potato chips 175g,snacks,2026-08-21,2026-08-21T03:40:56.990248+00:00
coles,5706276,Smith's Thinly Cut Potato Chips Share Pack Sour Cream & Onion,Smith's,175g,2.5,,1.43,100g,False,18,potato chips 175g,snacks,2026-08-21,2026-08-21T03:40:56.990248+00:00
coles,9065854,Coles Deli Style Potato Chips Sour Cream Sweet,Coles,175g,3,,1.71,100g,False,19,potato chips 175g,snacks,2026-08-21,2026-08-21T03:40:56.990248+00:00
coles,9066766,Red Rock Deli Chips Spicy Chilli Sriracha,Red Rock Deli Chips,165g,6,,3.64,100g,False,20,potato chips 175g,snacks,2026-08-21,2026-08-21T03:40:56.990248+00:00
coles,9139724,Kettle Chilli Potato Chips,Kettle,165g,3.6,,2.18,100g,False,21,potato chips 175g,snacks,2026-08-21,2026-08-21T03:40:56.990248+00:00
coles,3721610,Indomie Chitato MI Goreng Potato Chips,Indomie Chitato,55g,2.25,,4.09,100g,False,22,potato chips 175g,snacks,2026-08-21,2026-08-21T03:40:56.990248+00:00
coles,476022,McCain Superfries Frozen Potato Chips Shoestring,McCain,900g,4.3,,4.78,1kg,False,23,potato chips 175g,snacks,2026-08-21,2026-08-21T03:40:56.990248+00:00
coles,2845957,Smith's Thinly Cut Potato Chips Share Pack Sweet Chilli & Sour Cream,Smith's,175g,2.5,,1.43,100g,False,24,potato chips 175g,snacks,2026-08-21,2026-08-21T03:40:56.990248+00:00
coles,2784070,Pringles Potato Chips Barbeque,Pringles,134g,5.5,,4.1,100g,False,25,potato chips 175g,snacks,2026-08-21,2026-08-21T03:40:56.990248+00:00
coles,2784047,Pringles Potato Chips Original,Pringles,134g,5.5,,4.1,100g,False,26,potato chips 175g,snacks,2026-08-21,2026-08-21T03:40:56.990248+00:00
coles,2784127,Pringles Potato Chips Original,Pringles,53g,2,2.7,3.77,100g,False,27,potato chips 175g,snacks,2026-08-21,2026-08-21T03:40:56.990248+00:00
coles,5066946,McCain Superfries Frozen Potato Chips Crinkle Cut,McCain,900g,4.3,,4.78,1kg,False,28,potato chips 175g,snacks,2026-08-21,2026-08-21T03:40:56.990248+00:00
coles,3728187,Calbee Potato Chips Hot & Spicy,Calbee,55g,3,3.9,5.45,100g,False,29,potato chips 175g,snacks,2026-08-21,2026-08-21T03:40:56.990248+00:00
coles,1649603,Smith's Crinkle Potato Chips Gravy,Smith's,150g,3.75,5,2.5,100g,False,30,potato chips 175g,snacks,2026-08-21,2026-08-21T03:40:56.990248+00:00
coles,91710,McCain Superfries Frozen Potato Chips Straight Cut,McCain,900g,4.3,,4.78,1kg,False,31,potato chips 175g,snacks,2026-08-21,2026-08-21T03:40:56.990248+00:00
coles,2873158,Smiths Original Crinkle Potato Chips,Smiths,60g,2.7,,4.5,100g,False,32,potato chips 175g,snacks,2026-08-21,2026-08-21T03:40:56.990248+00:00
coles,8156535,Kettle Sea Salt Potato Chips,Kettle,165g,3.6,,2.18,100g,False,33,potato chips 175g,snacks,2026-08-21,2026-08-21T03:40:56.990248+00:00
coles,5442709,McCain Healthy Choice Potato Chips Straight Cut,McCain,1kg,4.8,6,4.8,1kg,False,34,potato chips 175g,snacks,2026-08-21,2026-08-21T03:40:56.990248+00:00
coles,4204341,McCain Superfries Frozen Potato Chips Steak Cut,McCain,900g,4.3,,4.78,1kg,False,35,potato chips 175g,snacks,2026-08-21,2026-08-21T03:40:56.990248+00:00
coles,2358264,Smith's Crinkle BBQ Potato Chips,Smith's,170g,3.75,5,2.21,100g,False,36,potato chips 175g,snacks,2026-08-21,2026-08-21T03:40:56.990248+00:00
coles,2784069,Pringles Salt & Vinegar Potato Chips,Pringles,134g,5.5,,4.1,100g,False,37,potato chips 175g,snacks,2026-08-21,2026-08-21T03:40:56.990248+00:00
coles,8156557,Kettle Sea Salt & Vinegar Potato Chips,Kettle,165g,3.6,,2.18,100g,False,38,potato chips 175g,snacks,2026-08-21,2026-08-21T03:40:56.990248+00:00
coles,2873169,Smiths Salt & Vinegar Crinkle Potato Chips,Smiths,60g,2.7,,4.5,100g,False,39,potato chips 175g,snacks,2026-08-21,2026-08-21T03:40:56.990248+00:00
coles,9050471,Red Rock Deli Potato Chips Trio Of Cheese,Red Rock Deli,165g,6,,3.64,100g,False,40,potato chips 175g,snacks,2026-08-21,2026-08-21T03:40:56.990248+00:00
coles,1649567,Pringles Potato Chips Butter Caramel,Pringles,118g,5.5,,4.66,100g,False,41,potato chips 175g,snacks,2026-08-21,2026-08-21T03:40:56.990248+00:00
coles,1649829,Smith's Stax Potato Chips Original,Smith's,115g,4.8,,4.17,100g,False,42,potato chips 175g,snacks,2026-08-21,2026-08-21T03:40:56.990248+00:00
coles,1786150,Red Rock Deli Potato Chips Sea Salt,Red Rock Deli,165g,6,,3.64,100g,False,43,potato chips 175g,snacks,2026-08-21,2026-08-21T03:40:56.990248+00:00
coles,2137800,McCain Frozen Sweet Potato Chips,McCain,750g,7.7,,10.27,1kg,False,44,potato chips 175g,snacks,2026-08-21,2026-08-21T03:40:56.990248+00:00
coles,1649578,Smith's Crinkle Potato Chips Crispy Bacon,Smith's,150g,3.75,5,2.5,100g,False,45,potato chips 175g,snacks,2026-08-21,2026-08-21T03:40:56.990248+00:00
coles,8447630,Pringles Potato Chips Zesty Chilli & Lime,Pringles,118g,2.5,,,100g,True,46,potato chips 175g,snacks,2026-08-21,2026-08-21T03:40:56.990248+00:00
coles,2784058,Pringles Potato Chips Sour Cream & Onion,Pringles,134g,5.5,,4.1,100g,False,47,potato chips 175g,snacks,2026-08-21,2026-08-21T03:40:56.990248+00:00
coles,1713316,Birds Eye Golden Crunch Crinkle Cut Frozen Potato Chips,Birds Eye,2Kg,10,,5,1kg,False,48,potato chips 175g,snacks,2026-08-21,2026-08-21T03:40:56.990248+00:00
woolworths,280467,Smarties Milk Chocolate Block 180g,Smarties,180g,7.5,7.5,4.17,100G,False,1,milk chocolate block 180g,snacks,2026-08-21,2026-08-21T03:40:58.785205+00:00
woolworths,814479,Cadbury Dairy Milk Chocolate Block 180g,Cadbury,180g,4,8,2.22,100G,True,2,milk chocolate block 180g,snacks,2026-08-21,2026-08-21T03:40:58.785205+00:00
woolworths,813865,Cadbury Baking Milk Chocolate Block 180g,Cadbury,180g,7.5,7.5,4.17,100G,False,3,milk chocolate block 180g,snacks,2026-08-21,2026-08-21T03:40:58.785205+00:00
coles,6339240,Whittaker's Chocolate Creamy Hazella Milk Chocolate Block,Whittaker's Chocolate,250g,8,9,3.2,100g,False,1,milk chocolate block 180g,snacks,2026-08-21,2026-08-21T03:40:58.785205+00:00
coles,2313700,Cadbury Milk Chocolate Baking Block,Cadbury,180g,5.25,7.5,2.92,100g,False,2,milk chocolate block 180g,snacks,2026-08-21,2026-08-21T03:40:58.785205+00:00
coles,2313685,Cadbury Baking White Chocolate Block,Cadbury,180g,5.25,7.5,2.92,100g,False,3,milk chocolate block 180g,snacks,2026-08-21,2026-08-21T03:40:58.785205+00:00
coles,1650850,Coles Simply Milk Chocolate Block,Coles Simply,180g,3.5,,1.94,100g,False,4,milk chocolate block 180g,snacks,2026-08-21,2026-08-21T03:40:58.785205+00:00
coles,6040755,Smarties Milk Chocolate Block,Smarties,180g,5,7.5,2.78,100g,False,5,milk chocolate block 180g,snacks,2026-08-21,2026-08-21T03:40:58.785205+00:00
coles,2351709,Cadbury Dairy Milk Chocolate Block,Cadbury,180g,8,,4.44,100g,False,6,milk chocolate block 180g,snacks,2026-08-21,2026-08-21T03:40:58.785205+00:00
coles,4402185,Cadbury Dairy Milk Breakaway Chocolate Block,Cadbury,180g,8,,4.44,100g,False,7,milk chocolate block 180g,snacks,2026-08-21,2026-08-21T03:40:58.785205+00:00
coles,2351720,Cadbury Dairy Milk Hazelnut Chocolate Block,Cadbury,180g,8,,4.44,100g,False,8,milk chocolate block 180g,snacks,2026-08-21,2026-08-21T03:40:58.785205+00:00
coles,3618564,Cadbury Dairy Milk Coconut Rough Chocolate Block,Cadbury,180g,8,,4.44,100g,False,9,milk chocolate block 180g,snacks,2026-08-21,2026-08-21T03:40:58.785205+00:00
coles,1651048,Coles Milk Chocolate Fruit And Nut Block,Coles,180g,4.5,,2.5,100g,False,10,milk chocolate block 180g,snacks,2026-08-21,2026-08-21T03:40:58.785205+00:00
coles,8481558,Nestle Aero Milk Chocolate Block,Nestle,118g,5,7.5,4.24,100g,False,11,milk chocolate block 180g,snacks,2026-08-21,2026-08-21T03:40:58.785205+00:00
coles,6934811,Crunch Milk Chocolate Block,Crunch,170g,5,7.5,2.94,100g,False,12,milk chocolate block 180g,snacks,2026-08-21,2026-08-21T03:40:58.785205+00:00
coles,5872479,KitKat Milk Chocolate Block,KitKat,160g,5,7.5,3.13,100g,False,13,milk chocolate block 180g,snacks,2026-08-21,2026-08-21T03:40:58.785205+00:00
coles,1329919,Lindt Lindor Milk Chocolate Block,Lindt,100g,8.5,,8.5,100g,False,14,milk chocolate block 180g,snacks,2026-08-21,2026-08-21T03:40:58.785205+00:00
coles,1650941,Coles Milk Chocolate Raspberry Popping Crunch Block,Coles,180g,4.5,,2.5,100g,False,15,milk chocolate block 180g,snacks,2026-08-21,2026-08-21T03:40:58.785205+00:00
coles,1035259,Cadbury Dairy Milk Chocolate Block,Cadbury,100g,3,,3,100g,False,16,milk chocolate block 180g,snacks,2026-08-21,2026-08-21T03:40:58.785205+00:00
coles,1651015,Coles Milk Chocolate Toffee Caramel Brownie Block,Coles,180g,4.5,,2.5,100g,False,17,milk chocolate block 180g,snacks,2026-08-21,2026-08-21T03:40:58.785205+00:00
coles,1650985,Coles Milk Chocolate Salted Caramel Pretzel Block,Coles,180g,4.5,,2.5,100g,False,18,milk chocolate block 180g,snacks,2026-08-21,2026-08-21T03:40:58.785205+00:00
coles,2351618,Cadbury Dairy Milk Snack Chocolate Block,Cadbury,180g,8,,4.44,100g,False,19,milk chocolate block 180g,snacks,2026-08-21,2026-08-21T03:40:58.785205+00:00
coles,2351662,Cadbury Dairy Milk Caramello Chocolate Block,Cadbury,180g,8,,4.44,100g,False,20,milk chocolate block 180g,snacks,2026-08-21,2026-08-21T03:40:58.785205+00:00
coles,1068870,Cadbury Dairy Milk Chocolate Block,Cadbury,315g,8.5,,2.7,100g,False,21,milk chocolate block 180g,snacks,2026-08-21,2026-08-21T03:40:58.785205+00:00
coles,3761171,Cadbury Dairy Milk Marble Chocolate Block,Cadbury,173g,8,,4.62,100g,False,22,milk chocolate block 180g,snacks,2026-08-21,2026-08-21T03:40:58.785205+00:00
coles,1579519,Cadbury Dairy Milk Biscoff Chocolate Block,Cadbury,170g,8,,4.71,100g,False,23,milk chocolate block 180g,snacks,2026-08-21,2026-08-21T03:40:58.785205+00:00
coles,2770235,Cadbury Dairy Milk Tropical Pineapple Chocolate Block,Cadbury,180g,8,,4.44,100g,False,24,milk chocolate block 180g,snacks,2026-08-21,2026-08-21T03:40:58.785205+00:00
coles,7157168,Aero Peppermint Milk Chocolate Block,Aero,118g,5,7.5,4.24,100g,False,25,milk chocolate block 180g,snacks,2026-08-21,2026-08-21T03:40:58.785205+00:00
coles,5365459,Whittaker's Block Chocolate Creamy Milk Block,Whittaker's,250g,8,9,3.2,100g,False,26,milk chocolate block 180g,snacks,2026-08-21,2026-08-21T03:40:58.785205+00:00
coles,1329930,Lindt Lindor Tiramisu Milk Chocolate Block,Lindt,100g,8.5,,8.5,100g,False,27,milk chocolate block 180g,snacks,2026-08-21,2026-08-21T03:40:58.785205+00:00
coles,2351630,Cadbury Dairy Milk Roast Almond Chocolate Block,Cadbury,180g,8,,4.44,100g,False,28,milk chocolate block 180g,snacks,2026-08-21,2026-08-21T03:40:58.785205+00:00
coles,2351607,Cadbury Dairy Milk Top Deck Chocolate Block,Cadbury,180g,8,,4.44,100g,False,29,milk chocolate block 180g,snacks,2026-08-21,2026-08-21T03:40:58.785205+00:00
coles,2351593,Cadbury Dairy Milk Turkish Delight Chocolate Block,Cadbury,180g,8,,4.44,100g,False,30,milk chocolate block 180g,snacks,2026-08-21,2026-08-21T03:40:58.785205+00:00
coles,2351673,Cadbury Dairy Milk Black Forest Chocolate Block,Cadbury,180g,8,,4.44,100g,False,31,milk chocolate block 180g,snacks,2026-08-21,2026-08-21T03:40:58.785205+00:00
coles,3446651,Coles Belgian Milk Chocolate Block,Coles,200g,4.5,,2.25,100g,False,32,milk chocolate block 180g,snacks,2026-08-21,2026-08-21T03:40:58.785205+00:00
coles,2351651,Cadbury Dairy Milk Fruit And Nut Chocolate Block,Cadbury,180g,8,,4.44,100g,False,33,milk chocolate block 180g,snacks,2026-08-21,2026-08-21T03:40:58.785205+00:00
coles,6934786,Rolo Milk Chocolate Caramel Block,Rolo,170g,5,7.5,2.94,100g,False,34,milk chocolate block 180g,snacks,2026-08-21,2026-08-21T03:40:58.785205+00:00
coles,6338837,Lindt No Sugar Added Milk Chocolate Block,Lindt,100g,9.75,,9.75,100g,False,35,milk chocolate block 180g,snacks,2026-08-21,2026-08-21T03:40:58.785205+00:00
coles,6379233,Whittaker's Block Chocolate Coconut Milk,Whittaker's,250g,8,9,3.2,100g,False,36,milk chocolate block 180g,snacks,2026-08-21,2026-08-21T03:40:58.785205+00:00
coles,1038280,Cadbury Dairy Milk Hazelnut Chocolate Block,Cadbury,340g,8.5,,2.5,100g,False,37,milk chocolate block 180g,snacks,2026-08-21,2026-08-21T03:40:58.785205+00:00
coles,1038224,Cadbury Dairy Milk Cookies Chocolate Block,Cadbury,170g,8,,4.71,100g,False,38,milk chocolate block 180g,snacks,2026-08-21,2026-08-21T03:40:58.785205+00:00
coles,5750642,Tony's Chocolonely Milk Chocolate 32%,Tony's Chocolonely,180g,9.95,,5.53,100g,False,39,milk chocolate block 180g,snacks,2026-08-21,2026-08-21T03:40:58.785205+00:00
coles,1070293,Cadbury Dairy Milk Fruit & Nut Chocolate Block,Cadbury,340g,8.5,,2.5,100g,False,40,milk chocolate block 180g,snacks,2026-08-21,2026-08-21T03:40:58.785205+00:00
coles,7864915,Cadbury Dairy Milk Velvet Block Chocolate,Cadbury,150g,4.8,8,3.2,100g,False,41,milk chocolate block 180g,snacks,2026-08-21,2026-08-21T03:40:58.785205+00:00
coles,5751124,Tony's Chocolonely Milk Chocolate Hazelnut,Tony's Chocolonely,180g,9.95,,5.53,100g,False,42,milk chocolate block 180g,snacks,2026-08-21,2026-08-21T03:40:58.785205+00:00
coles,1759907,Cadbury Dairy Milk PB&J Chocolate Block,Cadbury,170g,8,,4.71,100g,False,43,milk chocolate block 180g,snacks,2026-08-21,2026-08-21T03:40:58.785205+00:00
coles,3312134,Whittaker's Block Chocolate Milk Creamy Caramel,Whittaker's,250g,8,9,3.2,100g,False,44,milk chocolate block 180g,snacks,2026-08-21,2026-08-21T03:40:58.785205+00:00
coles,1755000,M&S Choc Marks Caramel Shortbread And Chocolate Crispies Milk Chocolate,M&S,180g,9,,5,100g,False,45,milk chocolate block 180g,snacks,2026-08-21,2026-08-21T03:40:58.785205+00:00
coles,1648994,Cadbury Dairy Milk Caramilk Biscoff Block Chocolate,Cadbury,170g,8,,4.71,100g,False,46,milk chocolate block 180g,snacks,2026-08-21,2026-08-21T03:40:58.785205+00:00
coles,5750653,Tony's Chocolonely Milk Chocolate Caramel Sea Salt,Tony's Chocolonely,180g,9.95,,5.53,100g,False,47,milk chocolate block 180g,snacks,2026-08-21,2026-08-21T03:40:58.785205+00:00
woolworths,96215,McCain Frozen Peas 1kg,McCain,1kg,6,6,6,1KG,False,1,frozen peas 1kg,frozen,2026-08-21,2026-08-21T03:41:01.443492+00:00
woolworths,96845,Woolworths Essentials Frozen Peas 1kg,Woolworths Essentials,1kg,2.5,2.5,2.5,1KG,False,2,frozen peas 1kg,frozen,2026-08-21,2026-08-21T03:41:01.443492+00:00
woolworths,754169,Woolworths Frozen Australian Peas 1kg,Woolworths,1kg,3.8,3.8,3.8,1KG,False,3,frozen peas 1kg,frozen,2026-08-21,2026-08-21T03:41:01.443492+00:00
woolworths,93371,McCain Frozen Baby Peas 1kg,McCain,1kg,6.9,6.9,6.9,1KG,False,4,frozen peas 1kg,frozen,2026-08-21,2026-08-21T03:41:01.443492+00:00
woolworths,768569,Woolworths Frozen Australian Carrots Peas & Corn 1kg,Woolworths,1kg,5,5,5,1KG,False,5,frozen peas 1kg,frozen,2026-08-21,2026-08-21T03:41:01.443492+00:00
woolworths,95871,McCain Frozen Peas & Super Juicy Corn 1kg,McCain,1kg,7.3,7.3,7.3,1KG,False,6,frozen peas 1kg,frozen,2026-08-21,2026-08-21T03:41:01.443492+00:00
woolworths,289348,Bell Farms Frozen Carrots Peas & Corn 1kg,Bell Farms,1kg,3.9,3.9,3.9,1KG,False,7,frozen peas 1kg,frozen,2026-08-21,2026-08-21T03:41:01.443492+00:00
woolworths,705677,Birds Eye Frozen Australian Peas & Corn 1kg,Birds Eye,1kg,6.5,6.5,6.5,1KG,False,8,frozen peas 1kg,frozen,2026-08-21,2026-08-21T03:41:01.443492+00:00
woolworths,255445,Birds Eye Frozen Carrot Peas & Corn 1kg,Birds Eye,1kg,6.5,6.5,6.5,1KG,False,9,frozen peas 1kg,frozen,2026-08-21,2026-08-21T03:41:01.443492+00:00
woolworths,754181,Woolworths Frozen Australian Baby Peas 1kg,Woolworths,1kg,5.2,5.2,5.2,1KG,False,10,frozen peas 1kg,frozen,2026-08-21,2026-08-21T03:41:01.443492+00:00
coles,7644840,Coles Frozen Baby Peas,Coles,1kg,4.4,,4.4,1kg,False,1,frozen peas 1kg,frozen,2026-08-21,2026-08-21T03:41:01.443492+00:00
coles,9054790,Coles Frozen Garden Peas,Coles,1Kg,4.5,,4.5,1kg,False,2,frozen peas 1kg,frozen,2026-08-21,2026-08-21T03:41:01.443492+00:00
coles,399067,Coles Simply Peas Snap Frozen,Coles Simply,1Kg,2.5,,2.5,1kg,False,3,frozen peas 1kg,frozen,2026-08-21,2026-08-21T03:41:01.443492+00:00
coles,338856,McCain Frozen Peas,McCain,500g,3.7,,,1kg,False,4,frozen peas 1kg,frozen,2026-08-21,2026-08-21T03:41:01.443492+00:00
coles,7644872,Coles Frozen Carrot Corn & Peas,Coles,1kg,4.2,,4.2,1kg,False,5,frozen peas 1kg,frozen,2026-08-21,2026-08-21T03:41:01.443492+00:00
coles,5072790,Birds Eye Frozen Mixed Vegetables Peas & Corn,Birds Eye,1Kg,6.9,,6.9,1kg,False,6,frozen peas 1kg,frozen,2026-08-21,2026-08-21T03:41:01.443492+00:00
coles,5072778,Birds Eye Frozen Mixed Vegetables Peas & Corn,Birds Eye,1Kg,6.9,,6.9,1kg,False,7,frozen peas 1kg,frozen,2026-08-21,2026-08-21T03:41:01.443492+00:00
coles,5368796,McCain Frozen Baby Peas,McCain,500g,4.5,,9,1kg,False,8,frozen peas 1kg,frozen,2026-08-21,2026-08-21T03:41:01.443492+00:00
coles,9727788,Coles Snap Frozen Peas & Corn,Coles,500g,3.4,,6.8,1kg,False,9,frozen peas 1kg,frozen,2026-08-21,2026-08-21T03:41:01.443492+00:00
coles,1842749,Birds Eye Frozen Garden Peas,Birds Eye,2Kg,11,,5.5,1kg,False,10,frozen peas 1kg,frozen,2026-08-21,2026-08-21T03:41:01.443492+00:00
coles,9189507,Birds Eye Frozen Baby Peas,Birds Eye,825g,6,,7.27,1kg,False,11,frozen peas 1kg,frozen,2026-08-21,2026-08-21T03:41:01.443492+00:00
coles,186383,Birds Eye Frozen Garden Peas,Birds Eye,500g,3.5,,7,1kg,False,12,frozen peas 1kg,frozen,2026-08-21,2026-08-21T03:41:01.443492+00:00
coles,7644770,Coles Frozen Peas Carrots Cauliflower,Coles,1kg,4.2,,4.2,1kg,False,13,frozen peas 1kg,frozen,2026-08-21,2026-08-21T03:41:01.443492+00:00
coles,5394650,McCain Frozen Peas Corn & Carrots,McCain,500g,3.8,4.5,7.6,1kg,False,14,frozen peas 1kg,frozen,2026-08-21,2026-08-21T03:41:01.443492+00:00
coles,8161535,Mccain Garden Peas,Mccain,1kg,6,,6,1kg,False,15,frozen peas 1kg,frozen,2026-08-21,2026-08-21T03:41:01.443492+00:00
coles,105701,Birds Eye Frozen Mixed Vegetables Peas Corn & Capsicum,Birds Eye,500g,3.6,4.5,7.2,1kg,False,16,frozen peas 1kg,frozen,2026-08-21,2026-08-21T03:41:01.443492+00:00
coles,1935351,"McCain Mixed Vegetables Peas, Corn, Carrots",McCain,1Kg,7.3,,7.3,1kg,False,17,frozen peas 1kg,frozen,2026-08-21,2026-08-21T03:41:01.443492+00:00
coles,1842727,Birds Eye Frozen Mixed Vegetables Carrot Peas & Corn,Birds Eye,2Kg,12,,6,1kg,False,18,frozen peas 1kg,frozen,2026-08-21,2026-08-21T03:41:01.443492+00:00
coles,1777261,Birds Eye Steam Fresh Peas Beans Corn & Broccoli Frozen Mixed Vegetables,Birds Eye,450g,3.6,4.5,8,1kg,False,19,frozen peas 1kg,frozen,2026-08-21,2026-08-21T03:41:01.443492+00:00
coles,8165842,Mccain Peas Corn & Carrots,Mccain,2kg,12.9,,,1kg,False,20,frozen peas 1kg,frozen,2026-08-21,2026-08-21T03:41:01.443492+00:00
coles,2740052,Birds Eye Steam Fresh Beans Broccoli & Sugar Snap Peas Frozen Mixed Vegetables,Birds Eye,450g,3.6,4.5,8,1kg,False,21,frozen peas 1kg,frozen,2026-08-21,2026-08-21T03:41:01.443492+00:00
coles,8165897,Mccain Peas & Super Juicy Corn Kernels,Mccain,500g,4.5,,9,1kg,False,22,frozen peas 1kg,frozen,2026-08-21,2026-08-21T03:41:01.443492+00:00
coles,1843027,Birds Eye Steam Fresh Baby Potato Broccoli Carrot Peas,Birds Eye,400g,5.5,6.9,13.75,1kg,False,23,frozen peas 1kg,frozen,2026-08-21,2026-08-21T03:41:01.443492+00:00
coles,9730385,Birds Eye Stir Fry Shanghai Carrot Broccoli Water Chestnuts Capsicum Sugar Snap Peas Frozen Mixed Veg,Birds Eye,500g,5,,10,1kg,False,24,frozen peas 1kg,frozen,2026-08-21,2026-08-21T03:41:01.443492+00:00
woolworths,42620,Bulla Vanilla Ice Cream 2L,Bulla,2L,6,6,0.3,100ML,False,1,vanilla ice cream 2l,frozen,2026-08-21,2026-08-21T03:41:03.326524+00:00
woolworths,40518,Peters Original Vanilla Ice Cream 2L,Peters,2L,5.95,5.95,0.3,100ML,False,2,vanilla ice cream 2l,frozen,2026-08-21,2026-08-21T03:41:03.326524+00:00
woolworths,191043,Bulla Creamy Classics Ice Cream Vanilla 2L,Bulla,2L,7,7,0.35,100ML,False,3,vanilla ice cream 2l,frozen,2026-08-21,2026-08-21T03:41:03.326524+00:00
woolworths,281393,Woolworths Essential Reduced Fat Ice Cream Vanilla 2L,Woolworths,2L,4.5,4.5,0.23,100ML,False,4,vanilla ice cream 2l,frozen,2026-08-21,2026-08-21T03:41:03.326524+00:00
woolworths,574618,Bulla Creamy Classics Ice Cream Vanilla & Boysenberry 2L,Bulla,2L,7,7,0.35,100ML,False,5,vanilla ice cream 2l,frozen,2026-08-21,2026-08-21T03:41:03.326524+00:00
coles,8559575,Coles Vanilla Ice Cream Cones 4 Pack,Coles,475mL,4.5,,0.95,100ml,False,1,vanilla ice cream 2l,frozen,2026-08-21,2026-08-21T03:41:03.326524+00:00
coles,7203039,Coles Irresistible Vanilla Ice Cream Sticks 4 Pack,Coles,400mL,6.5,,1.63,100ml,False,2,vanilla ice cream 2l,frozen,2026-08-21,2026-08-21T03:41:03.326524+00:00
coles,6272400,Connoisseur Classic Vanilla Ice Cream Sticks 4 Pack,Connoisseur,400mL,6,12,1.5,100ml,False,3,vanilla ice cream 2l,frozen,2026-08-21,2026-08-21T03:41:03.326524+00:00
coles,7202874,Coles Irresistible Mini Vanilla Ice Cream Sticks 6 Pack,Coles,360mL,6.5,,1.81,100ml,False,4,vanilla ice cream 2l,frozen,2026-08-21,2026-08-21T03:41:03.326524+00:00
coles,9486590,Bulla Creamy Classics Vanilla Ice Cream,Bulla,2L,7,,0.35,100ml,False,5,vanilla ice cream 2l,frozen,2026-08-21,2026-08-21T03:41:03.326524+00:00
coles,239785,Peters Original Vanilla Ice Cream,Peters,2L,5.95,,0.3,100ml,False,6,vanilla ice cream 2l,frozen,2026-08-21,2026-08-21T03:41:03.326524+00:00
coles,3948252,Connoisseur Vanilla Caramel Brownie Ice Cream Sticks 4 Pack,Connoisseur,400mL,6,12,1.5,100ml,False,7,vanilla ice cream 2l,frozen,2026-08-21,2026-08-21T03:41:03.326524+00:00
coles,1532355,Bulla Creamy Classics Vanilla Choc Chip Supreme Ice Cream Sundae Cones 4 Pack,Bulla,580mL,9,12.5,1.55,100ml,False,8,vanilla ice cream 2l,frozen,2026-08-21,2026-08-21T03:41:03.326524+00:00
coles,5901329,Peters Original Vanilla Ice Cream,Peters,4L,10.9,,0.27,100ml,False,9,vanilla ice cream 2l,frozen,2026-08-21,2026-08-21T03:41:03.326524+00:00
coles,3880512,Peters Lactose Free Vanilla Ice Cream,Peters,1.2L,9.5,,0.79,100ml,False,10,vanilla ice cream 2l,frozen,2026-08-21,2026-08-21T03:41:03.326524+00:00
coles,3880487,Peters No Sugar Added Vanilla Ice Cream,Peters,1.2L,9.5,,0.79,100ml,False,11,vanilla ice cream 2l,frozen,2026-08-21,2026-08-21T03:41:03.326524+00:00
coles,2752685,Haagen-Dazs Vanilla Ice Cream Tubs,Haagen-Dazs,457mL,14,,3.06,100ml,True,12,vanilla ice cream 2l,frozen,2026-08-21,2026-08-21T03:41:03.326524+00:00
coles,8842474,Maxine's Burn Protein Vanilla Ice Cream,Maxine's,500g,37,,7.4,100g,False,13,vanilla ice cream 2l,frozen,2026-08-21,2026-08-21T03:41:03.326524+00:00
coles,7207018,Peters Light & Creamy French Vanilla Ice Cream,Peters,1.8L,6.5,,0.36,100ml,False,14,vanilla ice cream 2l,frozen,2026-08-21,2026-08-21T03:41:03.326524+00:00
coles,8088457,Roho Ice Cream Coconut Vanilla Cookie Ice Cream Sandwich,Roho,150g,9,,6,100g,False,15,vanilla ice cream 2l,frozen,2026-08-21,2026-08-21T03:41:03.326524+00:00
coles,5050130,Sara Lee Classic French Vanilla Ice Cream,Sara Lee,1L,12,,1.2,100ml,False,16,vanilla ice cream 2l,frozen,2026-08-21,2026-08-21T03:41:03.326524+00:00
coles,8842340,Max's Absolute Mass Protein Vanilla Ice Cream,Max's,2.72kg,82,,30.15,1kg,False,17,vanilla ice cream 2l,frozen,2026-08-21,2026-08-21T03:41:03.326524+00:00
coles,2426251,Coles Irresistible Vanilla Bean Ice Cream,Coles,1L,6.5,,0.65,100ml,False,18,vanilla ice cream 2l,frozen,2026-08-21,2026-08-21T03:41:03.326524+00:00
coles,7105051,Peters Drumstick Bulk Classic Vanilla 16 Pack,Peters,1.9L,20,,1.05,100ml,False,19,vanilla ice cream 2l,frozen,2026-08-21,2026-08-21T03:41:03.326524+00:00
coles,2232528,Coles Vanilla Ice Cream Sandwich 4 Pack,Coles,440mL,3.8,,0.86,100ml,False,20,vanilla ice cream 2l,frozen,2026-08-21,2026-08-21T03:41:03.326524+00:00
coles,193844,Peters Drumstick Classic Vanilla Cones 4 Pack,Peters,475mL,9.9,,2.08,100ml,False,21,vanilla ice cream 2l,frozen,2026-08-21,2026-08-21T03:41:03.326524+00:00
coles,1684740,Coles Simply Choc Vanilla Flavoured Cones 4 Pack,Coles Simply,440mL,3.3,,0.75,100ml,False,22,vanilla ice cream 2l,frozen,2026-08-21,2026-08-21T03:41:03.326524+00:00
coles,5863445,Peters Drumstick Minis Classic Vanilla Cones 6 Pack,Peters,490mL,9.9,,2.02,100ml,False,23,vanilla ice cream 2l,frozen,2026-08-21,2026-08-21T03:41:03.326524+00:00
coles,3944342,Coyo Dairy Free Probiotic Ice Cream Vanilla Bean,Coyo,500mL,8,10,1.6,100ml,False,24,vanilla ice cream 2l,frozen,2026-08-21,2026-08-21T03:41:03.326524+00:00
coles,3251233,Connoisseur Vanilla Caramel Brownie Ice Cream Tub,Connoisseur,1L,13,,1.3,100ml,True,25,vanilla ice cream 2l,frozen,2026-08-21,2026-08-21T03:41:03.326524+00:00
coles,6277754,Bulla Vanilla Ice Cream Choc Bars 8 Pack,Bulla,600mL,10,,1.67,100ml,False,26,vanilla ice cream 2l,frozen,2026-08-21,2026-08-21T03:41:03.326524+00:00
coles,5487810,Bulla Creamy Classic Vanilla Choc Fudge Cone 4 Pack,Bulla,520mL,8.5,11,1.63,100ml,False,27,vanilla ice cream 2l,frozen,2026-08-21,2026-08-21T03:41:03.326524+00:00
coles,8968949,Vital Strength #1 Source Whey Powder Vanilla Ice Cream,Vital Strength,750g,52,,6.93,100g,False,28,vanilla ice cream 2l,frozen,2026-08-21,2026-08-21T03:41:03.326524+00:00
coles,4811832,Peters Light & Creamy Vanilla Slices Ice Cream 12 Pack,Peters,1.2L,9,,0.75,100ml,False,29,vanilla ice cream 2l,frozen,2026-08-21,2026-08-21T03:41:03.326524+00:00
coles,7197720,Coles Ice Cream Cones Vanilla Cups,Coles,24 Pack,2.8,,0.12,1ea,False,30,vanilla ice cream 2l,frozen,2026-08-21,2026-08-21T03:41:03.326524+00:00
coles,4457187,Bulla Vanilla Crunch Ice Cream Sticks 8 Pack,Bulla,631mL,10,,1.58,100ml,False,31,vanilla ice cream 2l,frozen,2026-08-21,2026-08-21T03:41:03.326524+00:00
coles,1719888,Streets Cremissimo Vanilla Creme Anglaise Ice Cream Tub,Streets,1L,9,13,0.9,100ml,False,32,vanilla ice cream 2l,frozen,2026-08-21,2026-08-21T03:41:03.326524+00:00
coles,5615272,Connoisseur Classic Vanilla Ice Cream Tub,Connoisseur,1L,13,,1.3,100ml,True,33,vanilla ice cream 2l,frozen,2026-08-21,2026-08-21T03:41:03.326524+00:00
coles,5495534,Muscle Nation Whey Protein Daily Shake Vanilla Ice Cream,Muscle Nation,300g,35,,11.67,100g,False,34,vanilla ice cream 2l,frozen,2026-08-21,2026-08-21T03:41:03.326524+00:00
coles,207938,Streets Blue Ribbon Vanilla,Streets,2L,6.5,,0.33,100ml,False,35,vanilla ice cream 2l,frozen,2026-08-21,2026-08-21T03:41:03.326524+00:00
coles,4477377,Peters Original Twin Pole Vanilla Chocolate Ice Cream 8 Pack,Peters,592mL,6,8,1.02,100ml,False,36,vanilla ice cream 2l,frozen,2026-08-21,2026-08-21T03:41:03.326524+00:00
coles,7207051,Peters Light & Creamy Choc Caramel & Vanilla Swirl Ice Cream,Peters,1.8L,6.5,,0.36,100ml,False,37,vanilla ice cream 2l,frozen,2026-08-21,2026-08-21T03:41:03.326524+00:00
coles,5171270,Streets Blue Ribbon Light Vanilla,Streets,2L,6.5,,0.33,100ml,False,38,vanilla ice cream 2l,frozen,2026-08-21,2026-08-21T03:41:03.326524+00:00
coles,8577963,Streets Blue Ribbon Plant Vanilla,Streets,2L,6.5,,0.33,100ml,False,39,vanilla ice cream 2l,frozen,2026-08-21,2026-08-21T03:41:03.326524+00:00
coles,207971,Coles Simply Vanilla Flavoured Frozen Dessert Tub,Coles Simply,2L,4.5,,0.22,100ml,False,40,vanilla ice cream 2l,frozen,2026-08-21,2026-08-21T03:41:03.326524+00:00
coles,7082852,Skinny Cow Vanilla Caramel & Double Chocolate Ice Cream Sundaes 4 Pack,Skinny Cow,640mL,7.9,,1.23,100ml,False,41,vanilla ice cream 2l,frozen,2026-08-21,2026-08-21T03:41:03.326524+00:00
coles,7082863,Peters Skinny Cow Vanilla Choc Sundae With Peanuts Ice Cream 4 Pack,Peters,640mL,7.9,,1.23,100ml,False,42,vanilla ice cream 2l,frozen,2026-08-21,2026-08-21T03:41:03.326524+00:00
coles,7206977,Peters Light & Creamy Classic Vanlla Ice Cream,Peters,1.8L,6.5,,0.36,100ml,False,43,vanilla ice cream 2l,frozen,2026-08-21,2026-08-21T03:41:03.326524+00:00
coles,8264200,So Good Frozen Dessert Vanilla Bliss,So Good,1L,9.5,,0.95,100ml,False,44,vanilla ice cream 2l,frozen,2026-08-21,2026-08-21T03:41:03.326524+00:00
coles,208205,Coles Simply Vanilla Flavoured Frozen Dessert Tub,Coles Simply,4L,7,,0.18,100ml,False,45,vanilla ice cream 2l,frozen,2026-08-21,2026-08-21T03:41:03.326524+00:00
coles,4740359,Pat And Stick's Sandwich Vanilla Chocolate 90g,Pat And Stick's,1 Each,5.5,,5.5,1ea,False,46,vanilla ice cream 2l,frozen,2026-08-21,2026-08-21T03:41:03.326524+00:00
coles,4740290,Pat And Stick's Sandwich Vanilla Lace 90g,Pat And Stick's,1 Each,5.5,,5.5,1ea,False,47,vanilla ice cream 2l,frozen,2026-08-21,2026-08-21T03:41:03.326524+00:00
coles,3169766,Streets Viennetta Classic Vanilla Frozen Dessert,Streets,650mL,8,,1.23,100ml,False,48,vanilla ice cream 2l,frozen,2026-08-21,2026-08-21T03:41:03.326524+00:00
woolworths,252640,McCain Pizza Meatlovers BBQ 500g,McCain,500g,8.8,8.8,1.76,100G,False,1,frozen pizza,frozen,2026-08-21,2026-08-21T03:41:05.370497+00:00
woolworths,96406,McCain Pizza Ham & Pineapple 500g,McCain,500g,8.8,8.8,1.76,100G,False,2,frozen pizza,frozen,2026-08-21,2026-08-21T03:41:05.370497+00:00
woolworths,93831,McCain Pizza Cheese & Bacon 500g,McCain,500g,8.8,8.8,1.76,100G,False,3,frozen pizza,frozen,2026-08-21,2026-08-21T03:41:05.370497+00:00
woolworths,112352,McCain Pizza Slice Snacks Cheese & Bacon 2 pack,McCain,2 pack,7.7,9.8,1.28,100G,True,4,frozen pizza,frozen,2026-08-21,2026-08-21T03:41:05.370497+00:00
woolworths,9660,McCain Lil Pizzas Snacks Ham & Cheese 4 pack,McCain,4 pack,7.8,7.8,1.95,100G,False,5,frozen pizza,frozen,2026-08-21,2026-08-21T03:41:05.370497+00:00
woolworths,96415,McCain Supreme Pizza 500g,McCain,500g,8.8,8.8,1.76,100G,False,6,frozen pizza,frozen,2026-08-21,2026-08-21T03:41:05.370497+00:00
woolworths,6042407,Buonissimo Pizza BBQ Meatlovers 500g,Buonissimo,500g,4,4,0.8,100G,False,7,frozen pizza,frozen,2026-08-21,2026-08-21T03:41:05.370497+00:00
woolworths,3496,McCain Pizza Slice Snacks Ham & Pineapple 2 pack,McCain,2 pack,7.7,9.8,1.28,100G,True,8,frozen pizza,frozen,2026-08-21,2026-08-21T03:41:05.370497+00:00
woolworths,112492,McCain Pizza Slice Snacks Meatlovers 2 pack,McCain,2 pack,7.7,9.8,1.28,100G,True,9,frozen pizza,frozen,2026-08-21,2026-08-21T03:41:05.370497+00:00
woolworths,166922,McCain Lil Pizzas Snacks Cheesy Margherita 4 pack,McCain,4 pack,7.8,7.8,2.05,100G,False,10,frozen pizza,frozen,2026-08-21,2026-08-21T03:41:05.370497+00:00
coles,7010250,McCain Frozen BBQ Meatlovers Family Pizza,McCain,500g,7,8.8,1.4,100g,False,1,frozen pizza,frozen,2026-08-21,2026-08-21T03:41:05.370497+00:00
coles,7866499,Destination Italy Woodfired Margherita Pizza,Destination Italy,380g,10,12.5,2.63,100g,False,2,frozen pizza,frozen,2026-08-21,2026-08-21T03:41:05.370497+00:00
coles,1142011,Fropro Protein Pizza BBQ Meatlovers,Fropro,325g,12.95,,3.98,100g,True,3,frozen pizza,frozen,2026-08-21,2026-08-21T03:41:05.370497+00:00
coles,6840762,Fropro Protein Slices Pepperoni Pizza 2 Pack,Fropro,360g,12.95,,3.6,100g,False,4,frozen pizza,frozen,2026-08-21,2026-08-21T03:41:05.370497+00:00
coles,8634943,Dr. Oetker Frozen Ristorante Pepperoni Pizza,Dr. Oetker,310g,9.5,,3.06,100g,False,5,frozen pizza,frozen,2026-08-21,2026-08-21T03:41:05.370497+00:00
coles,8544829,McCain Cheese & Bacon Pizza Slices 2 Pack,McCain,600g,9.8,,1.63,100g,False,6,frozen pizza,frozen,2026-08-21,2026-08-21T03:41:05.370497+00:00
coles,251124,McCain Frozen Supreme Family Pizza,McCain,500g,7,8.8,1.4,100g,False,7,frozen pizza,frozen,2026-08-21,2026-08-21T03:41:05.370497+00:00
coles,4655475,McCain Family Pizza Pepperoni,McCain,490g,7,8.8,1.43,100g,False,8,frozen pizza,frozen,2026-08-21,2026-08-21T03:41:05.370497+00:00
coles,403765,McCain Frozen Ham & Pineapple Family Pizza,McCain,500g,7,8.8,1.4,100g,False,9,frozen pizza,frozen,2026-08-21,2026-08-21T03:41:05.370497+00:00
coles,8544793,McCain Meat Lovers Pizza Slices 2 Pack,McCain,600g,9.8,,1.63,100g,False,10,frozen pizza,frozen,2026-08-21,2026-08-21T03:41:05.370497+00:00
coles,5446200,McCain Lil Pizzas Ham & Pineapple 4 Pack,McCain,400g,7.8,,1.95,100g,False,11,frozen pizza,frozen,2026-08-21,2026-08-21T03:41:05.370497+00:00
coles,181572,McCain Frozen Cheese & Bacon Family Pizza,McCain,500g,7,8.8,1.4,100g,False,12,frozen pizza,frozen,2026-08-21,2026-08-21T03:41:05.370497+00:00
coles,2632162,Coles Simply Hawaiian Pizza,Coles Simply,500g,4.2,,0.84,100g,False,13,frozen pizza,frozen,2026-08-21,2026-08-21T03:41:05.370497+00:00
coles,6545434,Dr Oetker Ristorante Mozzarella Pizza,Dr Oetker,355g,9.5,,2.68,100g,False,14,frozen pizza,frozen,2026-08-21,2026-08-21T03:41:05.370497+00:00
coles,7308048,Dr. Oetker Frozen Ristorante Spinaci (spinach) Pizza,Dr. Oetker,390g,9.5,,2.44,100g,False,15,frozen pizza,frozen,2026-08-21,2026-08-21T03:41:05.370497+00:00
coles,5188353,McCain Lil Pizzas Ham & Cheese 4 Pack,McCain,400g,7.8,,1.95,100g,False,16,frozen pizza,frozen,2026-08-21,2026-08-21T03:41:05.370497+00:00
coles,8634954,Dr. Oetker Frozen Ristorante Hawaii Pizza,Dr. Oetker,355g,9.5,,2.68,100g,False,17,frozen pizza,frozen,2026-08-21,2026-08-21T03:41:05.370497+00:00
coles,2662196,Coles Simply Margherita Pizza,Coles Simply,470g,4.2,,0.89,100g,False,18,frozen pizza,frozen,2026-08-21,2026-08-21T03:41:05.370497+00:00
coles,4654280,McCain Lil Pizza Cheesy Margherita,McCain,380g,7.8,,2.05,100g,False,19,frozen pizza,frozen,2026-08-21,2026-08-21T03:41:05.370497+00:00
coles,7817904,Dr. Oetker Frozen Ristorante Quattro Formaggi Pizza,Dr. Oetker,340g,9.5,,2.79,100g,False,20,frozen pizza,frozen,2026-08-21,2026-08-21T03:41:05.370497+00:00
coles,9289160,McCain Family Margherita Frozen Pizza,McCain,500g,7,8.8,1.4,100g,False,21,frozen pizza,frozen,2026-08-21,2026-08-21T03:41:05.370497+00:00
coles,8697604,McCain Frozen Cheese & Bacon Pizza Pockets,McCain,400g,6.5,8.5,1.63,100g,False,22,frozen pizza,frozen,2026-08-21,2026-08-21T03:41:05.370497+00:00
coles,5179501,McCain Hawaiian Pizza Slices,McCain,600g,9.8,,1.63,100g,False,23,frozen pizza,frozen,2026-08-21,2026-08-21T03:41:05.370497+00:00
coles,5991525,Fropro Protein Buffalo Chicken Pizza,Fropro,325g,12.95,,,100g,True,24,frozen pizza,frozen,2026-08-21,2026-08-21T03:41:05.370497+00:00
coles,1851660,Destination Italy Puttanesca Pizza,Destination Italy,425g,10,12.5,2.35,100g,False,25,frozen pizza,frozen,2026-08-21,2026-08-21T03:41:05.370497+00:00
coles,1851626,Destination Italy Salame Pizza,Destination Italy,380g,10,12.5,2.63,100g,False,26,frozen pizza,frozen,2026-08-21,2026-08-21T03:41:05.370497+00:00
coles,1840470,Dr. Oetker Ristorante Speciale Pizza,Dr. Oetker,345g,9.5,,2.75,100g,False,27,frozen pizza,frozen,2026-08-21,2026-08-21T03:41:05.370497+00:00
coles,1750538,Destination Italy Woodfired Mushroom & Truffle Pizza,Destination Italy,400g,10,12.5,2.5,100g,False,28,frozen pizza,frozen,2026-08-21,2026-08-21T03:41:05.370497+00:00
coles,1116044,Della Rosa Thin & Crispy Meatlovers Pizza,Della Rosa,350g,5.99,,1.71,100g,False,29,frozen pizza,frozen,2026-08-21,2026-08-21T03:41:05.370497+00:00
coles,1116102,Della Rosa Thin & Crispy Pepperoni Pizza,Della Rosa,350g,5.99,,1.71,100g,False,30,frozen pizza,frozen,2026-08-21,2026-08-21T03:41:05.370497+00:00
coles,1862371,Della Rosa Woodfire Italian Salami Pizza,Della Rosa,420g,11,,2.62,100g,False,31,frozen pizza,frozen,2026-08-21,2026-08-21T03:41:05.370497+00:00
coles,1862350,Della Rosa Woodfire Trio Of Meats Pizza,Della Rosa,420g,11,,2.62,100g,False,32,frozen pizza,frozen,2026-08-21,2026-08-21T03:41:05.370497+00:00
coles,1840572,Gourmet Saba Premium Protein Pepperoni Pizza,Gourmet Saba,500g,15.9,,3,100g,False,33,frozen pizza,frozen,2026-08-21,2026-08-21T03:41:05.370497+00:00
coles,9073932,Farro Organic Spelt Pizza Margherita 10in,Farro,380g,12.5,,3.29,100g,False,34,frozen pizza,frozen,2026-08-21,2026-08-21T03:41:05.370497+00:00
coles,9073976,Farro Organic Spelt Pizza Salami 10in,Farro,440g,12.5,,2.84,100g,False,35,frozen pizza,frozen,2026-08-21,2026-08-21T03:41:05.370497+00:00
coles,9073998,Farro Organic Spelt Pizza Veggie 10in,Farro,440g,12.5,,2.84,100g,False,36,frozen pizza,frozen,2026-08-21,2026-08-21T03:41:05.370497+00:00
coles,1852538,Della Rosa Woodfire Chargrill Chicken Pizza,Della Rosa,420g,11,,2.62,100g,False,37,frozen pizza,frozen,2026-08-21,2026-08-21T03:41:05.370497+00:00
coles,1852844,Della Rosa Cheese Pizza 2 Pack,Della Rosa,850g,8,,0.94,100g,False,38,frozen pizza,frozen,2026-08-21,2026-08-21T03:41:05.370497+00:00
coles,1851739,Fropro Protein Pizza Chicken Bacon,Fropro,325g,12.95,,3.98,100g,True,39,frozen pizza,frozen,2026-08-21,2026-08-21T03:41:05.370497+00:00
coles,1050456,Farro Organic Spelt Pizza Capricciosa 10in,Farro,460g,12.5,,2.72,100g,False,40,frozen pizza,frozen,2026-08-21,2026-08-21T03:41:05.370497+00:00
coles,1142022,Fropro Protein Pizza Slices Beef Lasagne,Fropro,360g,10,12.95,,100g,True,41,frozen pizza,frozen,2026-08-21,2026-08-21T03:41:05.370497+00:00
coles,1852550,Della Rosa Pepperoni Pizza Slices 2 Pack,Della Rosa,600g,6.5,,1.08,100g,False,42,frozen pizza,frozen,2026-08-21,2026-08-21T03:41:05.370497+00:00
coles,1852822,Della Rosa Cheese & Bacon Pizza Slices 2 Pack,Della Rosa,600g,6.5,,1.08,100g,False,43,frozen pizza,frozen,2026-08-21,2026-08-21T03:41:05.370497+00:00
coles,1852480,Fropro Protein Pizza Slices BBQ Chicken 2 Pack,Fropro,360g,12.95,,3.6,100g,False,44,frozen pizza,frozen,2026-08-21,2026-08-21T03:41:05.370497+00:00
coles,5179498,McCain Supreme Pizza Slices 2 Pack,McCain,600g,9.8,,1.63,100g,False,45,frozen pizza,frozen,2026-08-21,2026-08-21T03:41:05.370497+00:00
coles,1135708,La Famiglia Frozen Garlic Bread Slices 168x28g,La Famiglia,7.5kg,80,,17.02,1kg,False,46,frozen pizza,frozen,2026-08-21,2026-08-21T03:41:05.370497+00:00
coles,9258439,Papa Giuseppi's Frozen Pizza Pies Snack Pepperoni 2 Pack,Papa Giuseppi's,326g,7,,2.15,100g,False,47,frozen pizza,frozen,2026-08-21,2026-08-21T03:41:05.370497+00:00
coles,9258224,Papa Giuseppi's Frozen Pizza Pies Snack Mega Meaty 2 Pack,Papa Giuseppi's,320g,7,,2.19,100g,False,48,frozen pizza,frozen,2026-08-21,2026-08-21T03:41:05.370497+00:00
woolworths,722,Kleenex Complete Clean Double Length Toilet Paper 12 pack,Kleenex,12 pack,13.5,13.5,0.31,100 sheets,False,1,toilet paper 12 pack,household,2026-08-21,2026-08-21T03:41:07.370638+00:00
woolworths,1128532857,"Toilet Roll Storage,Toilet Paper Storage,Toilet Paper Organizer Basket for 12 Pcs Rolls",,,43.32,43.32,,,False,2,toilet paper 12 pack,household,2026-08-21,2026-08-21T03:41:07.370638+00:00
woolworths,473213,Quilton Gold 4 Ply Toilet Paper 12 pack,Quilton,12 pack,10.3,10.3,0.61,100 sheets,False,3,toilet paper 12 pack,household,2026-08-21,2026-08-21T03:41:07.370638+00:00
woolworths,171303,Vevelle White 2 Ply Toilet Tissue 12 pack,Vevelle,12 pack,6,6,0.19,100 sheets,False,4,toilet paper 12 pack,household,2026-08-21,2026-08-21T03:41:07.370638+00:00
woolworths,173155,Naturale 100% Recycled 3 Ply Toilet Tissue 12 pack,Naturale,12 pack,4.9,6,0.23,100 sheets,True,5,toilet paper 12 pack,household,2026-08-21,2026-08-21T03:41:07.370638+00:00
woolworths,1122142351,Tork SmartOne Mini Toilet Roll 2Ply Advanced T9 White 12 Rolls (193),Tork,7440SS,102.81,102.81,1.38,100 sheets,False,6,toilet paper 12 pack,household,2026-08-21,2026-08-21T03:41:07.370638+00:00
woolworths,1127630937,"CARLA HOME 2 Pack Toilet Paper Storage Basket, Holds 12 Rolls, Bamboo Lid, Black",Carla Home,,69.28,69.28,,,False,7,toilet paper 12 pack,household,2026-08-21,2026-08-21T03:41:07.370638+00:00
woolworths,1127781973,"CARLA HOME 2 Pack Toilet Paper Storage Basket, Holds 12 Rolls, Bamboo Lid, Grey",Carla Home,,69.28,69.28,,,False,8,toilet paper 12 pack,household,2026-08-21,2026-08-21T03:41:07.370638+00:00
woolworths,1127781975,"CARLA HOME 2 Pack Toilet Paper Storage Basket, Holds 12 Rolls, Bamboo Lid, White",Carla Home,,69.28,69.28,,,False,9,toilet paper 12 pack,household,2026-08-21,2026-08-21T03:41:07.370638+00:00
woolworths,1127766343,"CARLA HOME Toilet Paper Storage Basket, Holds 12 Rolls, Bamboo Lid, 35x45x15 cm",Carla Home,,49.48,49.48,,,False,10,toilet paper 12 pack,household,2026-08-21,2026-08-21T03:41:07.370638+00:00
coles,5865350,Sorbent 3 Ply Hypo Allergenic Toilet Paper,Sorbent,12 Pack,11,,0.51,100ea,False,1,toilet paper 12 pack,household,2026-08-21,2026-08-21T03:41:07.370638+00:00
coles,2244549,Quilton 3 Ply White Toilet Paper,Quilton,36 Pack,19,,0.29,100ea,False,2,toilet paper 12 pack,household,2026-08-21,2026-08-21T03:41:07.370638+00:00
coles,9152405,Coles Simply 2-ply White Toilet Paper,Coles Simply,18 Pack,7.5,,,100ea,True,3,toilet paper 12 pack,household,2026-08-21,2026-08-21T03:41:07.370638+00:00
coles,1620044,Smart Ass Recycled Toilet Paper Double Length,Smart Ass,6 Pack,5.9,7.9,0.27,100ea,False,4,toilet paper 12 pack,household,2026-08-21,2026-08-21T03:41:07.370638+00:00
coles,3064076,Kleenex Complete Clean Toilet Paper,Kleenex,9 Pack,9,,0.56,100ea,False,5,toilet paper 12 pack,household,2026-08-21,2026-08-21T03:41:07.370638+00:00
coles,3799050,Icare Toilet Paper Single Length,Icare,24 Pack,13,,0.57,100ea,False,6,toilet paper 12 pack,household,2026-08-21,2026-08-21T03:41:07.370638+00:00
coles,1619475,Kleenex Family Soft Big Roll Toilet Paper,Kleenex,16 Pack,12,,0.28,100ea,False,7,toilet paper 12 pack,household,2026-08-21,2026-08-21T03:41:07.370638+00:00
coles,7758634,Quilton 3 Ply Classic White Toilet Paper,Quilton,20 Pack,11,,0.31,100ea,False,8,toilet paper 12 pack,household,2026-08-21,2026-08-21T03:41:07.370638+00:00
coles,3517115,Kleenex Complete Clean Double Length Toilet Paper,Kleenex,12 Pack,13.5,,0.31,100ea,False,9,toilet paper 12 pack,household,2026-08-21,2026-08-21T03:41:07.370638+00:00
coles,1836622,Coles So Soft 4-ply Toilet Paper,Coles,12 Pack,9.5,,0.57,100ea,False,10,toilet paper 12 pack,household,2026-08-21,2026-08-21T03:41:07.370638+00:00
coles,1619500,Kleenex Quilts 4 Ply Toilet Paper,Kleenex,6 Pack,5,6,0.56,100ea,False,11,toilet paper 12 pack,household,2026-08-21,2026-08-21T03:41:07.370638+00:00
coles,3974092,Sorbent 3 Ply Soft & Strong Toilet Paper,Sorbent,16 Pack,14,,0.49,100ea,False,12,toilet paper 12 pack,household,2026-08-21,2026-08-21T03:41:07.370638+00:00
coles,1619533,Sorbent 4-ply Super Size Toilet Paper,Sorbent,6 Pack,4,5.8,0.48,100ea,False,13,toilet paper 12 pack,household,2026-08-21,2026-08-21T03:41:07.370638+00:00
coles,1710792,Coles Simply 3-ply Double Length Toilet Paper 4 Pack,Coles Simply,1520 Sheet,4,,0.26,100ea,False,14,toilet paper 12 pack,household,2026-08-21,2026-08-21T03:41:07.370638+00:00
coles,5034134,Quilton 3 Ply Unscented White Toilet Paper,Quilton,12 Pack,7.6,,0.35,100ea,False,15,toilet paper 12 pack,household,2026-08-21,2026-08-21T03:41:07.370638+00:00
coles,9102167,Sorbent 3-ply Soft & Strong Individually Wrapped Toilet Paper,Sorbent,18 Pack,12,,0.19,100ea,False,16,toilet paper 12 pack,household,2026-08-21,2026-08-21T03:41:07.370638+00:00
coles,9800265,Quilton 4 Ply White Gold Toilet Paper,Quilton,6 Pack,5.8,,0.69,100ea,False,17,toilet paper 12 pack,household,2026-08-21,2026-08-21T03:41:07.370638+00:00
coles,9642980,Quilton 3 Ply Double Length White Toilet Paper,Quilton,4 Pack,6,,0.42,100ea,False,18,toilet paper 12 pack,household,2026-08-21,2026-08-21T03:41:07.370638+00:00
coles,1145428,Sorbent 3 Ply Soft & Strong Silky White Toilet Paper,Sorbent,45 Pack,19,,0.23,100ea,False,19,toilet paper 12 pack,household,2026-08-21,2026-08-21T03:41:07.370638+00:00
coles,1710748,Coles Simply Toilet Tissue 3ply,Coles Simply,24 Pack,8.95,,0.2,100ea,False,20,toilet paper 12 pack,household,2026-08-21,2026-08-21T03:41:07.370638+00:00
coles,107208,Delsey Toilet Roll 1 Roll,Delsey,1000 Sheets,1.75,,0.18,100ea,False,21,toilet paper 12 pack,household,2026-08-21,2026-08-21T03:41:07.370638+00:00
coles,3055257,Quilton White Toilet Tissue,Quilton,6 Pack,6.5,,0.6,100ea,False,22,toilet paper 12 pack,household,2026-08-21,2026-08-21T03:41:07.370638+00:00
coles,8685092,Icare 100% Recycled Toilet Tissue,Icare,8 Pack,8,,0.56,100ea,False,23,toilet paper 12 pack,household,2026-08-21,2026-08-21T03:41:07.370638+00:00
coles,5034000,Quilton 3 Ply Double Toilet Rolls Floral Soft,Quilton,9 Pack,13,,0.4,100ea,False,24,toilet paper 12 pack,household,2026-08-21,2026-08-21T03:41:07.370638+00:00
coles,3055202,Quilton King Size Gold Toilet Tissue 4 Ply,Quilton,20 Pack,13.5,,0.56,100ea,False,25,toilet paper 12 pack,household,2026-08-21,2026-08-21T03:41:07.370638+00:00
coles,9161472,Coles Simply Paper Towel,Coles Simply,2 Pack,2.2,,1.38,100ea,False,26,toilet paper 12 pack,household,2026-08-21,2026-08-21T03:41:07.370638+00:00
coles,4792421,Kleenex Complete Clean Value Pack,Kleenex,45 Pack,21.5,,0.27,100ea,False,27,toilet paper 12 pack,household,2026-08-21,2026-08-21T03:41:07.370638+00:00
coles,7489689,Viva Paper Towel,Viva,8 Pack,8,,1.67,100ea,False,28,toilet paper 12 pack,household,2026-08-21,2026-08-21T03:41:07.370638+00:00
coles,7316589,Handee Ultra Paper Towel,Handee,4 Pack,6.6,,2.75,100ea,False,29,toilet paper 12 pack,household,2026-08-21,2026-08-21T03:41:07.370638+00:00
coles,5048219,Viva Paper Towel White,Viva,3 Pack,3.5,5,1.94,100ea,False,30,toilet paper 12 pack,household,2026-08-21,2026-08-21T03:41:07.370638+00:00
coles,9333523,Viva Paper Towel White,Viva,2 Pack,4.5,,3.75,100ea,False,31,toilet paper 12 pack,household,2026-08-21,2026-08-21T03:41:07.370638+00:00
coles,1145440,Praise Dressing Garlic,Praise,250mL,17.6,,0.27,100ea,False,32,toilet paper 12 pack,household,2026-08-21,2026-08-21T03:41:07.370638+00:00
coles,3424251,Viva Paper Towel White,Viva,6 Pack,8,,2.22,100ea,False,33,toilet paper 12 pack,household,2026-08-21,2026-08-21T03:41:07.370638+00:00
coles,2915338,Viva Paper Towel Double Length White,Viva,3 Pack,8,,2.22,100ea,False,34,toilet paper 12 pack,household,2026-08-21,2026-08-21T03:41:07.370638+00:00
coles,9546921,Handee Ultra Paper Towels White,Handee,3 Pack,3,5,1.67,100ea,False,35,toilet paper 12 pack,household,2026-08-21,2026-08-21T03:41:07.370638+00:00
coles,9102065,Sorbent Intimate Flushable Toilet Wipes,Sorbent,40 Pack,3.8,,0.1,1ea,False,36,toilet paper 12 pack,household,2026-08-21,2026-08-21T03:41:07.370638+00:00
coles,1619566,Handee Thick & Large Paper Towel,Handee,2 Pack,5,,4.17,100ea,False,37,toilet paper 12 pack,household,2026-08-21,2026-08-21T03:41:07.370638+00:00
coles,2918256,Viva Double Length  Paper Towel,Viva,2 Pack,6,,2.5,100ea,False,38,toilet paper 12 pack,household,2026-08-21,2026-08-21T03:41:07.370638+00:00
coles,3798342,Icare 100% Recycled Paper Towel,Icare,2 Pack,3.85,,3.21,100ea,False,39,toilet paper 12 pack,household,2026-08-21,2026-08-21T03:41:07.370638+00:00
coles,5294180,Handee Ultra Paper Towels Crisp White,Handee,2 Pack,4.5,,3.75,100ea,False,40,toilet paper 12 pack,household,2026-08-21,2026-08-21T03:41:07.370638+00:00
coles,9102145,Handee Ultra Triple Length Paper Towel,Handee,2 Pack,9,,2.5,100ea,False,41,toilet paper 12 pack,household,2026-08-21,2026-08-21T03:41:07.370638+00:00
coles,3974730,Sorbent Hypo Allergenic Flushable Wipes Toilet Tissue,Sorbent,40 Pack,3.8,,0.1,1ea,False,42,toilet paper 12 pack,household,2026-08-21,2026-08-21T03:41:07.370638+00:00
coles,5031045,Handee Ultra Double Length Paper Towel Crisp White,Handee,2 Pack,5.25,,2.19,100ea,False,43,toilet paper 12 pack,household,2026-08-21,2026-08-21T03:41:07.370638+00:00
woolworths,167699,Strike Pro 3 Ply Paper Towel 3 x 60 pack,Strike,3 x 60 pack,2.7,2.7,1.5,100 sheets,False,1,paper towel,household,2026-08-21,2026-08-21T03:41:09.703042+00:00
woolworths,252037,Handee Ultra Paper Towel 3 x 60 pack,Handee,3 x 60 pack,3,5,1.67,100 sheets,True,2,paper towel,household,2026-08-21,2026-08-21T03:41:09.703042+00:00
woolworths,176852,Viva White Paper Towel 2 x 60 pack,Viva,2 x 60 pack,4.5,4.5,3.75,100 sheets,False,3,paper towel,household,2026-08-21,2026-08-21T03:41:09.703042+00:00
woolworths,171164,Strike 2 Ply Paper Towel 2 x 80 pack,Strike,2 x 80 pack,2.2,2.2,1.38,100 sheets,False,4,paper towel,household,2026-08-21,2026-08-21T03:41:09.703042+00:00
woolworths,249921,Viva White Paper Towel 3 x 60 pack,Viva,3 x 60 pack,5,5,2.78,100 sheets,False,5,paper towel,household,2026-08-21,2026-08-21T03:41:09.703042+00:00
woolworths,156865,icare Wipex Absorbent Recycled Pick A Size Paper Towel 3 x 100 pack,icare,3 x 100 pack,4.5,4.5,1.5,100 sheets,False,6,paper towel,household,2026-08-21,2026-08-21T03:41:09.703042+00:00
woolworths,212842,Handee Ultra Double Length White Paper Towel 2 x 120 pack,Handee,2 x 120 pack,5.25,5.25,2.19,100 sheets,False,7,paper towel,household,2026-08-21,2026-08-21T03:41:09.703042+00:00
woolworths,573468,Viva White Paper Towel 6 x 60 pack,Viva,6 x 60 pack,8,8,2.22,100 sheets,False,8,paper towel,household,2026-08-21,2026-08-21T03:41:09.703042+00:00
woolworths,435065,Strike Pro Double Length 3 Ply Paper Towel 3 x 120 pack,Strike,3 x 120 pack,4.9,4.9,1.36,100 sheets,False,9,paper towel,household,2026-08-21,2026-08-21T03:41:09.703042+00:00
woolworths,574728,Quilton Tuffy 4 Ply White Paper Towel 3 x 60 pack,Quilton,3 x 60 pack,3.5,5,1.94,100 sheets,True,10,paper towel,household,2026-08-21,2026-08-21T03:41:09.703042+00:00
coles,7316589,Handee Ultra Paper Towel,Handee,4 Pack,6.6,,2.75,100ea,False,1,paper towel,household,2026-08-21,2026-08-21T03:41:09.703042+00:00
coles,9161519,Coles Simply Facial Tissues,Coles Simply,224 Pack,1.9,,0.85,100ea,False,2,paper towel,household,2026-08-21,2026-08-21T03:41:09.703042+00:00
coles,7758634,Quilton 3 Ply Classic White Toilet Paper,Quilton,20 Pack,11,,0.31,100ea,False,3,paper towel,household,2026-08-21,2026-08-21T03:41:09.703042+00:00
coles,9546921,Handee Ultra Paper Towels White,Handee,3 Pack,3,5,1.67,100ea,False,4,paper towel,household,2026-08-21,2026-08-21T03:41:09.703042+00:00
coles,5031045,Handee Ultra Double Length Paper Towel Crisp White,Handee,2 Pack,5.25,,2.19,100ea,False,5,paper towel,household,2026-08-21,2026-08-21T03:41:09.703042+00:00
coles,5048219,Viva Paper Towel White,Viva,3 Pack,3.5,5,1.94,100ea,False,6,paper towel,household,2026-08-21,2026-08-21T03:41:09.703042+00:00
coles,5294180,Handee Ultra Paper Towels Crisp White,Handee,2 Pack,4.5,,3.75,100ea,False,7,paper towel,household,2026-08-21,2026-08-21T03:41:09.703042+00:00
coles,3424251,Viva Paper Towel White,Viva,6 Pack,8,,2.22,100ea,False,8,paper towel,household,2026-08-21,2026-08-21T03:41:09.703042+00:00
coles,2915338,Viva Paper Towel Double Length White,Viva,3 Pack,8,,2.22,100ea,False,9,paper towel,household,2026-08-21,2026-08-21T03:41:09.703042+00:00
coles,5749086,Kleenex 3 Ply Wellbeing Tissues Facial Aloe Vera,Kleenex,95 Pack,2.6,,2.74,100ea,False,10,paper towel,household,2026-08-21,2026-08-21T03:41:09.703042+00:00
coles,5034000,Quilton 3 Ply Double Toilet Rolls Floral Soft,Quilton,9 Pack,13,,0.4,100ea,False,11,paper towel,household,2026-08-21,2026-08-21T03:41:09.703042+00:00
coles,9333523,Viva Paper Towel White,Viva,2 Pack,4.5,,3.75,100ea,False,12,paper towel,household,2026-08-21,2026-08-21T03:41:09.703042+00:00
coles,2918256,Viva Double Length  Paper Towel,Viva,2 Pack,6,,2.5,100ea,False,13,paper towel,household,2026-08-21,2026-08-21T03:41:09.703042+00:00
coles,3661268,Kleenex Facial Tissue Everyday 2 Ply,Kleenex,200 Pack,3,,1.5,100ea,False,14,paper towel,household,2026-08-21,2026-08-21T03:41:09.703042+00:00
coles,9642980,Quilton 3 Ply Double Length White Toilet Paper,Quilton,4 Pack,6,,0.42,100ea,False,15,paper towel,household,2026-08-21,2026-08-21T03:41:09.703042+00:00
coles,9333818,Kleenex 3 Ply Large N Thick Tissues Facial,Kleenex,95 Pack,3.5,,3.68,100ea,False,16,paper towel,household,2026-08-21,2026-08-21T03:41:09.703042+00:00
coles,7340120,Kleenex 3 Ply Wellbeing Tissues Facial Aloevera,Kleenex,140 Pack,3.6,4.5,2.57,100ea,False,17,paper towel,household,2026-08-21,2026-08-21T03:41:09.703042+00:00
coles,5034134,Quilton 3 Ply Unscented White Toilet Paper,Quilton,12 Pack,7.6,,0.35,100ea,False,18,paper towel,household,2026-08-21,2026-08-21T03:41:09.703042+00:00
coles,1281572,Kleenex Wellbeing Facial Tissues Eucalyptus,Kleenex,95 Pack,2.6,,2.74,100ea,False,19,paper towel,household,2026-08-21,2026-08-21T03:41:09.703042+00:00
coles,3974092,Sorbent 3 Ply Soft & Strong Toilet Paper,Sorbent,16 Pack,14,,0.49,100ea,False,20,paper towel,household,2026-08-21,2026-08-21T03:41:09.703042+00:00
coles,3517115,Kleenex Complete Clean Double Length Toilet Paper,Kleenex,12 Pack,13.5,,0.31,100ea,False,21,paper towel,household,2026-08-21,2026-08-21T03:41:09.703042+00:00
coles,3974730,Sorbent Hypo Allergenic Flushable Wipes Toilet Tissue,Sorbent,40 Pack,3.8,,0.1,1ea,False,22,paper towel,household,2026-08-21,2026-08-21T03:41:09.703042+00:00
coles,5032605,Sorbent Clean & Fresh Silky White Flushable Wipes Soft Pack,Sorbent,40 Pack,3.8,,0.1,1ea,False,23,paper towel,household,2026-08-21,2026-08-21T03:41:09.703042+00:00
coles,3799050,Icare Toilet Paper Single Length,Icare,24 Pack,13,,0.57,100ea,False,24,paper towel,household,2026-08-21,2026-08-21T03:41:09.703042+00:00
coles,9161472,Coles Simply Paper Towel,Coles Simply,2 Pack,2.2,,1.38,100ea,False,25,paper towel,household,2026-08-21,2026-08-21T03:41:09.703042+00:00
coles,7489689,Viva Paper Towel,Viva,8 Pack,8,,1.67,100ea,False,26,paper towel,household,2026-08-21,2026-08-21T03:41:09.703042+00:00
coles,1619566,Handee Thick & Large Paper Towel,Handee,2 Pack,5,,4.17,100ea,False,27,paper towel,household,2026-08-21,2026-08-21T03:41:09.703042+00:00
coles,3798342,Icare 100% Recycled Paper Towel,Icare,2 Pack,3.85,,3.21,100ea,False,28,paper towel,household,2026-08-21,2026-08-21T03:41:09.703042+00:00
coles,9102145,Handee Ultra Triple Length Paper Towel,Handee,2 Pack,9,,2.5,100ea,False,29,paper towel,household,2026-08-21,2026-08-21T03:41:09.703042+00:00
coles,9161483,Coles Ultra Paper Towel 3-ply White,Coles Ultra,3 Pack,2.5,,1.39,100ea,False,30,paper towel,household,2026-08-21,2026-08-21T03:41:09.703042+00:00
coles,9161508,Coles Ultra 3- Ply White Double Length Paper Towel,Coles Ultra,3 Pack,4.9,,1.36,100ea,False,31,paper towel,household,2026-08-21,2026-08-21T03:41:09.703042+00:00
woolworths,753871,Earth Choice Dishwashing Liquid 900mL,Earth Choice,900mL,6,6,0.67,100ML,False,1,dishwashing liquid 900ml,household,2026-08-21,2026-08-21T03:41:11.932418+00:00
woolworths,208112,Morning Fresh Dishwashing Liquid Original 900mL,Morning Fresh,900mL,5,10,0.56,100ML,True,2,dishwashing liquid 900ml,household,2026-08-21,2026-08-21T03:41:11.932418+00:00
woolworths,208111,Morning Fresh Dishwashing Liquid Lemon 900mL,Morning Fresh,900mL,5,10,0.56,100ML,True,3,dishwashing liquid 900ml,household,2026-08-21,2026-08-21T03:41:11.932418+00:00
woolworths,280546,Morning Fresh Dishwashing Liquid Lime 900mL,Morning Fresh,900mL,5,10,0.56,100ML,True,4,dishwashing liquid 900ml,household,2026-08-21,2026-08-21T03:41:11.932418+00:00
woolworths,183863,Shine Ultra Dishwashing Liquid Pear & Peony 900mL,Shine,900mL,3,3,0.33,100ML,False,5,dishwashing liquid 900ml,household,2026-08-21,2026-08-21T03:41:11.932418+00:00
woolworths,183864,Shine Ultra Dishwashing Liquid Concentrate Antibacterial 900mL,Shine,900mL,3,3,0.33,100ML,False,6,dishwashing liquid 900ml,household,2026-08-21,2026-08-21T03:41:11.932418+00:00
woolworths,588994,Morning Fresh Dishwashing Liquid Raspberry & Crisp Apple 900mL,Morning Fresh,900mL,5,10,0.56,100ML,True,7,dishwashing liquid 900ml,household,2026-08-21,2026-08-21T03:41:11.932418+00:00
woolworths,1126061529,Morning Fresh Dishwashing Liquid Raspberry Crisp Apple 900mL (8 Pack),Morning Fresh,,65.99,65.99,0.92,100ML,False,8,dishwashing liquid 900ml,household,2026-08-21,2026-08-21T03:41:11.932418+00:00
woolworths,282626,Morning Fresh Summer Berries Dishwashing Liquid Washing Up Dish Wash 900mL,Morning Fresh,900mL,5,10,0.56,100ML,True,9,dishwashing liquid 900ml,household,2026-08-21,2026-08-21T03:41:11.932418+00:00
woolworths,6052264,Earthwise Plant Powered Dish Liquid Orange & Eucalyptus 900mL,Earthwise,900mL,5.75,5.75,0.64,100ML,False,10,dishwashing liquid 900ml,household,2026-08-21,2026-08-21T03:41:11.932418+00:00
coles,6318192,Morning Fresh Summer Berries Dishwashing Liquid,Morning Fresh,900mL,10,,1.11,100ml,False,1,dishwashing liquid 900ml,household,2026-08-21,2026-08-21T03:41:11.932418+00:00
coles,1633614,Palmolive Ultra Squeeze It Lemon Dishwashing Liquid,Palmolive,500mL,8,,1.6,100ml,False,2,dishwashing liquid 900ml,household,2026-08-21,2026-08-21T03:41:11.932418+00:00
coles,3224296,Coles Ultra Dishwashing Liquid Lemon,Coles Ultra,900mL,3,,0.33,100ml,False,3,dishwashing liquid 900ml,household,2026-08-21,2026-08-21T03:41:11.932418+00:00
coles,1633647,Palmolive Ultra Squeeze It Mandarin Dishwashing Liquid,Palmolive,500mL,8,,1.6,100ml,False,4,dishwashing liquid 900ml,household,2026-08-21,2026-08-21T03:41:11.932418+00:00
coles,9736075,Morning Fresh Original Dishwashing Liquid,Morning Fresh,900mL,10,,1.11,100ml,False,5,dishwashing liquid 900ml,household,2026-08-21,2026-08-21T03:41:11.932418+00:00
coles,9735935,Morning Fresh Lemon Dishwashing Liquid,Morning Fresh,900mL,10,,1.11,100ml,False,6,dishwashing liquid 900ml,household,2026-08-21,2026-08-21T03:41:11.932418+00:00
coles,1633636,Palmolive Ultra Squeeze It Original Dishwashing Liquid,Palmolive,500mL,8,,1.6,100ml,False,7,dishwashing liquid 900ml,household,2026-08-21,2026-08-21T03:41:11.932418+00:00
coles,1633658,Morning Fresh Easy Squeeze Lemon Dishwashing Liquid,Morning Fresh,600mL,5,10,0.83,100ml,False,8,dishwashing liquid 900ml,household,2026-08-21,2026-08-21T03:41:11.932418+00:00
coles,5091513,Morning Fresh Lime Dishwashing Liquid,Morning Fresh,900mL,10,,1.11,100ml,False,9,dishwashing liquid 900ml,household,2026-08-21,2026-08-21T03:41:11.932418+00:00
coles,1062660,Palmolive Regular Dishwashing Liquid Lemon Lime Bulk Pack,Palmolive,1.3L,6,,0.46,100ml,False,10,dishwashing liquid 900ml,household,2026-08-21,2026-08-21T03:41:11.932418+00:00
coles,5000799,Palmolive Ultra Strength Concentrate Dishwashing Liquid Original,Palmolive,950mL,4.75,9.5,0.5,100ml,False,11,dishwashing liquid 900ml,household,2026-08-21,2026-08-21T03:41:11.932418+00:00
coles,3863808,Coles Ultra Dishwashing Liquid Lychee & Lime Blossom,Coles Ultra,900mL,3,,0.33,100ml,False,12,dishwashing liquid 900ml,household,2026-08-21,2026-08-21T03:41:11.932418+00:00
coles,5417360,Earth Choice Dishwashing Liquid,Earth Choice,1L,2.65,,0.27,100ml,False,13,dishwashing liquid 900ml,household,2026-08-21,2026-08-21T03:41:11.932418+00:00
coles,1633670,Morning Fresh Easy Squeeze Dual Enzyme Citrus Dishwashing Liquid,Morning Fresh,550mL,5,10,0.91,100ml,False,14,dishwashing liquid 900ml,household,2026-08-21,2026-08-21T03:41:11.932418+00:00
coles,1633669,Morning Fresh Easy Squeeze Raspberry Crisp Apple Dishwashing Liquid,Morning Fresh,600mL,5,10,0.83,100ml,False,15,dishwashing liquid 900ml,household,2026-08-21,2026-08-21T03:41:11.932418+00:00
coles,3208890,Morning Fresh Raspberry & Crisp Apple Dishwashing Liquid,Morning Fresh,900mL,10,,1.11,100ml,False,16,dishwashing liquid 900ml,household,2026-08-21,2026-08-21T03:41:11.932418+00:00
coles,6132988,Palmolive Dishwashing Liquid Ultra Australian Extracts Quandong Peach & Frangipani,Palmolive,750mL,8,,1.07,100ml,False,17,dishwashing liquid 900ml,household,2026-08-21,2026-08-21T03:41:11.932418+00:00
coles,1633680,Morning Fresh Easy Squeeze Soft Hands Vanilla Rose Dishwashing Liquid,Morning Fresh,550mL,5,10,0.91,100ml,False,18,dishwashing liquid 900ml,household,2026-08-21,2026-08-21T03:41:11.932418+00:00
coles,6132977,Palmolive Dishwashing Liquid Ultra Australian Extracts Lemon Myrtle & Davidson Plum,Palmolive,750mL,8,,1.07,100ml,False,19,dishwashing liquid 900ml,household,2026-08-21,2026-08-21T03:41:11.932418+00:00
coles,1072528,Earthwise Dishwashing Liquid Orange Eucalyptus,Earthwise,500 mL,6,,1.2,100ml,False,20,dishwashing liquid 900ml,household,2026-08-21,2026-08-21T03:41:11.932418+00:00
coles,3193545,Earth Choice Dish Wash Concentrate Liquid Green Tea & Lime,Earth Choice,900mL,4.9,6,0.54,100ml,False,21,dishwashing liquid 900ml,household,2026-08-21,2026-08-21T03:41:11.932418+00:00
coles,7983914,Coles Simply Dishwashing Liquid Lemon,Coles Simply,1L,1.4,,0.14,100ml,False,22,dishwashing liquid 900ml,household,2026-08-21,2026-08-21T03:41:11.932418+00:00
coles,2225329,Morning Fresh Lime Dishwashing Liquid,Morning Fresh,400mL,6,,1.5,100ml,False,23,dishwashing liquid 900ml,household,2026-08-21,2026-08-21T03:41:11.932418+00:00
coles,7752300,Ecostore Dishwashing Liquid Lemon,Ecostore,1L,9.2,,0.92,100ml,False,24,dishwashing liquid 900ml,household,2026-08-21,2026-08-21T03:41:11.932418+00:00
coles,7602930,Coles Ultra Concentrate Dishwashing Liquid Lemon,Coles Ultra,450mL,1.9,,0.42,100ml,False,25,dishwashing liquid 900ml,household,2026-08-21,2026-08-21T03:41:11.932418+00:00
coles,3514241,Finish All In 1 Max Dishwasher Gel Lemon,Finish,1L,18,,1.8,100ml,False,26,dishwashing liquid 900ml,household,2026-08-21,2026-08-21T03:41:11.932418+00:00
coles,1420566,Fairy Complete Clean Dishwashing Liquid Lemon,Fairy,495mL,8,,1.62,100ml,False,27,dishwashing liquid 900ml,household,2026-08-21,2026-08-21T03:41:11.932418+00:00
coles,1420577,Fairy Complete Clean Dishwashing Liquid Lemon,Fairy,750mL,5.5,11,0.73,100ml,False,28,dishwashing liquid 900ml,household,2026-08-21,2026-08-21T03:41:11.932418+00:00
coles,2225395,Morning Fresh Lemon Dishwashing Liquid,Morning Fresh,400mL,6,,1.5,100ml,False,29,dishwashing liquid 900ml,household,2026-08-21,2026-08-21T03:41:11.932418+00:00
coles,1420599,Fairy Complete Clean Dishwashing Liquid Original,Fairy,495mL,8,,1.62,100ml,False,30,dishwashing liquid 900ml,household,2026-08-21,2026-08-21T03:41:11.932418+00:00
coles,1420588,Fairy Complete Clean Dishwashing Liquid Original,Fairy,750mL,5.5,11,0.73,100ml,False,31,dishwashing liquid 900ml,household,2026-08-21,2026-08-21T03:41:11.932418+00:00
coles,3733019,Morning Fresh Strawberry And Guava Dishwashing Liquid,Morning Fresh,400mL,6,,1.5,100ml,False,32,dishwashing liquid 900ml,household,2026-08-21,2026-08-21T03:41:11.932418+00:00
coles,5109674,Morning Fresh Lemon Dishwashing Liquid Refill,Morning Fresh,800mL,6,,0.75,100ml,False,33,dishwashing liquid 900ml,household,2026-08-21,2026-08-21T03:41:11.932418+00:00
coles,2225384,Morning Fresh Limited Edition Dishwashing Liquid,Morning Fresh,400mL,6,,1.5,100ml,False,34,dishwashing liquid 900ml,household,2026-08-21,2026-08-21T03:41:11.932418+00:00
coles,2861512,Morning Fresh Ultimate Pro Dishwashing Liquid Lemon,Morning Fresh,350mL,6,,1.71,100ml,False,35,dishwashing liquid 900ml,household,2026-08-21,2026-08-21T03:41:11.932418+00:00
coles,3743329,Earth Choice Concentrate Red Apple Dishwashing Liquid,Earth Choice,500mL,3.6,,0.72,100ml,False,36,dishwashing liquid 900ml,household,2026-08-21,2026-08-21T03:41:11.932418+00:00
coles,7752310,Ecostore Dishwashing Liquid Extra Gentle Jasmine & Harakeke,Ecostore,1L,9.2,,0.92,100ml,False,37,dishwashing liquid 900ml,household,2026-08-21,2026-08-21T03:41:11.932418+00:00
coles,2376652,Coles Ultra Concentrate Dishwashing Liquid Limited Edition Lychee & Lime Blossom,Coles Ultra,450mL,1.9,,0.42,100ml,False,38,dishwashing liquid 900ml,household,2026-08-21,2026-08-21T03:41:11.932418+00:00
coles,3208697,Morning Fresh Soft Hands Vanilla & Rose Dishwashing Liquid,Morning Fresh,350mL,6,,1.71,100ml,False,39,dishwashing liquid 900ml,household,2026-08-21,2026-08-21T03:41:11.932418+00:00
coles,4429465,Earth Choice Green Tea & Lime Dishwashing Liquid Concentrate,Earth Choice,500mL,3.6,,0.72,100ml,False,40,dishwashing liquid 900ml,household,2026-08-21,2026-08-21T03:41:11.932418+00:00
coles,3208700,Morning Fresh Cucumber & Aloe Vera Soft Hands Dishwashing Liquid,Morning Fresh,350mL,6,,1.71,100ml,False,41,dishwashing liquid 900ml,household,2026-08-21,2026-08-21T03:41:11.932418+00:00
coles,5001088,Palmolive Ultra Strength Concentrate Dishwashing Liquid Gentle Care,Palmolive,950mL,4.75,9.5,0.5,100ml,False,42,dishwashing liquid 900ml,household,2026-08-21,2026-08-21T03:41:11.932418+00:00
coles,5001190,Palmolive Ultra Strength Concentrate Antibacterial Dishwashing Liquid Lemon,Palmolive,500mL,5.5,,1.1,100ml,False,43,dishwashing liquid 900ml,household,2026-08-21,2026-08-21T03:41:11.932418+00:00
coles,5001260,Palmolive Ultra Strength Concentrate Dishwashing Liquid Gentle Care,Palmolive,500mL,5.5,,1.1,100ml,False,44,dishwashing liquid 900ml,household,2026-08-21,2026-08-21T03:41:11.932418+00:00
coles,5001113,Palmolive Ultra Strength Concentrate Antibacterial Dishwashing Liquid Lemon,Palmolive,950mL,4.75,9.5,0.5,100ml,False,45,dishwashing liquid 900ml,household,2026-08-21,2026-08-21T03:41:11.932418+00:00
coles,7824070,Morning Fresh Dishwashing Liquid Antibacterial Active Lemon,Morning Fresh,350mL,6,,1.71,100ml,False,46,dishwashing liquid 900ml,household,2026-08-21,2026-08-21T03:41:11.932418+00:00
coles,7739786,Earth Choice Lemon Burst,Earth Choice,500mL,3.6,,0.72,100ml,False,47,dishwashing liquid 900ml,household,2026-08-21,2026-08-21T03:41:11.932418+00:00
coles,1072517,Earthwise Diswashing Liquid Lemon Fresh,Earthwise,500 mL,6,,1.2,100ml,False,48,dishwashing liquid 900ml,household,2026-08-21,2026-08-21T03:41:11.932418+00:00
woolworths,88163,Cold Power Advanced Clean Laundry Liquid 2L,Cold Power,2L,26,26,13,1L,False,1,laundry liquid 2l,household,2026-08-21,2026-08-21T03:41:13.839945+00:00
woolworths,468552,OMO Sensitive Laundry Liquid 2L,OMO,2L,15,30,7.5,1L,True,2,laundry liquid 2l,household,2026-08-21,2026-08-21T03:41:13.839945+00:00
woolworths,6039878,Bosisto's Sensitive Laundry Liquid 2L,Bosisto's,2L,15,21.5,7.5,1L,True,3,laundry liquid 2l,household,2026-08-21,2026-08-21T03:41:13.839945+00:00
woolworths,88870,Purity Sensitive Laundry Liquid 2L,Purity,2L,7.3,7.3,3.65,1L,False,4,laundry liquid 2l,household,2026-08-21,2026-08-21T03:41:13.839945+00:00
woolworths,6039262,Bosisto's Power Plus Laundry Liquid 2L,Bosisto's,2L,23,23,11.5,1L,False,5,laundry liquid 2l,household,2026-08-21,2026-08-21T03:41:13.839945+00:00
woolworths,385987,Cold Power Plus Extreme Clean Laundry Liquid 2L,Cold Power,2L,26,26,13,1L,False,6,laundry liquid 2l,household,2026-08-21,2026-08-21T03:41:13.839945+00:00
woolworths,88334,Cold Power Sensitive Clean Laundry Liquid 2L,Cold Power,2L,26,26,13,1L,False,7,laundry liquid 2l,household,2026-08-21,2026-08-21T03:41:13.839945+00:00
woolworths,1122866729,Radiant Commercial Blend Laundry Liquid 2L,Radiant,,9.99,9.99,5,1L,False,8,laundry liquid 2l,household,2026-08-21,2026-08-21T03:41:13.839945+00:00
woolworths,385221,Cold Power Plus Fabric Softener Laundry Liquid 2L,Cold Power,2L,26,26,13,1L,False,9,laundry liquid 2l,household,2026-08-21,2026-08-21T03:41:13.839945+00:00
woolworths,269084,Undo This Mess Gold Standard Laundry Liquid 2L,Undo This Mess,2L,20,20,10,1L,False,10,laundry liquid 2l,household,2026-08-21,2026-08-21T03:41:13.839945+00:00
coles,5004891,OMO Ultimate Laundry Liquid Detergent 40 Washes,OMO,2L,18,36,9,1l,False,1,laundry liquid 2l,household,2026-08-21,2026-08-21T03:41:13.839945+00:00
coles,1745888,Earthwise Laundry Liquid Frangipani,Earthwise,2L,20,,10,1l,False,2,laundry liquid 2l,household,2026-08-21,2026-08-21T03:41:13.839945+00:00
coles,3787969,Purity Concentrate Laundry Liquid,Purity,2L,7.3,,3.65,1l,False,3,laundry liquid 2l,household,2026-08-21,2026-08-21T03:41:13.839945+00:00
coles,5091637,OMO Ultimate Laundry Liquid Detergent Sensitive 40 Washes,OMO,2L,18,36,9,1l,False,4,laundry liquid 2l,household,2026-08-21,2026-08-21T03:41:13.839945+00:00
coles,3524358,Surf Laundry Liquid Detergent Tropical 40 Washes,Surf,2L,9,,4.5,1l,False,5,laundry liquid 2l,household,2026-08-21,2026-08-21T03:41:13.839945+00:00
coles,1388791,Bosisto's Sensitive Laundry Liquid,Bosisto's,2L,21.5,,10.75,1l,False,6,laundry liquid 2l,household,2026-08-21,2026-08-21T03:41:13.839945+00:00
coles,1388780,Bosisto's Power + Laundry Liquid,Bosisto's,2L,13.8,23,6.9,1l,False,7,laundry liquid 2l,household,2026-08-21,2026-08-21T03:41:13.839945+00:00
coles,3199010,Surf Laundry Liquid Detergent Coastal Luxury 40 Washes,Surf,2L,9,,4.5,1l,False,8,laundry liquid 2l,household,2026-08-21,2026-08-21T03:41:13.839945+00:00
coles,2731030,OMO Laundry Liquid Detergent Sensitive 40 Washes,OMO,2L,30,,15,1l,False,9,laundry liquid 2l,household,2026-08-21,2026-08-21T03:41:13.839945+00:00
coles,3888048,Coles Ultra Laundry Liquid Sensitive,Coles Ultra,2L,10.5,,5.25,1l,False,10,laundry liquid 2l,household,2026-08-21,2026-08-21T03:41:13.839945+00:00
coles,8020293,Earthwise Laundry Liquid Sensitive,Earthwise,2L,20,,10,1l,False,11,laundry liquid 2l,household,2026-08-21,2026-08-21T03:41:13.839945+00:00
coles,1388805,Coles Simply Cotton Fresh Laundry Liquid,Coles Simply,2L,2,,1,1l,False,12,laundry liquid 2l,household,2026-08-21,2026-08-21T03:41:13.839945+00:00
coles,2731007,OMO Laundry Liquid Detergent Active Clean 40 Washes,OMO,2L,30,,15,1l,False,13,laundry liquid 2l,household,2026-08-21,2026-08-21T03:41:13.839945+00:00
coles,3774606,Cold Power Laundry Liquid Sensitive,Cold Power,2L,13,26,6.5,1l,False,14,laundry liquid 2l,household,2026-08-21,2026-08-21T03:41:13.839945+00:00
coles,2900534,OMO Touch Of Comfort Laundry Liquid Detergent 40 Washes,OMO,2L,30,,15,1l,False,15,laundry liquid 2l,household,2026-08-21,2026-08-21T03:41:13.839945+00:00
coles,5091660,OMO Expert Odour Eliminator Laundry Liquid Detergent 40 Wash,OMO,2L,18,36,9,1l,False,16,laundry liquid 2l,household,2026-08-21,2026-08-21T03:41:13.839945+00:00
coles,8020045,Earthwise Laundry Liquid Orange & Eucalyptus,Earthwise,2L,20,,10,1l,False,17,laundry liquid 2l,household,2026-08-21,2026-08-21T03:41:13.839945+00:00
coles,5486577,OMO Scents Laundry Liquid Floral Indulgence,OMO,2L,30,,7.5,1l,False,18,laundry liquid 2l,household,2026-08-21,2026-08-21T03:41:13.839945+00:00
coles,3774581,Cold Power Laundry Liquid Advanced Clean,Cold Power,2L,13,26,6.5,1l,False,19,laundry liquid 2l,household,2026-08-21,2026-08-21T03:41:13.839945+00:00
coles,7035218,Cold Power Laundry Liquid Odour Fighter,Cold Power,2L,13,26,6.5,1l,False,20,laundry liquid 2l,household,2026-08-21,2026-08-21T03:41:13.839945+00:00
coles,7035375,Cold Power Laundry Liquid Extreme Clean,Cold Power,2L,13,26,6.5,1l,False,21,laundry liquid 2l,household,2026-08-21,2026-08-21T03:41:13.839945+00:00
coles,8053521,Earth Choice Ultra Concentrate Laundry Liquid Detergent Top & Front Loader,Earth Choice,2L,14,,7,1l,False,22,laundry liquid 2l,household,2026-08-21,2026-08-21T03:41:13.839945+00:00
coles,3774592,Cold Power Laundry Liquid Lemon Fresh,Cold Power,2L,13,26,6.5,1l,False,23,laundry liquid 2l,household,2026-08-21,2026-08-21T03:41:13.839945+00:00
coles,2899785,FAB Frangipani Front & Top Loader Laundry Liquid,FAB,2L,9,,4.5,1l,False,24,laundry liquid 2l,household,2026-08-21,2026-08-21T03:41:13.839945+00:00
coles,3888117,Coles Ultra Infusions Indulgent Escape Laundry Liquid,Coles,2L,6,,3,1l,False,25,laundry liquid 2l,household,2026-08-21,2026-08-21T03:41:13.839945+00:00
coles,4144352,Radiant Laundry Liquid Brightens Whites Or Colours,Radiant,2L,22,,11,1l,False,26,laundry liquid 2l,household,2026-08-21,2026-08-21T03:41:13.839945+00:00
coles,7035353,Cold Power Laundry Liquid With A Touch Of Fabric Softener,Cold Power,2L,13,26,6.5,1l,False,27,laundry liquid 2l,household,2026-08-21,2026-08-21T03:41:13.839945+00:00
coles,3919888,Coles Ultra Laundry Liquid Concentrate Front & Top Loader,Coles Ultra,2L,10.5,,5.25,1l,False,28,laundry liquid 2l,household,2026-08-21,2026-08-21T03:41:13.839945+00:00
coles,5417381,Earth Choice Laundry Liquid,Earth Choice,1L,3.3,,3.3,1l,False,29,laundry liquid 2l,household,2026-08-21,2026-08-21T03:41:13.839945+00:00
coles,8050410,One 4 In 1 Laundry Liquid Fresh Scent,One,2L,9,,4.5,1l,False,30,laundry liquid 2l,household,2026-08-21,2026-08-21T03:41:13.839945+00:00
coles,4144250,Radiant Laundry Liquid All-in-one Mixed Colours,Radiant,2L,22,,11,1l,False,31,laundry liquid 2l,household,2026-08-21,2026-08-21T03:41:13.839945+00:00
coles,5101311,OMO Ultimate Laundry Liquid Detergent 80 Washes,OMO,4L,30,,7.5,1l,False,32,laundry liquid 2l,household,2026-08-21,2026-08-21T03:41:13.839945+00:00
coles,3196667,Radiant Blacks & Darks Laundry Liquid Black Wash Detergent,Radiant,1L,6,12,6,1l,False,33,laundry liquid 2l,household,2026-08-21,2026-08-21T03:41:13.839945+00:00
coles,2910232,Coles Ultra Infusions Tropical Paradise Laundry Liquid Top & Front,Coles Ultra,2L,6,,3,1l,False,34,laundry liquid 2l,household,2026-08-21,2026-08-21T03:41:13.839945+00:00
coles,7035626,Dynamo Professional Odour Eliminating Laundry Liquid,Dynamo,2L,29,,14.5,1l,False,35,laundry liquid 2l,household,2026-08-21,2026-08-21T03:41:13.839945+00:00
coles,7035648,Dynamo Professional Oxi Plus Laundry Liquid,Dynamo,2L,29,,14.5,1l,False,36,laundry liquid 2l,household,2026-08-21,2026-08-21T03:41:13.839945+00:00
coles,1751111,Earth Choice Concentrate Laundry Liquid,Earth Choice,4L,18,,4.5,1l,False,37,laundry liquid 2l,household,2026-08-21,2026-08-21T03:41:13.839945+00:00
coles,1788756,OMO Expert Wonder Wash Laundry Liquid Sensitive,OMO,1.18L,21,,17.8,1l,False,38,laundry liquid 2l,household,2026-08-21,2026-08-21T03:41:13.839945+00:00
coles,1788745,OMO Expert Wonder Wash Laundry Liquid White,OMO,1.94L,32,,16.49,1l,False,39,laundry liquid 2l,household,2026-08-21,2026-08-21T03:41:13.839945+00:00
coles,1788643,OMO Expert Wonder Wash Laundry Liquid Sensitive,OMO,1.94L,32,,16.49,1l,False,40,laundry liquid 2l,household,2026-08-21,2026-08-21T03:41:13.839945+00:00
coles,2899719,Surf Laundry Liquid Detergent Tropical 80 Washes,Surf,4L,16.5,,4.13,1l,False,41,laundry liquid 2l,household,2026-08-21,2026-08-21T03:41:13.839945+00:00
coles,1015987,OMO Ultimate Sensitive Laundry Liquid Detergent 80 Washes,OMO,4L,30,,7.5,1l,False,42,laundry liquid 2l,household,2026-08-21,2026-08-21T03:41:13.839945+00:00
coles,7035670,Dynamo Professional Clean & Fresh Machine Laundry Liquid,Dynamo,2L,29,,14.5,1l,False,43,laundry liquid 2l,household,2026-08-21,2026-08-21T03:41:13.839945+00:00
coles,2731186,OMO Laundry Liquid Detergent Sensitive 80 Washes,OMO,4L,24,,6,1l,False,44,laundry liquid 2l,household,2026-08-21,2026-08-21T03:41:13.839945+00:00
coles,3774639,Cold Power Laundry Liquid Advanced Clean,Cold Power,4L,21,,5.25,1l,False,45,laundry liquid 2l,household,2026-08-21,2026-08-21T03:41:13.839945+00:00
coles,255861,Softly Delicates Specialty Washing Liquid,Softly,1.25L,9,,7.2,1l,False,46,laundry liquid 2l,household,2026-08-21,2026-08-21T03:41:13.839945+00:00
coles,4317508,Radiant Odour Removal Laundry Liquid Washing Detergent,Radiant,1.8L,11,22,6.11,1l,False,47,laundry liquid 2l,household,2026-08-21,2026-08-21T03:41:13.839945+00:00
coles,3934509,Fab Frangipani Laundry Liquid,Fab,4L,16.5,,4.13,1l,False,48,laundry liquid 2l,household,2026-08-21,2026-08-21T03:41:13.839945+00:00
woolworths,197043,Colgate Advanced Whitening Toothpaste 200g,Colgate,200g,11,11,5.5,100G,False,1,toothpaste 200g,personal care,2026-08-21,2026-08-21T03:41:15.744274+00:00
woolworths,822391,Colgate Total Active Prevention Original Toothpaste 200g,Colgate,200g,6,7.5,3,100G,False,2,toothpaste 200g,personal care,2026-08-21,2026-08-21T03:41:15.744274+00:00
woolworths,819777,Colgate Total Active Prevention Whitening Toothpaste 200g,Colgate,200g,11,11,5.5,100G,False,3,toothpaste 200g,personal care,2026-08-21,2026-08-21T03:41:15.744274+00:00
woolworths,197042,Colgate Total Active Prevention Gum Care Toothpaste 200g,Colgate,200g,11,11,5.5,100G,False,4,toothpaste 200g,personal care,2026-08-21,2026-08-21T03:41:15.744274+00:00
woolworths,819776,Colgate Total Active Prevention Active Fresh Toothpaste 200g,Colgate,200g,11,11,5.5,100G,False,5,toothpaste 200g,personal care,2026-08-21,2026-08-21T03:41:15.744274+00:00
woolworths,852237,Colgate Total Active Prevention Mint Stripe Toothpaste 200g,Colgate,200g,6,7.5,3,100G,False,6,toothpaste 200g,personal care,2026-08-21,2026-08-21T03:41:15.744274+00:00
woolworths,819778,Colgate Total Active Prevention Deep Clean Toothpaste 200g,Colgate,200g,11,11,5.5,100G,False,7,toothpaste 200g,personal care,2026-08-21,2026-08-21T03:41:15.744274+00:00
woolworths,6056171,Oral-B Complete Defence System Whitening Toothpaste 200g,Oral-B,200g,4.5,9,2.25,100G,True,8,toothpaste 200g,personal care,2026-08-21,2026-08-21T03:41:15.744274+00:00
woolworths,65172,Colgate Total Active Prevention Deep Clean With Charcoal Toothpaste 200g,Colgate,200g,11,11,5.5,100G,False,9,toothpaste 200g,personal care,2026-08-21,2026-08-21T03:41:15.744274+00:00
woolworths,659036,Oral-B Pro Health Complete Defense All Round Clean Toothpaste 200g,Oral-B,200g,5,12,2.5,100G,True,10,toothpaste 200g,personal care,2026-08-21,2026-08-21T03:41:15.744274+00:00
coles,4842439,Colgate Advanced Whitening Toothpaste,Colgate,200g,11,,5.5,100g,False,1,toothpaste 200g,personal care,2026-08-21,2026-08-21T03:41:15.744274+00:00
coles,5059930,Colgate Max Fresh Coolmint Toothpaste,Colgate,200g,11,,5.5,100g,False,2,toothpaste 200g,personal care,2026-08-21,2026-08-21T03:41:15.744274+00:00
coles,4842392,Colgate Total Active Prevention Gum Care Toothpaste,Colgate,200g,5.5,11,2.75,100g,False,3,toothpaste 200g,personal care,2026-08-21,2026-08-21T03:41:15.744274+00:00
coles,4842450,Colgate Advanced Whitening Toothpaste And Tartar Control,Colgate,200g,11,,5.5,100g,False,4,toothpaste 200g,personal care,2026-08-21,2026-08-21T03:41:15.744274+00:00
coles,3400956,Colgate Total Active Prevention Whitening Toothpaste,Colgate,200g,5.5,11,2.75,100g,False,5,toothpaste 200g,personal care,2026-08-21,2026-08-21T03:41:15.744274+00:00
coles,3400912,Colgate Total Active Prevention Fresh Toothpaste,Colgate,200g,5.5,11,2.75,100g,False,6,toothpaste 200g,personal care,2026-08-21,2026-08-21T03:41:15.744274+00:00
coles,3401074,Colgate Total Active Prevention Original Toothpaste,Colgate,200g,6,,3,100g,False,7,toothpaste 200g,personal care,2026-08-21,2026-08-21T03:41:15.744274+00:00
coles,3400832,Colgate Total Active Prevention Mint Stripe Toothpaste,Colgate,200g,6,,3,100g,False,8,toothpaste 200g,personal care,2026-08-21,2026-08-21T03:41:15.744274+00:00
coles,3400887,Colgate Total Active Prevention Deep Clean Toothpaste,Colgate,200g,5.5,11,2.75,100g,False,9,toothpaste 200g,personal care,2026-08-21,2026-08-21T03:41:15.744274+00:00
coles,3695168,Colgate Total Active Prevention Deep Clean Charcoal Toothpaste,Colgate,200g,5.5,11,2.75,100g,False,10,toothpaste 200g,personal care,2026-08-21,2026-08-21T03:41:15.744274+00:00
coles,7525603,Red Seal Baking Soda Toothpaste,Red Seal,100g,4.8,,4.8,100g,False,11,toothpaste 200g,personal care,2026-08-21,2026-08-21T03:41:15.744274+00:00
coles,1610029,Sensodyne Repair & Protect Twin Pack Toothpaste 2x100g,Sensodyne,200g,21,,10.5,100g,False,12,toothpaste 200g,personal care,2026-08-21,2026-08-21T03:41:15.744274+00:00
coles,4842417,Colgate Advanced Whitening Toothpaste,Colgate,115g,3.5,7,3.04,100g,False,13,toothpaste 200g,personal care,2026-08-21,2026-08-21T03:41:15.744274+00:00
coles,3712573,Coles Kids Toothpaste Strawberry,Coles,98g,2.6,,2.65,100g,False,14,toothpaste 200g,personal care,2026-08-21,2026-08-21T03:41:15.744274+00:00
coles,1610947,Oral B Gum & Enamel Daily Protection Clean Toothpaste,Oral B,200g,15,,7.5,100g,False,15,toothpaste 200g,personal care,2026-08-21,2026-08-21T03:41:15.744274+00:00
coles,1610222,Oral B Gum & Enamel Protect For Sensitive Teeth Toothpaste,Oral B,200g,9,15,4.5,100g,False,16,toothpaste 200g,personal care,2026-08-21,2026-08-21T03:41:15.744274+00:00
coles,5919277,Red Seal Toothpaste Herbal,Red Seal,100g,4.8,,4.8,100g,False,17,toothpaste 200g,personal care,2026-08-21,2026-08-21T03:41:15.744274+00:00
coles,1609824,Colgate Total Active Prevention Enamel Strength Toothpaste,Colgate,200g,5.5,11,2.75,100g,False,18,toothpaste 200g,personal care,2026-08-21,2026-08-21T03:41:15.744274+00:00
coles,7523801,Colgate Optic White Purple Toothpaste,Colgate,100g,5,10,5,100g,False,19,toothpaste 200g,personal care,2026-08-21,2026-08-21T03:41:15.744274+00:00
coles,5887432,Colgate Advanced Whitening Purple Toothpaste,Colgate,120g,11,,9.17,100g,False,20,toothpaste 200g,personal care,2026-08-21,2026-08-21T03:41:15.744274+00:00
coles,4847793,White Glo Professional Whitening Toothpaste,White Glo,205g,9,,4.39,100g,False,21,toothpaste 200g,personal care,2026-08-21,2026-08-21T03:41:15.744274+00:00
coles,4842428,Colgate Max Fresh Coolmint Toothpaste,Colgate,115g,4.9,7,4.26,100g,False,22,toothpaste 200g,personal care,2026-08-21,2026-08-21T03:41:15.744274+00:00
coles,4842440,Colgate Advanced Whitening Charcoal Toothpaste,Colgate,180g,11,,6.11,100g,False,23,toothpaste 200g,personal care,2026-08-21,2026-08-21T03:41:15.744274+00:00
coles,4842406,Colgate Advanced Whitening Toothpaste And Tartar Control,Colgate,115g,3.5,7,3.04,100g,False,24,toothpaste 200g,personal care,2026-08-21,2026-08-21T03:41:15.744274+00:00
coles,4504662,Colgate Triple Action Toothpaste,Colgate,80g,2,,2.5,100g,False,25,toothpaste 200g,personal care,2026-08-21,2026-08-21T03:41:15.744274+00:00
coles,4504695,Colgate Triple Action Toothpaste,Colgate,165g,3.45,,2.09,100g,False,26,toothpaste 200g,personal care,2026-08-21,2026-08-21T03:41:15.744274+00:00
coles,9061263,Colgate Optic White Toothpaste Natural Enzymes,Colgate,100g,5,10,5,100g,False,27,toothpaste 200g,personal care,2026-08-21,2026-08-21T03:41:15.744274+00:00
coles,3400898,Colgate Total Active Prevention Fresh Toothpaste,Colgate,115g,7,,6.09,100g,False,28,toothpaste 200g,personal care,2026-08-21,2026-08-21T03:41:15.744274+00:00
coles,9061310,Colgate Toothpaste Kids Bluey Strawberry Pump,Colgate,85g,6,,7.06,100g,False,29,toothpaste 200g,personal care,2026-08-21,2026-08-21T03:41:15.744274+00:00
coles,7524451,Colgate Max Fresh Rainbow Fresh Toothpaste,Colgate,100g,8,,8,100g,False,30,toothpaste 200g,personal care,2026-08-21,2026-08-21T03:41:15.744274+00:00
coles,3400934,Colgate Total Active Prevention Whitening Toothpaste,Colgate,115g,7,,6.09,100g,False,31,toothpaste 200g,personal care,2026-08-21,2026-08-21T03:41:15.744274+00:00
coles,3973475,Colgate Kids Mild Mint Minions Toothpaste,Colgate,90g,2.75,,3.06,100g,False,32,toothpaste 200g,personal care,2026-08-21,2026-08-21T03:41:15.744274+00:00
coles,3401008,Colgate Total Active Prevention Original Toothpaste,Colgate,115g,5,,4.35,100g,False,33,toothpaste 200g,personal care,2026-08-21,2026-08-21T03:41:15.744274+00:00
coles,9061285,Colgate Advanced Whitening Baking Soda Toothpaste,Colgate,180g,11,,6.11,100g,False,34,toothpaste 200g,personal care,2026-08-21,2026-08-21T03:41:15.744274+00:00
coles,238749,Colgate Maximum Cavity Protection Toothpaste Great Regular Flavour Pump,Colgate,130g,6,,4.62,100g,False,35,toothpaste 200g,personal care,2026-08-21,2026-08-21T03:41:15.744274+00:00
coles,4884406,Grants Of Australia Whitening Spearmint Toothpaste,Grants Of Australia,110g,4.75,,4.32,100g,False,36,toothpaste 200g,personal care,2026-08-21,2026-08-21T03:41:15.744274+00:00
coles,5167626,Grants Of Australia Mild Mint With Aloe Vera Natural Toothpaste,Grants Of Australia,110g,4.5,,4.09,100g,False,37,toothpaste 200g,personal care,2026-08-21,2026-08-21T03:41:15.744274+00:00
coles,1609880,Colgate Harry Potter Toothpaste,Colgate,100g,8,,8,100g,False,38,toothpaste 200g,personal care,2026-08-21,2026-08-21T03:41:15.744274+00:00
coles,3130487,Oral B 3dwhite Luxe Glamorous Whitening Toothpaste,Oral B,95g,5,10,5.26,100g,False,39,toothpaste 200g,personal care,2026-08-21,2026-08-21T03:41:15.744274+00:00
coles,3130567,Oral B 3dwhite Luxe Perfection Whitening Toothpaste,Oral B,95g,10,,10.53,100g,False,40,toothpaste 200g,personal care,2026-08-21,2026-08-21T03:41:15.744274+00:00
coles,4867713,Oral B Gum Care & Breath Purify Toothpaste,Oral B,110g,5,10,4.55,100g,False,41,toothpaste 200g,personal care,2026-08-21,2026-08-21T03:41:15.744274+00:00
coles,3978344,Oral B Gum Care & Intensive Clean Toothpaste,Oral B,110g,5,10,4.55,100g,False,42,toothpaste 200g,personal care,2026-08-21,2026-08-21T03:41:15.744274+00:00
coles,2621097,Oral B Pro Health Advanced Whitening Toothpaste,Oral B,110g,6,,5.45,100g,False,43,toothpaste 200g,personal care,2026-08-21,2026-08-21T03:41:15.744274+00:00
coles,5396485,Colgate Sensitive Whitening Toothpaste,Colgate,110g,4.5,9,4.09,100g,False,44,toothpaste 200g,personal care,2026-08-21,2026-08-21T03:41:15.744274+00:00
coles,3991681,Colgate Kids Toothpaste Bluey Mild Mint Gel,Colgate,90g,2.75,,3.06,100g,False,45,toothpaste 200g,personal care,2026-08-21,2026-08-21T03:41:15.744274+00:00
coles,5927650,Jack N' Jill Toothpaste Natural Strawberry,Jack N' Jill,50g,6,7.5,12,100g,False,46,toothpaste 200g,personal care,2026-08-21,2026-08-21T03:41:15.744274+00:00
coles,3400854,Colgate Total Active Prevention Deep Clean Toothpaste,Colgate,115g,7,,6.09,100g,False,47,toothpaste 200g,personal care,2026-08-21,2026-08-21T03:41:15.744274+00:00
coles,3400821,Colgate Total Active Prevention Mint Stripe Toothpaste,Colgate,115g,5,,4.35,100g,False,48,toothpaste 200g,personal care,2026-08-21,2026-08-21T03:41:15.744274+00:00
woolworths,1119389347,Sunsilk Longer & Stronger Shampoo 700 mL,Dulge,700ML,21.99,21.99,3.14,100ML,False,1,shampoo 700ml,personal care,2026-08-21,2026-08-21T03:41:17.614070+00:00
woolworths,463195,Sunsilk Shampoo Longer & Stronger 700mL,Sunsilk,700mL,7.5,15,1.07,100ML,True,2,shampoo 700ml,personal care,2026-08-21,2026-08-21T03:41:17.614070+00:00
woolworths,463194,Sunsilk Shampoo Soft & Smooth 700mL,Sunsilk,700mL,7.5,15,1.07,100ML,True,3,shampoo 700ml,personal care,2026-08-21,2026-08-21T03:41:17.614070+00:00
woolworths,6004126,Sunsilk Shampoo Coconut Hydration 700mL,Sunsilk,700mL,7.5,15,1.07,100ML,True,4,shampoo 700ml,personal care,2026-08-21,2026-08-21T03:41:17.614070+00:00
woolworths,46219,Palmolive Shampoo Naturals Intensive Moisture 700mL,Palmolive,700mL,10,10,1.43,100ML,False,5,shampoo 700ml,personal care,2026-08-21,2026-08-21T03:41:17.614070+00:00
woolworths,463193,Sunsilk Shampoo Addictive Brilliant Shine 700mL,Sunsilk,700mL,7.5,15,1.07,100ML,True,6,shampoo 700ml,personal care,2026-08-21,2026-08-21T03:41:17.614070+00:00
woolworths,46233,Palmolive Shampoo Naturals Active Nourishment 700mL,Palmolive,700mL,10,10,1.43,100ML,False,7,shampoo 700ml,personal care,2026-08-21,2026-08-21T03:41:17.614070+00:00
woolworths,46208,Palmolive Shampoo Naturals Smooth &Shine Keratin 700mL,Palmolive,700mL,10,10,1.43,100ML,False,8,shampoo 700ml,personal care,2026-08-21,2026-08-21T03:41:17.614070+00:00
woolworths,111461,Palmolive Shampoo Luminous Oils Argan Oil 700mL,Palmolive,700mL,11,11,1.57,100ML,False,9,shampoo 700ml,personal care,2026-08-21,2026-08-21T03:41:17.614070+00:00
coles,5890970,Palmolive Naturals Active Nourishment Shampoo,Palmolive,700mL,10,,1.43,100ml,False,1,shampoo 700ml,personal care,2026-08-21,2026-08-21T03:41:17.614070+00:00
coles,7200959,Palmolive Naturals Moisture Intense Shampoo,Palmolive,700mL,10,,1.43,100ml,False,2,shampoo 700ml,personal care,2026-08-21,2026-08-21T03:41:17.614070+00:00
coles,7549576,Sunsilk Addictive Brilliant Shine Shampoo,Sunsilk,700mL,10.5,15,1.5,100ml,False,3,shampoo 700ml,personal care,2026-08-21,2026-08-21T03:41:17.614070+00:00
coles,2672214,Sunsilk Soft & Smooth Shampoo,Sunsilk,700mL,10.5,15,1.5,100ml,False,4,shampoo 700ml,personal care,2026-08-21,2026-08-21T03:41:17.614070+00:00
coles,9102564,Sunsilk Shampoo Coconut Hydration,Sunsilk,700mL,10.5,15,1.5,100ml,False,5,shampoo 700ml,personal care,2026-08-21,2026-08-21T03:41:17.614070+00:00
coles,9972045,Sunsilk Longer & Stronger Shampoo,Sunsilk,700mL,10.5,15,1.5,100ml,False,6,shampoo 700ml,personal care,2026-08-21,2026-08-21T03:41:17.614070+00:00
coles,1645668,Palmolive Naturals Scalp Health Anti-dandruff 2 In 1 Shampoo & Conditioner,Palmolive,700mL,15,,2.14,100ml,False,7,shampoo 700ml,personal care,2026-08-21,2026-08-21T03:41:17.614070+00:00
coles,1645680,Palmolive Men Deep Clean Anti-dandruff 2 In 1 Shampoo & Conditioner,Palmolive,700mL,15,,2.14,100ml,False,8,shampoo 700ml,personal care,2026-08-21,2026-08-21T03:41:17.614070+00:00
coles,3610915,Palmolive Luminous Oils Macadamia Argan Oil & Camellia Shampoo,Palmolive,700mL,11,,1.57,100ml,False,9,shampoo 700ml,personal care,2026-08-21,2026-08-21T03:41:17.614070+00:00
coles,9090589,Alpecin Caffeine Shampoo,Alpecin,375mL,18.9,,5.04,100ml,False,10,shampoo 700ml,personal care,2026-08-21,2026-08-21T03:41:17.614070+00:00
coles,6310850,Dermaveen Oatmeal Shampoo,Dermaveen,500mL,22,,4.4,100ml,False,11,shampoo 700ml,personal care,2026-08-21,2026-08-21T03:41:17.614070+00:00
coles,1648860,John Frieda Profiller Shampoo,John Frieda,250mL,22,,8.8,100ml,False,12,shampoo 700ml,personal care,2026-08-21,2026-08-21T03:41:17.614070+00:00
coles,9086560,Redwin Coal Tar Shampoo,Redwin,500mL,13,,2.6,100ml,False,13,shampoo 700ml,personal care,2026-08-21,2026-08-21T03:41:17.614070+00:00
coles,9139961,OGX Bond Protein Shampoo,OGX,385mL,12.5,25,3.25,100ml,False,14,shampoo 700ml,personal care,2026-08-21,2026-08-21T03:41:17.614070+00:00
coles,9152551,Neutrogena T-gel Shampoo,Neutrogena,200mL,15,,7.5,100ml,False,15,shampoo 700ml,personal care,2026-08-21,2026-08-21T03:41:17.614070+00:00
coles,1646376,Ogx Peptides Progrowth Shampoo,Ogx,385mL,12.5,25,3.25,100ml,False,16,shampoo 700ml,personal care,2026-08-21,2026-08-21T03:41:17.614070+00:00
coles,3303268,Garnier Fructis Normal Shampoo,Garnier,850mL,10,,1.18,100ml,False,17,shampoo 700ml,personal care,2026-08-21,2026-08-21T03:41:17.614070+00:00
coles,3303100,Garnier Fructis Normal Shampoo,Garnier,315mL,4,8,1.27,100ml,False,18,shampoo 700ml,personal care,2026-08-21,2026-08-21T03:41:17.614070+00:00
coles,1645635,People Deep Cleanse Shampoo,People,350mL,8,16,2.29,100ml,False,19,shampoo 700ml,personal care,2026-08-21,2026-08-21T03:41:17.614070+00:00
coles,1645475,Dosetheory Lush Growth Shampoo,Dosetheory,330mL,7.95,15.9,2.41,100ml,False,20,shampoo 700ml,personal care,2026-08-21,2026-08-21T03:41:17.614070+00:00
coles,1645238,Dosetheory Ultra Gloss Shampoo,Dosetheory,330mL,7.95,15.9,2.41,100ml,False,21,shampoo 700ml,personal care,2026-08-21,2026-08-21T03:41:17.614070+00:00
coles,1646490,Aveeno Almond Oil Shampoo,Aveeno,354mL,19.5,,5.51,100ml,False,22,shampoo 700ml,personal care,2026-08-21,2026-08-21T03:41:17.614070+00:00
coles,1645555,Dosetheory Moisture Infuse Shampoo,Dosetheory,330mL,7.95,15.9,2.41,100ml,False,23,shampoo 700ml,personal care,2026-08-21,2026-08-21T03:41:17.614070+00:00
coles,4708710,Palmolive Naturals Active Nourishment Shampoo,Palmolive,350mL,6,,1.71,100ml,False,24,shampoo 700ml,personal care,2026-08-21,2026-08-21T03:41:17.614070+00:00
coles,1645806,Dermaveen Soothing Oatmeal Shampoo,Dermaveen,1L,32,,3.2,100ml,False,25,shampoo 700ml,personal care,2026-08-21,2026-08-21T03:41:17.614070+00:00
coles,6320489,People Blonde Shampoo,People,350mL,8,16,2.29,100ml,False,26,shampoo 700ml,personal care,2026-08-21,2026-08-21T03:41:17.614070+00:00
coles,4957827,People Hydrate Shampoo,People,350mL,8,16,2.29,100ml,False,27,shampoo 700ml,personal care,2026-08-21,2026-08-21T03:41:17.614070+00:00
coles,2994119,Sukin Hydrating Shampoo,Sukin,500mL,20,,4,100ml,False,28,shampoo 700ml,personal care,2026-08-21,2026-08-21T03:41:17.614070+00:00
coles,6320503,People Curl Shampoo,People,350mL,8,16,2.29,100ml,False,29,shampoo 700ml,personal care,2026-08-21,2026-08-21T03:41:17.614070+00:00
coles,1648826,John Frieda Brilliant Brunette Shampoo,John Frieda,250mL,22,,8.8,100ml,False,30,shampoo 700ml,personal care,2026-08-21,2026-08-21T03:41:17.614070+00:00
coles,9059341,Qv Shampoo Gentle,Qv,500mL,17.5,25,3.5,100ml,False,31,shampoo 700ml,personal care,2026-08-21,2026-08-21T03:41:17.614070+00:00
coles,9059385,Qv Shampoo Nourishing,Qv,500mL,17.5,25,3.5,100ml,False,32,shampoo 700ml,personal care,2026-08-21,2026-08-21T03:41:17.614070+00:00
coles,3979493,Monday Shampoo Moisture,Monday,798mL,20,,2.51,100ml,False,33,shampoo 700ml,personal care,2026-08-21,2026-08-21T03:41:17.614070+00:00
coles,2940200,Hask Keratin Shampoo,Hask,355mL,17,,4.79,100ml,False,34,shampoo 700ml,personal care,2026-08-21,2026-08-21T03:41:17.614070+00:00
coles,3723161,Monday Smooth Shampoo,Monday,798mL,20,,2.51,100ml,False,35,shampoo 700ml,personal care,2026-08-21,2026-08-21T03:41:17.614070+00:00
coles,3723150,Monday Smooth Shampoo,Monday,354mL,6,12,1.69,100ml,False,36,shampoo 700ml,personal care,2026-08-21,2026-08-21T03:41:17.614070+00:00
coles,3979460,Monday Shampoo Moisture,Monday,354mL,6,12,1.69,100ml,False,37,shampoo 700ml,personal care,2026-08-21,2026-08-21T03:41:17.614070+00:00
coles,9133342,L'Oreal Elvive Dream Long Shampoo,L'Oreal,800mL,10,20,1.25,100ml,False,38,shampoo 700ml,personal care,2026-08-21,2026-08-21T03:41:17.614070+00:00
coles,9132601,L'Oreal Elvive Dream Long Shampoo,L'Oreal,340mL,5,10,1.47,100ml,False,39,shampoo 700ml,personal care,2026-08-21,2026-08-21T03:41:17.614070+00:00
coles,1645930,Oil Garden Scalp Recharge Shampoo,Oil Garden,300mL,25,,8.33,100ml,False,40,shampoo 700ml,personal care,2026-08-21,2026-08-21T03:41:17.614070+00:00
coles,5889777,Palmolive Naturals Intensive Moisture Shampoo,Palmolive,350mL,6,,1.71,100ml,False,41,shampoo 700ml,personal care,2026-08-21,2026-08-21T03:41:17.614070+00:00
coles,3154940,Sukin Hydrating Shampoo,Sukin,1L,35,,3.5,100ml,False,42,shampoo 700ml,personal care,2026-08-21,2026-08-21T03:41:17.614070+00:00
coles,9139870,L'Oreal Elvive Growth Booster Shampoo,L'Oreal,200mL,9.5,19,4.75,100ml,False,43,shampoo 700ml,personal care,2026-08-21,2026-08-21T03:41:17.614070+00:00
coles,1645602,Natures Organics Fruits Apple Shampoo,Natures Organics,1L,3.9,,0.39,100ml,False,44,shampoo 700ml,personal care,2026-08-21,2026-08-21T03:41:17.614070+00:00
coles,9132598,L'Oreal Elvive Colour Protect Shampoo,L'Oreal,800mL,10,20,1.25,100ml,False,45,shampoo 700ml,personal care,2026-08-21,2026-08-21T03:41:17.614070+00:00
coles,9132500,L'Oreal Elvive Colour Protect Shampoo,L'Oreal,340mL,5,10,1.47,100ml,False,46,shampoo 700ml,personal care,2026-08-21,2026-08-21T03:41:17.614070+00:00
coles,9137525,L'Oreal Elvive Hyaluron Pure Shampoo,L'Oreal,340mL,5.5,11,1.62,100ml,False,47,shampoo 700ml,personal care,2026-08-21,2026-08-21T03:41:17.614070+00:00
coles,9137365,L'Oreal Elvive Hyaluron Plump Shampoo,L'Oreal,340mL,5.5,11,1.62,100ml,False,48,shampoo 700ml,personal care,2026-08-21,2026-08-21T03:41:17.614070+00:00
