retailer,product_id,name,brand,size_raw,price,was_price,unit_price,unit_measure,is_on_special,result_rank,search_term,category,snapshot_date,fetched_at
woolworths,888137,Woolworths Full Cream Milk 2L,Woolworths,2L,3.55,3.55,1.78,1L,False,1,full cream milk 2l,dairy,2026-09-01,2026-08-31T20:10:12.117867+00:00
woolworths,44528,Norco Full Cream Milk 2L,Norco,2L,5.05,5.05,2.53,1L,False,2,full cream milk 2l,dairy,2026-09-01,2026-08-31T20:10:12.117867+00:00
woolworths,113887,Riverina Fresh Full Cream Milk 2L,Riverina,2L,5.15,5.15,2.58,1L,False,3,full cream milk 2l,dairy,2026-09-01,2026-08-31T20:10:12.117867+00:00
woolworths,88436,Dairy Farmers Full Cream Milk 2L,Dairy Farmers,2L,4.7,4.7,2.35,1L,False,4,full cream milk 2l,dairy,2026-09-01,2026-08-31T20:10:12.117867+00:00
woolworths,154465,Norco Organic Milk 2L,Norco,2L,7.2,7.2,3.6,1L,False,5,full cream milk 2l,dairy,2026-09-01,2026-08-31T20:10:12.117867+00:00
woolworths,785722,Pauls Zymil Lactose Free Full Cream Milk 2L,Pauls,2L,6.9,6.9,3.45,1L,False,6,full cream milk 2l,dairy,2026-09-01,2026-08-31T20:10:12.117867+00:00
woolworths,406949,The Little Big Dairy Company Full Cream Milk 2L,The Little Big Dairy Company,2L,7.45,7.45,3.73,1L,False,7,full cream milk 2l,dairy,2026-09-01,2026-08-31T20:10:12.117867+00:00
woolworths,896367,Norco Pure Jersey Milk 2L,Norco,2L,6.55,6.55,3.28,1L,False,8,full cream milk 2l,dairy,2026-09-01,2026-08-31T20:10:12.117867+00:00
woolworths,789208,Riverina Fresh Lactose Free Full Cream Milk 2L,Riverina,2L,6.3,6.3,3.15,1L,False,9,full cream milk 2l,dairy,2026-09-01,2026-08-31T20:10:12.117867+00:00
woolworths,208064,a2 Milk Full Cream 2L,a2,2L,7.3,7.3,3.65,1L,False,10,full cream milk 2l,dairy,2026-09-01,2026-08-31T20:10:12.117867+00:00
coles,9760091,a2 Milk Full Cream Milk,a2 Milk,2L,7.3,,3.65,1l,False,1,full cream milk 2l,dairy,2026-09-01,2026-08-31T20:10:12.117867+00:00
coles,9760070,a2 Milk Full Cream Milk,a2 Milk,1L,4.1,,4.1,1l,False,2,full cream milk 2l,dairy,2026-09-01,2026-08-31T20:10:12.117867+00:00
coles,3186175,a2 Milk Full Cream Milk,a2 Milk,3L,10.5,,3.5,1l,False,3,full cream milk 2l,dairy,2026-09-01,2026-08-31T20:10:12.117867+00:00
coles,1913790,Devondale Full Cream Milk,Devondale,2L,4.7,,2.35,1l,False,4,full cream milk 2l,dairy,2026-09-01,2026-08-31T20:10:12.117867+00:00
coles,5477930,Pura Full Cream Milk,Pura,2L,4.65,,2.33,1l,False,5,full cream milk 2l,dairy,2026-09-01,2026-08-31T20:10:12.117867+00:00
coles,439693,Coles Full Cream Milk,Coles,2L,3.55,,1.78,1l,False,6,full cream milk 2l,dairy,2026-09-01,2026-08-31T20:10:12.117867+00:00
coles,5562926,Riverina Fresh Full Cream Milk,Riverina Fresh,2L,5.15,,2.58,1l,False,7,full cream milk 2l,dairy,2026-09-01,2026-08-31T20:10:12.117867+00:00
coles,4201117,Gippsland Jersey Full Cream Milk,Gippsland,2L,6.2,,3.1,1l,False,8,full cream milk 2l,dairy,2026-09-01,2026-08-31T20:10:12.117867+00:00
coles,9321070,Great Ocean Road Fresh Full Cream Milk,Great Ocean Road,2L,5,,2.5,1l,False,9,full cream milk 2l,dairy,2026-09-01,2026-08-31T20:10:12.117867+00:00
coles,6450917,East Coast Sustainable Organic Full Cream Milk,East Coast,2L,7.9,,3.95,1l,False,10,full cream milk 2l,dairy,2026-09-01,2026-08-31T20:10:12.117867+00:00
coles,6759482,Coles Full Cream Milk,Coles,600mL,1.45,,2.42,1l,False,11,full cream milk 2l,dairy,2026-09-01,2026-08-31T20:10:12.117867+00:00
coles,4490331,Great Ocean Road Full Cream Milk,Great Ocean Road,3L,6.75,,2.25,1l,False,12,full cream milk 2l,dairy,2026-09-01,2026-08-31T20:10:12.117867+00:00
coles,8150288,Coles Full Cream Milk,Coles,3L,5.15,,1.72,1l,False,13,full cream milk 2l,dairy,2026-09-01,2026-08-31T20:10:12.117867+00:00
coles,3647722,Pura Full Cream Milk,Pura,1L,3,,3,1l,False,14,full cream milk 2l,dairy,2026-09-01,2026-08-31T20:10:12.117867+00:00
coles,7828977,Pura Milk Full Cream,Pura,3L,6.7,,2.23,1l,False,15,full cream milk 2l,dairy,2026-09-01,2026-08-31T20:10:12.117867+00:00
coles,9411784,Pauls Smarter White Milk 2% Fat Full Cream Taste,Pauls,2L,4.55,5.1,2.28,1l,False,16,full cream milk 2l,dairy,2026-09-01,2026-08-31T20:10:12.117867+00:00
coles,3187600,Farmhouse Gold Full Cream Milk,Farmhouse,750mL,3.4,3.8,4.53,1l,False,17,full cream milk 2l,dairy,2026-09-01,2026-08-31T20:10:12.117867+00:00
coles,2750602,Pauls Farmhouse Gold Full Cream Milk,Pauls,1.5L,4.95,,3.3,1l,False,18,full cream milk 2l,dairy,2026-09-01,2026-08-31T20:10:12.117867+00:00
coles,9317935,Great Ocean Road Fresh Full Cream Milk,Great Ocean Road,1L,3,,3,1l,False,19,full cream milk 2l,dairy,2026-09-01,2026-08-31T20:10:12.117867+00:00
coles,4873250,a2 Milk Full Cream Uht Milk,a2 Milk,1L,3.9,,3.9,1l,False,20,full cream milk 2l,dairy,2026-09-01,2026-08-31T20:10:12.117867+00:00
coles,9052681,Coles Dairy Full Cream Milk,Coles,1L,1.85,,1.85,1l,False,21,full cream milk 2l,dairy,2026-09-01,2026-08-31T20:10:12.117867+00:00
coles,1909941,Devondale Full Cream Milk,Devondale,3L,6.4,,2.13,1l,False,22,full cream milk 2l,dairy,2026-09-01,2026-08-31T20:10:12.117867+00:00
coles,2589981,The Complete Dairy High Protein Full Cream Milk,The Complete Dairy,1L,3.8,,3.8,1l,False,23,full cream milk 2l,dairy,2026-09-01,2026-08-31T20:10:12.117867+00:00
coles,3894029,Made By Cow Cold Press Raw Milk Full Cream,Made By Cow,1.5L,8.95,,5.97,1l,False,24,full cream milk 2l,dairy,2026-09-01,2026-08-31T20:10:12.117867+00:00
coles,9411773,Pauls Smarter White Milk 2% Fat Full Cream Taste Bottle,Pauls,1L,3.5,,3.5,1l,False,25,full cream milk 2l,dairy,2026-09-01,2026-08-31T20:10:12.117867+00:00
coles,5458210,a2 Milk Lactose Free Full Cream Milk,a2 Milk,2L,7.3,,3.65,1l,False,26,full cream milk 2l,dairy,2026-09-01,2026-08-31T20:10:12.117867+00:00
coles,3179657,Australia's Own Full Cream Milk,Australia's Own,1L,1.8,,1.8,1l,False,27,full cream milk 2l,dairy,2026-09-01,2026-08-31T20:10:12.117867+00:00
coles,1104147,a2 Milk Lactose Free Full Cream Milk,a2 Milk,3L,10.5,,3.5,1l,False,28,full cream milk 2l,dairy,2026-09-01,2026-08-31T20:10:12.117867+00:00
coles,5593191,a2 Milk Lactose Free Full Cream Milk,a2 Milk,1L,4.1,,4.1,1l,False,29,full cream milk 2l,dairy,2026-09-01,2026-08-31T20:10:12.117867+00:00
coles,3179680,Australia's Own A2 Protein Full Cream Milk,Australia's Own,1L,3,,3,1l,False,30,full cream milk 2l,dairy,2026-09-01,2026-08-31T20:10:12.117867+00:00
coles,1329781,Devondale High Protein Full Cream Milk,Devondale,1L,2.5,,2.5,1l,False,31,full cream milk 2l,dairy,2026-09-01,2026-08-31T20:10:12.117867+00:00
coles,1973022,Devondale High Protein Full Cream Milk 6x200ml,Devondale,1.2L,5.5,6.9,4.58,1l,True,32,full cream milk 2l,dairy,2026-09-01,2026-08-31T20:10:12.117867+00:00
woolworths,260729,Norco Skim Milk 2L,Norco,2L,5.05,5.05,2.53,1L,False,1,skim milk 2l,dairy,2026-09-01,2026-08-31T20:10:15.024058+00:00
woolworths,89926,Dairy Farmers Skim Milk 2L,Dairy Farmers,2L,5.05,5.05,2.53,1L,False,2,skim milk 2l,dairy,2026-09-01,2026-08-31T20:10:15.024058+00:00
woolworths,345464,Riverina Fresh Skim Milk 2L,Riverina,2L,5.25,5.25,2.63,1L,False,3,skim milk 2l,dairy,2026-09-01,2026-08-31T20:10:15.024058+00:00
woolworths,51379,Woolworths Skim Milk 1L,Woolworths,1L,1.85,1.85,1.85,1L,False,4,skim milk 2l,dairy,2026-09-01,2026-08-31T20:10:15.024058+00:00
woolworths,208066,a2 Milk Light 2L,a2,2L,7.3,7.3,3.65,1L,False,5,skim milk 2l,dairy,2026-09-01,2026-08-31T20:10:15.024058+00:00
woolworths,888139,Woolworths Lite Milk 2L,Woolworths,2L,3.55,3.55,1.78,1L,False,6,skim milk 2l,dairy,2026-09-01,2026-08-31T20:10:15.024058+00:00
woolworths,293187,Norco Reduced Fat Milk 2L,Norco,2L,5.05,5.05,2.53,1L,False,7,skim milk 2l,dairy,2026-09-01,2026-08-31T20:10:15.024058+00:00
woolworths,24133,Dairy Farmers Light Milk 2L,Dairy Farmers,2L,5.05,5.05,2.53,1L,False,8,skim milk 2l,dairy,2026-09-01,2026-08-31T20:10:15.024058+00:00
woolworths,553273,Norco Lactose Free Lite Milk 2L,Norco,2L,6.65,6.65,3.33,1L,False,9,skim milk 2l,dairy,2026-09-01,2026-08-31T20:10:15.024058+00:00
woolworths,513469,Pauls Plus+ Protein Low Fat Milk 2L,Pauls,2L,4.95,5.6,2.48,1L,True,10,skim milk 2l,dairy,2026-09-01,2026-08-31T20:10:15.024058+00:00
coles,1079800,Coles Skim Milk,Coles,2L,3.55,,1.78,1l,False,1,skim milk 2l,dairy,2026-09-01,2026-08-31T20:10:15.024058+00:00
coles,455849,Devondale Skim Long Life Milk,Devondale,1L,2.35,,2.35,1l,False,2,skim milk 2l,dairy,2026-09-01,2026-08-31T20:10:15.024058+00:00
coles,1993267,Coles Skim Milk Bottle,Coles,1L,1.85,,1.85,1l,False,3,skim milk 2l,dairy,2026-09-01,2026-08-31T20:10:15.024058+00:00
coles,4824856,Devondale Semi Skim Long Life Milk,Devondale,1L,2.35,,2.35,1l,False,4,skim milk 2l,dairy,2026-09-01,2026-08-31T20:10:15.024058+00:00
coles,7910660,Coles Fat Free Instant Skim Milk Powder,Coles,1kg,10,,1,100g,False,5,skim milk 2l,dairy,2026-09-01,2026-08-31T20:10:15.024058+00:00
coles,7667244,Coles Australian Skim Long Life Milk,Coles,1L,1.85,,1.85,1l,False,6,skim milk 2l,dairy,2026-09-01,2026-08-31T20:10:15.024058+00:00
coles,5994046,Devondale Uht Skim Multipack Milk 6x200ml,Devondale,1.2L,6.25,,5.21,1l,False,7,skim milk 2l,dairy,2026-09-01,2026-08-31T20:10:15.024058+00:00
coles,8011598,Coles Multipack Skim Uht Milk 6 Pack,Coles,1200mL,4.5,,3.75,1l,False,8,skim milk 2l,dairy,2026-09-01,2026-08-31T20:10:15.024058+00:00
coles,7239433,Coles Australian Lite Long Life Milk,Coles,1L,1.85,,1.85,1l,False,9,skim milk 2l,dairy,2026-09-01,2026-08-31T20:10:15.024058+00:00
coles,301721,Devondale Full Cream Long Life Milk,Devondale,1L,2.35,,2.35,1l,False,10,skim milk 2l,dairy,2026-09-01,2026-08-31T20:10:15.024058+00:00
coles,7667368,Coles Australian Full Cream Long Life Milk,Coles,1L,1.85,,1.85,1l,False,11,skim milk 2l,dairy,2026-09-01,2026-08-31T20:10:15.024058+00:00
coles,8972436,Pauls Zymil Lactose Free Skim Milk,Pauls,1L,4.1,,4.1,1l,False,12,skim milk 2l,dairy,2026-09-01,2026-08-31T20:10:15.024058+00:00
coles,5984520,Devondale Uht Full Cream Multipack Milk 6x200ml,Devondale,1.2L,6.25,,5.21,1l,False,13,skim milk 2l,dairy,2026-09-01,2026-08-31T20:10:15.024058+00:00
coles,4311829,Pauls Zymil Skim Long Life Milk,Pauls,1L,2.4,3,2.4,1l,False,14,skim milk 2l,dairy,2026-09-01,2026-08-31T20:10:15.024058+00:00
coles,3964532,Nestle Skim Sweetened Condensed Milk,Nestle,410g,4,,0.98,100g,False,15,skim milk 2l,dairy,2026-09-01,2026-08-31T20:10:15.024058+00:00
woolworths,48650,Woolworths Salted Butter 500g,Woolworths,500g,7,7,1.4,100G,False,1,butter 500g,dairy,2026-09-01,2026-08-31T20:10:17.037905+00:00
woolworths,688962,Woolworths Essentials Unsalted Butter 500g,Woolworths Essentials,500g,7,7,1.4,100G,False,2,butter 500g,dairy,2026-09-01,2026-08-31T20:10:17.037905+00:00
woolworths,41421,Devondale Butter Block Salted 500g,Devondale,500g,9.3,9.3,1.86,100G,False,3,butter 500g,dairy,2026-09-01,2026-08-31T20:10:17.037905+00:00
woolworths,41287,Western Star Salted Butter Block 500g,Western Star,500g,9.5,9.5,1.9,100G,False,4,butter 500g,dairy,2026-09-01,2026-08-31T20:10:17.037905+00:00
woolworths,802209,Devondale Butter Block Unsalted 500g,Devondale,500g,9.3,9.3,1.86,100G,False,5,butter 500g,dairy,2026-09-01,2026-08-31T20:10:17.037905+00:00
woolworths,69756,Western Star Original Spreadable Butter Blend Tub 500g,Western Star,500g,6.8,8.5,1.36,100G,True,6,butter 500g,dairy,2026-09-01,2026-08-31T20:10:17.037905+00:00
woolworths,6039122,Woolworths Olive Oil Spread 500g,Woolworths,500g,3.5,3.5,0.7,100G,False,7,butter 500g,dairy,2026-09-01,2026-08-31T20:10:17.037905+00:00
woolworths,15791,Devondale Extra Soft Spreadable Butter 500g,Devondale,500g,8,8,1.6,100G,False,8,butter 500g,dairy,2026-09-01,2026-08-31T20:10:17.037905+00:00
woolworths,233925,Woolworths Crunchy Peanut Butter 500g,Woolworths,500g,3.2,3.2,0.64,100G,False,9,butter 500g,dairy,2026-09-01,2026-08-31T20:10:17.037905+00:00
woolworths,48462,Devondale Dairy Soft Spreadable Butter 500g,Devondale,500g,8,8,1.6,100G,False,10,butter 500g,dairy,2026-09-01,2026-08-31T20:10:17.037905+00:00
coles,210160,Coles Salted Butter,Coles,500g,8.5,,1.7,100g,False,1,butter 500g,dairy,2026-09-01,2026-08-31T20:10:17.037905+00:00
coles,3169880,Coles Simply Salted Butter,Coles Simply,500g,7,,1.4,100g,False,2,butter 500g,dairy,2026-09-01,2026-08-31T20:10:17.037905+00:00
coles,210604,Western Star Dairy Butter,Western Star,500g,9.5,,1.9,100g,False,3,butter 500g,dairy,2026-09-01,2026-08-31T20:10:17.037905+00:00
coles,3056920,Nuttelex Buttery Spread,Nuttelex,500g,4.5,5.7,0.9,100g,False,4,butter 500g,dairy,2026-09-01,2026-08-31T20:10:17.037905+00:00
coles,4844820,Nuttelex Spread Light Buttery,Nuttelex,500g,4.5,5.7,0.9,100g,False,5,butter 500g,dairy,2026-09-01,2026-08-31T20:10:17.037905+00:00
coles,5384679,Nuttelex Olive Spread,Nuttelex,500g,5,6.3,1,100g,False,6,butter 500g,dairy,2026-09-01,2026-08-31T20:10:17.037905+00:00
coles,209161,Nuttelex Original Spread,Nuttelex,500g,4.5,5.7,0.9,100g,False,7,butter 500g,dairy,2026-09-01,2026-08-31T20:10:17.037905+00:00
coles,1155920,Nuttelex Spread Cholesterol Lowering,Nuttelex,500g,2.97,4.95,0.59,100g,True,8,butter 500g,dairy,2026-09-01,2026-08-31T20:10:17.037905+00:00
coles,4514859,Nuttelex Buttery,Nuttelex,1kg,9.9,,0.99,100g,False,9,butter 500g,dairy,2026-09-01,2026-08-31T20:10:17.037905+00:00
coles,7075278,Westgold Salted Butter,Westgold,400g,8,,2,100g,False,10,butter 500g,dairy,2026-09-01,2026-08-31T20:10:17.037905+00:00
coles,7085056,Westgold Unsalted Butter,Westgold,400g,8,,2,100g,False,11,butter 500g,dairy,2026-09-01,2026-08-31T20:10:17.037905+00:00
coles,7174906,Lurpak Butter Unsalted,Lurpak,250g,7.25,,2.9,100g,False,12,butter 500g,dairy,2026-09-01,2026-08-31T20:10:17.037905+00:00
coles,313505,Coles Salted Butter,Coles,250g,4.8,,1.92,100g,False,13,butter 500g,dairy,2026-09-01,2026-08-31T20:10:17.037905+00:00
coles,3169835,Coles Simply Salted Butter,Coles Simply,250g,4.5,,1.8,100g,False,14,butter 500g,dairy,2026-09-01,2026-08-31T20:10:17.037905+00:00
coles,3169879,Coles Simply Unsalted Butter,Coles Simply,250g,4.5,,1.8,100g,False,15,butter 500g,dairy,2026-09-01,2026-08-31T20:10:17.037905+00:00
coles,3519416,Coles Organic Salted Butter,Coles Organic,250g,5.2,,2.08,100g,False,16,butter 500g,dairy,2026-09-01,2026-08-31T20:10:17.037905+00:00
coles,7739731,Western Star Dairy Butter Unsalted,Western Star,250g,5.3,5.9,2.12,100g,False,17,butter 500g,dairy,2026-09-01,2026-08-31T20:10:17.037905+00:00
coles,210590,Western Star Dairy Butter Pat,Western Star,250g,5.3,5.9,2.12,100g,False,18,butter 500g,dairy,2026-09-01,2026-08-31T20:10:17.037905+00:00
coles,6801964,Tru-Blue Garlic Butter Spread,Tru-Blue,150g,3.35,,2.23,100g,False,19,butter 500g,dairy,2026-09-01,2026-08-31T20:10:17.037905+00:00
coles,5394129,Lurpak Butter Slightly Salted,Lurpak,250g,7.25,,2.9,100g,False,20,butter 500g,dairy,2026-09-01,2026-08-31T20:10:17.037905+00:00
coles,1778617,Devondale Regular Pat Butter,Devondale,250g,5.8,,2.32,100g,False,21,butter 500g,dairy,2026-09-01,2026-08-31T20:10:17.037905+00:00
coles,1985917,Devondale Butter Block Unsalted,Devondale,250g,5.8,,2.32,100g,False,22,butter 500g,dairy,2026-09-01,2026-08-31T20:10:17.037905+00:00
coles,1565354,Lardass Salted Cultured Butter,Lardass,200g,10,,5,100g,False,23,butter 500g,dairy,2026-09-01,2026-08-31T20:10:17.037905+00:00
coles,1565365,Lardass Unsalted Cultured Butter,Lardass,200g,10,,5,100g,False,24,butter 500g,dairy,2026-09-01,2026-08-31T20:10:17.037905+00:00
coles,6892100,Lurpak Butter Unsalted,Lurpak,400g,8.5,10,2.13,100g,False,25,butter 500g,dairy,2026-09-01,2026-08-31T20:10:17.037905+00:00
coles,1730188,Lurpak Butter Garlic,Lurpak,125g,4,,3.2,100g,False,26,butter 500g,dairy,2026-09-01,2026-08-31T20:10:17.037905+00:00
coles,7033482,Geelong Dairy Butter Pat Salted,Geelong Dairy,250g,5.5,,2.2,100g,False,27,butter 500g,dairy,2026-09-01,2026-08-31T20:10:17.037905+00:00
coles,3783775,Great Ocean Road Pat Butter Unsalted,Great Ocean Road,250g,6.5,,2.6,100g,False,28,butter 500g,dairy,2026-09-01,2026-08-31T20:10:17.037905+00:00
coles,1154043,Lurpak Butter Slightly Salted,Lurpak,100g,3,,3,100g,False,29,butter 500g,dairy,2026-09-01,2026-08-31T20:10:17.037905+00:00
coles,46883,Coles Dairy Unsalted Butter Pat,Coles,250g,4.8,,1.92,100g,False,30,butter 500g,dairy,2026-09-01,2026-08-31T20:10:17.037905+00:00
coles,190100,Western Star Dairy Butter Unsalted Cultured,Western Star,250g,5.3,5.9,2.12,100g,False,31,butter 500g,dairy,2026-09-01,2026-08-31T20:10:17.037905+00:00
coles,6892143,Lurpak Butter Slightly Salted,Lurpak,400g,8.5,10,2.13,100g,False,32,butter 500g,dairy,2026-09-01,2026-08-31T20:10:17.037905+00:00
coles,3783764,Great Ocean Road Pat Butter Sea Salt,Great Ocean Road,250g,6.5,,2.6,100g,False,33,butter 500g,dairy,2026-09-01,2026-08-31T20:10:17.037905+00:00
coles,7085089,Westgold Butter Infused Garlic & Parsley,Westgold,100g,2.8,,2.8,100g,False,34,butter 500g,dairy,2026-09-01,2026-08-31T20:10:17.037905+00:00
coles,8076469,Coppertree Farms Salted Butter,Coppertree Farms,200g,7.5,,3.75,100g,False,35,butter 500g,dairy,2026-09-01,2026-08-31T20:10:17.037905+00:00
coles,8076505,CopperTree Farms Unsalted Butter,CopperTree Farms,200g,7.5,,3.75,100g,False,36,butter 500g,dairy,2026-09-01,2026-08-31T20:10:17.037905+00:00
coles,8072242,Lard Ass Salted Cultured Butter,Lard Ass,225g,10.5,,,100g,False,37,butter 500g,dairy,2026-09-01,2026-08-31T20:10:17.037905+00:00
coles,8072082,Lard Ass Roasted Tomato Cultured Butter,Lard Ass,150g,10,,6.67,100g,False,38,butter 500g,dairy,2026-09-01,2026-08-31T20:10:17.037905+00:00
coles,8072162,Lard Ass Garlic & Herb Cultured Butter,Lard Ass,150g,10,,6.67,100g,False,39,butter 500g,dairy,2026-09-01,2026-08-31T20:10:17.037905+00:00
coles,8071953,Lard Ass Sweet Vanilla Cultured Butter,Lard Ass,150g,10,,6.67,100g,False,40,butter 500g,dairy,2026-09-01,2026-08-31T20:10:17.037905+00:00
coles,8070860,Lard Ass Smoked Garlic Cultured Butter,Lard Ass,150g,10,,6.67,100g,False,41,butter 500g,dairy,2026-09-01,2026-08-31T20:10:17.037905+00:00
coles,7034180,Geelong Dairy Butter Pat Unsalted,Geelong Dairy,250g,5.5,,2.2,100g,False,42,butter 500g,dairy,2026-09-01,2026-08-31T20:10:17.037905+00:00
coles,8072005,Lard Ass Black Garlic Cultured Butter,Lard Ass,150g,10,,6.67,100g,False,43,butter 500g,dairy,2026-09-01,2026-08-31T20:10:17.037905+00:00
coles,8071590,Lard Ass Smoked Salted Cultured Butter,Lard Ass,150g,10,,6.67,100g,False,44,butter 500g,dairy,2026-09-01,2026-08-31T20:10:17.037905+00:00
coles,5017496,Devondale Dairy Soft Salt Reduced Spreadable Butter,Devondale,500g,8,,1.6,100g,False,45,butter 500g,dairy,2026-09-01,2026-08-31T20:10:17.037905+00:00
coles,8071487,Lard Ass Roasted Fennel Seed Cultured Butter,Lard Ass,150g,10,,6.67,100g,False,46,butter 500g,dairy,2026-09-01,2026-08-31T20:10:17.037905+00:00
coles,93760,Western Star Chef's Choice Unsalted Cultured,Western Star,500g,9.5,,1.9,100g,False,47,butter 500g,dairy,2026-09-01,2026-08-31T20:10:17.037905+00:00
coles,6854734,Mainland Butter Soft Salted Spreadable Butter,Mainland,375g,10.6,,2.83,100g,False,48,butter 500g,dairy,2026-09-01,2026-08-31T20:10:17.037905+00:00
woolworths,310237,Woolworths Tasty Cheese Block 500g,Woolworths,500g,6.8,6.8,13.6,1KG,False,1,tasty cheese block 500g,dairy,2026-09-01,2026-08-31T20:10:18.918604+00:00
woolworths,310238,Woolworths Extra Tasty Cheese Block 500g,Woolworths,500g,6.8,6.8,13.6,1KG,False,2,tasty cheese block 500g,dairy,2026-09-01,2026-08-31T20:10:18.918604+00:00
woolworths,40471,Bega Tasty Cheese Block 500g,Bega,500g,11.2,11.2,22.4,1KG,False,3,tasty cheese block 500g,dairy,2026-09-01,2026-08-31T20:10:18.918604+00:00
woolworths,32198,Mainland Tasty Cheese Block 500g,Mainland,500g,11.8,11.8,23.6,1KG,False,4,tasty cheese block 500g,dairy,2026-09-01,2026-08-31T20:10:18.918604+00:00
woolworths,182060,Bega Protein Tasty Cheese Block 500g,Bega,500g,11.2,11.2,22.4,1KG,False,5,tasty cheese block 500g,dairy,2026-09-01,2026-08-31T20:10:18.918604+00:00
woolworths,807870,Mainland Extra Tasty Cheese Block 500g,Mainland,500g,11.8,11.8,23.6,1KG,False,6,tasty cheese block 500g,dairy,2026-09-01,2026-08-31T20:10:18.918604+00:00
woolworths,17280,Dairyworks Tasty Block 500g,Dairyworks,500g,7.5,7.5,15,1KG,False,7,tasty cheese block 500g,dairy,2026-09-01,2026-08-31T20:10:18.918604+00:00
woolworths,57304,Bega Colby Cheese Block 500g,Bega,500g,11.2,11.2,22.4,1KG,False,8,tasty cheese block 500g,dairy,2026-09-01,2026-08-31T20:10:18.918604+00:00
woolworths,769558,Bega Tasty Cheese Slices 500g,Bega,500g,11.8,11.8,23.6,1KG,False,9,tasty cheese block 500g,dairy,2026-09-01,2026-08-31T20:10:18.918604+00:00
woolworths,48443,Bega Cheese Block Strong & Bitey Vintage 500g,Bega,500g,11.2,11.2,22.4,1KG,False,10,tasty cheese block 500g,dairy,2026-09-01,2026-08-31T20:10:18.918604+00:00
coles,472994,Mainland Tasty Cheese Block,Mainland,500g,10.5,11.8,21,1kg,False,1,tasty cheese block 500g,dairy,2026-09-01,2026-08-31T20:10:18.918604+00:00
coles,189712,Bega Cheese Tasty Block,Bega,500g,10.2,11.2,20.4,1kg,False,2,tasty cheese block 500g,dairy,2026-09-01,2026-08-31T20:10:18.918604+00:00
coles,293995,Coles Cheese Block Tasty,Coles,500g,7.7,,15.4,1kg,False,3,tasty cheese block 500g,dairy,2026-09-01,2026-08-31T20:10:18.918604+00:00
coles,192411,Cheer Tasty Cheese Block,Cheer,1kg,14.95,,14.95,1kg,False,4,tasty cheese block 500g,dairy,2026-09-01,2026-08-31T20:10:18.918604+00:00
coles,7648283,Cheer Tasty Cheese Block,Cheer,400g,9,,22.5,1kg,False,5,tasty cheese block 500g,dairy,2026-09-01,2026-08-31T20:10:18.918604+00:00
coles,296712,Bega Cheese Tasty Block,Bega,250g,8,,32,1kg,False,6,tasty cheese block 500g,dairy,2026-09-01,2026-08-31T20:10:18.918604+00:00
coles,166568,Bega Cheese Block Tasty,Bega,750g,14.4,,,1kg,False,7,tasty cheese block 500g,dairy,2026-09-01,2026-08-31T20:10:18.918604+00:00
coles,294003,Coles Dairy Tasty Cheese Block,Coles,250g,6,,24,1kg,False,8,tasty cheese block 500g,dairy,2026-09-01,2026-08-31T20:10:18.918604+00:00
coles,9182202,Great Ocean Road Extra Tasty Cheese Block,Great Ocean Road,500g,9.5,10.8,19,1kg,False,9,tasty cheese block 500g,dairy,2026-09-01,2026-08-31T20:10:18.918604+00:00
coles,3308421,Mainland Extra Tasty Cheddar Cheese Block,Mainland,500g,10.5,11.8,21,1kg,False,10,tasty cheese block 500g,dairy,2026-09-01,2026-08-31T20:10:18.918604+00:00
coles,287609,Coles Dairy Cheese Tasty,Coles,1kg,10.5,,10.5,1kg,False,11,tasty cheese block 500g,dairy,2026-09-01,2026-08-31T20:10:18.918604+00:00
coles,3274148,Mainland Extra Tasty Cheese Block,Mainland,250g,7.5,,30,1kg,False,12,tasty cheese block 500g,dairy,2026-09-01,2026-08-31T20:10:18.918604+00:00
coles,5432669,Coles Dairy Extra Tasty Cheese Block,Coles,250g,6,,24,1kg,False,13,tasty cheese block 500g,dairy,2026-09-01,2026-08-31T20:10:18.918604+00:00
coles,447556,Norco Natural Cheese Block,Norco,500g,12,,24,1kg,False,14,tasty cheese block 500g,dairy,2026-09-01,2026-08-31T20:10:18.918604+00:00
coles,2071305,Coles Simply Cheddar Cheese Block,Coles Simply,1Kg,9.3,,9.3,1kg,False,15,tasty cheese block 500g,dairy,2026-09-01,2026-08-31T20:10:18.918604+00:00
coles,7648465,Cheer Light & Tasty Cheese Block,Cheer,400g,9,,22.5,1kg,False,16,tasty cheese block 500g,dairy,2026-09-01,2026-08-31T20:10:18.918604+00:00
coles,5236004,Coles Dairy Tasty Lite Cheese Block,Coles,250g,6,,24,1kg,False,17,tasty cheese block 500g,dairy,2026-09-01,2026-08-31T20:10:18.918604+00:00
coles,6900933,Coles Dairy Tasty Light Cheese Block,Coles,1kg,10.5,,10.5,1kg,False,18,tasty cheese block 500g,dairy,2026-09-01,2026-08-31T20:10:18.918604+00:00
coles,4380854,The Organic Milk Co Organic Cheddar Block,The Organic Milk Co,400g,9,,22.5,1kg,False,19,tasty cheese block 500g,dairy,2026-09-01,2026-08-31T20:10:18.918604+00:00
coles,1134670,The Organic Milk Co Organic High Protein Cheddar Block,The Organic Milk Co,250g,7,,28,1kg,False,20,tasty cheese block 500g,dairy,2026-09-01,2026-08-31T20:10:18.918604+00:00
woolworths,312204,Farmers Union Light Greek Yoghurt 1kg,Farmers Union,1kg,7.5,7.5,0.75,100G,False,1,greek yoghurt 1kg,dairy,2026-09-01,2026-08-31T20:10:20.737171+00:00
woolworths,571487,Woolworths Natural Greek Style Yoghurt 1kg,Woolworths,1kg,4.2,4.2,0.42,100G,False,2,greek yoghurt 1kg,dairy,2026-09-01,2026-08-31T20:10:20.737171+00:00
woolworths,31547,Farmers Union Greek Style Natural Yoghurt 1kg,Farmers Union,1kg,7.5,7.5,0.75,100G,False,3,greek yoghurt 1kg,dairy,2026-09-01,2026-08-31T20:10:20.737171+00:00
woolworths,622935,Tamar Valley Dairy Greek Style Yoghurt 1kg,Tamar Valley,1kg,6.5,8.3,0.65,100G,True,4,greek yoghurt 1kg,dairy,2026-09-01,2026-08-31T20:10:20.737171+00:00
woolworths,543383,Jalna Pot Set A2 Protein All Natural Yoghurt Vanilla 1kg,Jalna,1kg,7.2,9.2,0.72,100G,True,5,greek yoghurt 1kg,dairy,2026-09-01,2026-08-31T20:10:20.737171+00:00
woolworths,6067251,Chris' Heritage Pot Set Greek Yoghurt 1kg,Chris',1kg,8.5,8.5,0.85,100G,False,6,greek yoghurt 1kg,dairy,2026-09-01,2026-08-31T20:10:20.737171+00:00
woolworths,768154,Jalna Sweet & Creamy Greek Style Yoghurt 1kg,Jalna,1kg,9,9,0.9,100G,False,7,greek yoghurt 1kg,dairy,2026-09-01,2026-08-31T20:10:20.737171+00:00
woolworths,331963,Jalna Pot Set Greek Style Natural Yoghurt 1kg,Jalna,1kg,9,9,0.9,100G,False,8,greek yoghurt 1kg,dairy,2026-09-01,2026-08-31T20:10:20.737171+00:00
woolworths,463018,Jalna Sweet & Creamy Greek Style Strawberry Flavoured Yoghurt 1kg,Jalna,1kg,9,9,0.9,100G,False,9,greek yoghurt 1kg,dairy,2026-09-01,2026-08-31T20:10:20.737171+00:00
woolworths,249086,Woolworths Pot Set Greek Style Yoghurt 1kg,Woolworths,1kg,6.7,6.7,0.67,100G,False,10,greek yoghurt 1kg,dairy,2026-09-01,2026-08-31T20:10:20.737171+00:00
coles,5938726,Chobani Greek Yogurt Strawberry,Chobani,160g,1.95,3,1.22,100g,False,1,greek yoghurt 1kg,dairy,2026-09-01,2026-08-31T20:10:20.737171+00:00
coles,5938613,Chobani Greek Yogurt Lemon,Chobani,160g,1.95,3,1.22,100g,False,2,greek yoghurt 1kg,dairy,2026-09-01,2026-08-31T20:10:20.737171+00:00
coles,5938668,Chobani Greek Yogurt Vanilla,Chobani,160g,1.95,3,1.22,100g,False,3,greek yoghurt 1kg,dairy,2026-09-01,2026-08-31T20:10:20.737171+00:00
coles,5938715,Chobani Greek Yogurt Passionfruit,Chobani,160g,1.95,3,1.22,100g,False,4,greek yoghurt 1kg,dairy,2026-09-01,2026-08-31T20:10:20.737171+00:00
coles,5938602,Chobani Greek Yogurt Raspberry,Chobani,160g,1.95,3,1.22,100g,False,5,greek yoghurt 1kg,dairy,2026-09-01,2026-08-31T20:10:20.737171+00:00
coles,5938690,Chobani Greek Yogurt Mango,Chobani,160g,1.95,3,1.22,100g,False,6,greek yoghurt 1kg,dairy,2026-09-01,2026-08-31T20:10:20.737171+00:00
coles,5939412,Chobani Greek Yogurt Limited Edition,Chobani,160g,1.95,3,1.22,100g,False,7,greek yoghurt 1kg,dairy,2026-09-01,2026-08-31T20:10:20.737171+00:00
coles,1158328,Chobani No Added Sugar Greek Yogurt Strawberry,Chobani,150g,2.4,3,1.6,100g,False,8,greek yoghurt 1kg,dairy,2026-09-01,2026-08-31T20:10:20.737171+00:00
coles,5939570,Jalna Greek Style Yoghurt Lactose Free,Jalna,170g,3.05,,1.79,100g,False,9,greek yoghurt 1kg,dairy,2026-09-01,2026-08-31T20:10:20.737171+00:00
coles,5939332,Chobani Greek Yogurt Natural Light,Chobani,160g,1.95,3,1.22,100g,False,10,greek yoghurt 1kg,dairy,2026-09-01,2026-08-31T20:10:20.737171+00:00
coles,6604351,Farmers Union Greek Style Yoghurt Natural,Farmers Union,240g,3.75,,1.56,100g,False,11,greek yoghurt 1kg,dairy,2026-09-01,2026-08-31T20:10:20.737171+00:00
coles,8000649,Yo Chi Greek Style Mango Frozen Yoghurt Tub,Yo Chi,500mL,9.6,,1.92,100ml,False,12,greek yoghurt 1kg,dairy,2026-09-01,2026-08-31T20:10:20.737171+00:00
coles,5792915,Yo Chi Greek Style Original Frozen Yoghurt Tub,Yo Chi,500mL,9.6,,1.92,100ml,False,13,greek yoghurt 1kg,dairy,2026-09-01,2026-08-31T20:10:20.737171+00:00
coles,5792904,Yo Chi Greek Style Wild Berry Frozen Yoghurt Tub,Yo Chi,500mL,9.6,,1.92,100ml,False,14,greek yoghurt 1kg,dairy,2026-09-01,2026-08-31T20:10:20.737171+00:00
coles,2130299,Tamar Valley Greek Style Yoghurt,Tamar Valley,1kg,8.3,,0.83,100g,False,15,greek yoghurt 1kg,dairy,2026-09-01,2026-08-31T20:10:20.737171+00:00
coles,3537316,Jalna Pot Set Yoghurt Natural Greek Style,Jalna,170g,2.05,2.65,1.21,100g,False,16,greek yoghurt 1kg,dairy,2026-09-01,2026-08-31T20:10:20.737171+00:00
coles,7250935,Jalna Greek Style Natural Yoghurt,Jalna,1kg,7.2,9,0.72,100g,False,17,greek yoghurt 1kg,dairy,2026-09-01,2026-08-31T20:10:20.737171+00:00
coles,2273478,Coles Greek Style Natural Yoghurt,Coles,1kg,4.2,,0.42,100g,False,18,greek yoghurt 1kg,dairy,2026-09-01,2026-08-31T20:10:20.737171+00:00
coles,2273489,Coles Light Greek Style Yoghurt,Coles,1kg,4.2,,,100g,False,19,greek yoghurt 1kg,dairy,2026-09-01,2026-08-31T20:10:20.737171+00:00
coles,1990746,Farmers Union Greek Style Light Yogurt,Farmers Union,1Kg,7.5,,0.75,100g,False,20,greek yoghurt 1kg,dairy,2026-09-01,2026-08-31T20:10:20.737171+00:00
coles,6523216,Procal Authentic Greek Yoghurt,Procal,900g,6,7.2,0.67,100g,False,21,greek yoghurt 1kg,dairy,2026-09-01,2026-08-31T20:10:20.737171+00:00
coles,3816954,Jalna Farm To Pot Organic Yoghurt Greek Style,Jalna,1kg,9.2,,0.92,100g,False,22,greek yoghurt 1kg,dairy,2026-09-01,2026-08-31T20:10:20.737171+00:00
coles,1438540,Jalna Sweet & Creamy Greek Style Yoghurt,Jalna,1kg,7.2,9,0.72,100g,False,23,greek yoghurt 1kg,dairy,2026-09-01,2026-08-31T20:10:20.737171+00:00
coles,2273467,Coles Pot Set Natural Greek Style Yoghurt,Coles,1kg,6.7,,,100g,False,24,greek yoghurt 1kg,dairy,2026-09-01,2026-08-31T20:10:20.737171+00:00
coles,3816874,Jalna Lactose Free Greek Style Yoghurt Natural,Jalna,1kg,7.2,9.2,0.72,100g,False,25,greek yoghurt 1kg,dairy,2026-09-01,2026-08-31T20:10:20.737171+00:00
coles,1151023,Jalna Greek Style Yoghurt Plus Natural,Jalna,1Kg,9.2,,0.92,100g,False,26,greek yoghurt 1kg,dairy,2026-09-01,2026-08-31T20:10:20.737171+00:00
coles,1851681,Coles Pot Set Natural Greek Style Yoghurt,Coles,1Kg,6.7,,0.67,100g,False,27,greek yoghurt 1kg,dairy,2026-09-01,2026-08-31T20:10:20.737171+00:00
coles,2744701,Jalna Pot Set Greek Style Sweet & Creamy Strawberry Yoghurt,Jalna,1kg,7.2,9,0.72,100g,False,28,greek yoghurt 1kg,dairy,2026-09-01,2026-08-31T20:10:20.737171+00:00
coles,1158339,Chobani No Added Sugar Greek Yogurt Strawberry,Chobani,680g,7.75,,1.14,100g,False,29,greek yoghurt 1kg,dairy,2026-09-01,2026-08-31T20:10:20.737171+00:00
coles,3246583,Chobani Greek Yogurt Vanilla,Chobani,907g,8.8,,0.97,100g,False,30,greek yoghurt 1kg,dairy,2026-09-01,2026-08-31T20:10:20.737171+00:00
coles,3866894,Coles Perform High Protein Greek Yoghurt,Coles Perform,900g,7,,,100g,False,31,greek yoghurt 1kg,dairy,2026-09-01,2026-08-31T20:10:20.737171+00:00
coles,1012016,Farmers Union Greek Style Yogurt,Farmers Union,2Kg,13.5,,0.68,100g,False,32,greek yoghurt 1kg,dairy,2026-09-01,2026-08-31T20:10:20.737171+00:00
coles,9964116,Tamar Valley Greek Style Yoghurt,Tamar Valley,500g,4.9,,0.98,100g,False,33,greek yoghurt 1kg,dairy,2026-09-01,2026-08-31T20:10:20.737171+00:00
coles,1753387,Chobani 20g Protein Greek Yogurt Vanilla,Chobani,900g,9.85,,1.09,100g,False,34,greek yoghurt 1kg,dairy,2026-09-01,2026-08-31T20:10:20.737171+00:00
coles,1753376,Chobani 20g Protein Greek Yogurt Strawberry,Chobani,900g,9.85,,1.09,100g,False,35,greek yoghurt 1kg,dairy,2026-09-01,2026-08-31T20:10:20.737171+00:00
coles,1314650,Chobani No Added Sugar Yogurt Vanilla,Chobani,150g,2.4,3,1.6,100g,False,36,greek yoghurt 1kg,dairy,2026-09-01,2026-08-31T20:10:20.737171+00:00
coles,2745340,Chobani Greek Yogurt Natural Whole Milk,Chobani,907g,8.8,,0.97,100g,False,37,greek yoghurt 1kg,dairy,2026-09-01,2026-08-31T20:10:20.737171+00:00
coles,1435100,Chobani Greek Yogurt Natural Light,Chobani,907g,8.8,,0.97,100g,False,38,greek yoghurt 1kg,dairy,2026-09-01,2026-08-31T20:10:20.737171+00:00
coles,2392513,Carman's Greek Yoghurt & Berry Protein Bars,Carman's,200g,4.25,8.5,2.13,100g,False,39,greek yoghurt 1kg,dairy,2026-09-01,2026-08-31T20:10:20.737171+00:00
coles,3537327,Jalna Pot Set Yoghurt Vanilla,Jalna,170g,2.05,2.65,1.21,100g,False,40,greek yoghurt 1kg,dairy,2026-09-01,2026-08-31T20:10:20.737171+00:00
coles,3087060,Farmers Union Greek Style Yoghurt Pouch Vanilla,Farmers Union,130g,2.9,,2.23,100g,False,41,greek yoghurt 1kg,dairy,2026-09-01,2026-08-31T20:10:20.737171+00:00
coles,2376288,Jalna Sweet & Creamy Greek Style Yoghurt,Jalna,2kg,16,,0.8,100g,False,42,greek yoghurt 1kg,dairy,2026-09-01,2026-08-31T20:10:20.737171+00:00
coles,7109686,Chobani 15g High Protein Greek Yogurt Blueberry,Chobani,160g,3.3,,2.06,100g,False,43,greek yoghurt 1kg,dairy,2026-09-01,2026-08-31T20:10:20.737171+00:00
coles,7109868,Chobani 15g High Protein Greek Yogurt Passionfruit,Chobani,160g,3.3,,2.06,100g,False,44,greek yoghurt 1kg,dairy,2026-09-01,2026-08-31T20:10:20.737171+00:00
coles,7109813,Chobani 15g High Protein Greek Yogurt Tropical,Chobani,160g,3.3,,2.06,100g,False,45,greek yoghurt 1kg,dairy,2026-09-01,2026-08-31T20:10:20.737171+00:00
coles,7110073,Chobani 15g High Protein Greek Yogurt Strawberry,Chobani,160g,3.3,,2.06,100g,False,46,greek yoghurt 1kg,dairy,2026-09-01,2026-08-31T20:10:20.737171+00:00
coles,7109609,Chobani 15g High Protein Greek Yogurt Vanilla,Chobani,160g,3.3,,2.06,100g,False,47,greek yoghurt 1kg,dairy,2026-09-01,2026-08-31T20:10:20.737171+00:00
coles,9961366,Chobani No Added Sugar Greek Yogurt Blueberry Pouch,Chobani,100g,2.25,,2.25,100g,False,48,greek yoghurt 1kg,dairy,2026-09-01,2026-08-31T20:10:20.737171+00:00
woolworths,313898,Manning Valley 12 Large Free Range Eggs 600g,Manning Valley,600g,8.2,8.2,1.37,100G,False,1,eggs 12 pack,dairy,2026-09-01,2026-08-31T20:10:22.792915+00:00
woolworths,6024018,Pace Farm 12 For Everyone Jumbo Free Range Eggs 800g,Pace Farm,800g,9.75,9.75,1.22,100G,False,2,eggs 12 pack,dairy,2026-09-01,2026-08-31T20:10:22.792915+00:00
woolworths,140691,Watson Family Farm 12 Extra Large Free Range Eggs 700g,Watson Family Farm,700g,11.6,11.6,1.66,100G,False,3,eggs 12 pack,dairy,2026-09-01,2026-08-31T20:10:22.792915+00:00
woolworths,101523,Lake Macquarie 12 Extra Large Free Range Eggs 700g,Lake Macquarie,700g,10,10,1.43,100G,False,4,eggs 12 pack,dairy,2026-09-01,2026-08-31T20:10:22.792915+00:00
woolworths,6023079,Pace Farm 12 For Everyone Extra Large Free Range Eggs 700g,Pace Farm,700g,6.9,7.75,0.99,100G,True,5,eggs 12 pack,dairy,2026-09-01,2026-08-31T20:10:22.792915+00:00
woolworths,313900,Manning Valley 12 Extra Large Free Range Eggs 700g,Manning Valley,700g,8.7,8.7,1.24,100G,False,6,eggs 12 pack,dairy,2026-09-01,2026-08-31T20:10:22.792915+00:00
woolworths,140588,Yallamundi Farm 12 Organic Extra Large Eggs 700g,Yallamundi Farm,700g,14.3,14.3,2.04,100G,False,7,eggs 12 pack,dairy,2026-09-01,2026-08-31T20:10:22.792915+00:00
woolworths,191726,Macro 12 Organic Large Free Range Eggs 600g,Macro,600g,10.6,10.6,1.77,100G,False,8,eggs 12 pack,dairy,2026-09-01,2026-08-31T20:10:22.792915+00:00
woolworths,6024043,Pace Farm 12 For Everyone Extra Large Barn Laid Eggs 700g,Pace Farm,700g,6.4,6.4,0.91,100G,False,9,eggs 12 pack,dairy,2026-09-01,2026-08-31T20:10:22.792915+00:00
coles,9453478,Coles Free Range Eggs 12 Pack,Coles,700g,6.5,,0.93,100g,False,1,eggs 12 pack,dairy,2026-09-01,2026-08-31T20:10:22.792915+00:00
coles,9453456,Coles Free Range Eggs 12 Pack,Coles,600g,6.4,,1.07,100g,False,2,eggs 12 pack,dairy,2026-09-01,2026-08-31T20:10:22.792915+00:00
coles,5178633,Coles Cage Free Eggs 12 Pack,Coles,700g,5.9,,0.84,100g,False,3,eggs 12 pack,dairy,2026-09-01,2026-08-31T20:10:22.792915+00:00
coles,8077133,Sunny Queen Odd Eggs Ready To Pour Egg Mix,Sunny Queen,500g,6.5,,1.3,100g,False,4,eggs 12 pack,dairy,2026-09-01,2026-08-31T20:10:22.792915+00:00
coles,6802242,Fyfe Family Eggs Free Range 12 Pack,Fyfe Family Eggs,700g,9.3,,1.33,100g,False,5,eggs 12 pack,dairy,2026-09-01,2026-08-31T20:10:22.792915+00:00
coles,6802377,Fyfe Family Eggs Free Range 12 Pack,Fyfe Family Eggs,600g,9,,1.5,100g,False,6,eggs 12 pack,dairy,2026-09-01,2026-08-31T20:10:22.792915+00:00
coles,1760000,Puregg Cage Free Egg Whites,Puregg,500g,10.5,,2.1,100g,False,7,eggs 12 pack,dairy,2026-09-01,2026-08-31T20:10:22.792915+00:00
coles,5178804,Coles Cage Free Eggs 12 Pack,Coles,800g,6.6,,0.83,100g,False,8,eggs 12 pack,dairy,2026-09-01,2026-08-31T20:10:22.792915+00:00
coles,6804769,Yarra Valley Free Range Eggs 12 Pack,Yarra Valley,700g,7.5,,1.07,100g,False,9,eggs 12 pack,dairy,2026-09-01,2026-08-31T20:10:22.792915+00:00
coles,6339534,Sunrise Free Range Eggs 12 Pack,Sunrise,700g,7.4,,1.06,100g,False,10,eggs 12 pack,dairy,2026-09-01,2026-08-31T20:10:22.792915+00:00
coles,9131063,Sunrise Cage Free Eggs 12 Pack,Sunrise,700g,6.5,,0.93,100g,False,11,eggs 12 pack,dairy,2026-09-01,2026-08-31T20:10:22.792915+00:00
coles,2364450,Josh's Rainbow Free Range Eggs 12 Pack,Josh's Rainbow,700g,9.3,,1.33,100g,False,12,eggs 12 pack,dairy,2026-09-01,2026-08-31T20:10:22.792915+00:00
coles,6802490,Mornington Peninsula Free Range Eggs 12 Pack,Mornington Peninsula,800g,9.6,,1.2,100g,False,13,eggs 12 pack,dairy,2026-09-01,2026-08-31T20:10:22.792915+00:00
coles,6339512,Good Yolk Co Cage Free Eggs 12 Pack,Good Yolk Co,600g,6.2,,1.03,100g,False,14,eggs 12 pack,dairy,2026-09-01,2026-08-31T20:10:22.792915+00:00
coles,6339498,Good Yolk Co Cage Free Eggs 12 Pack,Good Yolk Co,700g,6.5,,0.93,100g,False,15,eggs 12 pack,dairy,2026-09-01,2026-08-31T20:10:22.792915+00:00
coles,6949240,Pace Farm Cage Free Eggs 12 Pack,Pace Farm,800g,7.95,,0.99,100g,False,16,eggs 12 pack,dairy,2026-09-01,2026-08-31T20:10:22.792915+00:00
coles,1034234,Coles Jumbo Free Range Eggs 12 Pack,Coles,800g,7.45,,0.93,100g,False,17,eggs 12 pack,dairy,2026-09-01,2026-08-31T20:10:22.792915+00:00
coles,7069038,Mornington Peninsula Cage Free Eggs 12 Pack,Mornington,600g,5.2,6.2,0.87,100g,False,18,eggs 12 pack,dairy,2026-09-01,2026-08-31T20:10:22.792915+00:00
coles,7069016,Mornington Peninsula Cage Free Eggs 12 Pack,Mornington,700g,6.6,,0.94,100g,False,19,eggs 12 pack,dairy,2026-09-01,2026-08-31T20:10:22.792915+00:00
coles,8736885,Pace Farm Eggs For Everyone Free Range 12 Pack,Pace Farm,800g,9.75,,1.22,100g,False,20,eggs 12 pack,dairy,2026-09-01,2026-08-31T20:10:22.792915+00:00
coles,4932940,Pace Farm Eggs For Everyone Free Range 12 Pack,Pace Farm,600g,7.5,,1.25,100g,False,21,eggs 12 pack,dairy,2026-09-01,2026-08-31T20:10:22.792915+00:00
coles,8677436,Farm Pride Cage Free Barn Laid Eggs 12 Pack,Farm Pride,700g,7.5,,1.07,100g,False,22,eggs 12 pack,dairy,2026-09-01,2026-08-31T20:10:22.792915+00:00
coles,5417778,Sunny Queen Free Range Large Eggs 12 Pack,Sunny Queen,600g,8.85,,1.47,100g,False,23,eggs 12 pack,dairy,2026-09-01,2026-08-31T20:10:22.792915+00:00
coles,8677447,Farm Pride Cage Free Barn Laid Eggs 12 Pack,Farm Pride,600g,6.5,,1.08,100g,False,24,eggs 12 pack,dairy,2026-09-01,2026-08-31T20:10:22.792915+00:00
coles,5178961,Coles Cage Free Eggs 18 Pack,Coles,900g,8.6,,0.96,100g,False,25,eggs 12 pack,dairy,2026-09-01,2026-08-31T20:10:22.792915+00:00
coles,2680008,Coles Free Range Eggs 6 Pack,Coles,300g,4.4,,1.47,100g,False,26,eggs 12 pack,dairy,2026-09-01,2026-08-31T20:10:22.792915+00:00
coles,8736750,Pace Farm Eggs For Everyone Free Range 12 Pack,Pace Farm,700g,7.75,,1.11,100g,False,27,eggs 12 pack,dairy,2026-09-01,2026-08-31T20:10:22.792915+00:00
coles,7007096,Pace Farm Eggs For Everyone Cage Free 12 Pack,Pace Farm,600g,6,,1,100g,False,28,eggs 12 pack,dairy,2026-09-01,2026-08-31T20:10:22.792915+00:00
coles,6949783,Pace Farm Eggs For Everyone Cage Free 12 Pack,Pace Farm,700g,6.4,,0.91,100g,False,29,eggs 12 pack,dairy,2026-09-01,2026-08-31T20:10:22.792915+00:00
coles,7065751,Josh's Rainbow Free Range Eggs 12pack,Josh's Rainbow,800g,10.5,,1.31,100g,False,30,eggs 12 pack,dairy,2026-09-01,2026-08-31T20:10:22.792915+00:00
coles,5346590,Josh's Rainbow Free Range Eggs 18 Pack,Josh's Rainbow,900g,11.9,,1.32,100g,False,31,eggs 12 pack,dairy,2026-09-01,2026-08-31T20:10:22.792915+00:00
coles,6804816,Surf Coast Cracking Good Ultimate Free Range Eggs 12 Pack,Surf Coast,800g,7.5,,0.94,100g,False,32,eggs 12 pack,dairy,2026-09-01,2026-08-31T20:10:22.792915+00:00
coles,6804805,Surf Coast Cracking Good Ultimate Free Range Eggs 12 Pack,Surf Coast,700g,7,,1,100g,False,33,eggs 12 pack,dairy,2026-09-01,2026-08-31T20:10:22.792915+00:00
coles,5484210,Sunny Queen Free Range X Large Eggs 6 Pack,Sunny Queen,350g,5.2,,1.49,100g,False,34,eggs 12 pack,dairy,2026-09-01,2026-08-31T20:10:22.792915+00:00
coles,2364471,Josh's Rainbow Free Range Eggs Regular 6 Pack,Josh's Rainbow,350g,5.2,,1.49,100g,False,35,eggs 12 pack,dairy,2026-09-01,2026-08-31T20:10:22.792915+00:00
coles,8953577,Sunny Queen Free Range Large Eggs 18 Pack,Sunny Queen,900g,13.2,,1.47,100g,False,36,eggs 12 pack,dairy,2026-09-01,2026-08-31T20:10:22.792915+00:00
coles,5341257,Sunny Queen Free Range X-large Eggs 30 Pack,Sunny Queen,1.75kg,19.5,,1.11,100g,False,37,eggs 12 pack,dairy,2026-09-01,2026-08-31T20:10:22.792915+00:00
coles,1059279,Sunny Queen Peeled Hard Boiled Eggs 2 Pack,Sunny Queen,85g,4.5,,5.29,100g,False,38,eggs 12 pack,dairy,2026-09-01,2026-08-31T20:10:22.792915+00:00
coles,3434540,Pace Farm Eggs For Everyone Cage Free 18 Pack,Pace Farm,900g,9.5,,1.06,100g,False,39,eggs 12 pack,dairy,2026-09-01,2026-08-31T20:10:22.792915+00:00
coles,4228838,Sunny Queen Organic Eggs 12 Pack,Sunny Queen,700g,13.3,,1.9,100g,False,40,eggs 12 pack,dairy,2026-09-01,2026-08-31T20:10:22.792915+00:00
coles,5417789,Sunny Queen Free Range Extra Large Eggs 12 Pack,Sunny Queen,700g,8.8,,1.26,100g,False,41,eggs 12 pack,dairy,2026-09-01,2026-08-31T20:10:22.792915+00:00
coles,3169697,Coles Organic Free Range Eggs 12 Pack,Coles Organic,600g,10.8,,1.8,100g,False,42,eggs 12 pack,dairy,2026-09-01,2026-08-31T20:10:22.792915+00:00
coles,5352209,Yallamundi Farm Organic Free Range Eggs 12 Pack,Yallamundi Farm,600g,13.8,,2.3,100g,False,43,eggs 12 pack,dairy,2026-09-01,2026-08-31T20:10:22.792915+00:00
coles,5337624,Yallamundi Farm Organic Free Range Eggs 12 Pack,Yallamundi Farm,700g,14.3,,2.04,100g,False,44,eggs 12 pack,dairy,2026-09-01,2026-08-31T20:10:22.792915+00:00
coles,8946775,Sunny Queen Cage Free Large Eggs 18 Pack,Sunny Queen,900g,11.2,,1.24,100g,False,45,eggs 12 pack,dairy,2026-09-01,2026-08-31T20:10:22.792915+00:00
coles,3428401,Sunny Queen Big Brekkie Free Range 12 Pack,Sunny Queen,820g,10.5,,1.28,100g,False,46,eggs 12 pack,dairy,2026-09-01,2026-08-31T20:10:22.792915+00:00
coles,6802424,Mornington Peninsula Free Range 12 Pack,Mornington Peninsula,700g,9.1,,1.3,100g,False,47,eggs 12 pack,dairy,2026-09-01,2026-08-31T20:10:22.792915+00:00
coles,6802515,Mornington Peninsula Free Range 6 Pack,Mornington Peninsula,330g,5.3,,1.61,100g,False,48,eggs 12 pack,dairy,2026-09-01,2026-08-31T20:10:22.792915+00:00
woolworths,233160,Woolworths Soft White Loaf 800g,Woolworths,800g,3.6,3.6,0.45,100G,False,1,white bread loaf,bakery,2026-09-01,2026-08-31T20:10:25.130628+00:00
woolworths,1119109537,Gund Pusheen Squisheen White Bread Loaf Plush 30cm,Gund,1EA,59.95,59.95,,,False,2,white bread loaf,bakery,2026-09-01,2026-08-31T20:10:25.130628+00:00
woolworths,277728,Woolworths White Sandwich Bread Loaf 650g,Woolworths,650g,2.5,2.5,0.38,100G,False,3,white bread loaf,bakery,2026-09-01,2026-08-31T20:10:25.130628+00:00
woolworths,893462,Helga's Crafted White Sourdough Bread Loaf 700g,Helga's,700g,6.7,6.7,0.96,100G,False,4,white bread loaf,bakery,2026-09-01,2026-08-31T20:10:25.130628+00:00
woolworths,277578,Woolworths Free From Gluten White Bread Loaf 440g,Woolworths,440g,5.5,5.5,1.25,100G,False,5,white bread loaf,bakery,2026-09-01,2026-08-31T20:10:25.130628+00:00
woolworths,889314,Wonder 5 Star Soft White High Fibre Bread Loaf 680g,Wonder,680g,4.9,4.9,0.72,100G,False,6,white bread loaf,bakery,2026-09-01,2026-08-31T20:10:25.130628+00:00
woolworths,713816,Tip Top The One White Sandwich Slice Bread Loaf Bakery 700g,Tip Top,700g,4.6,4.6,0.66,100G,False,7,white bread loaf,bakery,2026-09-01,2026-08-31T20:10:25.130628+00:00
woolworths,713834,Tip Top The One White Toast Slice Bread Loaf Bakery 700g,Tip Top,700g,4.6,4.6,0.66,100G,False,8,white bread loaf,bakery,2026-09-01,2026-08-31T20:10:25.130628+00:00
woolworths,19899,Tip Top Sunblest Soft White Sandwich Slice Bread Loaf Bakery 650g,Tip Top,650g,3.9,3.9,0.6,100G,False,9,white bread loaf,bakery,2026-09-01,2026-08-31T20:10:25.130628+00:00
woolworths,893368,Wonder 5 Star Soft Multigrain & Prebiotic Bread Loaf 680g,Wonder,680g,4.9,4.9,0.72,100G,False,10,white bread loaf,bakery,2026-09-01,2026-08-31T20:10:25.130628+00:00
coles,4901345,Coles Simply White Sandwich Loaf,Coles Simply,650g,2.5,,0.38,100g,False,1,white bread loaf,bakery,2026-09-01,2026-08-31T20:10:25.130628+00:00
coles,1856492,Just White Loaf,Just,700g,4,,0.57,100g,False,2,white bread loaf,bakery,2026-09-01,2026-08-31T20:10:25.130628+00:00
coles,3378289,Coles Soft White Toast Loaf,Coles,650g,2.8,,0.43,100g,False,3,white bread loaf,bakery,2026-09-01,2026-08-31T20:10:25.130628+00:00
coles,3860901,Wonder Mini Loaf White Sandwich Vitamin,Wonder,320g,3.6,,1.13,100g,False,4,white bread loaf,bakery,2026-09-01,2026-08-31T20:10:25.130628+00:00
coles,1089939,Helgas White Loaf,Helgas,700g,5.2,,0.74,100g,False,5,white bread loaf,bakery,2026-09-01,2026-08-31T20:10:25.130628+00:00
coles,1856517,Just Wholemeal Loaf,Just,700g,4,,0.57,100g,False,6,white bread loaf,bakery,2026-09-01,2026-08-31T20:10:25.130628+00:00
coles,7074016,Warburtons Gluten Free White Tiger Bloomer Loaf,Warburtons,400g,9.95,,2.49,100g,False,7,white bread loaf,bakery,2026-09-01,2026-08-31T20:10:25.130628+00:00
coles,8391309,Coles White Sandwich Loaf,Coles,800g,3.6,,0.45,100g,False,8,white bread loaf,bakery,2026-09-01,2026-08-31T20:10:25.130628+00:00
coles,7168969,Coles White Sandwich Loaf,Coles,680g,3.3,,0.49,100g,False,9,white bread loaf,bakery,2026-09-01,2026-08-31T20:10:25.130628+00:00
coles,7169000,Coles Hi Fibre Low Gi White Sandwich Loaf,Coles,680g,4,,0.59,100g,False,10,white bread loaf,bakery,2026-09-01,2026-08-31T20:10:25.130628+00:00
woolworths,253921,Burgen Wholemeal & Seeds Bread Loaf 700g,Burgen,700g,6,6,0.86,100G,False,1,wholemeal bread loaf,bakery,2026-09-01,2026-08-31T20:10:27.192569+00:00
woolworths,277579,Woolworths Free From Gluten Wholemeal Bread Loaf 450g,Woolworths,450g,5.5,5.5,1.22,100G,False,2,wholemeal bread loaf,bakery,2026-09-01,2026-08-31T20:10:27.192569+00:00
woolworths,49613,Tip Top Sunblest Soft Wholemeal Bread Loaf Sandwich Bakery 650g,Tip Top,650g,3.9,3.9,0.6,100G,False,3,wholemeal bread loaf,bakery,2026-09-01,2026-08-31T20:10:27.192569+00:00
woolworths,263634,Tip Top 9 Grain Wholemeal Sandwich Slice Bread Loaf Bakery 750g,Tip Top,750g,4.6,4.6,0.61,100G,False,4,wholemeal bread loaf,bakery,2026-09-01,2026-08-31T20:10:27.192569+00:00
woolworths,6028342,Helga's Plus+ Lower Carb 5 Seed Bread Loaf 700g,Helga's,700g,4.9,5.8,0.7,100G,True,5,wholemeal bread loaf,bakery,2026-09-01,2026-08-31T20:10:27.192569+00:00
woolworths,277577,Woolworths Free From Gluten Seeded Bread Loaf 450g,Woolworths,450g,5.5,5.5,1.22,100G,False,6,wholemeal bread loaf,bakery,2026-09-01,2026-08-31T20:10:27.192569+00:00
woolworths,277578,Woolworths Free From Gluten White Bread Loaf 440g,Woolworths,440g,5.5,5.5,1.25,100G,False,7,wholemeal bread loaf,bakery,2026-09-01,2026-08-31T20:10:27.192569+00:00
woolworths,264174,Woolworths Free From Gluten Turkish Bread Loaf 200g,Woolworths,200g,5.1,5.1,2.55,100G,False,8,wholemeal bread loaf,bakery,2026-09-01,2026-08-31T20:10:27.192569+00:00
woolworths,277728,Woolworths White Sandwich Bread Loaf 650g,Woolworths,650g,2.5,2.5,0.38,100G,False,9,wholemeal bread loaf,bakery,2026-09-01,2026-08-31T20:10:27.192569+00:00
woolworths,893462,Helga's Crafted White Sourdough Bread Loaf 700g,Helga's,700g,6.7,6.7,0.96,100G,False,10,wholemeal bread loaf,bakery,2026-09-01,2026-08-31T20:10:27.192569+00:00
coles,2649482,Coles Country Loaf Wholemeal,Coles,750g,4.2,,0.56,100g,False,1,wholemeal bread loaf,bakery,2026-09-01,2026-08-31T20:10:27.192569+00:00
coles,3860912,Wonder Mini Loaf Wholemeal,Wonder,320g,3.6,,1.13,100g,False,2,wholemeal bread loaf,bakery,2026-09-01,2026-08-31T20:10:27.192569+00:00
coles,3378290,Coles Soft Wholemeal Sandwich Loaf,Coles,650g,2.8,,0.43,100g,False,3,wholemeal bread loaf,bakery,2026-09-01,2026-08-31T20:10:27.192569+00:00
coles,3860887,Helgas Mini Loaf Traditional Wholemeal,Helgas,360g,3.7,4.2,1.03,100g,False,4,wholemeal bread loaf,bakery,2026-09-01,2026-08-31T20:10:27.192569+00:00
coles,1856517,Just Wholemeal Loaf,Just,700g,4,,0.57,100g,False,5,wholemeal bread loaf,bakery,2026-09-01,2026-08-31T20:10:27.192569+00:00
coles,8391284,Coles Wholemeal Sandwich Loaf,Coles,800g,3.6,,0.45,100g,False,6,wholemeal bread loaf,bakery,2026-09-01,2026-08-31T20:10:27.192569+00:00
coles,7168845,Coles Wholemeal Sandwich Loaf,Coles,680g,3.3,,0.49,100g,False,7,wholemeal bread loaf,bakery,2026-09-01,2026-08-31T20:10:27.192569+00:00
coles,5061240,Donna Hay Wholesome Banana Bread Wholemeal,Donna Hay,540g,8,,1.48,100g,False,8,wholemeal bread loaf,bakery,2026-09-01,2026-08-31T20:10:27.192569+00:00
coles,8712570,Coles Stone Baked By Laurent Wholemeal Pane Di Casa Loaf Oc,Coles,1 Each,4,5,4,1ea,False,9,wholemeal bread loaf,bakery,2026-09-01,2026-08-31T20:10:27.192569+00:00
woolworths,634918,Woolworths White Wrap 8 pack,Woolworths,8 pack,2.2,2.2,0.61,100G,False,1,wraps 8 pack,bakery,2026-09-01,2026-08-31T20:10:28.982648+00:00
woolworths,6024445,Woolworths Large White Wraps 8 pack,Woolworths,8 pack,4,4,0.71,100G,False,2,wraps 8 pack,bakery,2026-09-01,2026-08-31T20:10:28.982648+00:00
woolworths,182138,Helga's Traditional White Wraps 8 pack,Helga's,8 pack,5.5,5.5,1.08,100G,False,3,wraps 8 pack,bakery,2026-09-01,2026-08-31T20:10:28.982648+00:00
woolworths,182092,Helga's Traditional Wholemeal Wraps 8 pack,Helga's,8 pack,5.5,5.5,1.08,100G,False,4,wraps 8 pack,bakery,2026-09-01,2026-08-31T20:10:28.982648+00:00
woolworths,389402,Mission Mini Wholegrain Wraps 8 pack,Mission,8 pack,3,5.6,0.78,100G,True,5,wraps 8 pack,bakery,2026-09-01,2026-08-31T20:10:28.982648+00:00
woolworths,118406,Mountain Bread Natural Light Wraps 8 pack,Mountain Bread,8 pack,4.9,4.9,2.45,100G,False,6,wraps 8 pack,bakery,2026-09-01,2026-08-31T20:10:28.982648+00:00
woolworths,390253,Simson's Pantry Mixed Wholegrain Wraps 8 pack,Simson's Pantry,8 pack,4.4,5.5,0.83,100G,True,7,wraps 8 pack,bakery,2026-09-01,2026-08-31T20:10:28.982648+00:00
woolworths,389889,Simson's Pantry Premium White Large Wraps 8 pack,Simson's Pantry,8 pack,4.4,5.5,0.83,100G,True,8,wraps 8 pack,bakery,2026-09-01,2026-08-31T20:10:28.982648+00:00
woolworths,320194,Mission Wraps Original 8 pack,Mission,8 pack,5.6,5.6,0.99,100G,False,9,wraps 8 pack,bakery,2026-09-01,2026-08-31T20:10:28.982648+00:00
woolworths,182005,Helga's Wraps Mixed Grain 8 pack,Helga's,8 pack,5.5,5.5,1.08,100G,False,10,wraps 8 pack,bakery,2026-09-01,2026-08-31T20:10:28.982648+00:00
coles,6955662,Mission Original Wraps 8 Pack,Mission,567g,5.5,,0.97,100g,False,1,wraps 8 pack,bakery,2026-09-01,2026-08-31T20:10:28.982648+00:00
coles,3731705,Coles Simply Soft White Wraps 8 Pack,Coles Simply,360g,2.2,,0.61,100g,False,2,wraps 8 pack,bakery,2026-09-01,2026-08-31T20:10:28.982648+00:00
coles,4461810,Helga's White Wraps 8 Pack,Helga's,508g,3.5,5.5,0.69,100g,False,3,wraps 8 pack,bakery,2026-09-01,2026-08-31T20:10:28.982648+00:00
coles,7620921,Mission Spinach & Herb Wraps 8 Pack,Mission,567g,5.5,,0.97,100g,False,4,wraps 8 pack,bakery,2026-09-01,2026-08-31T20:10:28.982648+00:00
coles,4821406,Old El Paso Jumbo Tortillas Burrito 6 Pack,Old El Paso,450g,6.5,,1.44,100g,False,5,wraps 8 pack,bakery,2026-09-01,2026-08-31T20:10:28.982648+00:00
coles,7395337,Old El Paso Tortillas Mini Tacos 10 Pack,Old El Paso,250g,5,,2,100g,False,6,wraps 8 pack,bakery,2026-09-01,2026-08-31T20:10:28.982648+00:00
coles,1422244,Coles Bakery White Flatbread Oc,Coles Bakery,6 Pack,4.7,,0.78,1ea,False,7,wraps 8 pack,bakery,2026-09-01,2026-08-31T20:10:28.982648+00:00
coles,1868323,Old El Paso Stand 'n Stuff Soft Tortillas 8 Pack,Old El Paso,193g,6,,3.11,100g,False,8,wraps 8 pack,bakery,2026-09-01,2026-08-31T20:10:28.982648+00:00
coles,7395392,Old El Paso Regular Tortillas Fajita 6 Pack,Old El Paso,240g,4.5,,1.88,100g,False,9,wraps 8 pack,bakery,2026-09-01,2026-08-31T20:10:28.982648+00:00
coles,7610214,Old El Paso Regular Tortillas Fajita 10 Pack,Old El Paso,400g,4.4,5.5,1.1,100g,False,10,wraps 8 pack,bakery,2026-09-01,2026-08-31T20:10:28.982648+00:00
coles,7373720,Old El Paso Family Regular Tortillas Fajita 16 Pack,Old El Paso,640g,6.5,,1.02,100g,False,11,wraps 8 pack,bakery,2026-09-01,2026-08-31T20:10:28.982648+00:00
coles,1422288,Coles Bakery Flatbread Wholemeal,Coles Bakery,6 Pack,4.7,,0.78,1ea,False,12,wraps 8 pack,bakery,2026-09-01,2026-08-31T20:10:28.982648+00:00
coles,4322552,Old El Paso Gluten Free Jumbo Tortillas Burrito 4 Pack,Old El Paso,215g,5.4,6,2.51,100g,False,13,wraps 8 pack,bakery,2026-09-01,2026-08-31T20:10:28.982648+00:00
coles,4322563,Old El Paso White Corn Tortillas Tacos 10 Pack,Old El Paso,208g,5,,2.4,100g,False,14,wraps 8 pack,bakery,2026-09-01,2026-08-31T20:10:28.982648+00:00
coles,3198695,Old El Paso Gluten Free Tortillas,Old El Paso,216g,6,,2.78,100g,False,15,wraps 8 pack,bakery,2026-09-01,2026-08-31T20:10:28.982648+00:00
coles,6955673,Mission Roasted Garlic Wraps 8 Pack,Mission,567g,5.5,,0.97,100g,False,16,wraps 8 pack,bakery,2026-09-01,2026-08-31T20:10:28.982648+00:00
coles,8730539,Glad Cling Wrap,Glad,100m,5.5,7,0.06,1m,False,17,wraps 8 pack,bakery,2026-09-01,2026-08-31T20:10:28.982648+00:00
coles,297792,Glad Cling Wrap,Glad,60m,5.25,,0.09,1m,False,18,wraps 8 pack,bakery,2026-09-01,2026-08-31T20:10:28.982648+00:00
coles,309461,Glad Cling Wrap,Glad,150m,10.5,,0.07,1m,False,19,wraps 8 pack,bakery,2026-09-01,2026-08-31T20:10:28.982648+00:00
coles,106282,Glad Cling Wrap,Glad,30m,3.25,,0.11,1m,False,20,wraps 8 pack,bakery,2026-09-01,2026-08-31T20:10:28.982648+00:00
coles,5896659,Coles Simply Cling Wrap,Coles Simply,300M,8.3,,0.03,1m,False,21,wraps 8 pack,bakery,2026-09-01,2026-08-31T20:10:28.982648+00:00
coles,5896648,Coles Simply Cling Wrap,Coles Simply,60M,1.5,,0.03,1m,False,22,wraps 8 pack,bakery,2026-09-01,2026-08-31T20:10:28.982648+00:00
coles,3975186,Multix Greener Plant Based Cling Wrap 20m,Multix,20m,2.3,2.9,0.11,1m,False,23,wraps 8 pack,bakery,2026-09-01,2026-08-31T20:10:28.982648+00:00
coles,8636359,Mission Lite Wrap 8 Pack,Mission,567g,5.5,,0.97,100g,False,24,wraps 8 pack,bakery,2026-09-01,2026-08-31T20:10:28.982648+00:00
coles,4461821,Helga's Wholemeal Wraps 8 Pack,Helga's,508g,3.5,5.5,0.69,100g,False,25,wraps 8 pack,bakery,2026-09-01,2026-08-31T20:10:28.982648+00:00
coles,7863480,Mission Wholegrain Wraps 8 Pack,Mission,567g,5.5,,0.97,100g,False,26,wraps 8 pack,bakery,2026-09-01,2026-08-31T20:10:28.982648+00:00
coles,7863606,Mission Whole Wheat Mini Wraps 8 Pack,Mission,384g,5.5,,1.43,100g,False,27,wraps 8 pack,bakery,2026-09-01,2026-08-31T20:10:28.982648+00:00
coles,7863592,Mission Original  Mini Wraps 8 Pack,Mission,384g,5.5,,1.43,100g,False,28,wraps 8 pack,bakery,2026-09-01,2026-08-31T20:10:28.982648+00:00
coles,5202104,Simson's Pantry Preservative Free Mixed Wholegrain Large Wraps 8 Pack,Simson's Pantry,528g,5.5,,1.04,100g,False,29,wraps 8 pack,bakery,2026-09-01,2026-08-31T20:10:28.982648+00:00
coles,9851947,Helga's Sourdough Wraps 7 Pack,Helga's,445g,3.5,5.5,0.79,100g,False,30,wraps 8 pack,bakery,2026-09-01,2026-08-31T20:10:28.982648+00:00
coles,5202080,Simson's Pantry Preservative Free Premium White Large Wraps 8 Pack,Simson's Pantry,528g,5.5,,1.04,100g,False,31,wraps 8 pack,bakery,2026-09-01,2026-08-31T20:10:28.982648+00:00
coles,4317483,Coles White Large Jumbo Wraps 8 Pack,Coles,560g,4,,0.71,100g,False,32,wraps 8 pack,bakery,2026-09-01,2026-08-31T20:10:28.982648+00:00
coles,3639597,Mission Salt Reduced Wraps 8 Pack,Mission,567g,5.5,,0.97,100g,False,33,wraps 8 pack,bakery,2026-09-01,2026-08-31T20:10:28.982648+00:00
coles,1875679,Simson's Pantry High Protein White Wraps 6 Pack,Simson's Pantry,600g,6.8,8.5,1.13,100g,False,34,wraps 8 pack,bakery,2026-09-01,2026-08-31T20:10:28.982648+00:00
coles,5862588,Mission Mini Wrap Wholegrain 8 Pack,Mission,384g,5.5,,1.43,100g,False,35,wraps 8 pack,bakery,2026-09-01,2026-08-31T20:10:28.982648+00:00
coles,4461785,Helga's Mixed Grain Wraps 8 Pack,Helga's,508g,3.5,5.5,0.69,100g,False,36,wraps 8 pack,bakery,2026-09-01,2026-08-31T20:10:28.982648+00:00
coles,7741030,Simsons Pantry High Protein Low Carb Wholemeal Wrap 5 Pack,Simsons Pantry,210g,4.5,5.5,2.14,100g,False,37,wraps 8 pack,bakery,2026-09-01,2026-08-31T20:10:28.982648+00:00
coles,3731716,Coles Simply Soft Wholemeal & Grain Wraps 8 Pack,Coles Simply,360g,2.2,,0.61,100g,False,38,wraps 8 pack,bakery,2026-09-01,2026-08-31T20:10:28.982648+00:00
coles,4461923,Helga's Spinach & Garden Herb Wraps 7 Pack,Helga's,445g,3.5,5.5,0.79,100g,False,39,wraps 8 pack,bakery,2026-09-01,2026-08-31T20:10:28.982648+00:00
coles,2471234,Mission Soft & Fluffy Wrap 12 Pack,Mission,450g,4.5,,1,100g,False,40,wraps 8 pack,bakery,2026-09-01,2026-08-31T20:10:28.982648+00:00
coles,8566038,Mission Carb Balance Wrap 6 Pack,Mission,288g,5,6.5,1.74,100g,False,41,wraps 8 pack,bakery,2026-09-01,2026-08-31T20:10:28.982648+00:00
coles,3313760,Mission Wraps Low Gi Wholemeal 6 Pack,Mission,425g,5.5,,1.29,100g,False,42,wraps 8 pack,bakery,2026-09-01,2026-08-31T20:10:28.982648+00:00
coles,9280325,Mountain Bread Natural Wraps 8 Pack,Mountain Bread,200g,4.9,,2.45,100g,False,43,wraps 8 pack,bakery,2026-09-01,2026-08-31T20:10:28.982648+00:00
coles,5213790,Mountain Bread Rye Wraps 8 Pack,Mountain Bread,200g,4.9,,2.45,100g,False,44,wraps 8 pack,bakery,2026-09-01,2026-08-31T20:10:28.982648+00:00
coles,6826590,Simson's Pantry Nap Mini Wraps Value Pack 12 Pack,Simson's Pantry,336g,5.5,,1.64,100g,False,45,wraps 8 pack,bakery,2026-09-01,2026-08-31T20:10:28.982648+00:00
coles,6062270,Ziploc Resealable Sandwich Bags,Ziploc,40 Pack,3.15,,0.08,1ea,False,46,wraps 8 pack,bakery,2026-09-01,2026-08-31T20:10:28.982648+00:00
coles,3591956,Coles Resealable Slider Bags,Coles,25 Pack,3.8,,0.15,1ea,False,47,wraps 8 pack,bakery,2026-09-01,2026-08-31T20:10:28.982648+00:00
coles,1703061,Coles Small Resealable Storage Bags,Coles,200 Pack,6.8,,0.03,1ea,False,48,wraps 8 pack,bakery,2026-09-01,2026-08-31T20:10:28.982648+00:00
woolworths,710953,Woolworths RSPCA Approved Chicken Breast Fillet per 350g,Woolworths,per 350g,12,12,12,1KG,False,1,chicken breast fillets,meat,2026-09-01,2026-08-31T20:10:30.988224+00:00
woolworths,700228,Macro Chicken Breast Fillets Free Range 700g - 1.4kg,Macro,700g - 1.4kg,19.18,19.18,13.7,1KG,False,2,chicken breast fillets,meat,2026-09-01,2026-08-31T20:10:30.988224+00:00
woolworths,969723,Woolworths RSPCA Approved Chicken Breast Fillet 1.3kg - 1.7kg,Woolworths,1.3kg - 1.7kg,18.7,18.7,11,1KG,False,3,chicken breast fillets,meat,2026-09-01,2026-08-31T20:10:30.988224+00:00
woolworths,119259,Woolworths RSPCA Approved Chicken Breast Fillet Skinless Small 500g - 650g,Woolworths,500g - 650g,9.43,9.43,14.5,1KG,False,4,chicken breast fillets,meat,2026-09-01,2026-08-31T20:10:30.988224+00:00
woolworths,6058609,Woolworths Southern Fried Chicken Breast Fillet Burgers 400g,Woolworths,400g,8,9,20,1KG,True,5,chicken breast fillets,meat,2026-09-01,2026-08-31T20:10:30.988224+00:00
woolworths,1116116229,Blackdog Dog Treats Chicken Breast Fillet - 120g,Blackdog,1EA,9.99,14.99,8.33,100G,True,6,chicken breast fillets,meat,2026-09-01,2026-08-31T20:10:30.988224+00:00
woolworths,1107743715,Blackdog Australian Chicken Breast Fillet Natural Dog Treats 500g,Blackdog,1EA,39.99,39.99,8,100G,False,7,chicken breast fillets,meat,2026-09-01,2026-08-31T20:10:30.988224+00:00
woolworths,1106154515,Blackdog 1kg Naturally Good Pet/Dog Chicken Breast Fillets Healthy Treats/Food,Blackdog,1KG,62.9,62.9,6.29,100G,False,8,chicken breast fillets,meat,2026-09-01,2026-08-31T20:10:30.988224+00:00
woolworths,184628,Macro Chicken Breast Fillets Free Range 400g - 900g,Macro,400g - 900g,16.2,16.2,18,1KG,False,9,chicken breast fillets,meat,2026-09-01,2026-08-31T20:10:30.988224+00:00
woolworths,1106154679,Blackdog 120g Naturally Good Pet/Dog Chicken Breast Fillets Healthy Treats/Food,Blackdog,120G,22,22,18.33,100G,False,10,chicken breast fillets,meat,2026-09-01,2026-08-31T20:10:30.988224+00:00
coles,2263179,Coles RSPCA Approved Chicken Breast Fillets Large Pack,Coles,approx. 1.4kg,15.4,,11,1kg,False,1,chicken breast fillets,meat,2026-09-01,2026-08-31T20:10:30.988224+00:00
coles,7362270,The Bare Bird Chicken Breast Fillet,The Bare Bird,600g,13.5,,22.5,1kg,False,2,chicken breast fillets,meat,2026-09-01,2026-08-31T20:10:30.988224+00:00
coles,1158780,The Bare Bird Chicken Breast Steak,The Bare Bird,500g,13.5,,27,1kg,False,3,chicken breast fillets,meat,2026-09-01,2026-08-31T20:10:30.988224+00:00
coles,2263168,Coles RSPCA Approved Chicken Breast Fillets Small Pack,Coles,approx. 600g,8.7,,14.5,1g,False,4,chicken breast fillets,meat,2026-09-01,2026-08-31T20:10:30.988224+00:00
coles,8409186,Lilydale Free Range Chicken Breast Fillet,Lilydale,600g,13,,21.67,1kg,False,5,chicken breast fillets,meat,2026-09-01,2026-08-31T20:10:30.988224+00:00
coles,2303750,Lilydale Free Range Chicken Breast Fillets Bulk,Lilydale,approx. 1kg,17.5,,17.5,1g,False,6,chicken breast fillets,meat,2026-09-01,2026-08-31T20:10:30.988224+00:00
coles,1898460,Coles Free Range RSPCA Approved Chicken Breast Fillet,Coles,600g,12,,20,1kg,False,7,chicken breast fillets,meat,2026-09-01,2026-08-31T20:10:30.988224+00:00
coles,3227410,Coles RSPCA Approved Free Range Chicken Breast Large Pack,Coles,approx. 1.25kg,16.88,,13.5,1kg,False,8,chicken breast fillets,meat,2026-09-01,2026-08-31T20:10:30.988224+00:00
coles,9494624,Continental Kosher Butchers Chicken Breast Fillet Smoked,Continental Kosher Butchers,approx. 500g Pack,27.5,,55,1g,False,9,chicken breast fillets,meat,2026-09-01,2026-08-31T20:10:30.988224+00:00
coles,2962203,El- Amin's Halal Chicken Breast Fillets Large Pack,El- Amin's,approx. 1.3kg,16.25,16.9,12.5,1kg,False,10,chicken breast fillets,meat,2026-09-01,2026-08-31T20:10:30.988224+00:00
coles,2903871,Coles RSPCA Approved Chicken Breast Fillet Crumb Sage & Rosemary,Coles,400g,10,,25,1kg,False,11,chicken breast fillets,meat,2026-09-01,2026-08-31T20:10:30.988224+00:00
coles,1331477,Inglewood Farms Free Range Organic Chicken Breast Fillets Skin Off,Inglewood Farms,approx. 488g each,16.84,,34.5,1g,False,12,chicken breast fillets,meat,2026-09-01,2026-08-31T20:10:30.988224+00:00
coles,1075912,El- Amin's Chicken Breast Small Pack,El- Amin's,approx. 600g,9,,15,1g,False,13,chicken breast fillets,meat,2026-09-01,2026-08-31T20:10:30.988224+00:00
coles,8407646,Coles Free Range RSPCA Chicken Sweet Mustard Breast Fillet,Coles,500g,12,,24,1kg,False,14,chicken breast fillets,meat,2026-09-01,2026-08-31T20:10:30.988224+00:00
woolworths,577863,Woolworths Beef Mince 500g,Woolworths,500g,8.5,8.5,17,1KG,False,1,beef mince 500g,meat,2026-09-01,2026-08-31T20:10:32.829765+00:00
woolworths,577861,Woolworths Lean Beef Mince 500g,Woolworths,500g,10,11,20,1KG,False,2,beef mince 500g,meat,2026-09-01,2026-08-31T20:10:32.829765+00:00
woolworths,577860,Woolworths Heart Smart Extra Lean Beef Mince 500g,Woolworths,500g,10.5,12,21,1KG,False,3,beef mince 500g,meat,2026-09-01,2026-08-31T20:10:32.829765+00:00
woolworths,175570,Macro Grass Fed Australian Beef Mince 500g,Macro,500g,12.5,12.5,25,1KG,False,4,beef mince 500g,meat,2026-09-01,2026-08-31T20:10:32.829765+00:00
woolworths,672975,Macro Organic Lean Beef Mince 500g,Macro,500g,15.5,15.5,31,1KG,False,5,beef mince 500g,meat,2026-09-01,2026-08-31T20:10:32.829765+00:00
woolworths,239598,Woolworths Pork & Beef Mince 500g,Woolworths,500g,6.25,6.25,12.5,1KG,False,6,beef mince 500g,meat,2026-09-01,2026-08-31T20:10:32.829765+00:00
woolworths,321551,Macro Organic Extra Lean Beef Mince 500g,Macro,500g,16.5,16.5,33,1KG,False,7,beef mince 500g,meat,2026-09-01,2026-08-31T20:10:32.829765+00:00
woolworths,109099,Woolworths Beef Sausage Mince 500g,Woolworths,500g,5.5,5.5,11,1KG,False,8,beef mince 500g,meat,2026-09-01,2026-08-31T20:10:32.829765+00:00
woolworths,268508,Market Value Beef Mince 1.8kg,Market Value,1.8kg,21.5,21.5,11.94,1KG,False,9,beef mince 500g,meat,2026-09-01,2026-08-31T20:10:32.829765+00:00
coles,9012814,Coles No Added Hormone Beef Regular Mince,Coles,500g,8.5,,17,1kg,False,1,beef mince 500g,meat,2026-09-01,2026-08-31T20:10:32.829765+00:00
coles,8112449,Coles Australian No Added Hormones Beef Mince Lean,Coles,500g,10,,20,1kg,False,2,beef mince 500g,meat,2026-09-01,2026-08-31T20:10:32.829765+00:00
coles,8112799,Coles No Added Hormone Beef Extra Lean Mince,Coles,500g,10.5,,21,1kg,False,3,beef mince 500g,meat,2026-09-01,2026-08-31T20:10:32.829765+00:00
coles,3449795,Coles No Added Hormone Beef Lean Mince,Coles,800g,15.5,,19.38,1kg,False,4,beef mince 500g,meat,2026-09-01,2026-08-31T20:10:32.829765+00:00
coles,7677408,Drovers Choice Big Pack Value Beef Mince,Drovers Choice,2kg,24,,12,1kg,False,5,beef mince 500g,meat,2026-09-01,2026-08-31T20:10:32.829765+00:00
coles,9012825,Coles No Added Hormones Beef Regular Mince,Coles,1Kg,14.5,,14.5,1kg,False,6,beef mince 500g,meat,2026-09-01,2026-08-31T20:10:32.829765+00:00
coles,9224255,Cleaver's Organic Grass-Fed Premium Beef Mince,Cleaver's Organic,500g,15,,30,1kg,False,7,beef mince 500g,meat,2026-09-01,2026-08-31T20:10:32.829765+00:00
coles,6123116,El-Amin's Beef Lean Mince,El-Amin's,500g,12.5,,25,1kg,False,8,beef mince 500g,meat,2026-09-01,2026-08-31T20:10:32.829765+00:00
coles,9223332,Cleaver's Organic Grass-fed Extra Lean Beef Mince,Cleaver's Organic,500g,16,,32,1kg,False,9,beef mince 500g,meat,2026-09-01,2026-08-31T20:10:32.829765+00:00
coles,6065982,El- Amin's Beef Mince,El- Amin's,1Kg,15.5,,15.5,1kg,False,10,beef mince 500g,meat,2026-09-01,2026-08-31T20:10:32.829765+00:00
coles,8782237,Coles Pork & Beef 3 Star Regular Mince Bolognese,Coles,500g,6.5,,13,1kg,False,11,beef mince 500g,meat,2026-09-01,2026-08-31T20:10:32.829765+00:00
coles,1656438,Coles Pork & Beef 3 Star Regular Mince Bolognese,Coles,1kg,12.5,,12.5,1kg,False,12,beef mince 500g,meat,2026-09-01,2026-08-31T20:10:32.829765+00:00
coles,8851680,V2 Plant Based Mince,V2,400g,8.5,,2.13,100g,False,13,beef mince 500g,meat,2026-09-01,2026-08-31T20:10:32.829765+00:00
coles,1828806,El- Amin's Halal Kofta Lamb And Beef Mince,El- Amin's,750g,11,,14.67,1kg,False,14,beef mince 500g,meat,2026-09-01,2026-08-31T20:10:32.829765+00:00
woolworths,714680,Hans Middle Bacon Rashers From the Deli per 170g,Hans,per 170g,19,19,19,1KG,False,1,bacon rashers 250g,meat,2026-09-01,2026-08-31T20:10:34.916750+00:00
woolworths,387331,Don Middle Bacon Rindless 250g,Don,250g,4.4,5.5,17.6,1KG,True,2,bacon rashers 250g,meat,2026-09-01,2026-08-31T20:10:34.916750+00:00
woolworths,380578,Primo Middle Rindless Bacon 250g,Primo,250g,6.8,6.8,27.2,1KG,False,3,bacon rashers 250g,meat,2026-09-01,2026-08-31T20:10:34.916750+00:00
woolworths,266794,Woolworths Middle Bacon 250g,Woolworths,250g,4.4,4.4,17.6,1KG,False,4,bacon rashers 250g,meat,2026-09-01,2026-08-31T20:10:34.916750+00:00
woolworths,226351,Cracker Barrel Vintage Cheddar Cheese Slices Extra Sharp 250g,Cracker Barrel,250g,9.7,9.7,38.8,1KG,False,5,bacon rashers 250g,meat,2026-09-01,2026-08-31T20:10:34.916750+00:00
woolworths,48070,Cracker Barrel Vintage Cheddar Cheese Block Extra Sharp 250g,Cracker Barrel,250g,9.7,9.7,38.8,1KG,False,6,bacon rashers 250g,meat,2026-09-01,2026-08-31T20:10:34.916750+00:00
woolworths,6040705,Woolworths Cheese Burger Slices 250g,Woolworths,250g,5.2,5.2,20.8,1KG,False,7,bacon rashers 250g,meat,2026-09-01,2026-08-31T20:10:34.916750+00:00
woolworths,140658,Primo Middle Bacon 750g,Primo,750g,16.8,16.8,22.4,1KG,False,8,bacon rashers 250g,meat,2026-09-01,2026-08-31T20:10:34.916750+00:00
woolworths,273259,Woolworths Cooking Bacon 1kg,Woolworths,1kg,10.3,10.3,10.3,1KG,False,9,bacon rashers 250g,meat,2026-09-01,2026-08-31T20:10:34.916750+00:00
woolworths,48115,Kraft Cheddar Sandwich Slices 250g,Kraft,250g,5.7,5.7,22.8,1KG,False,10,bacon rashers 250g,meat,2026-09-01,2026-08-31T20:10:34.916750+00:00
coles,3266489,Beak & Sons Hickory BBQ Pork Ribs,Beak & Sons,650g,16,,24.62,1kg,False,1,bacon rashers 250g,meat,2026-09-01,2026-08-31T20:10:34.916750+00:00
coles,1532694,Coles Quick Cook Belly Slices,Coles,350g,11,,31.43,1kg,False,2,bacon rashers 250g,meat,2026-09-01,2026-08-31T20:10:34.916750+00:00
woolworths,901649,Woolworths 10 Beef Sausages 550g,Woolworths,550g,6.5,6.5,11.82,1KG,False,1,sausages beef,meat,2026-09-01,2026-08-31T20:10:36.736588+00:00
woolworths,901510,Woolworths 6 Beef Sausages 505g,Woolworths,505g,7,7,13.86,1KG,False,2,sausages beef,meat,2026-09-01,2026-08-31T20:10:36.736588+00:00
woolworths,901506,Woolworths 10 Honey Beef Sausages 550g,Woolworths,550g,6.5,6.5,11.82,1KG,False,3,sausages beef,meat,2026-09-01,2026-08-31T20:10:36.736588+00:00
woolworths,357418,Woolworths Classic Angus Beef Sausages 6 pack,Woolworths,6 pack,9,9,20,1KG,False,4,sausages beef,meat,2026-09-01,2026-08-31T20:10:36.736588+00:00
woolworths,6030704,Woolworths 10 Thin Beef & Onion Sausages 550g,Woolworths,550g,6.5,6.5,11.82,1KG,False,5,sausages beef,meat,2026-09-01,2026-08-31T20:10:36.736588+00:00
woolworths,178143,Peppercorn Beef Sausages Extra Lean 450g,Peppercorn,450g,10,11.5,22.22,1KG,True,6,sausages beef,meat,2026-09-01,2026-08-31T20:10:36.736588+00:00
woolworths,901505,Woolworths 10 Herb & Garlic Beef Sausages 550g,Woolworths,550g,6.5,6.5,11.82,1KG,False,7,sausages beef,meat,2026-09-01,2026-08-31T20:10:36.736588+00:00
woolworths,260669,Woolworths Angus Beef & Caramelised Onion Sausages 450g,Woolworths,450g,9,9,20,1KG,False,8,sausages beef,meat,2026-09-01,2026-08-31T20:10:36.736588+00:00
woolworths,175566,Macro Grass Fed Australian Beef Sausage 500g,Macro,500g,8.5,8.5,17,1KG,False,9,sausages beef,meat,2026-09-01,2026-08-31T20:10:36.736588+00:00
woolworths,133861,Macro Australian Organic 6 Beef Sausage 450g,Macro,450g,11.5,11.5,25.56,1KG,False,10,sausages beef,meat,2026-09-01,2026-08-31T20:10:36.736588+00:00
coles,3923626,Coles The Original Beef Sausages,Coles,550g,6.5,,11.82,1kg,False,1,sausages beef,meat,2026-09-01,2026-08-31T20:10:36.736588+00:00
coles,6028603,British Sausage Co. Beef Eater Sausage,British Sausage Co.,1kg,14,,14,1kg,False,2,sausages beef,meat,2026-09-01,2026-08-31T20:10:36.736588+00:00
coles,3496343,The British Sausage Co. Premium Angus Beef & Caramelised Onion Sausages 6 Pack,The British Sausage Co.,450g,8,9.5,17.78,1kg,False,3,sausages beef,meat,2026-09-01,2026-08-31T20:10:36.736588+00:00
coles,2598520,Cleaver's Organic Grass-fed Beef Sausages Gluten Free,Cleaver's Organic,450g,11,,24.44,1kg,False,4,sausages beef,meat,2026-09-01,2026-08-31T20:10:36.736588+00:00
coles,8888307,Peppercorn Extra Lean Beef Sausages,Peppercorn,450g,10,11.5,22.22,1kg,False,5,sausages beef,meat,2026-09-01,2026-08-31T20:10:36.736588+00:00
coles,3923681,Coles Beef Garlic & Herb Sausages,Coles,550g,6.5,,11.82,1kg,False,6,sausages beef,meat,2026-09-01,2026-08-31T20:10:36.736588+00:00
coles,1754754,V2 Plant Protein Sausage 4 Pack,V2,400g,7.5,8.5,1.88,100g,False,7,sausages beef,meat,2026-09-01,2026-08-31T20:10:36.736588+00:00
coles,3233617,Fettayleh Beef Sausage,Fettayleh,500g,11.5,,,1kg,False,8,sausages beef,meat,2026-09-01,2026-08-31T20:10:36.736588+00:00
coles,3923739,Coles Beef Chipolatas,Coles,550g,6.5,,11.82,1kg,False,9,sausages beef,meat,2026-09-01,2026-08-31T20:10:36.736588+00:00
coles,7346171,Coles Finest Sausages Beef Garlic Parsley,Coles Finest,500g,9,,18,1kg,False,10,sausages beef,meat,2026-09-01,2026-08-31T20:10:36.736588+00:00
coles,2951397,Coles Graze Grassfed Beef Sausages,Coles,500g,8.5,,17,1kg,False,11,sausages beef,meat,2026-09-01,2026-08-31T20:10:36.736588+00:00
coles,5100240,Coles I'm Free From Beef Sausage Roll,Coles I'm Free From,320g,7.5,,2.34,100g,False,12,sausages beef,meat,2026-09-01,2026-08-31T20:10:36.736588+00:00
coles,7645616,Coles Finest Australian Pork & Beef Chorizo Sausages,Coles Finest,500g,9,,18,1kg,False,13,sausages beef,meat,2026-09-01,2026-08-31T20:10:36.736588+00:00
coles,5926669,Coles Finest Beef And Margaret River Shiraz Sausages,Coles Finest,500g,9,,18,1kg,False,14,sausages beef,meat,2026-09-01,2026-08-31T20:10:36.736588+00:00
coles,3169959,Coles Beef & Onion Party Sausage Roll,Coles,450g,6.9,,1.53,100g,False,15,sausages beef,meat,2026-09-01,2026-08-31T20:10:36.736588+00:00
coles,1048046,Coles Made Easy Beef And Gravy Puff Pastry Parcel,Coles Made Easy,350g,8,,,1kg,False,16,sausages beef,meat,2026-09-01,2026-08-31T20:10:36.736588+00:00
coles,8799524,Coles Finest Selection Pack Sausages,Coles Finest,500g,9,,18,1kg,False,17,sausages beef,meat,2026-09-01,2026-08-31T20:10:36.736588+00:00
coles,5110731,National Pies Little Classic Beef Pies 12 Pack,National Pies,720g,12,,1.67,100g,False,18,sausages beef,meat,2026-09-01,2026-08-31T20:10:36.736588+00:00
coles,2900636,Herbert Adams Frozen King Island Frozen Beef Sausage Rolls 12 Pack,Herbert Adams,420g,9.6,12,2.29,100g,False,19,sausages beef,meat,2026-09-01,2026-08-31T20:10:36.736588+00:00
coles,7866105,Foxes Den Wagyu Beef Sausage With Mash,Foxes Den,400g,14.9,,3.72,100g,False,20,sausages beef,meat,2026-09-01,2026-08-31T20:10:36.736588+00:00
coles,4224644,National Pies Mixed Little Beef Pies & Little Sausage Rolls 12 Pack,National Pies,720g,12,,1.67,100g,False,21,sausages beef,meat,2026-09-01,2026-08-31T20:10:36.736588+00:00
woolworths,95171,Fresh Tasmanian Atlantic Skin On Salmon Fillets per 200g,Woolworths,per 200g,34,38,34,1KG,True,1,salmon fillets,meat,2026-09-01,2026-08-31T20:10:38.639338+00:00
woolworths,126497,Fresh Tasmanian Atlantic Salmon Fillets per 200g,,per 200g,42,42,42,1KG,False,2,salmon fillets,meat,2026-09-01,2026-08-31T20:10:38.639338+00:00
woolworths,259832,Woolworths Frozen Salmon Fillets Skin On 250g,Woolworths,250g,8.5,8.5,34,1KG,False,3,salmon fillets,meat,2026-09-01,2026-08-31T20:10:38.639338+00:00
woolworths,917982,Woolworths COOK Tasmanian Salmon Fillets With Lemon Butter 270g,Woolworths,270g,14,14,51.85,1KG,False,4,salmon fillets,meat,2026-09-01,2026-08-31T20:10:38.639338+00:00
woolworths,289214,Woolworths Cook Salmon Fillets With Miso & Maple Marinade 320g,Woolworths,320g,17,17,53.13,1KG,False,5,salmon fillets,meat,2026-09-01,2026-08-31T20:10:38.639338+00:00
woolworths,237480,Applaws Tuna Fillet With Salmon Wet Cat Food 70g,Applaws,70g,2.4,2.4,3.43,100G,False,6,salmon fillets,meat,2026-09-01,2026-08-31T20:10:38.639338+00:00
woolworths,673742,Woolworths Tasmanian Salmon Fillet With Rice & Green Beans 400g,Woolworths,400g,13,13,3.25,100G,False,7,salmon fillets,meat,2026-09-01,2026-08-31T20:10:38.639338+00:00
woolworths,6018091,Fast Fuel Air Fry Poached Atlantic Salmon Fillet 400g,Fast Fuel,400g,17,17,4.25,100G,False,8,salmon fillets,meat,2026-09-01,2026-08-31T20:10:38.639338+00:00
woolworths,41856,Russino Anchovies Flat 80g,Russino,80g,4.6,4.6,57.5,1KG,False,9,salmon fillets,meat,2026-09-01,2026-08-31T20:10:38.639338+00:00
woolworths,52854,Russino Fillets Of Anchovies In Oil 160g,Russino,160g,8.25,8.25,51.56,1KG,False,10,salmon fillets,meat,2026-09-01,2026-08-31T20:10:38.639338+00:00
coles,1600706,Coles Frozen Salmon Fillets,Coles,750g,26,,34.67,1kg,False,1,salmon fillets,meat,2026-09-01,2026-08-31T20:10:38.639338+00:00
coles,3580246,I&J The Finest Frozen Salmon Portions Skin Off,I&J,500g,20,26,40,1kg,False,2,salmon fillets,meat,2026-09-01,2026-08-31T20:10:38.639338+00:00
coles,3580213,I&J Salmon Skin On,I&J,500g,20,26,40,1kg,False,3,salmon fillets,meat,2026-09-01,2026-08-31T20:10:38.639338+00:00
coles,1063006,Coles Salmon Fillets Skin On 2 Pack,Coles,250g,8.5,,34,1kg,False,4,salmon fillets,meat,2026-09-01,2026-08-31T20:10:38.639338+00:00
coles,1063028,Coles Salmon Fillets Skin On With Lemon Pepper Marinade 2 Pack,Coles,250g,8.5,,,1kg,False,5,salmon fillets,meat,2026-09-01,2026-08-31T20:10:38.639338+00:00
coles,1063039,Coles Kitchen Salmon Fillets So With Creamy Garlic & Herb Sauce 2 Pack,Coles Kitchen,300g,12.5,,41.67,1kg,False,6,salmon fillets,meat,2026-09-01,2026-08-31T20:10:38.639338+00:00
coles,7207299,Birds Eye Atlantic Salmon Fillet Natural,Birds Eye,250g,10,14,40,1kg,False,7,salmon fillets,meat,2026-09-01,2026-08-31T20:10:38.639338+00:00
woolworths,133211,Cavendish Bananas each,,each,0.83,0.83,0.83,1EA,False,1,bananas,produce,2026-09-01,2026-08-31T20:10:40.406736+00:00
woolworths,157649,Eat Later Cavendish Bananas each,,each,0.83,0.83,0.83,1EA,False,2,bananas,produce,2026-09-01,2026-08-31T20:10:40.406736+00:00
woolworths,106218,Bananas Kids 5 pack,,5 pack,3,3,3,1EA,False,3,bananas,produce,2026-09-01,2026-08-31T20:10:40.406736+00:00
woolworths,306510,Macro Organic Banana each,Macro,each,1.02,1.02,1.02,1EA,False,4,bananas,produce,2026-09-01,2026-08-31T20:10:40.406736+00:00
woolworths,180148,Banana Red Tipped each,,each,1.11,1.11,1.11,1EA,False,5,bananas,produce,2026-09-01,2026-08-31T20:10:40.406736+00:00
woolworths,133390,Banana Lady Finger each,,each,1.44,1.44,1.44,1EA,False,6,bananas,produce,2026-09-01,2026-08-31T20:10:40.406736+00:00
woolworths,532199,Creative Gourmet Frozen Banana Chunks 500g,Creative Gourmet,500g,4.5,5,9,1KG,True,7,bananas,produce,2026-09-01,2026-08-31T20:10:40.406736+00:00
woolworths,256597,Life Savers Bananas 160g,Life Savers,160g,3.5,5,2.19,100G,True,8,bananas,produce,2026-09-01,2026-08-31T20:10:40.406736+00:00
woolworths,921669,Woolworths Banana Loaf 550g,Woolworths,550g,5.9,5.9,1.07,100G,False,9,bananas,produce,2026-09-01,2026-08-31T20:10:40.406736+00:00
coles,409499,Coles Bananas,Coles,approx. 170g,0.83,,4.9,1g,False,1,bananas,produce,2026-09-01,2026-08-31T20:10:40.406736+00:00
coles,2511791,Coles Bananas Mini Pack,Coles,750g,4.9,,6.53,1kg,False,2,bananas,produce,2026-09-01,2026-08-31T20:10:40.406736+00:00
coles,2728964,Coles Banana Muffins 9 Pack,Coles,315g,4.5,,1.43,100g,False,3,bananas,produce,2026-09-01,2026-08-31T20:10:40.406736+00:00
coles,1039770,Coles Organic Banana,Coles,approx. 170g,1.11,,6.5,1g,False,4,bananas,produce,2026-09-01,2026-08-31T20:10:40.406736+00:00
coles,5556581,Life Savers Bananas,Life Savers,160g,5,,3.13,100g,False,5,bananas,produce,2026-09-01,2026-08-31T20:10:40.406736+00:00
coles,1013493,Coles Squeezie Banana Yoghurt Pouch,Coles,70g,0.8,,1.14,100g,False,6,bananas,produce,2026-09-01,2026-08-31T20:10:40.406736+00:00
coles,2915724,Coles Banana Bread Slices 5 Pack,Coles,500g,5.75,,1.15,100g,False,7,bananas,produce,2026-09-01,2026-08-31T20:10:40.406736+00:00
coles,3059972,Creative Gourmet Frozen Banana Chunks,Creative Gourmet,500g,5,,10,1kg,False,8,bananas,produce,2026-09-01,2026-08-31T20:10:40.406736+00:00
coles,6569240,Yoplait Petit Miam Squeezie Banana Yoghurt Pouch,Yoplait,70g,1.4,,2,100g,False,9,bananas,produce,2026-09-01,2026-08-31T20:10:40.406736+00:00
coles,3883747,Coles Simply Banana Muffin Bars,Coles Simply,10 Pack,5.75,,1.37,100g,False,10,bananas,produce,2026-09-01,2026-08-31T20:10:40.406736+00:00
coles,9120090,Coles Banana Bread,Coles,550g,5.9,,1.07,100g,False,11,bananas,produce,2026-09-01,2026-08-31T20:10:40.406736+00:00
coles,4868319,Creative Gourmet Banana Mango Pineapple,Creative Gourmet,400g,5.65,,14.13,1kg,False,12,bananas,produce,2026-09-01,2026-08-31T20:10:40.406736+00:00
coles,4494060,Wicked Sister High Protein Banana Pudding,Wicked,170g,3.5,,2.06,100g,False,13,bananas,produce,2026-09-01,2026-08-31T20:10:40.406736+00:00
coles,3017655,Coles Banana Chips,Coles,200g,3.4,,17,1kg,False,14,bananas,produce,2026-09-01,2026-08-31T20:10:40.406736+00:00
coles,3996947,Green's Banana Bread Loaf Mix,Green's,400g,3,,0.75,100g,False,15,bananas,produce,2026-09-01,2026-08-31T20:10:40.406736+00:00
coles,8704346,Vaalia Kids Yoghurt Pouch Banana,Vaalia,140g,2.55,,1.82,100g,False,16,bananas,produce,2026-09-01,2026-08-31T20:10:40.406736+00:00
coles,3539526,Tamar Valley Kids Greek Style Pouch Yoghurt Banana,Tamar Valley,110g,2.55,,2.32,100g,False,17,bananas,produce,2026-09-01,2026-08-31T20:10:40.406736+00:00
coles,3910442,Coles Reduced Sugar Banana Bread Slices,Coles,500g,5.75,,1.15,100g,False,18,bananas,produce,2026-09-01,2026-08-31T20:10:40.406736+00:00
coles,4346255,YoPro High Protein Yoghurt Pouch No Added Sugar Banana,YoPro,150g,3.2,,2.13,100g,False,19,bananas,produce,2026-09-01,2026-08-31T20:10:40.406736+00:00
coles,4346299,YoPro Perform High Protein Yoghurt No Added Sugar Banana,YoPro,175g,3.9,,2.23,100g,True,20,bananas,produce,2026-09-01,2026-08-31T20:10:40.406736+00:00
coles,3246889,YoPro High Protein Yoghurt No Added Sugar Banana,YoPro,160g,3.2,,2,100g,False,21,bananas,produce,2026-09-01,2026-08-31T20:10:40.406736+00:00
coles,5111440,Noshu 95% Sugar Free Banana Bread Slices,Noshu,240g,7.5,,3.13,100g,False,22,bananas,produce,2026-09-01,2026-08-31T20:10:40.406736+00:00
coles,3987844,Oob Organic Frozen Banana,Oob,450g,6,8,13.33,1kg,False,23,bananas,produce,2026-09-01,2026-08-31T20:10:40.406736+00:00
coles,8757466,Banana Joe Hickory BBQ Banana Chips,Banana Joe,46.8g,4,,8.55,100g,False,24,bananas,produce,2026-09-01,2026-08-31T20:10:40.406736+00:00
coles,8757513,Banana Joe Banana Chips Sea Salt,Banana Joe,46.8g,4,,8.55,100g,False,25,bananas,produce,2026-09-01,2026-08-31T20:10:40.406736+00:00
coles,8757546,Banana Joe Thai Sweet Chili Banana Chips,Banana Joe,46.8g,4,,8.55,100g,False,26,bananas,produce,2026-09-01,2026-08-31T20:10:40.406736+00:00
woolworths,105919,Fresh Pink Lady Apples each,,each,1.31,1.31,1.31,1EA,False,1,apples pink lady,produce,2026-09-01,2026-08-31T20:10:43.548134+00:00
woolworths,310968,Woolworths Fresh Pink Lady Apples Punnet 1kg,Woolworths,1kg,7.5,7.5,7.5,1KG,False,2,apples pink lady,produce,2026-09-01,2026-08-31T20:10:43.548134+00:00
woolworths,160888,Macro Organic Pink Lady Apple Punnet 1kg,Macro,1kg,7.5,7.5,7.5,1KG,False,3,apples pink lady,produce,2026-09-01,2026-08-31T20:10:43.548134+00:00
woolworths,317953,Preshafruit Cold Pressed Pink Lady Apple Juice 350mL,Preshafruit,350mL,3.8,3.8,10.86,1L,False,4,apples pink lady,produce,2026-09-01,2026-08-31T20:10:43.548134+00:00
woolworths,6007213,Woolworths Custard & Pink Lady Apple Scrolls 2 pack,Woolworths,2 pack,4.1,4.1,2.05,1EA,False,5,apples pink lady,produce,2026-09-01,2026-08-31T20:10:43.548134+00:00
woolworths,6054860,Sam's Pantry Granola Pink Lady Apple & Cinnamon 700g,Sam's Pantry,700g,7.6,7.6,1.09,100G,False,6,apples pink lady,produce,2026-09-01,2026-08-31T20:10:43.548134+00:00
woolworths,1126083149,Tough On iPhone 16 Pro Max Case Magnetic Detachable Leather Butterfly Pink Lady,,,44.99,44.99,,,False,7,apples pink lady,produce,2026-09-01,2026-08-31T20:10:43.548134+00:00
coles,5111654,Coles Pink Lady Apples Medium,Coles,approx. 200g each,1.5,,7.5,1g,False,1,apples pink lady,produce,2026-09-01,2026-08-31T20:10:43.548134+00:00
coles,4438477,Coles Pink Lady Apples,Coles,1kg,7.5,,7.5,1kg,False,2,apples pink lady,produce,2026-09-01,2026-08-31T20:10:43.548134+00:00
coles,4678233,Coles Organic Pink Lady Apple,Coles Organic,1kg,8.9,,8.9,1kg,False,3,apples pink lady,produce,2026-09-01,2026-08-31T20:10:43.548134+00:00
coles,3957821,Summer Snow Sparkling Pink Lady Apple Juice,Summer Snow,750mL,6,,8,1l,False,4,apples pink lady,produce,2026-09-01,2026-08-31T20:10:43.548134+00:00
coles,1297073,Preshafruit Cold Pressed Pink Lady Apple Juice,Preshafruit,1.5L,5.95,6.7,3.97,1l,False,5,apples pink lady,produce,2026-09-01,2026-08-31T20:10:43.548134+00:00
coles,2022580,Fresh Grab N Glow Pink Lady,Fresh,6 Pack,4.9,,0.82,1ea,False,6,apples pink lady,produce,2026-09-01,2026-08-31T20:10:43.548134+00:00
woolworths,135369,Woolworths Australian Grown Carrots 1kg,Woolworths,1kg,2,2,2,1KG,False,1,carrots 1kg,produce,2026-09-01,2026-08-31T20:10:45.513718+00:00
woolworths,288440,The Odd Bunch Carrots 1.5kg,The Odd Bunch,1.5kg,2.4,2.4,1.6,1KG,False,2,carrots 1kg,produce,2026-09-01,2026-08-31T20:10:45.513718+00:00
woolworths,742824,Woolworths Baby Carrots 500g,Woolworths,500g,1.9,1.9,3.8,1KG,False,3,carrots 1kg,produce,2026-09-01,2026-08-31T20:10:45.513718+00:00
woolworths,768569,Woolworths Frozen Australian Carrots Peas & Corn 1kg,Woolworths,1kg,5,5,5,1KG,False,4,carrots 1kg,produce,2026-09-01,2026-08-31T20:10:45.513718+00:00
woolworths,217969,Birds Eye Frozen Carrot Cauliflower & Broccoli 1kg,Birds Eye,1kg,6.5,6.5,6.5,1KG,False,5,carrots 1kg,produce,2026-09-01,2026-08-31T20:10:45.513718+00:00
woolworths,255445,Birds Eye Frozen Carrot Peas & Corn 1kg,Birds Eye,1kg,6.5,6.5,6.5,1KG,False,6,carrots 1kg,produce,2026-09-01,2026-08-31T20:10:45.513718+00:00
woolworths,289348,Bell Farms Frozen Carrots Peas & Corn 1kg,Bell Farms,1kg,3.9,3.9,3.9,1KG,False,7,carrots 1kg,produce,2026-09-01,2026-08-31T20:10:45.513718+00:00
woolworths,143989,Woolworths Carrot Cake 1.5kg,Woolworths,1.5kg,30,30,2,100G,False,8,carrots 1kg,produce,2026-09-01,2026-08-31T20:10:45.513718+00:00
woolworths,218900,Woolworths Whole Baby Carrots 410g,Woolworths,410g,1.8,1.8,4.39,1KG,False,9,carrots 1kg,produce,2026-09-01,2026-08-31T20:10:45.513718+00:00
woolworths,117381,Macro Organic Carrots 750g,Macro,750g,4.8,4.8,6.4,1KG,False,10,carrots 1kg,produce,2026-09-01,2026-08-31T20:10:45.513718+00:00
coles,4924034,Coles Dutch Carrots,Coles,1 each,5.6,,5.6,1ea,False,1,carrots 1kg,produce,2026-09-01,2026-08-31T20:10:45.513718+00:00
coles,9006560,Coles Carrots,Coles,1Kg,2.4,,2.4,1kg,False,2,carrots 1kg,produce,2026-09-01,2026-08-31T20:10:45.513718+00:00
coles,5016904,Coles Organic Carrots,Coles Organic,1kg,5.8,,5.8,1kg,False,3,carrots 1kg,produce,2026-09-01,2026-08-31T20:10:45.513718+00:00
coles,4223335,Coles Carrots Loose,Coles,approx. 170g,0.44,,2.6,1g,False,4,carrots 1kg,produce,2026-09-01,2026-08-31T20:10:45.513718+00:00
coles,6309511,Coles Snacking Carrots,Coles,250g,3.5,,14,1kg,False,5,carrots 1kg,produce,2026-09-01,2026-08-31T20:10:45.513718+00:00
coles,4236122,Coles Baby Carrots,Coles,500g,1.5,,3,1kg,False,6,carrots 1kg,produce,2026-09-01,2026-08-31T20:10:45.513718+00:00
coles,4995826,Coles Organic Carrots Juicing,Coles Organic,2kg,6.5,,3.25,1kg,False,7,carrots 1kg,produce,2026-09-01,2026-08-31T20:10:45.513718+00:00
coles,3609392,Coles I'm Perfect Carrots Prepacked,Coles,1.5kg,2.6,,1.73,1kg,False,8,carrots 1kg,produce,2026-09-01,2026-08-31T20:10:45.513718+00:00
coles,4491980,Coles Organic Carrot Snacking,Coles Organic,250g,4.5,,18,1kg,False,9,carrots 1kg,produce,2026-09-01,2026-08-31T20:10:45.513718+00:00
coles,1869370,Natoora Organic Purple Haze Carrots,Natoora,500g,5.5,,11,1kg,False,10,carrots 1kg,produce,2026-09-01,2026-08-31T20:10:45.513718+00:00
coles,5433173,Coles Baby Carrots,Coles,410g,1.8,,4.39,1kg,False,11,carrots 1kg,produce,2026-09-01,2026-08-31T20:10:45.513718+00:00
coles,7645070,Coles Frozen Carrot Battons,Coles,500g,2.5,,5,1kg,False,12,carrots 1kg,produce,2026-09-01,2026-08-31T20:10:45.513718+00:00
coles,5298748,Coles Parsnips Loose,Coles,approx. 200g,2.4,,12,1g,False,13,carrots 1kg,produce,2026-09-01,2026-08-31T20:10:45.513718+00:00
coles,7644770,Coles Frozen Peas Carrots Cauliflower,Coles,1kg,4.2,,4.2,1kg,False,14,carrots 1kg,produce,2026-09-01,2026-08-31T20:10:45.513718+00:00
coles,7644872,Coles Frozen Carrot Corn & Peas,Coles,1kg,4.2,,4.2,1kg,False,15,carrots 1kg,produce,2026-09-01,2026-08-31T20:10:45.513718+00:00
coles,4525844,Birds Eye Frozen Mixed Vegetables Carrot Cauliflower & Broccoli,Birds Eye,1Kg,5.9,6.9,5.9,1kg,False,16,carrots 1kg,produce,2026-09-01,2026-08-31T20:10:45.513718+00:00
coles,1935351,"McCain Mixed Vegetables Peas, Corn, Carrots",McCain,1Kg,7.3,,7.3,1kg,False,17,carrots 1kg,produce,2026-09-01,2026-08-31T20:10:45.513718+00:00
coles,5577016,Coles Carrot Cake,Coles,400g,6.3,,1.58,100g,False,18,carrots 1kg,produce,2026-09-01,2026-08-31T20:10:45.513718+00:00
coles,2043478,Coles Peas & Carrots,Coles,420g,1.8,,4.29,1kg,False,19,carrots 1kg,produce,2026-09-01,2026-08-31T20:10:45.513718+00:00
coles,2470424,Coles Kitchen Shredded Carrot,Coles Kitchen,200g,2.2,,11,1kg,False,20,carrots 1kg,produce,2026-09-01,2026-08-31T20:10:45.513718+00:00
coles,100763,Edgell Peas & Carrots,Edgell,420g,2.5,,5.95,1kg,False,21,carrots 1kg,produce,2026-09-01,2026-08-31T20:10:45.513718+00:00
coles,8165842,Mccain Peas Corn & Carrots,Mccain,2kg,12.9,,,1kg,False,22,carrots 1kg,produce,2026-09-01,2026-08-31T20:10:45.513718+00:00
coles,8565647,Edgell Peas Corn & Carrots,Edgell,420g,2.5,,5.95,1kg,False,23,carrots 1kg,produce,2026-09-01,2026-08-31T20:10:45.513718+00:00
coles,6310871,Coles Nature's Kitchen Carrot Cake,Coles Nature's Kitchen,450g,9.5,,2.11,100g,False,24,carrots 1kg,produce,2026-09-01,2026-08-31T20:10:45.513718+00:00
coles,2313448,Coles Kitchen Carrot Sticks,Coles Kitchen,150g,2.2,,14.67,1kg,False,25,carrots 1kg,produce,2026-09-01,2026-08-31T20:10:45.513718+00:00
woolworths,244637,Woolworths Brushed Potatoes Bag 2kg,Woolworths,2kg,7.7,7.7,3.85,1KG,False,1,potatoes brushed,produce,2026-09-01,2026-08-31T20:10:47.449150+00:00
woolworths,246566,Potato Brushed each,,each,1.18,1.18,1.18,1EA,False,2,potatoes brushed,produce,2026-09-01,2026-08-31T20:10:47.449150+00:00
woolworths,208895,Potato White Washed each,,each,0.9,0.9,0.9,1EA,False,3,potatoes brushed,produce,2026-09-01,2026-08-31T20:10:47.449150+00:00
woolworths,124831,Woolworths Brushed Potatoes Bag 4kg,Woolworths,4kg,10,10,2.5,1KG,False,4,potatoes brushed,produce,2026-09-01,2026-08-31T20:10:47.449150+00:00
woolworths,1126424361,6 Pcs Vegetable Brush Scrubber Fruits Cleaning Brush Scrubber Potato Brush,,,26.95,26.95,,,False,5,potatoes brushed,produce,2026-09-01,2026-08-31T20:10:47.449150+00:00
woolworths,1124434485,"Potato Brush with Peeler 3 in 1 Brush, Peeler and Eye Remover for Potatoes and Other Fruits and Vegetables",,1EA,48.88,48.88,,,False,6,potatoes brushed,produce,2026-09-01,2026-08-31T20:10:47.449150+00:00
woolworths,1129395849,Joie Potato Brush Root Vegetables Dirt Remover Kitchen Scrubber Green 15x5x4cm,Joie,,12.95,12.95,,,False,7,potatoes brushed,produce,2026-09-01,2026-08-31T20:10:47.449150+00:00
woolworths,1124437023,2Pcs Multifunctional Fruit Brush Home Kitchen Clean Brush Potato Removal Brush,,1EA,22.94,22.94,,,False,8,potatoes brushed,produce,2026-09-01,2026-08-31T20:10:47.449150+00:00
woolworths,1115967731,2Pcs Multifunctional Fruit Brush Home Kitchen Clean Brush Potato Removal Brush,,1EA,20.95,20.95,,,False,9,potatoes brushed,produce,2026-09-01,2026-08-31T20:10:47.449150+00:00
woolworths,1125074513,JOYBUY 2Pcs Multifunctional Fruit Brush Home Kitchen Clean Brush Potato Removal Brush,,1EA,23.04,23.04,,,False,10,potatoes brushed,produce,2026-09-01,2026-08-31T20:10:47.449150+00:00
coles,5024866,Coles Organic Potatoes Brushed,Coles Organic,2Kg,11.9,,5.95,1kg,False,1,potatoes brushed,produce,2026-09-01,2026-08-31T20:10:47.449150+00:00
coles,3958573,Coles Brushed Potatoes,Coles,2Kg,7.7,,3.85,1kg,False,2,potatoes brushed,produce,2026-09-01,2026-08-31T20:10:47.449150+00:00
coles,3958530,Coles Brushed Potatoes,Coles,4Kg,12,,3,1kg,False,3,potatoes brushed,produce,2026-09-01,2026-08-31T20:10:47.449150+00:00
coles,1022610,Coles Potatoes Creme Royale Brushed,Coles,approx. 200g,0.86,,4.3,1g,False,4,potatoes brushed,produce,2026-09-01,2026-08-31T20:10:47.449150+00:00
woolworths,134034,Gourmet Tomato each,,each,0.76,0.76,0.76,1EA,False,1,tomatoes,produce,2026-09-01,2026-08-31T20:10:49.304638+00:00
woolworths,169438,Truss Tomatoes each,,each,1.11,1.11,1.11,1EA,False,2,tomatoes,produce,2026-09-01,2026-08-31T20:10:49.304638+00:00
woolworths,149864,Tomato Roma Red each,,each,0.8,0.8,0.8,1EA,False,3,tomatoes,produce,2026-09-01,2026-08-31T20:10:49.304638+00:00
woolworths,727144,Woolworths Sweet Solanato Tomato Punnet 200g,Woolworths,200g,3.5,3.5,17.5,1KG,False,4,tomatoes,produce,2026-09-01,2026-08-31T20:10:49.304638+00:00
woolworths,149620,Woolworths Cherry Tomatoes Punnet 250g,Woolworths,250g,3.2,3.2,12.8,1KG,False,5,tomatoes,produce,2026-09-01,2026-08-31T20:10:49.304638+00:00
woolworths,166144,Mini-Roma Tomato Punnet 250g,Mini-Roma,250g,3.5,3.5,14,1KG,False,6,tomatoes,produce,2026-09-01,2026-08-31T20:10:49.304638+00:00
woolworths,747009,Woolworths Truss Cocktail Tomato Punnet 250g,Woolworths,250g,4.5,4.5,18,1KG,False,7,tomatoes,produce,2026-09-01,2026-08-31T20:10:49.304638+00:00
woolworths,196442,Woolworths Tomato Truss Punnet 500g,Woolworths,500g,5.5,5.5,11,1KG,False,8,tomatoes,produce,2026-09-01,2026-08-31T20:10:49.304638+00:00
woolworths,143730,Woolworths Gourmet Tomatoes Punnet 1kg,Woolworths,1kg,4.9,4.9,4.9,1KG,False,9,tomatoes,produce,2026-09-01,2026-08-31T20:10:49.304638+00:00
woolworths,760007,Woolworths Roma Tomato Punnet 480g,Woolworths,480g,4.9,4.9,10.21,1KG,False,10,tomatoes,produce,2026-09-01,2026-08-31T20:10:49.304638+00:00
coles,4597109,Coles Tomatoes Gourmet,Coles,approx. 130g,0.39,,3,1g,False,1,tomatoes,produce,2026-09-01,2026-08-31T20:10:49.304638+00:00
coles,4628676,Coles Tomatoes Greenhouse Truss,Coles,approx. 130g,1.11,,8.5,1g,False,2,tomatoes,produce,2026-09-01,2026-08-31T20:10:49.304638+00:00
coles,4834736,Coles Cherry Tomatoes,Coles,250g,3.3,,13.2,1kg,False,3,tomatoes,produce,2026-09-01,2026-08-31T20:10:49.304638+00:00
coles,7265535,Coles Perino Red Grape Tomatoes,Coles,200g,4.9,,24.5,1kg,False,4,tomatoes,produce,2026-09-01,2026-08-31T20:10:49.304638+00:00
coles,4835171,Coles Vine Ripened Tomatoes,Coles,500g,5.9,,11.8,1kg,False,5,tomatoes,produce,2026-09-01,2026-08-31T20:10:49.304638+00:00
coles,5548754,Coles Italian Diced Tomatoes,Coles,400g,1.1,,2.75,1kg,False,6,tomatoes,produce,2026-09-01,2026-08-31T20:10:49.304638+00:00
coles,4498173,Coles Glasshouse Grape Tomatoes,Coles,200g,3,,15,1kg,False,7,tomatoes,produce,2026-09-01,2026-08-31T20:10:49.304638+00:00
coles,4640831,Coles Gourmet Field Tomatoes,Coles,1Kg,3,,3,1kg,False,8,tomatoes,produce,2026-09-01,2026-08-31T20:10:49.304638+00:00
coles,4594712,Coles Roma Tomatoes Loose,Coles,approx. 70g,0.62,,8.9,1g,False,9,tomatoes,produce,2026-09-01,2026-08-31T20:10:49.304638+00:00
coles,4488464,Coles Mini Tomatoes,Coles,125g,4.9,,39.2,1kg,False,10,tomatoes,produce,2026-09-01,2026-08-31T20:10:49.304638+00:00
coles,3088176,Coles Cocktail Truss Tomatoes,Coles,250g,4.9,,19.6,1kg,False,11,tomatoes,produce,2026-09-01,2026-08-31T20:10:49.304638+00:00
coles,6238990,Coles Italian Diced Tomatoes,Coles,800g,2,,2.5,1kg,False,12,tomatoes,produce,2026-09-01,2026-08-31T20:10:49.304638+00:00
coles,3997189,Coles Roma Tomatoes,Coles,480g,6.9,,14.38,1kg,False,13,tomatoes,produce,2026-09-01,2026-08-31T20:10:49.304638+00:00
coles,3835890,Coles Mix-a-mato Grape Tomatoes,Coles,300g,5.9,,19.67,1kg,False,14,tomatoes,produce,2026-09-01,2026-08-31T20:10:49.304638+00:00
coles,9093215,Coles Whole Peeled Italian Tomatoes,Coles,400g,1.1,,2.75,1kg,False,15,tomatoes,produce,2026-09-01,2026-08-31T20:10:49.304638+00:00
coles,4218380,Coles Simply Chopped Tomatoes Canned,Coles Simply,400g,0.95,,2.37,1kg,False,16,tomatoes,produce,2026-09-01,2026-08-31T20:10:49.304638+00:00
coles,4687074,Ardmona Crushed Tomatoes,Ardmona,410g,1.8,,4.39,1kg,False,17,tomatoes,produce,2026-09-01,2026-08-31T20:10:49.304638+00:00
coles,4558967,Ardmona Diced Tomatoes,Ardmona,400g,1.8,,4.5,1kg,False,18,tomatoes,produce,2026-09-01,2026-08-31T20:10:49.304638+00:00
coles,2612948,Mutti Cherry Tomatoes Whole,Mutti,400g,2.7,,6.75,1kg,False,19,tomatoes,produce,2026-09-01,2026-08-31T20:10:49.304638+00:00
coles,6481444,Coles Semi Dried Tomatoes Fresh Basil,Coles,135g,3.75,,27.78,1kg,False,20,tomatoes,produce,2026-09-01,2026-08-31T20:10:49.304638+00:00
coles,2996872,Heinz Baked Beans in Tomato Sauce Beans 3 Pack,Heinz,300g,7,,,100g,False,21,tomatoes,produce,2026-09-01,2026-08-31T20:10:49.304638+00:00
coles,128503,Heinz Big Red Tomato Soup Can,Heinz,420g,2,2.5,0.48,100g,False,22,tomatoes,produce,2026-09-01,2026-08-31T20:10:49.304638+00:00
coles,6311127,Mutti Polpa Finely Chopped Tomatoes,Mutti,400g,2.3,,5.75,1kg,False,23,tomatoes,produce,2026-09-01,2026-08-31T20:10:49.304638+00:00
coles,6025525,Heinz Baked Beans in Tomato Sauce 4 Pack,Heinz,520g,6,,1.15,100g,False,24,tomatoes,produce,2026-09-01,2026-08-31T20:10:49.304638+00:00
coles,2954941,Heinz Canned Baked Beans Tomato Sauce,Heinz,300g,2,2.9,,100g,True,25,tomatoes,produce,2026-09-01,2026-08-31T20:10:49.304638+00:00
coles,384718,John West Tuna Onion & Tomato Savoury Sauce,John West,95g,2.9,,30.53,1kg,False,26,tomatoes,produce,2026-09-01,2026-08-31T20:10:49.304638+00:00
coles,4837111,Cucina Matese Diced Tomato,Cucina Matese,400g,1.4,,,1kg,False,27,tomatoes,produce,2026-09-01,2026-08-31T20:10:49.304638+00:00
coles,6070326,Coles Sundried Tomato Strips,Coles,280g,2.75,,9.82,1kg,False,28,tomatoes,produce,2026-09-01,2026-08-31T20:10:49.304638+00:00
coles,7390413,Coles Simply Tomato Condensed Soup,Coles Simply,420g,1.3,,0.31,100g,False,29,tomatoes,produce,2026-09-01,2026-08-31T20:10:49.304638+00:00
coles,9388660,Coles Organic Tomatoes Ita Diced,Coles Organic,400g,1.7,,4.25,1kg,False,30,tomatoes,produce,2026-09-01,2026-08-31T20:10:49.304638+00:00
coles,3883860,Mutti Polpa Finely Chopped Tomatoes,Mutti,790g,4.3,,5.44,1kg,False,31,tomatoes,produce,2026-09-01,2026-08-31T20:10:49.304638+00:00
coles,7522966,Coles Simply Baked Beans In Tomato Sauce,Coles Simply,420g,1.1,,0.26,100g,False,32,tomatoes,produce,2026-09-01,2026-08-31T20:10:49.304638+00:00
coles,4486469,Seacrown Sardines In Tomato Sauce,Seacrown,125g,1.3,,10.4,1kg,False,33,tomatoes,produce,2026-09-01,2026-08-31T20:10:49.304638+00:00
coles,4276342,SPC Spaghetti in Rich Tomato,SPC,420g,2.5,,0.6,100g,False,34,tomatoes,produce,2026-09-01,2026-08-31T20:10:49.304638+00:00
coles,8412726,Coles Organic Snacking Tomatoes,Coles Organic,200g,6.5,,32.5,1kg,False,35,tomatoes,produce,2026-09-01,2026-08-31T20:10:49.304638+00:00
coles,4515749,Ardmona Classic Rich & Thick Tomatoes,Ardmona,410g,2.5,,6.1,1kg,False,36,tomatoes,produce,2026-09-01,2026-08-31T20:10:49.304638+00:00
coles,4515738,Ardmona Rich & Thick Tomatoes With Garlic & Basil,Ardmona,410g,2.5,,6.1,1kg,False,37,tomatoes,produce,2026-09-01,2026-08-31T20:10:49.304638+00:00
coles,5071480,Mutti Polpa Finely Chopped Tomatoes With Basil,Mutti,400g,2.75,,6.88,1kg,False,38,tomatoes,produce,2026-09-01,2026-08-31T20:10:49.304638+00:00
coles,5109619,Mutti Polpa Finely Chopped Tomatoes With Garlic,Mutti,400g,2.75,,6.88,1kg,False,39,tomatoes,produce,2026-09-01,2026-08-31T20:10:49.304638+00:00
coles,5324462,Ardmona Rich & Thick Tomatoes With Herbs,Ardmona,410g,2.5,,6.1,1kg,False,40,tomatoes,produce,2026-09-01,2026-08-31T20:10:49.304638+00:00
coles,4276284,SPC Spaghetti in Tomato & Cheese,SPC,420g,2.5,,0.6,100g,False,41,tomatoes,produce,2026-09-01,2026-08-31T20:10:49.304638+00:00
coles,6187447,Coles Kitchen Tomato Pizza Base,Coles Kitchen,300g,3,,1,100g,False,42,tomatoes,produce,2026-09-01,2026-08-31T20:10:49.304638+00:00
coles,4837122,Cucina Matese Whole Peeled Tomatoes,Cucina Matese,400g,1.2,1.4,3,1kg,True,43,tomatoes,produce,2026-09-01,2026-08-31T20:10:49.304638+00:00
coles,6311116,Mutti Polpa Finely Chopped Tomatoes,Mutti,210g,1.5,,7.14,1kg,False,44,tomatoes,produce,2026-09-01,2026-08-31T20:10:49.304638+00:00
coles,5079482,Coles Perino Noir Grape Tomatoes,Coles,200g,4.9,,24.5,1kg,False,45,tomatoes,produce,2026-09-01,2026-08-31T20:10:49.304638+00:00
coles,367446,Beerenberg Tomato Chutney,Beerenberg,260g,6.45,,2.48,100g,False,46,tomatoes,produce,2026-09-01,2026-08-31T20:10:49.304638+00:00
coles,6068721,Jill's Cuisine Traditional Tomato Relish,Jill's Cuisine,400g,3.9,,0.98,100g,False,47,tomatoes,produce,2026-09-01,2026-08-31T20:10:49.304638+00:00
coles,9095833,Heinz Spaghetti In Tomato Sauce Pasta 3 Pack,Heinz,660g,5.2,,0.79,100g,False,48,tomatoes,produce,2026-09-01,2026-08-31T20:10:49.304638+00:00
woolworths,134681,Fresh Broccoli each,,each,1.49,1.49,1.49,1EA,False,1,broccoli,produce,2026-09-01,2026-08-31T20:10:51.096714+00:00
woolworths,187314,Woolworths Broccolini Bunch each,Woolworths,each,3.7,3.7,3.7,1EA,False,2,broccoli,produce,2026-09-01,2026-08-31T20:10:51.096714+00:00
woolworths,768559,Woolworths Frozen Australian Broccoli Florets 500g,Woolworths,500g,4,4,8,1KG,False,3,broccoli,produce,2026-09-01,2026-08-31T20:10:51.096714+00:00
woolworths,120139,Bell Farms Frozen Broccoli Florets 500g,Bell Farms,500g,3,3,6,1KG,False,4,broccoli,produce,2026-09-01,2026-08-31T20:10:51.096714+00:00
woolworths,768561,Woolworths Frozen Australian Broccoli & Cauliflower 500g,Woolworths,500g,4,4,8,1KG,False,5,broccoli,produce,2026-09-01,2026-08-31T20:10:51.096714+00:00
woolworths,782977,Birds Eye Steamfresh Frozen Peas Beans Corn & Broccoli 750g,Birds Eye,750g,5.5,5.5,7.33,1KG,False,6,broccoli,produce,2026-09-01,2026-08-31T20:10:51.096714+00:00
woolworths,117518,Birds Eye Frozen Veggie Rice Carrot Cauliflower & Broccoli 500g,Birds Eye,500g,4.95,5.5,9.9,1KG,True,7,broccoli,produce,2026-09-01,2026-08-31T20:10:51.096714+00:00
woolworths,217969,Birds Eye Frozen Carrot Cauliflower & Broccoli 1kg,Birds Eye,1kg,6.5,6.5,6.5,1KG,False,8,broccoli,produce,2026-09-01,2026-08-31T20:10:51.096714+00:00
woolworths,180752,Birds Eye Steamfresh Frozen Carrot Cauliflower & Broccoli 750g,Birds Eye,750g,5.5,5.5,7.33,1KG,False,9,broccoli,produce,2026-09-01,2026-08-31T20:10:51.096714+00:00
woolworths,62825,Birds Eye Frozen Veggie Rice Broccoli & Cauli 500g,Birds Eye,500g,4.95,5.5,9.9,1KG,True,10,broccoli,produce,2026-09-01,2026-08-31T20:10:51.096714+00:00
coles,407755,Coles Broccoli Medium,Coles,approx. 340g,2.11,,6.2,1g,False,1,broccoli,produce,2026-09-01,2026-08-31T20:10:51.096714+00:00
coles,4601603,Coles Cauliflower Medium,Coles,1 Each,2.9,,2.9,1ea,False,2,broccoli,produce,2026-09-01,2026-08-31T20:10:51.096714+00:00
coles,5982477,Coles Baby Broccoli,Coles,1 Bunch,3,,3,1ea,False,3,broccoli,produce,2026-09-01,2026-08-31T20:10:51.096714+00:00
coles,5341010,Coles Frozen Broccoli Florets,Coles,500g,4,,8,1kg,False,4,broccoli,produce,2026-09-01,2026-08-31T20:10:51.096714+00:00
coles,4841775,Coles Family Broccolini,Coles,1 each,6,,6,1ea,False,5,broccoli,produce,2026-09-01,2026-08-31T20:10:51.096714+00:00
coles,2310111,Coles Kitchen Broccoli & Cauliflower Florets,Coles Kitchen,150g,2.2,,14.67,1kg,False,6,broccoli,produce,2026-09-01,2026-08-31T20:10:51.096714+00:00
coles,2310971,Coles Kitchen Broccoli Florets,Coles Kitchen,150g,2.2,,14.67,1kg,False,7,broccoli,produce,2026-09-01,2026-08-31T20:10:51.096714+00:00
coles,2674650,Coles Kitchen Carrot & Broccoli Florets,Coles Kitchen,150g,2.2,,14.67,1kg,False,8,broccoli,produce,2026-09-01,2026-08-31T20:10:51.096714+00:00
coles,4569216,Coles Asian Choy Chinese Broccoli,Coles,1 each,2.9,,2.9,1ea,False,9,broccoli,produce,2026-09-01,2026-08-31T20:10:51.096714+00:00
coles,3048820,Coles Organic Broccoli,Coles Organic,500g,8.9,,17.8,1kg,False,10,broccoli,produce,2026-09-01,2026-08-31T20:10:51.096714+00:00
coles,1504564,Natoora Organic Purple Sprouting Baby Broccoli,Natoora,1 Bunch,6.5,,6.5,1kg,False,11,broccoli,produce,2026-09-01,2026-08-31T20:10:51.096714+00:00
coles,8161557,Mccain Broccoli,Mccain,500g,5.5,,11,1kg,False,12,broccoli,produce,2026-09-01,2026-08-31T20:10:51.096714+00:00
coles,9189256,Birds Eye Seasoned Sides Frozen Garlic Herb Broccoli,Birds Eye,500g,7,,14,1kg,False,13,broccoli,produce,2026-09-01,2026-08-31T20:10:51.096714+00:00
coles,4982948,Coles Organic Cauliflower,Coles Organic,1 Each,5.9,,5.9,1ea,False,14,broccoli,produce,2026-09-01,2026-08-31T20:10:51.096714+00:00
coles,4601320,Coles Cauliflower Half,Coles,1 each,1.9,,1.9,1ea,False,15,broccoli,produce,2026-09-01,2026-08-31T20:10:51.096714+00:00
coles,8686801,Coles Organic Baby Broccoli,Coles Organic,1 Bunch,5.5,,5.5,1ea,False,16,broccoli,produce,2026-09-01,2026-08-31T20:10:51.096714+00:00
coles,7645117,Coles Frozen Cauliflower & Broccoli,Coles,500g,3,,6,1kg,False,17,broccoli,produce,2026-09-01,2026-08-31T20:10:51.096714+00:00
coles,9160946,Heinz Eat Well Pea & Broccoli Soup Pouch,Heinz,380g,4.5,,1.18,100g,False,18,broccoli,produce,2026-09-01,2026-08-31T20:10:51.096714+00:00
coles,3766798,Coles Kitchen Broccoli Cauliflower & Parmesan Soup,Coles Kitchen,300g,4.7,,1.57,100g,False,19,broccoli,produce,2026-09-01,2026-08-31T20:10:51.096714+00:00
coles,4525844,Birds Eye Frozen Mixed Vegetables Carrot Cauliflower & Broccoli,Birds Eye,1Kg,5.9,6.9,5.9,1kg,False,20,broccoli,produce,2026-09-01,2026-08-31T20:10:51.096714+00:00
coles,2740041,Birds Eye Steam Fresh Beans Carrot & Broccoli Frozen Mixed Vegetables,Birds Eye,450g,4.5,,10,1kg,False,21,broccoli,produce,2026-09-01,2026-08-31T20:10:51.096714+00:00
coles,2740052,Birds Eye Steam Fresh Beans Broccoli & Sugar Snap Peas Frozen Mixed Vegetables,Birds Eye,450g,4.5,,10,1kg,False,22,broccoli,produce,2026-09-01,2026-08-31T20:10:51.096714+00:00
coles,1756556,Youfoodz Nourish 5 Veggie Bolognese With Broccoli & Peas,Youfoodz,320g,11,,3.44,100g,False,23,broccoli,produce,2026-09-01,2026-08-31T20:10:51.096714+00:00
coles,6261313,Youfoodz Creamy Garlic Chicken Kyiv With Chips & Broccoli,Youfoodz,312g,11,,3.53,100g,False,24,broccoli,produce,2026-09-01,2026-08-31T20:10:51.096714+00:00
coles,3716224,Continental Sensation Cheesy Broccoli & Potato Soup Serves 2,Continental,56g,3.8,,6.79,100g,False,25,broccoli,produce,2026-09-01,2026-08-31T20:10:51.096714+00:00
coles,2741011,Birds Eye Steam Fresh Carrot Broccoli & Corn Frozen Mixed Veg Value Pack,Birds Eye,750g,4.9,6.2,6.53,1kg,False,26,broccoli,produce,2026-09-01,2026-08-31T20:10:51.096714+00:00
coles,2740085,Birds Eye Steam Fresh Cauliflower Carrot & Broccoli Frozen Mixed Veg Value Pack,Birds Eye,750g,4.9,6.2,6.53,1kg,False,27,broccoli,produce,2026-09-01,2026-08-31T20:10:51.096714+00:00
coles,1843027,Birds Eye Steam Fresh Baby Potato Broccoli Carrot Peas,Birds Eye,400g,6.9,,17.25,1kg,False,28,broccoli,produce,2026-09-01,2026-08-31T20:10:51.096714+00:00
coles,1777261,Birds Eye Steam Fresh Peas Beans Corn & Broccoli Frozen Mixed Vegetables,Birds Eye,450g,4.5,,10,1kg,False,29,broccoli,produce,2026-09-01,2026-08-31T20:10:51.096714+00:00
coles,2743254,Birds Eye Frozen Mixed Winter Vegetables Green Beans Cauliflower & Broccoli,Birds Eye,1Kg,5.9,6.9,5.9,1kg,False,30,broccoli,produce,2026-09-01,2026-08-31T20:10:51.096714+00:00
coles,1719072,CUB Apple Pea Broccoli Pear & Spinach Baby Food Pouch 6+ Months,CUB,120g,1,,0.83,100g,False,31,broccoli,produce,2026-09-01,2026-08-31T20:10:51.096714+00:00
coles,6027076,Rafferty's Garden Spinach Apple Broccoli & Pea And Nothing Else Baby Food Puree Pouch 4+ Months,Rafferty's Garden,120g,2.3,,1.92,100g,False,32,broccoli,produce,2026-09-01,2026-08-31T20:10:51.096714+00:00
coles,8145798,Birds Eye Stir Fry Chinese Carrot Broccoli Green Beans Onion & Baby Corn Frozen Mixed Veg,Birds Eye,850g,4.9,6.2,5.76,1kg,False,33,broccoli,produce,2026-09-01,2026-08-31T20:10:51.096714+00:00
coles,9730385,Birds Eye Stir Fry Shanghai Carrot Broccoli Water Chestnuts Capsicum Sugar Snap Peas Frozen Mixed Veg,Birds Eye,500g,4,5,8,1kg,False,34,broccoli,produce,2026-09-01,2026-08-31T20:10:51.096714+00:00
woolworths,144329,Onion Brown each,,each,0.63,0.63,0.63,1EA,False,1,brown onions,produce,2026-09-01,2026-08-31T20:10:52.837586+00:00
woolworths,144336,Woolworths Onion Brown Bag 1kg,Woolworths,1kg,3.6,3.6,3.6,1KG,False,2,brown onions,produce,2026-09-01,2026-08-31T20:10:52.837586+00:00
woolworths,144427,Woolworths Brown Onions Bag 2kg,Woolworths,2kg,5.5,5.5,2.75,1KG,False,3,brown onions,produce,2026-09-01,2026-08-31T20:10:52.837586+00:00
woolworths,144497,Onion Red each,,each,0.83,0.83,0.83,1EA,False,4,brown onions,produce,2026-09-01,2026-08-31T20:10:52.837586+00:00
woolworths,147603,Spring Onion Bunch each,,each,3,3,3,1EA,False,5,brown onions,produce,2026-09-01,2026-08-31T20:10:52.837586+00:00
woolworths,124751,Woolworths Red Onions Bag 1kg,Woolworths,1kg,3,3,3,1KG,False,6,brown onions,produce,2026-09-01,2026-08-31T20:10:52.837586+00:00
woolworths,144523,Onion White each,,each,0.89,0.89,0.89,1EA,False,7,brown onions,produce,2026-09-01,2026-08-31T20:10:52.837586+00:00
woolworths,105931,Woolworths Fresh Onion White Globe Bunch each,Woolworths,each,5,5,5,1EA,False,8,brown onions,produce,2026-09-01,2026-08-31T20:10:52.837586+00:00
woolworths,122674,Macro Onion Spring Organic each,Macro,each,5,5,5,1EA,False,9,brown onions,produce,2026-09-01,2026-08-31T20:10:52.837586+00:00
woolworths,211784,Spanish Onion Red Organic 500g,,500g,4.9,4.9,9.8,1KG,False,10,brown onions,produce,2026-09-01,2026-08-31T20:10:52.837586+00:00
coles,4239517,Coles Loose Brown Onions,Coles,approx. 200g,0.84,,4.2,1g,False,1,brown onions,produce,2026-09-01,2026-08-31T20:10:52.837586+00:00
coles,4803991,Coles Brown Onions,Coles,1kg,3.6,,3.6,1kg,False,2,brown onions,produce,2026-09-01,2026-08-31T20:10:52.837586+00:00
coles,5134809,Coles Brown Onion Shallots Loose,Coles,approx. 35g each,0.46,,13,1g,False,3,brown onions,produce,2026-09-01,2026-08-31T20:10:52.837586+00:00
coles,289149,Fehlbergs Brown Pickled Onions,Fehlbergs,500g,4,,8,1kg,False,4,brown onions,produce,2026-09-01,2026-08-31T20:10:52.837586+00:00
coles,9442880,Blue Banner Pickled Onions Brown Chilli,Blue Banner,525g,7,,13.33,1kg,False,5,brown onions,produce,2026-09-01,2026-08-31T20:10:52.837586+00:00
coles,197233,Blue Banner Pickled Onions,Blue Banner,525g,7,,13.33,1kg,False,6,brown onions,produce,2026-09-01,2026-08-31T20:10:52.837586+00:00
coles,5610712,Three Threes Old Style Pickled Onions,Three Threes,500g,5.25,,10.5,1kg,False,7,brown onions,produce,2026-09-01,2026-08-31T20:10:52.837586+00:00
coles,5076305,Coles Organic Brown Onions,Coles Organic,1Kg,6.9,,6.9,1kg,False,8,brown onions,produce,2026-09-01,2026-08-31T20:10:52.837586+00:00
coles,4443579,Gravox Brown Onion Liquid Gravy Pouch,Gravox,165g,3.7,,2.24,100g,False,9,brown onions,produce,2026-09-01,2026-08-31T20:10:52.837586+00:00
coles,6046864,Gravox Brown Onion Gravy Mix Tin,Gravox,120g,5.2,,0.43,10g,False,10,brown onions,produce,2026-09-01,2026-08-31T20:10:52.837586+00:00
woolworths,188800,Woolworths Essentials Pasta Penne 500g,Woolworths Essentials,500g,0.9,0.9,0.18,100G,False,1,penne pasta 500g,pantry,2026-09-01,2026-08-31T20:10:54.530859+00:00
woolworths,215448,Macro Organic Penne Pasta 500g,Macro,500g,1.95,1.95,0.39,100G,False,2,penne pasta 500g,pantry,2026-09-01,2026-08-31T20:10:54.530859+00:00
woolworths,6026650,La Gina Penne Pasta 500g,La Gina,500g,2.8,2.8,0.56,100G,False,3,penne pasta 500g,pantry,2026-09-01,2026-08-31T20:10:54.530859+00:00
woolworths,904775,Free From Gluten Penne Pasta 500g,Free From Gluten,500g,2.5,2.5,0.5,100G,False,4,penne pasta 500g,pantry,2026-09-01,2026-08-31T20:10:54.530859+00:00
woolworths,83764,Barilla Pasta Penne Rigate 500g,Barilla,500g,2.9,3.5,0.58,100G,False,5,penne pasta 500g,pantry,2026-09-01,2026-08-31T20:10:54.530859+00:00
woolworths,346831,Woolworths Pasta Penne Rigate 500g,Woolworths,500g,1,1,0.2,100G,False,6,penne pasta 500g,pantry,2026-09-01,2026-08-31T20:10:54.530859+00:00
woolworths,35742,San Remo Penne Pasta No 18 500g,San Remo,500g,2.95,2.95,0.59,100G,False,7,penne pasta 500g,pantry,2026-09-01,2026-08-31T20:10:54.530859+00:00
woolworths,68345,Macro Organic Wholemeal Penne 500g,Macro,500g,1.95,1.95,0.39,100G,False,8,penne pasta 500g,pantry,2026-09-01,2026-08-31T20:10:54.530859+00:00
woolworths,340965,Pastificio Liguori Penne 500g,Pastificio Liguori,500g,5,5,1,100G,False,9,penne pasta 500g,pantry,2026-09-01,2026-08-31T20:10:54.530859+00:00
woolworths,9010,Zafarelli Pennette Rigate Pasta No 18 500g,Zafarelli,500g,2,2,0.4,100G,False,10,penne pasta 500g,pantry,2026-09-01,2026-08-31T20:10:54.530859+00:00
coles,4409592,La Molisana Pasta Penne Lisce No. 18,La Molisana Pasta,500g,3.7,,,100g,False,1,penne pasta 500g,pantry,2026-09-01,2026-08-31T20:10:54.530859+00:00
coles,9185357,Barilla Al Bronzo Pasta Penne,Barilla,500g,2.8,4.3,0.56,100g,False,2,penne pasta 500g,pantry,2026-09-01,2026-08-31T20:10:54.530859+00:00
coles,469912,Barilla Pasta Penne Rigate,Barilla,500g,3.5,,0.7,100g,False,3,penne pasta 500g,pantry,2026-09-01,2026-08-31T20:10:54.530859+00:00
coles,3329104,Coles Simply Penne,Coles Simply,500g,0.9,,0.18,100g,False,4,penne pasta 500g,pantry,2026-09-01,2026-08-31T20:10:54.530859+00:00
coles,170838,San Remo Penne Rigate Pasta No 18,San Remo,500g,2.3,2.95,0.46,100g,False,5,penne pasta 500g,pantry,2026-09-01,2026-08-31T20:10:54.530859+00:00
coles,5173243,San Remo Penne Zita Pasta No 20,San Remo,500g,2.3,2.95,0.46,100g,False,6,penne pasta 500g,pantry,2026-09-01,2026-08-31T20:10:54.530859+00:00
coles,3329046,Coles Durum Wheat Pasta Penne Rigate,Coles,500g,1,,0.2,100g,False,7,penne pasta 500g,pantry,2026-09-01,2026-08-31T20:10:54.530859+00:00
coles,3380451,Cucina Matese Penne Rigate No.118 Italian Pasta,Cucina Matese,500g,2.8,,0.56,100g,False,8,penne pasta 500g,pantry,2026-09-01,2026-08-31T20:10:54.530859+00:00
coles,404021,San Remo Penne Pasta,San Remo,750g,3.6,,0.48,100g,False,9,penne pasta 500g,pantry,2026-09-01,2026-08-31T20:10:54.530859+00:00
coles,9477432,Coles Organic Penne Pasta,Coles Organic,500g,1.95,,0.39,100g,False,10,penne pasta 500g,pantry,2026-09-01,2026-08-31T20:10:54.530859+00:00
coles,3797281,Vetta Pasta Penne,Vetta,500g,1.4,1.5,0.28,100g,True,11,penne pasta 500g,pantry,2026-09-01,2026-08-31T20:10:54.530859+00:00
coles,3944579,Coles I'm Free From Penne Pasta,Coles I'm Free From,500g,2.5,,0.5,100g,False,12,penne pasta 500g,pantry,2026-09-01,2026-08-31T20:10:54.530859+00:00
coles,3329126,Coles Simply Pasta Spirals,Coles Simply,500g,0.9,,0.18,100g,False,13,penne pasta 500g,pantry,2026-09-01,2026-08-31T20:10:54.530859+00:00
coles,3329115,Coles Simply Pasta Spaghetti,Coles Simply,500g,0.9,,0.18,100g,False,14,penne pasta 500g,pantry,2026-09-01,2026-08-31T20:10:54.530859+00:00
coles,1211340,Barilla Collezione Pasta Orecchiette,Barilla,500g,3.15,4.5,0.63,100g,False,15,penne pasta 500g,pantry,2026-09-01,2026-08-31T20:10:54.530859+00:00
coles,278211,Zafarelli Elicoidali Pasta No 57,Zafarelli,500g,2,,0.4,100g,False,16,penne pasta 500g,pantry,2026-09-01,2026-08-31T20:10:54.530859+00:00
coles,278153,Zafarelli Fusilli Pasta No 17,Zafarelli,500g,2,,0.4,100g,False,17,penne pasta 500g,pantry,2026-09-01,2026-08-31T20:10:54.530859+00:00
coles,8947858,Zafarelli Spirali Pasta No 56,Zafarelli,500g,2,,0.4,100g,False,18,penne pasta 500g,pantry,2026-09-01,2026-08-31T20:10:54.530859+00:00
coles,6990878,San Remo Linguine Pasta No 1,San Remo,500g,2.3,2.95,0.46,100g,False,19,penne pasta 500g,pantry,2026-09-01,2026-08-31T20:10:54.530859+00:00
coles,9423808,Barilla Pasta Risoni,Barilla,500g,3.5,,0.7,100g,False,20,penne pasta 500g,pantry,2026-09-01,2026-08-31T20:10:54.530859+00:00
coles,4370690,Barilla Rigatoni Pasta,Barilla,500g,3.5,,0.7,100g,False,21,penne pasta 500g,pantry,2026-09-01,2026-08-31T20:10:54.530859+00:00
coles,5010453,Barilla Pasta Fusilli,Barilla,500g,3.5,,0.7,100g,False,22,penne pasta 500g,pantry,2026-09-01,2026-08-31T20:10:54.530859+00:00
coles,242407,San Remo Pasta Thin Spaghetti,San Remo,500g,2.3,2.95,0.46,100g,False,23,penne pasta 500g,pantry,2026-09-01,2026-08-31T20:10:54.530859+00:00
coles,296392,San Remo Pasta Instant Spaghetti,San Remo,500g,2.3,2.95,0.46,100g,False,24,penne pasta 500g,pantry,2026-09-01,2026-08-31T20:10:54.530859+00:00
coles,8436735,Cucina Matese Ditali Pasta,Cucina Matese,500g,2.8,,0.56,100g,False,25,penne pasta 500g,pantry,2026-09-01,2026-08-31T20:10:54.530859+00:00
coles,125550,Zafarelli Lisio Piccolo Pasta No 40,Zafarelli,500g,2,,0.4,100g,False,26,penne pasta 500g,pantry,2026-09-01,2026-08-31T20:10:54.530859+00:00
coles,6825102,La Molisana Pasta Casareccia,La Molisana,500g,3.7,,0.74,100g,False,27,penne pasta 500g,pantry,2026-09-01,2026-08-31T20:10:54.530859+00:00
coles,1691086,Vetta Smart Fibre Penne Pasta,Vetta,500g,2.35,,0.47,100g,False,28,penne pasta 500g,pantry,2026-09-01,2026-08-31T20:10:54.530859+00:00
coles,5714650,La Molisana Farfalle Pasta No 66,La Molisana,500g,3.7,,0.74,100g,False,29,penne pasta 500g,pantry,2026-09-01,2026-08-31T20:10:54.530859+00:00
coles,9423885,Barilla Collezione Pasta Casarecce,Barilla,500g,3.15,4.5,0.63,100g,False,30,penne pasta 500g,pantry,2026-09-01,2026-08-31T20:10:54.530859+00:00
coles,8649690,Barilla Pasta Pipe Rigate,Barilla,500g,3.5,,0.7,100g,False,31,penne pasta 500g,pantry,2026-09-01,2026-08-31T20:10:54.530859+00:00
coles,9019030,Barilla Chifferi Elbow Pasta,Barilla,500g,3.5,,0.7,100g,False,32,penne pasta 500g,pantry,2026-09-01,2026-08-31T20:10:54.530859+00:00
coles,9185186,Barilla Al Bronzo Pasta Fusilli,Barilla,500g,2.8,4.3,0.56,100g,False,33,penne pasta 500g,pantry,2026-09-01,2026-08-31T20:10:54.530859+00:00
coles,4514983,Coles Durum Wheat Pasta Bowties,Coles,500g,1,,0.2,100g,False,34,penne pasta 500g,pantry,2026-09-01,2026-08-31T20:10:54.530859+00:00
coles,3329137,Coles Durum Wheat Pasta Macaroni,Coles,500g,1,,0.2,100g,False,35,penne pasta 500g,pantry,2026-09-01,2026-08-31T20:10:54.530859+00:00
coles,4515283,Coles Durum Wheat Pasta Rigatoni,Coles,500g,1,,0.2,100g,False,36,penne pasta 500g,pantry,2026-09-01,2026-08-31T20:10:54.530859+00:00
coles,3380430,Cucina Matese Orecchiette No.119 Italian Pasta,Cucina Matese,500g,2.8,,0.56,100g,False,37,penne pasta 500g,pantry,2026-09-01,2026-08-31T20:10:54.530859+00:00
coles,3380462,Cucina Matese Rigatoni No.117 Italian Pasta,Cucina Matese,500g,2.8,,0.56,100g,False,38,penne pasta 500g,pantry,2026-09-01,2026-08-31T20:10:54.530859+00:00
coles,3380495,Cucina Matese Fusilli No.114 Italian Pasta,Cucina Matese,500g,2.8,,0.56,100g,False,39,penne pasta 500g,pantry,2026-09-01,2026-08-31T20:10:54.530859+00:00
coles,9579895,San Remo Curly Fettuccine Pasta No 80,San Remo,500g,2.3,2.95,0.46,100g,False,40,penne pasta 500g,pantry,2026-09-01,2026-08-31T20:10:54.530859+00:00
coles,3329035,Coles Durum Wheat Pasta Large Spirals,Coles,500g,1,,0.2,100g,False,41,penne pasta 500g,pantry,2026-09-01,2026-08-31T20:10:54.530859+00:00
coles,3329057,Coles Durum Wheat Pasta Shells Large,Coles,500g,1,,0.2,100g,False,42,penne pasta 500g,pantry,2026-09-01,2026-08-31T20:10:54.530859+00:00
coles,207825,San Remo Plain Fettuccine Pasta,San Remo,500g,2.3,2.95,0.46,100g,False,43,penne pasta 500g,pantry,2026-09-01,2026-08-31T20:10:54.530859+00:00
coles,278164,Zafarelli Pennette Rigate No18 Pasta,Zafarelli,500g,2,,0.4,100g,False,44,penne pasta 500g,pantry,2026-09-01,2026-08-31T20:10:54.530859+00:00
coles,4409617,La Molisana Chifferi Rigati No. 55 Pasta,La Molisana,500g,3.7,,0.74,100g,False,45,penne pasta 500g,pantry,2026-09-01,2026-08-31T20:10:54.530859+00:00
coles,3380440,Cucina Matese Farfalle Rigate No.121 Italian Pasta,Cucina Matese,500g,2.8,,0.56,100g,False,46,penne pasta 500g,pantry,2026-09-01,2026-08-31T20:10:54.530859+00:00
coles,3380473,Cucina Matese Conchiglie Rigate Italian Pasta No 116,Cucina Matese,500g,2.8,,0.56,100g,False,47,penne pasta 500g,pantry,2026-09-01,2026-08-31T20:10:54.530859+00:00
coles,206196,San Remo Spaghetti No 5,San Remo,500g,2.3,2.95,0.46,100g,False,48,penne pasta 500g,pantry,2026-09-01,2026-08-31T20:10:54.530859+00:00
woolworths,452031,Leggo's Tuna Bake Pasta Sauce 500g,Leggo's,500g,4.3,4.3,0.86,100G,False,1,pasta sauce 500g,pantry,2026-09-01,2026-08-31T20:10:56.449296+00:00
woolworths,758299,Dolmio Extra Spicy Peppers Tomato Pasta Sauce 500g,Dolmio,500g,4.6,4.6,0.92,100G,False,2,pasta sauce 500g,pantry,2026-09-01,2026-08-31T20:10:56.449296+00:00
woolworths,758286,Dolmio Extra Bolognese Tomato Pasta Sauce 500g,Dolmio,500g,4.6,4.6,0.92,100G,False,3,pasta sauce 500g,pantry,2026-09-01,2026-08-31T20:10:56.449296+00:00
woolworths,758342,Dolmio Extra Tomato Onion & Roast Garlic Pasta Sauce 500g,Dolmio,500g,4.6,4.6,0.92,100G,False,4,pasta sauce 500g,pantry,2026-09-01,2026-08-31T20:10:56.449296+00:00
woolworths,451923,Leggo's Roasted Garlic Chunky Tomato & Onion Pasta Sauce 500g,Leggo's,500g,3.3,3.3,0.66,100G,False,5,pasta sauce 500g,pantry,2026-09-01,2026-08-31T20:10:56.449296+00:00
woolworths,758377,Dolmio Classic Tomato With Basil Pasta Sauce 500g,Dolmio,500g,2.5,2.5,0.5,100G,False,6,pasta sauce 500g,pantry,2026-09-01,2026-08-31T20:10:56.449296+00:00
woolworths,6058442,Leggo's Beef Ragu with Chunky Tomato Garlic & Herbs Pasta Sauce 500g,Leggo's,500g,3.3,3.3,0.66,100G,False,7,pasta sauce 500g,pantry,2026-09-01,2026-08-31T20:10:56.449296+00:00
woolworths,952665,Woolworths Bechamel Cheese Lasagne Bake Sauce 500g,Woolworths,500g,3.3,3.3,0.66,100G,False,8,pasta sauce 500g,pantry,2026-09-01,2026-08-31T20:10:56.449296+00:00
woolworths,265492,Simply Wize Napolitana Pasta Sauce 500g,Simply Wize,500g,5.8,5.8,1.16,100G,False,9,pasta sauce 500g,pantry,2026-09-01,2026-08-31T20:10:56.449296+00:00
woolworths,6058426,Leggo's Marry Me Chicken Pasta Bake Sauce 500g,Leggo's,500g,4.3,4.3,0.86,100G,False,10,pasta sauce 500g,pantry,2026-09-01,2026-08-31T20:10:56.449296+00:00
coles,9978540,Coles Kitchen Pasta Sauce Carbonara,Coles Kitchen,480g,4.95,,1.03,100g,False,1,pasta sauce 500g,pantry,2026-09-01,2026-08-31T20:10:56.449296+00:00
coles,8070688,Island Pasta Company Puttanesca,Island Pasta Company,500g,11,,2.2,100g,False,2,pasta sauce 500g,pantry,2026-09-01,2026-08-31T20:10:56.449296+00:00
coles,9978529,Coles Kitchen Pasta Sauce Bolognese,Coles Kitchen,480g,4.95,,1.03,100g,False,3,pasta sauce 500g,pantry,2026-09-01,2026-08-31T20:10:56.449296+00:00
coles,8069420,Island Pasta Company Salsa Di Pomodoro,Island Pasta Company,500g,11,,2.2,100g,False,4,pasta sauce 500g,pantry,2026-09-01,2026-08-31T20:10:56.449296+00:00
coles,8070190,Island Pasta Company Sugo Ai Piselli,Island Pasta Company,500g,11,,2.2,100g,False,5,pasta sauce 500g,pantry,2026-09-01,2026-08-31T20:10:56.449296+00:00
coles,9978562,Coles Kitchen Pasta Sauce Tomato Basil,Coles Kitchen,480g,4.95,,1.03,100g,False,6,pasta sauce 500g,pantry,2026-09-01,2026-08-31T20:10:56.449296+00:00
coles,9954600,Latina Tomato & Garlic Pasta Sauce,Latina,250g,5.5,,2.2,100g,False,7,pasta sauce 500g,pantry,2026-09-01,2026-08-31T20:10:56.449296+00:00
coles,9954622,Latina Creamy Carbonara Pasta Sauce,Latina,250g,5.5,,2.2,100g,False,8,pasta sauce 500g,pantry,2026-09-01,2026-08-31T20:10:56.449296+00:00
coles,5404109,Latina Fresh Creamy Carbonara Pasta Sauce,Latina,425g,7.5,,1.76,100g,False,9,pasta sauce 500g,pantry,2026-09-01,2026-08-31T20:10:56.449296+00:00
coles,5220241,Latina Fresh Beef Bolognese Pasta Sauce,Latina,425g,7.5,,1.76,100g,False,10,pasta sauce 500g,pantry,2026-09-01,2026-08-31T20:10:56.449296+00:00
coles,5233232,Latina Fresh Italian Style Tomato & Garlic Pasta Sauce,Latina,425g,7.5,,1.76,100g,False,11,pasta sauce 500g,pantry,2026-09-01,2026-08-31T20:10:56.449296+00:00
coles,6026890,Latina Fresh Creamy Sun-dried Tomato Pasta Sauce,Latina,425g,7.5,,1.76,100g,False,12,pasta sauce 500g,pantry,2026-09-01,2026-08-31T20:10:56.449296+00:00
coles,9954644,Latina Creamy Sun Dried Tomato Sauce,Latina,250g,5.5,,2.2,100g,False,13,pasta sauce 500g,pantry,2026-09-01,2026-08-31T20:10:56.449296+00:00
coles,8155394,Rare Bear Mediterranean Vegetable Pasta Sauce,Rare Bear,450g,13.5,,3,100g,False,14,pasta sauce 500g,pantry,2026-09-01,2026-08-31T20:10:56.449296+00:00
coles,9164255,Providore Creamy Tomato Vodka Pasta Sauce,Providore,400g,5,6,1.25,100g,False,15,pasta sauce 500g,pantry,2026-09-01,2026-08-31T20:10:56.449296+00:00
coles,8154369,Rare Bear Fresh Basil & Tomato Pasta Sauce,Rare Bear,450g,13.5,,3,100g,False,16,pasta sauce 500g,pantry,2026-09-01,2026-08-31T20:10:56.449296+00:00
coles,9978370,Coles Kitchen Creamy Pesto Sauce,Coles Kitchen,480g,4.95,,1.03,100g,False,17,pasta sauce 500g,pantry,2026-09-01,2026-08-31T20:10:56.449296+00:00
coles,8155850,Rare Bear Roasted Tomato Garlic & Shiraz Pasta Sauce,Rare Bear,450g,13.5,,3,100g,False,18,pasta sauce 500g,pantry,2026-09-01,2026-08-31T20:10:56.449296+00:00
coles,8156047,Rare Bear Creamy Tomato Cashew & Vodka Pasta Sauce,Rare Bear,450g,13.5,,3,100g,False,19,pasta sauce 500g,pantry,2026-09-01,2026-08-31T20:10:56.449296+00:00
coles,1437467,Rana Tomato & Mascarpone Sauce,Rana,400g,6.3,9,1.58,100g,False,20,pasta sauce 500g,pantry,2026-09-01,2026-08-31T20:10:56.449296+00:00
coles,1437489,Rana Creamy Mushroom Sauce,Rana,400g,6.3,9,1.58,100g,False,21,pasta sauce 500g,pantry,2026-09-01,2026-08-31T20:10:56.449296+00:00
coles,9990670,On The Menu Fresh Bolognese Sauce,On The Menu,425g,5.5,7.5,,100g,True,22,pasta sauce 500g,pantry,2026-09-01,2026-08-31T20:10:56.449296+00:00
coles,9990648,On The Menu Fresh Napoli Sauce,On The Menu,425g,6,7.5,1.41,100g,False,23,pasta sauce 500g,pantry,2026-09-01,2026-08-31T20:10:56.449296+00:00
coles,8154380,Rare Bear Roasted Capsicum & Kalamata Olive Pasta Sauce,Rare Bear,450g,13.5,,3,100g,False,24,pasta sauce 500g,pantry,2026-09-01,2026-08-31T20:10:56.449296+00:00
coles,8154482,Rare Bear Tomato Mushroom & Truffle Infused Pasta Sauce,Rare Bear,450g,13.5,,3,100g,False,25,pasta sauce 500g,pantry,2026-09-01,2026-08-31T20:10:56.449296+00:00
coles,9990637,On The Menu Fresh Creamy Tomato Sauce,On The Menu,425g,6,7.5,1.41,100g,False,26,pasta sauce 500g,pantry,2026-09-01,2026-08-31T20:10:56.449296+00:00
coles,1072404,Dolmio Extra Pasta Sauce Meatballs,Dolmio Extra Pasta Sauce,500g,4.6,,0.92,100g,False,27,pasta sauce 500g,pantry,2026-09-01,2026-08-31T20:10:56.449296+00:00
coles,8020952,Lello Ortolana Sugo,Lello,500g,9.95,,1.99,100g,False,28,pasta sauce 500g,pantry,2026-09-01,2026-08-31T20:10:56.449296+00:00
coles,8020599,Lello Tomato & Basil Sugo,Lello,500g,9.95,,1.99,100g,False,29,pasta sauce 500g,pantry,2026-09-01,2026-08-31T20:10:56.449296+00:00
coles,8080240,Lello Spicy Calabrian Nduja Sugo,Lello,500g,11.5,,2.3,100g,False,30,pasta sauce 500g,pantry,2026-09-01,2026-08-31T20:10:56.449296+00:00
coles,8080251,Lello Vegan Bolognese Sugo,Lello,500g,9.95,,1.99,100g,False,31,pasta sauce 500g,pantry,2026-09-01,2026-08-31T20:10:56.449296+00:00
coles,7831440,Australian Organic Food Co Passata,Australian Organic Food Co,500g,4.4,,0.88,100g,False,32,pasta sauce 500g,pantry,2026-09-01,2026-08-31T20:10:56.449296+00:00
coles,8156819,Rare Bear Basil & Macadamia Pesto,Rare Bear,250g,13.5,,5.4,100g,False,33,pasta sauce 500g,pantry,2026-09-01,2026-08-31T20:10:56.449296+00:00
coles,8156150,Rare Bear Sundried Tomato & Macadamia Pesto,Rare Bear,250g,13.5,,5.4,100g,False,34,pasta sauce 500g,pantry,2026-09-01,2026-08-31T20:10:56.449296+00:00
coles,8156808,Rare Bear Roastd Capsicum Chilli & Cashew Pesto,Rare Bear,250g,13.5,,5.4,100g,False,35,pasta sauce 500g,pantry,2026-09-01,2026-08-31T20:10:56.449296+00:00
coles,8156783,Rare Bear Rocket & Pistachio Pesto,Rare Bear,250g,13.5,,5.4,100g,False,36,pasta sauce 500g,pantry,2026-09-01,2026-08-31T20:10:56.449296+00:00
coles,8156036,Rare Bear Roasted Garlic & Chilli Pesto,Rare Bear,250g,13.5,,5.4,100g,False,37,pasta sauce 500g,pantry,2026-09-01,2026-08-31T20:10:56.449296+00:00
coles,8156820,Rare Bear Parsley Lemon & Almond Pesto,Rare Bear,250g,13.5,,5.4,100g,False,38,pasta sauce 500g,pantry,2026-09-01,2026-08-31T20:10:56.449296+00:00
coles,1385512,Continental Pasta & Sauce Alfredo,Continental,80g,1.5,3,1.88,100g,False,39,pasta sauce 500g,pantry,2026-09-01,2026-08-31T20:10:56.449296+00:00
coles,2683833,Leggos Tuna Bake Pasta Sauce,Leggos,500g,4.3,,0.86,100g,False,40,pasta sauce 500g,pantry,2026-09-01,2026-08-31T20:10:56.449296+00:00
coles,8706217,Tutto Pasta Gluten Free Fettucine With Creamy Rose Sauce,Tutto Pasta,350g,9,,2.57,100g,False,41,pasta sauce 500g,pantry,2026-09-01,2026-08-31T20:10:56.449296+00:00
coles,3860560,Eskal Garden Vegetables Pasta Sauce,Eskal,340g,4.2,,1.24,100g,False,42,pasta sauce 500g,pantry,2026-09-01,2026-08-31T20:10:56.449296+00:00
coles,9528952,Divella Pronto Mediterraneo Pasta Sauce,Divella,680g,3.5,4.6,0.51,100g,False,43,pasta sauce 500g,pantry,2026-09-01,2026-08-31T20:10:56.449296+00:00
coles,2683844,Leggo's Creamy Tomato & Mozzarella Pasta Bake Sauce,Leggo's,500g,4.3,,0.86,100g,False,44,pasta sauce 500g,pantry,2026-09-01,2026-08-31T20:10:56.449296+00:00
coles,1385691,Continental Pasta & Sauce Four Cheeses,Continental,145g,4,,2.76,100g,False,45,pasta sauce 500g,pantry,2026-09-01,2026-08-31T20:10:56.449296+00:00
coles,1385614,Continental Pasta & Sauce Chicken Curry,Continental,145g,4,,2.76,100g,False,46,pasta sauce 500g,pantry,2026-09-01,2026-08-31T20:10:56.449296+00:00
coles,4727383,Continental Alfredo Family Pasta And Sauce,Continental,145g,4,,2.76,100g,False,47,pasta sauce 500g,pantry,2026-09-01,2026-08-31T20:10:56.449296+00:00
coles,1385465,Continental Pasta & Sauce Chicken Curry,Continental,80g,1.5,3,1.88,100g,False,48,pasta sauce 500g,pantry,2026-09-01,2026-08-31T20:10:56.449296+00:00
woolworths,601342,Woolworths Jasmine Rice 1kg,Woolworths,1kg,3.2,3.2,0.32,100G,False,1,jasmine rice 1kg,pantry,2026-09-01,2026-08-31T20:10:58.456889+00:00
woolworths,334882,Nice Rice Jasmine Rice 1kg,Nice Rice,1kg,4.5,4.5,0.45,100G,False,2,jasmine rice 1kg,pantry,2026-09-01,2026-08-31T20:10:58.456889+00:00
woolworths,961822,Sunrice Premium Thai Hom Mali Jasmine Rice 1kg,Sunrice,1kg,7.5,7.5,0.75,100G,False,3,jasmine rice 1kg,pantry,2026-09-01,2026-08-31T20:10:58.456889+00:00
woolworths,267557,Sunrice Rice Jasmine 1kg,Sunrice,1kg,3.25,4.55,0.33,100G,True,4,jasmine rice 1kg,pantry,2026-09-01,2026-08-31T20:10:58.456889+00:00
woolworths,6035128,ARMC Jasmine Rice 5kg,ARMC,5kg,30,30,0.6,100G,False,5,jasmine rice 1kg,pantry,2026-09-01,2026-08-31T20:10:58.456889+00:00
woolworths,109277,Sunrice Jasmine Rice 2kg,Sunrice,2kg,6.8,6.8,0.34,100G,False,6,jasmine rice 1kg,pantry,2026-09-01,2026-08-31T20:10:58.456889+00:00
woolworths,601343,Woolworths Jasmine Rice 5kg,Woolworths,5kg,13.5,13.5,0.27,100G,False,7,jasmine rice 1kg,pantry,2026-09-01,2026-08-31T20:10:58.456889+00:00
woolworths,803520,Sunrice Jasmine Fragrant Rice 5kg,Sunrice,5kg,27,27,0.54,100G,False,8,jasmine rice 1kg,pantry,2026-09-01,2026-08-31T20:10:58.456889+00:00
woolworths,755971,Macro Organic Jasmine Rice 750g,Macro,750g,4.8,4.8,0.64,100G,False,9,jasmine rice 1kg,pantry,2026-09-01,2026-08-31T20:10:58.456889+00:00
woolworths,6039185,Sunrice Premium Thai Hom Mali Jasmine Rice 5kg,Sunrice,5kg,17.9,35.8,0.36,100G,True,10,jasmine rice 1kg,pantry,2026-09-01,2026-08-31T20:10:58.456889+00:00
coles,5963814,Sunrice Jasmine Rice,Sunrice,1kg,4.5,,0.45,100g,False,1,jasmine rice 1kg,pantry,2026-09-01,2026-08-31T20:10:58.456889+00:00
coles,7499660,Nice Rice Australian Jasmine Rice,Nice Rice Australian,1Kg,4.5,,0.45,100g,False,2,jasmine rice 1kg,pantry,2026-09-01,2026-08-31T20:10:58.456889+00:00
coles,7423217,Sunrice Jasmine Rice,Sunrice,2kg,6.8,,0.34,100g,False,3,jasmine rice 1kg,pantry,2026-09-01,2026-08-31T20:10:58.456889+00:00
coles,4363786,Sunrice Jasmine White Rice,Sunrice,5kg,13.5,27,0.27,100g,False,4,jasmine rice 1kg,pantry,2026-09-01,2026-08-31T20:10:58.456889+00:00
coles,8739056,Sunrice Premium Jasmine,Sunrice,1Kg,7.5,,0.75,100g,False,5,jasmine rice 1kg,pantry,2026-09-01,2026-08-31T20:10:58.456889+00:00
coles,8739067,Sunrice Premium Jasmine,Sunrice,5kg,35,,0.7,100g,False,6,jasmine rice 1kg,pantry,2026-09-01,2026-08-31T20:10:58.456889+00:00
coles,8703004,Coles Jasmine Rice,Coles,1kg,3.5,,0.35,100g,False,7,jasmine rice 1kg,pantry,2026-09-01,2026-08-31T20:10:58.456889+00:00
coles,9540299,Coles Jasmine Rice,Coles,2kg,5.5,,0.27,100g,False,8,jasmine rice 1kg,pantry,2026-09-01,2026-08-31T20:10:58.456889+00:00
coles,2599420,Coles Jasmine Rice,Coles,5kg,13.5,,0.27,100g,False,9,jasmine rice 1kg,pantry,2026-09-01,2026-08-31T20:10:58.456889+00:00
coles,7639464,Dragon Jasmine Rice,Dragon,5kg,23,,0.46,100g,False,10,jasmine rice 1kg,pantry,2026-09-01,2026-08-31T20:10:58.456889+00:00
coles,4685294,Sungrow Rice Jasmine,Sungrow,1 kg,3.25,,0.33,100g,False,11,jasmine rice 1kg,pantry,2026-09-01,2026-08-31T20:10:58.456889+00:00
coles,1135140,Fortune Everyday Jasmine Rice,Fortune,10kg,30,,0.3,100g,False,12,jasmine rice 1kg,pantry,2026-09-01,2026-08-31T20:10:58.456889+00:00
coles,1135184,Fortune Fragrant Jasmine Rice,Fortune,10Kg,34,,0.34,100g,False,13,jasmine rice 1kg,pantry,2026-09-01,2026-08-31T20:10:58.456889+00:00
coles,4685308,Sungrow Rice Jasmine,Sungrow,5Kg,13,,0.26,100g,False,14,jasmine rice 1kg,pantry,2026-09-01,2026-08-31T20:10:58.456889+00:00
coles,7746704,Sunrice Microwave Jasmine Rice Pouch,Sunrice,450g,3.95,,0.88,100g,False,15,jasmine rice 1kg,pantry,2026-09-01,2026-08-31T20:10:58.456889+00:00
coles,4854380,Sunrice Microwave Jasmine Rice Pouch,Sunrice,250g,3,,1.2,100g,False,16,jasmine rice 1kg,pantry,2026-09-01,2026-08-31T20:10:58.456889+00:00
coles,1856506,Sunrice Protein+ Jasmine Rice Pouch,Sunrice,250g,4.5,,1.8,100g,False,17,jasmine rice 1kg,pantry,2026-09-01,2026-08-31T20:10:58.456889+00:00
coles,8478509,Sunrice Microwave Jasmine Rice Cup 2x125g,Sunrice,250g,3.5,,1.4,100g,False,18,jasmine rice 1kg,pantry,2026-09-01,2026-08-31T20:10:58.456889+00:00
coles,1856540,Sunrice Mwr Protein Jasmine Rice Cup,Sunrice,250g,4.5,,1.8,100g,False,19,jasmine rice 1kg,pantry,2026-09-01,2026-08-31T20:10:58.456889+00:00
coles,1155068,Kroya Fragrant Jasmine Rice,Kroya,2Kg,8,,0.4,100g,False,20,jasmine rice 1kg,pantry,2026-09-01,2026-08-31T20:10:58.456889+00:00
coles,7639293,Thai Moon Hom Mali Jasmine Rice,Thai Moon,5kg,27,,0.54,100g,False,21,jasmine rice 1kg,pantry,2026-09-01,2026-08-31T20:10:58.456889+00:00
coles,1302005,Kroya Fragrant Purple Jasmine Rice,Kroya,5kg,18,,3.6,1kg,False,22,jasmine rice 1kg,pantry,2026-09-01,2026-08-31T20:10:58.456889+00:00
coles,8471383,Coles Microwave Jasmine Rice,Coles,250g,1.65,,0.66,100g,False,23,jasmine rice 1kg,pantry,2026-09-01,2026-08-31T20:10:58.456889+00:00
woolworths,793114,Weet-Bix Breakfast Cereal 575g,Weet-Bix,575g,5,5,0.87,100G,False,1,weet-bix 575g,pantry,2026-09-01,2026-08-31T20:11:00.315668+00:00
woolworths,245169,Weet-Bix Blends Multi Grain+ Breakfast Cereal 575g,Weet-Bix,575g,5,6.5,0.87,100G,True,2,weet-bix 575g,pantry,2026-09-01,2026-08-31T20:11:00.315668+00:00
woolworths,200695,Weet-Bix Breakfast Cereal 1.2kg,Weet-Bix,1.2kg,7,7,0.58,100G,False,3,weet-bix 575g,pantry,2026-09-01,2026-08-31T20:11:00.315668+00:00
woolworths,142976,Weet-Bix Little Kids Breakfast Cereal 400g,Weet-Bix,400g,5,5,1.25,100G,False,4,weet-bix 575g,pantry,2026-09-01,2026-08-31T20:11:00.315668+00:00
woolworths,199796,Weet-Bix Honey & Golden Oats 450g,Weet-Bix,450g,5,6.5,1.11,100G,True,5,weet-bix 575g,pantry,2026-09-01,2026-08-31T20:11:00.315668+00:00
woolworths,319430,Weet-Bix Bites Apricot Breakfast Cereal 500g,Weet-Bix,500g,4.5,6.5,0.9,100G,True,6,weet-bix 575g,pantry,2026-09-01,2026-08-31T20:11:00.315668+00:00
woolworths,658537,Weet-Bix Cholesterol Lowering Breakfast Cereal 440g,Weet-Bix,440g,7.5,7.5,1.7,100G,False,7,weet-bix 575g,pantry,2026-09-01,2026-08-31T20:11:00.315668+00:00
woolworths,476928,Weet-Bix Gluten Free Coconut & Cinnamon Breakfast Cereal 400g,Weet-Bix,400g,5.5,5.5,1.38,100G,False,8,weet-bix 575g,pantry,2026-09-01,2026-08-31T20:11:00.315668+00:00
woolworths,794875,Weet-Bix Gluten Free Breakfast Cereal 375g,Weet-Bix,375g,5,5,1.33,100G,False,9,weet-bix 575g,pantry,2026-09-01,2026-08-31T20:11:00.315668+00:00
woolworths,33021,Weet-Bix Breakfast Cereal 375g,Weet-Bix,375g,4,4,1.07,100G,False,10,weet-bix 575g,pantry,2026-09-01,2026-08-31T20:11:00.315668+00:00
coles,2001784,Sanitarium Weet-bix Breakfast Cereal,Sanitarium,575g,3.5,5,0.61,100g,False,1,weet-bix 575g,pantry,2026-09-01,2026-08-31T20:11:00.315668+00:00
coles,429612,Sanitarium Weet-bix Multi-grain Breakfast Cereal,Sanitarium,575g,6.5,,1.13,100g,False,2,weet-bix 575g,pantry,2026-09-01,2026-08-31T20:11:00.315668+00:00
coles,9393015,Sanitarium Weet-bix Cereal,Sanitarium,1.2kg,7,,0.58,100g,False,3,weet-bix 575g,pantry,2026-09-01,2026-08-31T20:11:00.315668+00:00
coles,133117,Sanitarium Weet-bix Breakfast Cereal,Sanitarium,375g,4,,1.07,100g,False,4,weet-bix 575g,pantry,2026-09-01,2026-08-31T20:11:00.315668+00:00
coles,4951376,Sanitarium Weet-bix Bites Apricot Breakfast Cereal,Sanitarium,500g,6.5,,1.3,100g,False,5,weet-bix 575g,pantry,2026-09-01,2026-08-31T20:11:00.315668+00:00
coles,2001365,Sanitarium Weet-bix Gluten Free Breakfast Cereal,Sanitarium,375g,5,,1.33,100g,False,6,weet-bix 575g,pantry,2026-09-01,2026-08-31T20:11:00.315668+00:00
coles,3049630,Sanitarium Weet-bix Cholesterol Lowering Breakfast Cereal,Sanitarium,440g,7.5,,1.7,100g,False,7,weet-bix 575g,pantry,2026-09-01,2026-08-31T20:11:00.315668+00:00
coles,2715951,Sanitarium Weet-bix Cranberry & Coconut Breakfast Cereal,Sanitarium,450g,6.5,,1.44,100g,False,8,weet-bix 575g,pantry,2026-09-01,2026-08-31T20:11:00.315668+00:00
coles,5002998,Sanitarium Weet-bix Honey & Golden Oats Breakfast Cereal,Sanitarium,450g,6.5,,1.44,100g,False,9,weet-bix 575g,pantry,2026-09-01,2026-08-31T20:11:00.315668+00:00
coles,4951398,Sanitarium Weet-bix Bites Wild Berry Breakfast Cereal,Sanitarium,500g,6.5,,1.3,100g,False,10,weet-bix 575g,pantry,2026-09-01,2026-08-31T20:11:00.315668+00:00
coles,9623884,Sanitarium Weet-bix Bites Honey Crunch Breakfast Cereal,Sanitarium,510g,6.5,,1.27,100g,False,11,weet-bix 575g,pantry,2026-09-01,2026-08-31T20:11:00.315668+00:00
coles,2715962,Sanitarium Weet-bix Gluten Free Coconut & Cinnamon Breakfast Cereal,Sanitarium,400g,5.5,,1.38,100g,False,12,weet-bix 575g,pantry,2026-09-01,2026-08-31T20:11:00.315668+00:00
coles,1556047,Sanitarium Weet-bix Protein Bites Caramel Crunch,Sanitarium,510g,8,,1.57,100g,False,13,weet-bix 575g,pantry,2026-09-01,2026-08-31T20:11:00.315668+00:00
coles,4233292,Sanitarium Weet-bix Little Kids Essentials Breakfast Cereal,Sanitarium,400g,5,,1.25,100g,False,14,weet-bix 575g,pantry,2026-09-01,2026-08-31T20:11:00.315668+00:00
coles,8127832,Sanitarium Weet-bix Bites Coco Crunch Breakfast Cereal,Sanitarium,500g,6.5,,1.3,100g,False,15,weet-bix 575g,pantry,2026-09-01,2026-08-31T20:11:00.315668+00:00
coles,7299242,Coles Simply Wheat Biscuits,Coles Simply,1.12Kg,5.6,,0.5,100g,False,16,weet-bix 575g,pantry,2026-09-01,2026-08-31T20:11:00.315668+00:00
coles,6949091,U.K. Whole Wheat Biscuits,U.K.,430g,9,,2.09,100g,False,17,weet-bix 575g,pantry,2026-09-01,2026-08-31T20:11:00.315668+00:00
woolworths,321220,Woolworths Rolled Traditional Oats 750g,Woolworths,750g,1.6,1.6,0.21,100G,False,1,rolled oats 750g,pantry,2026-09-01,2026-08-31T20:11:02.195941+00:00
woolworths,321222,Woolworths Quick Oats 750g,Woolworths,750g,1.6,1.6,0.21,100G,False,2,rolled oats 750g,pantry,2026-09-01,2026-08-31T20:11:02.195941+00:00
woolworths,700524,Macro Organic Rolled Oats 500g,Macro,500g,3,3,0.6,100G,False,3,rolled oats 750g,pantry,2026-09-01,2026-08-31T20:11:02.195941+00:00
woolworths,664723,Macro Organic Oats Rolled Unstabilised 500g,Macro,500g,3.8,3.8,0.76,100G,False,4,rolled oats 750g,pantry,2026-09-01,2026-08-31T20:11:02.195941+00:00
woolworths,37678,Uncle Tobys Rolled Oats Traditional Porridge 500g,Uncle Tobys,500g,3.6,4.5,0.72,100G,True,5,rolled oats 750g,pantry,2026-09-01,2026-08-31T20:11:02.195941+00:00
woolworths,31129,Uncle Tobys Rolled Oats Quick Porridge 500g,Uncle Tobys,500g,3.6,4.5,0.72,100G,True,6,rolled oats 750g,pantry,2026-09-01,2026-08-31T20:11:02.195941+00:00
woolworths,430908,Red Tractor Protein Creamy Style Instant Oats Original 750g,Red Tractor,750g,7.7,7.7,1.03,100G,False,7,rolled oats 750g,pantry,2026-09-01,2026-08-31T20:11:02.195941+00:00
woolworths,196293,Woolworths Australian Rolled Oats 1.5kg,Woolworths,1.5kg,3,3,0.2,100G,False,8,rolled oats 750g,pantry,2026-09-01,2026-08-31T20:11:02.195941+00:00
woolworths,609556,Jordans Simply Crunchy Oat Granola Honey 750g,Jordans,750g,5.6,7,0.75,100G,True,9,rolled oats 750g,pantry,2026-09-01,2026-08-31T20:11:02.195941+00:00
woolworths,913389,Macro Organic Australian Rolled Oats 1kg,Macro,1kg,5.8,5.8,0.58,100G,False,10,rolled oats 750g,pantry,2026-09-01,2026-08-31T20:11:02.195941+00:00
coles,152020,Uncle Tobys Quick Oats Porridge,Uncle Tobys,500g,4.5,,0.9,100g,False,1,rolled oats 750g,pantry,2026-09-01,2026-08-31T20:11:02.195941+00:00
coles,5290338,Coles Quick Oats,Coles,900g,1.95,,0.22,100g,False,2,rolled oats 750g,pantry,2026-09-01,2026-08-31T20:11:02.195941+00:00
coles,3970820,Coles Organic Rolled Oats,Coles Organic,500g,3,,0.6,100g,False,3,rolled oats 750g,pantry,2026-09-01,2026-08-31T20:11:02.195941+00:00
coles,152009,Uncle Tobys Porridge Oats Quick,Uncle Tobys,1kg,6.5,,0.65,100g,False,4,rolled oats 750g,pantry,2026-09-01,2026-08-31T20:11:02.195941+00:00
coles,4972693,Coles Simply Rolled Oats,Coles Simply,1.8Kg,3.5,,0.19,100g,False,5,rolled oats 750g,pantry,2026-09-01,2026-08-31T20:11:02.195941+00:00
coles,3970943,Coles Organic Quick Oats,Coles Organic,500g,3,,0.6,100g,False,6,rolled oats 750g,pantry,2026-09-01,2026-08-31T20:11:02.195941+00:00
coles,4972412,Coles Simply Quick Oats,Coles Simply,1.8Kg,3.5,,0.19,100g,False,7,rolled oats 750g,pantry,2026-09-01,2026-08-31T20:11:02.195941+00:00
coles,3897399,Red Tractor Wheat Free Rolled Oats,Red Tractor,600g,7,,1.17,100g,False,8,rolled oats 750g,pantry,2026-09-01,2026-08-31T20:11:02.195941+00:00
coles,3185296,Red Tractor Organic Rolled Oats,Red Tractor,1kg,8,,0.8,100g,False,9,rolled oats 750g,pantry,2026-09-01,2026-08-31T20:11:02.195941+00:00
coles,3185310,Red Tractor Australian Rolled Oats,Red Tractor,1kg,5,,0.5,100g,False,10,rolled oats 750g,pantry,2026-09-01,2026-08-31T20:11:02.195941+00:00
coles,299732,Uncle Tobys Traditional Rolled Oats,Uncle Tobys,500g,4.5,,0.9,100g,False,11,rolled oats 750g,pantry,2026-09-01,2026-08-31T20:11:02.195941+00:00
coles,254971,Uncle Tobys Porridge Oats Original,Uncle Tobys,1kg,6.5,,0.65,100g,False,12,rolled oats 750g,pantry,2026-09-01,2026-08-31T20:11:02.195941+00:00
coles,2604189,Coles Quick Oats Honey Flavoured Sachets 12 Pack,Coles,420g,3.7,,,100g,False,13,rolled oats 750g,pantry,2026-09-01,2026-08-31T20:11:02.195941+00:00
coles,3992505,Uncle Tobys Oats Quick Sachets Berry Variety,Uncle Tobys,350g,7,,2,100g,False,14,rolled oats 750g,pantry,2026-09-01,2026-08-31T20:11:02.195941+00:00
coles,6038006,Bellamy's Organic Porridge Baby Cereal,Bellamy's Organic,125g,3.95,,3.16,100g,False,15,rolled oats 750g,pantry,2026-09-01,2026-08-31T20:11:02.195941+00:00
coles,8386331,Paleo Pure Power Porridge Sugar Free,Paleo Pure,300g,15,,5,100g,False,16,rolled oats 750g,pantry,2026-09-01,2026-08-31T20:11:02.195941+00:00
coles,3993202,Uncle Tobys Oats Quick Sachets Breakfast Cereal Original Big Bowl,Uncle Tobys,368g,7,,1.9,100g,False,17,rolled oats 750g,pantry,2026-09-01,2026-08-31T20:11:02.195941+00:00
coles,8386262,Paleo Pure Power Porridge Berries And Cinnamon,Paleo Pure,300g,15,,5,100g,False,18,rolled oats 750g,pantry,2026-09-01,2026-08-31T20:11:02.195941+00:00
coles,3992684,Uncle Tobys Oats Quick Sachets Creamy Vanilla,Uncle Tobys,350g,7,,2,100g,False,19,rolled oats 750g,pantry,2026-09-01,2026-08-31T20:11:02.195941+00:00
coles,3992629,Uncle Tobys Oats Quick Sachets Creamy Honey,Uncle Tobys,350g,7,,2,100g,False,20,rolled oats 750g,pantry,2026-09-01,2026-08-31T20:11:02.195941+00:00
coles,3992527,Uncle Tobys Oats Quick Sachets Classic Variety,Uncle Tobys,350g,7,,2,100g,False,21,rolled oats 750g,pantry,2026-09-01,2026-08-31T20:11:02.195941+00:00
coles,9333498,Uncle Tobys Oats Quick Sachets Protein Variety,Uncle Tobys,280g,7,,2.5,100g,False,22,rolled oats 750g,pantry,2026-09-01,2026-08-31T20:11:02.195941+00:00
coles,1593757,Carman's Protein Porridge Sachets Caramelised Biscuit,Carman's,300g,7.5,,2.5,100g,False,23,rolled oats 750g,pantry,2026-09-01,2026-08-31T20:11:02.195941+00:00
coles,1854409,Rafferty's Garden Banana & Vanilla Porridge 12 Months,Rafferty's Garden,200g,4.8,6,2.4,100g,False,24,rolled oats 750g,pantry,2026-09-01,2026-08-31T20:11:02.195941+00:00
coles,3993177,Uncle Tobys Oats Quick Sachets Breakfast Cereal Original,Uncle Tobys,680g,10,,1.47,100g,False,25,rolled oats 750g,pantry,2026-09-01,2026-08-31T20:11:02.195941+00:00
coles,3992560,Uncle Tobys Oats Quick Sachets Brown Sugar & Cinnamon,Uncle Tobys,350g,7,,2,100g,False,26,rolled oats 750g,pantry,2026-09-01,2026-08-31T20:11:02.195941+00:00
coles,9720268,Uncle Tobys Sachets Oats Quick 10 Pack,Uncle Tobys,340g,7,,2.06,100g,False,27,rolled oats 750g,pantry,2026-09-01,2026-08-31T20:11:02.195941+00:00
coles,3993166,Uncle Tobys Oats Quick Sachets Breakfast Cereal Creamy Honey,Uncle Tobys,700g,10,,1.43,100g,False,28,rolled oats 750g,pantry,2026-09-01,2026-08-31T20:11:02.195941+00:00
coles,7674192,Uncle Tobys Oats Quick Sachets Big Bowl Vanilla Protein,Uncle Tobys,368g,7,,1.9,100g,False,29,rolled oats 750g,pantry,2026-09-01,2026-08-31T20:11:02.195941+00:00
coles,7674206,Uncle Tobys Oats Quick Sachets Berry Protein Big Bowl,Uncle Tobys,368g,7,,1.9,100g,False,30,rolled oats 750g,pantry,2026-09-01,2026-08-31T20:11:02.195941+00:00
coles,3994908,Uncle Tobys Oats Quick Sachets Breakfast Cereal Hi Fibre,Uncle Tobys,320g,7,,2.19,100g,False,31,rolled oats 750g,pantry,2026-09-01,2026-08-31T20:11:02.195941+00:00
coles,1736763,Carman's Porridge Sachets Apple Sultana & Cinnamon 8 Pack,Carman's,320g,7.5,,2.34,100g,False,32,rolled oats 750g,pantry,2026-09-01,2026-08-31T20:11:02.195941+00:00
coles,2390700,Carman's Porridge Sachets Super Berry & Coconut 8 Pack,Carman's,320g,7.5,,2.34,100g,False,33,rolled oats 750g,pantry,2026-09-01,2026-08-31T20:11:02.195941+00:00
coles,9194020,Carman's Oat Cups Protein Porridge Creamy Honey 2 Pack,Carman's,100g,6.5,,6.5,100g,False,34,rolled oats 750g,pantry,2026-09-01,2026-08-31T20:11:02.195941+00:00
coles,2877090,Carman's Porridge Sachets Honey Vanilla & Cinnamon 8 Pack,Carman's,320g,7.5,,2.34,100g,False,35,rolled oats 750g,pantry,2026-09-01,2026-08-31T20:11:02.195941+00:00
coles,3993144,Uncle Tobys Oats Quick Sachets Breakfast Cereal Creamy Honey Big Bowl,Uncle Tobys,368g,7,,1.9,100g,False,36,rolled oats 750g,pantry,2026-09-01,2026-08-31T20:11:02.195941+00:00
coles,3990893,Carman's Porridge Sachets Protein Rich Almond Vanilla & Cinnamon 6 Pack,Carman's,270g,7.5,,2.78,100g,False,37,rolled oats 750g,pantry,2026-09-01,2026-08-31T20:11:02.195941+00:00
coles,2877104,Carman's Porridge Sachets Natural 5 Grain & Super Seed 8 Pack,Carman's,320g,7.5,,2.34,100g,False,38,rolled oats 750g,pantry,2026-09-01,2026-08-31T20:11:02.195941+00:00
coles,5290305,Coles Oats Rolled,Coles,900g,1.95,,0.22,100g,False,39,rolled oats 750g,pantry,2026-09-01,2026-08-31T20:11:02.195941+00:00
coles,3609803,Rafferty's Garden Apple Pear & Cinnamon Porridge Baby Food Pouch 6+ Months,Rafferty's Garden,120g,2.3,,1.92,100g,False,40,rolled oats 750g,pantry,2026-09-01,2026-08-31T20:11:02.195941+00:00
coles,3609789,Rafferty's Garden Banana Pear & Mango Porridge Baby Food Pouch 6+ Months,Rafferty's Garden,120g,2.3,,1.92,100g,False,41,rolled oats 750g,pantry,2026-09-01,2026-08-31T20:11:02.195941+00:00
coles,8997018,Farex Creamy Baby Porridge With Apple Juice Baby Food Pouch 6+ Months,Farex,120g,1.8,,1.5,100g,False,42,rolled oats 750g,pantry,2026-09-01,2026-08-31T20:11:02.195941+00:00
coles,1719844,CUB Apple Banana & Mango Porridge Baby Food Pouch 6+ Months,CUB,120g,1,,0.83,100g,False,43,rolled oats 750g,pantry,2026-09-01,2026-08-31T20:11:02.195941+00:00
coles,1593768,Carman's Protein Overnight Chia & Oat Sachets Creamy Vanilla Bean,Carman's,240g,7.5,,3.13,100g,False,44,rolled oats 750g,pantry,2026-09-01,2026-08-31T20:11:02.195941+00:00
coles,5120269,Coles Kitchen Honey Porridge High Protein,Coles Kitchen,260g,3,4,,100g,True,45,rolled oats 750g,pantry,2026-09-01,2026-08-31T20:11:02.195941+00:00
coles,1593860,Uncle Tobys Overnight Oat Sachets Strawberry & Vanilla Flavour,Uncle Tobys,350g,7,,2,100g,False,46,rolled oats 750g,pantry,2026-09-01,2026-08-31T20:11:02.195941+00:00
coles,1609959,Uncle Tobys Oats Quick Sachets Protein Cinnamon Scroll Flavour,Uncle Tobys,280g,7,,2.5,100g,False,47,rolled oats 750g,pantry,2026-09-01,2026-08-31T20:11:02.195941+00:00
coles,1609948,Uncle Tobys Oats Quick Sachets Protein Blueberry & Maple Pancake Flavour,Uncle Tobys,280g,7,,2.5,100g,False,48,rolled oats 750g,pantry,2026-09-01,2026-08-31T20:11:02.195941+00:00
woolworths,233922,Woolworths Smooth Peanut Butter 500g,Woolworths,500g,3.2,3.2,0.64,100G,False,1,peanut butter 500g,pantry,2026-09-01,2026-08-31T20:11:05.371467+00:00
woolworths,1125895867,Protein Supplies Australia Whey Protein Powder Choc Peanut Butter 500g,Protein Supplies Australia,500G,44.95,44.95,8.99,100G,False,2,peanut butter 500g,pantry,2026-09-01,2026-08-31T20:11:05.371467+00:00
woolworths,1123912237,Protein Supplies Australia Whey Protein Isolate Peanut Butter 500g,Protein Supplies Australia,500G,59.95,59.95,11.99,100G,False,3,peanut butter 500g,pantry,2026-09-01,2026-08-31T20:11:05.371467+00:00
woolworths,233925,Woolworths Crunchy Peanut Butter 500g,Woolworths,500g,3.2,3.2,0.64,100G,False,4,peanut butter 500g,pantry,2026-09-01,2026-08-31T20:11:05.371467+00:00
woolworths,6057018,Schmackos Strapz Dog Treats Temptin' Peanut Butter 500g,Schmackos,500g,17,17,3.4,100G,False,5,peanut butter 500g,pantry,2026-09-01,2026-08-31T20:11:05.371467+00:00
woolworths,6016172,Baxter's Dog Treats Jerky Sticks Peanut Butter Flavour 500g,Baxter's,500g,8,8,1.6,100G,False,6,peanut butter 500g,pantry,2026-09-01,2026-08-31T20:11:05.371467+00:00
woolworths,160116,Mayver's Dark Roasted Peanut Butter Crunchy 750g,Mayver's,750g,10.6,10.6,1.41,100G,False,7,peanut butter 500g,pantry,2026-09-01,2026-08-31T20:11:05.371467+00:00
woolworths,165365,Woolworths Peanuts In Shell 500g,Woolworths,500g,6,6,12,1KG,False,8,peanut butter 500g,pantry,2026-09-01,2026-08-31T20:11:05.371467+00:00
woolworths,127012,Mayver's Smooth Peanut Butter 750g,Mayver's,750g,10.6,10.6,1.41,100G,False,9,peanut butter 500g,pantry,2026-09-01,2026-08-31T20:11:05.371467+00:00
woolworths,126650,Mayver's Crunchy Peanut Butter 750g,Mayver's,750g,10.6,10.6,1.41,100G,False,10,peanut butter 500g,pantry,2026-09-01,2026-08-31T20:11:05.371467+00:00
coles,8100621,Coles Peanut Butter Smooth,Coles,500g,3.4,,0.68,100g,False,1,peanut butter 500g,pantry,2026-09-01,2026-08-31T20:11:05.371467+00:00
coles,8100632,Coles Peanut Butter Crunchy,Coles,500g,3.4,,0.68,100g,False,2,peanut butter 500g,pantry,2026-09-01,2026-08-31T20:11:05.371467+00:00
coles,1054446,Bega Whipped Peanut Butter,Bega,375g,6,,1.6,100g,False,3,peanut butter 500g,pantry,2026-09-01,2026-08-31T20:11:05.371467+00:00
coles,5459552,Mayver's Crunchy Peanut Butter,Mayver's,750g,10.6,,1.41,100g,False,4,peanut butter 500g,pantry,2026-09-01,2026-08-31T20:11:05.371467+00:00
coles,5459530,Mayver's Smooth Peanut Butter,Mayver's,750g,10.6,,1.41,100g,False,5,peanut butter 500g,pantry,2026-09-01,2026-08-31T20:11:05.371467+00:00
coles,181641,Bega Peanut Butter Smooth,Bega,200g,3.7,,1.85,100g,False,6,peanut butter 500g,pantry,2026-09-01,2026-08-31T20:11:05.371467+00:00
coles,181652,Bega Peanut Butter Crunchy,Bega,200g,3.7,,1.85,100g,False,7,peanut butter 500g,pantry,2026-09-01,2026-08-31T20:11:05.371467+00:00
coles,5398753,Bega Peanut Butter Smooth,Bega,470g,5.5,6.9,1.17,100g,False,8,peanut butter 500g,pantry,2026-09-01,2026-08-31T20:11:05.371467+00:00
coles,2120207,Pic's Peanut Butter Crunchy,Pic's,380g,7,,1.84,100g,False,9,peanut butter 500g,pantry,2026-09-01,2026-08-31T20:11:05.371467+00:00
coles,9039355,Mayver's Squeezy Smooth Peanut Butter,Mayver's Squeezy,300 GRAM,4.5,,,100g,True,10,peanut butter 500g,pantry,2026-09-01,2026-08-31T20:11:05.371467+00:00
coles,2120218,Pic's Peanut Butter Smooth,Pic's,380g,7,,1.84,100g,False,11,peanut butter 500g,pantry,2026-09-01,2026-08-31T20:11:05.371467+00:00
coles,2080135,Coles Organic Crunchy Peanut Butter,Coles Organic,375g,5.4,,,100g,False,12,peanut butter 500g,pantry,2026-09-01,2026-08-31T20:11:05.371467+00:00
coles,130629,Bega Spread Peanut Butter Crunchy,Bega,375g,5.8,,1.55,100g,False,13,peanut butter 500g,pantry,2026-09-01,2026-08-31T20:11:05.371467+00:00
coles,130607,Bega Spread Peanut Butter Smooth,Bega,375g,5.8,,1.55,100g,False,14,peanut butter 500g,pantry,2026-09-01,2026-08-31T20:11:05.371467+00:00
coles,5390911,Bega Spread Peanut Butter Crunchy,Bega,470g,5.5,6.9,1.17,100g,False,15,peanut butter 500g,pantry,2026-09-01,2026-08-31T20:11:05.371467+00:00
coles,1050343,Mayver's Smunchy  Protein+ Peanut Butter,Mayver's,750g,11.6,,1.55,100g,False,16,peanut butter 500g,pantry,2026-09-01,2026-08-31T20:11:05.371467+00:00
coles,7034033,Bega Peanut Butter Crunchy,Bega,755g,7.4,,0.98,100g,False,17,peanut butter 500g,pantry,2026-09-01,2026-08-31T20:11:05.371467+00:00
coles,7034011,Bega Peanut Butter Smooth,Bega,755g,7.4,,0.98,100g,False,18,peanut butter 500g,pantry,2026-09-01,2026-08-31T20:11:05.371467+00:00
coles,9039162,Mayver's No Stir Crunchy Peanut Butter,Mayver's,450g,7,,1.56,100g,False,19,peanut butter 500g,pantry,2026-09-01,2026-08-31T20:11:05.371467+00:00
coles,9039151,Mayver's No Stir Smooth Peanut Butter,Mayver's,450g,7,,1.56,100g,False,20,peanut butter 500g,pantry,2026-09-01,2026-08-31T20:11:05.371467+00:00
coles,7042370,Pics Peanut Butter Smoochy,Pics,380g,7,,1.84,100g,False,21,peanut butter 500g,pantry,2026-09-01,2026-08-31T20:11:05.371467+00:00
coles,3579236,Mayver's Smunchy Natural Unsalted Peanut Butter,Mayver's,375g,5,6.3,1.33,100g,False,22,peanut butter 500g,pantry,2026-09-01,2026-08-31T20:11:05.371467+00:00
coles,8100687,Coles Peanut Butter Crunchy,Coles,1kg,6.5,,0.65,100g,False,23,peanut butter 500g,pantry,2026-09-01,2026-08-31T20:11:05.371467+00:00
coles,8100665,Coles Peanut Butter Smooth,Coles,1kg,6.5,,0.65,100g,False,24,peanut butter 500g,pantry,2026-09-01,2026-08-31T20:11:05.371467+00:00
coles,1822843,Mayver's Smooth Protein Fibre+ Peanut Butter,Mayver's,375g,7.3,,1.95,100g,False,25,peanut butter 500g,pantry,2026-09-01,2026-08-31T20:11:05.371467+00:00
coles,1820429,Mayver's Upside Down Crunchy Peanut Butter,Mayver's,450g,8.5,,1.89,100g,False,26,peanut butter 500g,pantry,2026-09-01,2026-08-31T20:11:05.371467+00:00
coles,1820087,Mayver's Upside Down Smooth Peanut Butter,Mayver's,450g,8.5,,1.89,100g,False,27,peanut butter 500g,pantry,2026-09-01,2026-08-31T20:11:05.371467+00:00
coles,3851172,Mayvers Extra Crunchy Natural Peanut Butter,Mayvers,375g,5,6.3,1.33,100g,False,28,peanut butter 500g,pantry,2026-09-01,2026-08-31T20:11:05.371467+00:00
coles,9059250,Bega Spread Peanut Butter Light Smooth,Bega,470g,5.5,6.9,1.17,100g,False,29,peanut butter 500g,pantry,2026-09-01,2026-08-31T20:11:05.371467+00:00
coles,1822989,Mayver's No Stir Squeezy Smooth Peanut Butter,Mayver's,300g,6,,2,100g,False,30,peanut butter 500g,pantry,2026-09-01,2026-08-31T20:11:05.371467+00:00
coles,9059181,Bega Spread Peanut Butter Light Crunchy,Bega,470g,5.5,6.9,1.17,100g,False,31,peanut butter 500g,pantry,2026-09-01,2026-08-31T20:11:05.371467+00:00
coles,5459574,Mayver's Dark Roast Crunchy Peanut Butter,Mayver's,750g,10.6,,1.41,100g,False,32,peanut butter 500g,pantry,2026-09-01,2026-08-31T20:11:05.371467+00:00
coles,7024175,Mayvers Smooth Chocolate Protein+ Peanut Butter,Mayvers,375g,7.3,,1.95,100g,False,33,peanut butter 500g,pantry,2026-09-01,2026-08-31T20:11:05.371467+00:00
coles,2621643,Mayver's Smooth Natural Peanut Butter,Mayver's,375g,5,6.3,1.33,100g,False,34,peanut butter 500g,pantry,2026-09-01,2026-08-31T20:11:05.371467+00:00
coles,2621632,Mayver's Crunchy Natural Peanut Butter,Mayver's,375g,5,6.3,1.33,100g,False,35,peanut butter 500g,pantry,2026-09-01,2026-08-31T20:11:05.371467+00:00
coles,1054606,Mayver's Chocolate Hazelnut Peanut Butter,Mayver's,280g,5,6.3,1.79,100g,False,36,peanut butter 500g,pantry,2026-09-01,2026-08-31T20:11:05.371467+00:00
coles,3791092,Bega Simply Nuts Smooth Natural Peanut Butter,Bega,650g,8,,1.23,100g,False,37,peanut butter 500g,pantry,2026-09-01,2026-08-31T20:11:05.371467+00:00
coles,3791106,Bega Simply Nuts Crunchy Natural Peanut Butter,Bega,650g,8,,1.23,100g,False,38,peanut butter 500g,pantry,2026-09-01,2026-08-31T20:11:05.371467+00:00
coles,3447600,Bega Simply Nuts Smooth Natural Peanut Butter,Bega,325g,5.9,,1.82,100g,False,39,peanut butter 500g,pantry,2026-09-01,2026-08-31T20:11:05.371467+00:00
coles,3447596,Bega Simply Nuts Crunchy Natural Peanut Butter,Bega,325g,5.9,,1.82,100g,False,40,peanut butter 500g,pantry,2026-09-01,2026-08-31T20:11:05.371467+00:00
coles,8067071,Byron Bay Peanut Butter Crunchy Salted,Byron Bay,375g,8.9,,2.37,100g,False,41,peanut butter 500g,pantry,2026-09-01,2026-08-31T20:11:05.371467+00:00
coles,8067184,Byron Bay Peanut Butter Crunchy Unsalted,Byron Bay,375g,8.9,,2.37,100g,False,42,peanut butter 500g,pantry,2026-09-01,2026-08-31T20:11:05.371467+00:00
coles,8066964,Byron Bay Peanut Butter Smooth Unsalted,Byron Bay,375g,8.9,,2.37,100g,False,43,peanut butter 500g,pantry,2026-09-01,2026-08-31T20:11:05.371467+00:00
coles,8060505,Byron Bay Peanut Butter Smooth Salted,Byron Bay,375g,8.9,,2.37,100g,False,44,peanut butter 500g,pantry,2026-09-01,2026-08-31T20:11:05.371467+00:00
coles,2897371,Mayver's Natural Peanut Butter High Protein,Mayver's,375g,7.3,,1.95,100g,False,45,peanut butter 500g,pantry,2026-09-01,2026-08-31T20:11:05.371467+00:00
coles,1150938,Bega Peanut Butter Smooth Portion 50 Pack,Bega,550g,15,,2.73,100g,False,46,peanut butter 500g,pantry,2026-09-01,2026-08-31T20:11:05.371467+00:00
coles,1820688,Mayver's Upside Down Salted Caramel Peanut Butter,Mayver's,450g,8.5,,1.89,100g,False,47,peanut butter 500g,pantry,2026-09-01,2026-08-31T20:11:05.371467+00:00
coles,2622001,Mayver's Crunchy Dark Roast Natural Peanut Butter,Mayver's,375g,6.3,,1.68,100g,False,48,peanut butter 500g,pantry,2026-09-01,2026-08-31T20:11:05.371467+00:00
woolworths,796439,Vegemite Spread 380g,Vegemite,380g,7.7,7.7,2.03,100G,False,1,vegemite 380g,pantry,2026-09-01,2026-08-31T20:11:07.352216+00:00
woolworths,280512,Vegemite Spread 560g,Vegemite,560g,9.9,9.9,1.77,100G,False,2,vegemite 380g,pantry,2026-09-01,2026-08-31T20:11:07.352216+00:00
woolworths,281263,Vegemite Spread 150g,Vegemite,150g,4.2,4.2,2.8,100G,False,3,vegemite 380g,pantry,2026-09-01,2026-08-31T20:11:07.352216+00:00
woolworths,840274,Vegemite Gluten Free Spread 235g,Vegemite,235g,5.7,5.7,2.43,100G,False,4,vegemite 380g,pantry,2026-09-01,2026-08-31T20:11:07.352216+00:00
woolworths,97722,Vegemite 40% Less Salt 235g,Vegemite,235g,5.7,5.7,2.43,100G,False,5,vegemite 380g,pantry,2026-09-01,2026-08-31T20:11:07.352216+00:00
woolworths,333060,Vegemite Cheesy Bite Spread 270g,Vegemite,270g,5.1,5.1,1.89,100G,False,6,vegemite 380g,pantry,2026-09-01,2026-08-31T20:11:07.352216+00:00
woolworths,812783,Arnott's Shapes Vegemite & Cheese Cracker Biscuits 165g,Arnott's,165g,4,4,2.42,100G,False,7,vegemite 380g,pantry,2026-09-01,2026-08-31T20:11:07.352216+00:00
woolworths,105557,Vegemite Squeezy 350g,Vegemite,350g,6.8,6.8,1.94,100G,False,8,vegemite 380g,pantry,2026-09-01,2026-08-31T20:11:07.352216+00:00
woolworths,62842,Vege Chips Natural 100g,Vege Chips,100g,3.4,4.9,3.4,100G,True,9,vegemite 380g,pantry,2026-09-01,2026-08-31T20:11:07.352216+00:00
woolworths,812784,Arnott's Shapes Cracker Biscuits Vegemite & Cheese 8 pack,Arnott's,8 pack,5,5,2.5,100G,False,10,vegemite 380g,pantry,2026-09-01,2026-08-31T20:11:07.352216+00:00
coles,5998852,Vegemite Spread,Vegemite,380g,7.7,,2.03,100g,True,1,vegemite 380g,pantry,2026-09-01,2026-08-31T20:11:07.352216+00:00
coles,6027622,Vegemite Spread,Vegemite,560g,9.9,,1.77,100g,False,2,vegemite 380g,pantry,2026-09-01,2026-08-31T20:11:07.352216+00:00
coles,3447643,Vegemite Gluten Free Spread,Vegemite,235g,5.7,,2.43,100g,False,3,vegemite 380g,pantry,2026-09-01,2026-08-31T20:11:07.352216+00:00
coles,6032961,Vegemite Spread,Vegemite,150g,4.2,,2.8,100g,False,4,vegemite 380g,pantry,2026-09-01,2026-08-31T20:11:07.352216+00:00
coles,3852620,Vegemite Squeeze,Vegemite,200g,3.5,4.4,,100g,True,5,vegemite 380g,pantry,2026-09-01,2026-08-31T20:11:07.352216+00:00
coles,7277239,Vegemite Cheesybite Spread,Vegemite,270g,5.1,,1.89,100g,False,6,vegemite 380g,pantry,2026-09-01,2026-08-31T20:11:07.352216+00:00
coles,3852630,Vegemite Squeeze,Vegemite,350g,6.8,,1.94,100g,False,7,vegemite 380g,pantry,2026-09-01,2026-08-31T20:11:07.352216+00:00
coles,1819827,Vegemite Kids Spread,Vegemite,220g,5.7,,2.59,100g,False,8,vegemite 380g,pantry,2026-09-01,2026-08-31T20:11:07.352216+00:00
coles,5485847,Vegemite 40% Salt Reduced,Vegemite,400g,7.8,,1.95,100g,False,9,vegemite 380g,pantry,2026-09-01,2026-08-31T20:11:07.352216+00:00
coles,3741980,Vegemite 40% Salt Reduced,Vegemite,235g,5.7,,2.43,100g,False,10,vegemite 380g,pantry,2026-09-01,2026-08-31T20:11:07.352216+00:00
coles,1150927,Vegemite Portions 90 Pack,Vegemite,432g,25,,5.79,100g,False,11,vegemite 380g,pantry,2026-09-01,2026-08-31T20:11:07.352216+00:00
coles,7171453,Coles Cheesy Vegemite Scroll,Coles,1 Pack,2.75,3.25,2.75,1ea,False,12,vegemite 380g,pantry,2026-09-01,2026-08-31T20:11:07.352216+00:00
coles,8706181,Coles Vegemite Twist,Coles,2 Pack,3.6,,1.8,1ea,False,13,vegemite 380g,pantry,2026-09-01,2026-08-31T20:11:07.352216+00:00
coles,3410960,Arnott's Shapes Vegemite & Cheese Cracker Biscuits,Arnott's,165g,2,4,1.21,100g,False,14,vegemite 380g,pantry,2026-09-01,2026-08-31T20:11:07.352216+00:00
coles,8013582,Coles Bakery Mini Wholemeal Cheesy Vegemite Scrolls,Coles Bakery,4 Pack,5.5,,1.38,1ea,False,15,vegemite 380g,pantry,2026-09-01,2026-08-31T20:11:07.352216+00:00
coles,2992248,Arnott's Shapes Vegemite & Cheese Lunchbox Multipack 8 Pack,Arnott's,200g,3.5,5,1.75,100g,False,16,vegemite 380g,pantry,2026-09-01,2026-08-31T20:11:07.352216+00:00
woolworths,248084,Woolworths Extra Virgin Olive Oil 500mL,Woolworths,500mL,11,11,2.2,100ML,False,1,olive oil 500ml,pantry,2026-09-01,2026-08-31T20:11:09.186255+00:00
woolworths,698956,Woolworths Spanish Extra Virgin Olive Oil 500mL,Woolworths,500mL,7,9,1.4,100ML,True,2,olive oil 500ml,pantry,2026-09-01,2026-08-31T20:11:09.186255+00:00
woolworths,698866,Woolworths Mediterranean Mellow Olive Oil 500mL,Woolworths,500mL,7,9,1.4,100ML,True,3,olive oil 500ml,pantry,2026-09-01,2026-08-31T20:11:09.186255+00:00
woolworths,49301,Moro Tradicional Mild Taste Olive Oil 500mL,Moro,500mL,16,16,3.2,100ML,False,4,olive oil 500ml,pantry,2026-09-01,2026-08-31T20:11:09.186255+00:00
woolworths,807200,Monini Organic Extra Virgin Olive Oil 500mL,Monini,500mL,17.5,17.5,3.5,100ML,False,5,olive oil 500ml,pantry,2026-09-01,2026-08-31T20:11:09.186255+00:00
woolworths,49304,Moro Delicado Light Taste Olive Oil 500mL,Moro,500mL,16,16,3.2,100ML,False,6,olive oil 500ml,pantry,2026-09-01,2026-08-31T20:11:09.186255+00:00
woolworths,6079345,Moro Organico Extra Virgin Olive Oil 500mL,Moro,500mL,17.5,17.5,3.5,100ML,False,7,olive oil 500ml,pantry,2026-09-01,2026-08-31T20:11:09.186255+00:00
woolworths,25065,Moro Primero Extra Virgin Olive Oil 500mL,Moro,500mL,16,16,3.2,100ML,False,8,olive oil 500ml,pantry,2026-09-01,2026-08-31T20:11:09.186255+00:00
woolworths,1120429671,Glass Cooking Olive Oil 500ml 4 Pack Dispenser Bottles for Kitchen,,1EA,99.95,99.95,,,False,9,olive oil 500ml,pantry,2026-09-01,2026-08-31T20:11:09.186255+00:00
woolworths,562983,Macro Organic Extra Virgin Olive Oil Mediterranean 500mL,Macro Organic,500mL,8.8,8.8,1.76,100ML,False,10,olive oil 500ml,pantry,2026-09-01,2026-08-31T20:11:09.186255+00:00
coles,5295524,Coles Classic Olive Oil,Coles,500mL,9,,1.8,100ml,False,1,olive oil 500ml,pantry,2026-09-01,2026-08-31T20:11:09.186255+00:00
coles,4485229,Red Island Extra Virgin Olive Oil,Red Island,500mL,11.5,13,2.3,100ml,False,2,olive oil 500ml,pantry,2026-09-01,2026-08-31T20:11:09.186255+00:00
coles,5295546,Coles Extra Mild Olive Oil,Coles,500mL,9,,1.8,100ml,False,3,olive oil 500ml,pantry,2026-09-01,2026-08-31T20:11:09.186255+00:00
coles,5449504,Coles Extra Virgin Olive Oil,Coles,500mL,9,,1.8,100ml,False,4,olive oil 500ml,pantry,2026-09-01,2026-08-31T20:11:09.186255+00:00
coles,6108531,Coles Organic Extra Virgin Olive Oil,Coles Organic,500mL,9,,1.8,100ml,False,5,olive oil 500ml,pantry,2026-09-01,2026-08-31T20:11:09.186255+00:00
coles,5833943,La Espanola Extra Virgin Olive Oil,La Espanola,500mL,16,,3.2,100ml,False,6,olive oil 500ml,pantry,2026-09-01,2026-08-31T20:11:09.186255+00:00
coles,5833477,La Espanola Mild & Light Olive Oil,La Espanola,500mL,16,,3.2,100ml,False,7,olive oil 500ml,pantry,2026-09-01,2026-08-31T20:11:09.186255+00:00
coles,5118143,Moro Delicado Light Taste Olive Oil,Moro,500mL,10,16,2,100ml,False,8,olive oil 500ml,pantry,2026-09-01,2026-08-31T20:11:09.186255+00:00
coles,5118132,Moro Primero Extra Virgin Olive Oil,Moro,500mL,10,16,2,100ml,False,9,olive oil 500ml,pantry,2026-09-01,2026-08-31T20:11:09.186255+00:00
coles,3233402,La Espanola Olive Oil,La Espanola,3.78L,36,40,0.95,100ml,False,10,olive oil 500ml,pantry,2026-09-01,2026-08-31T20:11:09.186255+00:00
coles,3401493,Coles Simply Olive Oil,Coles Simply,1L,10,,1,100ml,False,11,olive oil 500ml,pantry,2026-09-01,2026-08-31T20:11:09.186255+00:00
coles,6749445,Cobram Ultra Premium Picual Extra Virgin Olive Oil,Cobram,500mL,30,,6,100ml,False,12,olive oil 500ml,pantry,2026-09-01,2026-08-31T20:11:09.186255+00:00
coles,4982450,Monini Organic Premium Selection Extra Virgin Olive Oil,Monini,500mL,17.5,,3.5,100ml,False,13,olive oil 500ml,pantry,2026-09-01,2026-08-31T20:11:09.186255+00:00
coles,7909060,Bertolli Classico Olive Oil,Bertolli,750mL,14,26,1.87,100ml,False,14,olive oil 500ml,pantry,2026-09-01,2026-08-31T20:11:09.186255+00:00
coles,4689954,Cobram Estate Garlic Infused Extra Virgin Olive Oil,Cobram Estate,500mL,19.5,,3.9,100ml,False,15,olive oil 500ml,pantry,2026-09-01,2026-08-31T20:11:09.186255+00:00
coles,5489768,Coles Classic Olive Oil,Coles,1L,14,,1.4,100ml,False,16,olive oil 500ml,pantry,2026-09-01,2026-08-31T20:11:09.186255+00:00
coles,7909285,Bertolli Light Tasting Olive Oil,Bertolli,750mL,14,26,1.87,100ml,False,17,olive oil 500ml,pantry,2026-09-01,2026-08-31T20:11:09.186255+00:00
coles,7908522,Bertolli Extra Virgin Olive Oil,Bertolli,750mL,14,26,1.87,100ml,False,18,olive oil 500ml,pantry,2026-09-01,2026-08-31T20:11:09.186255+00:00
coles,134608,Moro Tradicional Olive Oil,Moro,1L,27,,2.7,100ml,False,19,olive oil 500ml,pantry,2026-09-01,2026-08-31T20:11:09.186255+00:00
coles,6749536,Cobram Estate Ultra Premium Hojiblanca Extra Virgin Olive Oil,Cobram Estate,500mL,30,,6,100ml,False,20,olive oil 500ml,pantry,2026-09-01,2026-08-31T20:11:09.186255+00:00
coles,6749354,Cobram Estate Ultra Premium Coratina Extra Virgin Olive Oil,Cobram Estate,500mL,30,,6,100ml,False,21,olive oil 500ml,pantry,2026-09-01,2026-08-31T20:11:09.186255+00:00
coles,3672300,Boulder Olive Oil Canyon Chip,Boulder,142g,9,,6.34,100g,False,22,olive oil 500ml,pantry,2026-09-01,2026-08-31T20:11:09.186255+00:00
coles,4484770,Red Island Extra Virgin Olive Oil,Red Island,250mL,7,,2.8,100ml,False,23,olive oil 500ml,pantry,2026-09-01,2026-08-31T20:11:09.186255+00:00
coles,3233399,La Espanola Extra Virgin Olive Oil,La Espanola,3.78L,40,,1.06,100ml,False,24,olive oil 500ml,pantry,2026-09-01,2026-08-31T20:11:09.186255+00:00
coles,6571900,Red Island Extra Virgin Olive Oil,Red Island,1L,25,,2.5,100ml,False,25,olive oil 500ml,pantry,2026-09-01,2026-08-31T20:11:09.186255+00:00
coles,4690002,Red Island Extra Virgin Olive Oil,Red Island,3L,50,60,1.67,100ml,False,26,olive oil 500ml,pantry,2026-09-01,2026-08-31T20:11:09.186255+00:00
coles,4491469,Cobram Estate Extra Virgin Olive Oil,Cobram Estate,750mL,20,25,2.67,100ml,False,27,olive oil 500ml,pantry,2026-09-01,2026-08-31T20:11:09.186255+00:00
coles,5607376,Coles Extra Virgin Olive Oil,Coles,1L,14,,1.4,100ml,False,28,olive oil 500ml,pantry,2026-09-01,2026-08-31T20:11:09.186255+00:00
coles,5295535,Coles Extra Mild Olive Oil,Coles,1L,15,,1.5,100ml,False,29,olive oil 500ml,pantry,2026-09-01,2026-08-31T20:11:09.186255+00:00
coles,405614,Moro Tradicional Mild Taste Olive Oil,Moro,4L,65,,1.63,100ml,False,30,olive oil 500ml,pantry,2026-09-01,2026-08-31T20:11:09.186255+00:00
coles,6542902,La Espanola Extra Virgin Olive Oil,La Espanola,4L,55,,1.38,100ml,False,31,olive oil 500ml,pantry,2026-09-01,2026-08-31T20:11:09.186255+00:00
coles,5833557,La Espanola Extra Virgin Olive Oil,La Espanola,1L,26,,2.6,100ml,False,32,olive oil 500ml,pantry,2026-09-01,2026-08-31T20:11:09.186255+00:00
coles,3526116,La Espanola Olive Oil Mild Flavour,La Espanola,1L,26,,2.6,100ml,False,33,olive oil 500ml,pantry,2026-09-01,2026-08-31T20:11:09.186255+00:00
coles,5847020,La Espanola Mild & Light Olive Oil,La Espanola,1L,26,,2.6,100ml,False,34,olive oil 500ml,pantry,2026-09-01,2026-08-31T20:11:09.186255+00:00
coles,8370681,Cobram Estate Extra Virgin Olive Oil Robust,Cobram Estate,375mL,13,,3.47,100ml,False,35,olive oil 500ml,pantry,2026-09-01,2026-08-31T20:11:09.186255+00:00
coles,9389517,Cobram Estate Extra Virgin Olive Oil Classic,Cobram Estate,375mL,13,,3.47,100ml,False,36,olive oil 500ml,pantry,2026-09-01,2026-08-31T20:11:09.186255+00:00
coles,8370400,Cobram Estate Extra Virgin Olive Oil Robust,Cobram Estate,750mL,20,25,2.67,100ml,False,37,olive oil 500ml,pantry,2026-09-01,2026-08-31T20:11:09.186255+00:00
coles,7452099,Cobram Estate Extra Virgin Olive Oil Light,Cobram Estate,375mL,13,,3.47,100ml,False,38,olive oil 500ml,pantry,2026-09-01,2026-08-31T20:11:09.186255+00:00
coles,4992657,La Espanola Extra Virgin Olive Oil Spray,La Espanola,200mL,7.5,,3.75,100ml,False,39,olive oil 500ml,pantry,2026-09-01,2026-08-31T20:11:09.186255+00:00
coles,4995600,Coles Australian Extra Virgin Olive Oil,Coles,1L,19,,1.9,100ml,False,40,olive oil 500ml,pantry,2026-09-01,2026-08-31T20:11:09.186255+00:00
coles,4495131,Jingilli Olive Oil Extra Virgin Devine,Jingilli,2L,52,,2.6,100ml,False,41,olive oil 500ml,pantry,2026-09-01,2026-08-31T20:11:09.186255+00:00
coles,5118100,Moro Primero Extra Virgin Olive Oil,Moro,1L,27,,2.7,100ml,False,42,olive oil 500ml,pantry,2026-09-01,2026-08-31T20:11:09.186255+00:00
coles,5150598,Moro El Delicado Light Taste Olive Oil,Moro,4L,65,,1.63,100ml,False,43,olive oil 500ml,pantry,2026-09-01,2026-08-31T20:11:09.186255+00:00
coles,8371232,Cobram Estate Extra Virgin Olive Oil Classic,Cobram Estate,3L,65,,2.17,100ml,False,44,olive oil 500ml,pantry,2026-09-01,2026-08-31T20:11:09.186255+00:00
coles,4746683,La Espanola Organic Extra Virgin Olive Oil,La Espanola,1L,28,,2.8,100ml,False,45,olive oil 500ml,pantry,2026-09-01,2026-08-31T20:11:09.186255+00:00
coles,5153360,Moro Primero Extra Virgin Olive Oil,Moro,4L,65,,1.63,100ml,False,46,olive oil 500ml,pantry,2026-09-01,2026-08-31T20:11:09.186255+00:00
coles,5118110,Moro El Delicado Light Taste Olive Oil,Moro,1L,27,,2.7,100ml,False,47,olive oil 500ml,pantry,2026-09-01,2026-08-31T20:11:09.186255+00:00
coles,3526604,Monini Classico Extra Virgin Olive Oil,Monini,750mL,22,,2.93,100ml,False,48,olive oil 500ml,pantry,2026-09-01,2026-08-31T20:11:09.186255+00:00
woolworths,33282,Woolworths Essentials Plain Flour 1kg,Woolworths Essentials,1kg,1.3,1.3,1.3,1KG,False,1,plain flour 1kg,pantry,2026-09-01,2026-08-31T20:11:11.217225+00:00
woolworths,215462,Macro Organic Plain Flour 1kg,Macro,1kg,4.7,4.7,4.7,1KG,False,2,plain flour 1kg,pantry,2026-09-01,2026-08-31T20:11:11.217225+00:00
woolworths,535605,Woolworths Wholemeal Plain Flour 1kg,Woolworths,1kg,2.2,2.2,2.2,1KG,False,3,plain flour 1kg,pantry,2026-09-01,2026-08-31T20:11:11.217225+00:00
woolworths,33064,White Wings Plain Flour 1kg,White Wings,1kg,3.4,3.4,3.4,1KG,False,4,plain flour 1kg,pantry,2026-09-01,2026-08-31T20:11:11.217225+00:00
woolworths,262665,Lighthouse Bread & Pizza Plain Flour 1kg,Lighthouse,1kg,4,4,4,1KG,False,5,plain flour 1kg,pantry,2026-09-01,2026-08-31T20:11:11.217225+00:00
woolworths,262660,Lighthouse Biscuit Pastry & Cake Plain Flour 1kg,Lighthouse,1kg,4,4,4,1KG,False,6,plain flour 1kg,pantry,2026-09-01,2026-08-31T20:11:11.217225+00:00
woolworths,142314,Vetta Smart Protein Plain Flour 1kg,Vetta,1kg,3.6,4.5,3.6,1KG,True,7,plain flour 1kg,pantry,2026-09-01,2026-08-31T20:11:11.217225+00:00
woolworths,228764,White Wings Plain Flour Wholemeal 1kg,White Wings,1kg,2.7,3.4,2.7,1KG,True,8,plain flour 1kg,pantry,2026-09-01,2026-08-31T20:11:11.217225+00:00
woolworths,230949,The Healthy Baker Plain Flour Easy Store 1kg,The Healthy Baker,1kg,3.25,3.25,3.25,1KG,False,9,plain flour 1kg,pantry,2026-09-01,2026-08-31T20:11:11.217225+00:00
woolworths,180265,Macro Organic Australian Wholemeal Plain Flour Unbleached 1kg,Macro,1kg,4.7,4.7,4.7,1KG,False,10,plain flour 1kg,pantry,2026-09-01,2026-08-31T20:11:11.217225+00:00
coles,119455,White Wings Plain Flour,White Wings,1Kg,2.5,3.4,2.5,1kg,False,1,plain flour 1kg,pantry,2026-09-01,2026-08-31T20:11:11.217225+00:00
coles,5881232,Coles Simply Plain Flour,Coles Simply,1Kg,1.3,,1.3,1kg,False,2,plain flour 1kg,pantry,2026-09-01,2026-08-31T20:11:11.217225+00:00
coles,6480918,The Healthy Baker Plain Flour,The Healthy Baker,1Kg,3.25,,3.25,1kg,False,3,plain flour 1kg,pantry,2026-09-01,2026-08-31T20:11:11.217225+00:00
coles,3767780,The Kind Harvest Plain Flour,The Kind Harvest,1kg,1.25,2.7,1.25,1kg,False,4,plain flour 1kg,pantry,2026-09-01,2026-08-31T20:11:11.217225+00:00
coles,9651019,Coles Organic Plain Flour,Coles,1kg,4.7,,4.7,1kg,False,5,plain flour 1kg,pantry,2026-09-01,2026-08-31T20:11:11.217225+00:00
coles,5880943,Coles Simply Wholemeal Plain Flour,Coles Simply,1Kg,2.2,,2.2,1kg,False,6,plain flour 1kg,pantry,2026-09-01,2026-08-31T20:11:11.217225+00:00
coles,5895930,Lighthouse Plain Flour Bread & Pizza,Lighthouse,1Kg,3.2,4,3.2,1kg,False,7,plain flour 1kg,pantry,2026-09-01,2026-08-31T20:11:11.217225+00:00
coles,3236262,Lo-fo Pantry Low Fodmap Plain Flour,Lo-fo Pantry,1 kg,5,,5,1kg,False,8,plain flour 1kg,pantry,2026-09-01,2026-08-31T20:11:11.217225+00:00
coles,5880841,Coles Simply Plain Flour,Coles Simply,2Kg,2.4,,1.2,1kg,False,9,plain flour 1kg,pantry,2026-09-01,2026-08-31T20:11:11.217225+00:00
coles,119466,White Wings Plain Flour,White Wings,2Kg,4.4,,2.2,1kg,False,10,plain flour 1kg,pantry,2026-09-01,2026-08-31T20:11:11.217225+00:00
coles,4354741,The Kind Harvest Plain Flour,The Kind Harvest,2kg,4.5,,2.25,1kg,False,11,plain flour 1kg,pantry,2026-09-01,2026-08-31T20:11:11.217225+00:00
coles,1135366,Goodman Fielder Plain Flour,Goodman Fielder,12.5Kg,17.5,,1.4,1kg,False,12,plain flour 1kg,pantry,2026-09-01,2026-08-31T20:11:11.217225+00:00
coles,5895893,Lighthouse Flour Plain Cake Biscuit And Pastry,Lighthouse,1Kg,3.2,4,3.2,1kg,False,13,plain flour 1kg,pantry,2026-09-01,2026-08-31T20:11:11.217225+00:00
coles,8137836,White Wings Gluten Free Plain Flour,White Wings,500g,4.5,,9,1kg,False,14,plain flour 1kg,pantry,2026-09-01,2026-08-31T20:11:11.217225+00:00
coles,2478197,Coles I'm Free From Plain Flour Gluten Free,Coles I'm Free From,500g,2.4,,4.8,1kg,False,15,plain flour 1kg,pantry,2026-09-01,2026-08-31T20:11:11.217225+00:00
coles,4418990,Laucke Wallaby Bakers Plain Flour,Laucke,5kg,14,,2.8,1kg,False,16,plain flour 1kg,pantry,2026-09-01,2026-08-31T20:11:11.217225+00:00
coles,8907220,Orgran Gluten Free All Purpose Plain Flour,Orgran,500g,3.5,4.2,7,1kg,False,17,plain flour 1kg,pantry,2026-09-01,2026-08-31T20:11:11.217225+00:00
coles,119535,White Wings Self Raising Flour,White Wings,1kg,2.5,3.4,2.5,1kg,False,18,plain flour 1kg,pantry,2026-09-01,2026-08-31T20:11:11.217225+00:00
coles,7488970,Mckenzie's Buckwheat Flour Resealable,Mckenzie's,300g,3.2,4,10.67,1kg,False,19,plain flour 1kg,pantry,2026-09-01,2026-08-31T20:11:11.217225+00:00
coles,7488981,Mckenzie's Wholemeal Spelt Flour Resealable,Mckenzie's,300g,3.2,4,10.67,1kg,False,20,plain flour 1kg,pantry,2026-09-01,2026-08-31T20:11:11.217225+00:00
woolworths,33156,CSR White Sugar 1kg,CSR,1kg,2.3,2.3,0.23,100G,False,1,white sugar 1kg,pantry,2026-09-01,2026-08-31T20:11:12.984425+00:00
woolworths,58537,Woolworths Essentials White Sugar 1kg,Woolworths Essentials,1kg,1.8,1.8,0.18,100G,False,2,white sugar 1kg,pantry,2026-09-01,2026-08-31T20:11:12.984425+00:00
woolworths,1111987349,Aqua Naturals Sugar White 9kg,Aqua Natural,1EA,59.95,59.95,,,False,3,white sugar 1kg,pantry,2026-09-01,2026-08-31T20:11:12.984425+00:00
woolworths,33157,CSR White Sugar 2kg,CSR,2kg,3.5,3.5,0.18,100G,False,4,white sugar 1kg,pantry,2026-09-01,2026-08-31T20:11:12.984425+00:00
woolworths,91869,Woolworths Essentials White Sugar 3kg,Woolworths Essentials,3kg,3.85,3.85,0.13,100G,False,5,white sugar 1kg,pantry,2026-09-01,2026-08-31T20:11:12.984425+00:00
woolworths,5743,Woolworths Essentials White Sugar 2kg,Woolworths Essentials,2kg,2.6,2.6,0.13,100G,False,6,white sugar 1kg,pantry,2026-09-01,2026-08-31T20:11:12.984425+00:00
woolworths,335936,CSR White Sugar 500g,CSR,500g,1.95,1.95,0.39,100G,False,7,white sugar 1kg,pantry,2026-09-01,2026-08-31T20:11:12.984425+00:00
woolworths,36630,CSR Raw Sugar 1kg,CSR,1kg,2.9,2.9,0.29,100G,False,8,white sugar 1kg,pantry,2026-09-01,2026-08-31T20:11:12.984425+00:00
woolworths,38022,CSR Caster Sugar 1kg,CSR,1kg,2.7,3.15,0.27,100G,True,9,white sugar 1kg,pantry,2026-09-01,2026-08-31T20:11:12.984425+00:00
woolworths,37736,CSR Brown Sugar Dark 1kg,CSR,1kg,4.6,4.6,0.46,100G,False,10,white sugar 1kg,pantry,2026-09-01,2026-08-31T20:11:12.984425+00:00
coles,120104,CSR White Sugar,CSR,1kg,2.3,,0.23,100g,False,1,white sugar 1kg,pantry,2026-09-01,2026-08-31T20:11:12.984425+00:00
coles,5422530,Coles Simply Australian White Sugar,Coles Simply,1Kg,1.8,,0.18,100g,False,2,white sugar 1kg,pantry,2026-09-01,2026-08-31T20:11:12.984425+00:00
coles,384740,CSR White Sugar,CSR,2kg,3.5,,0.18,100g,False,3,white sugar 1kg,pantry,2026-09-01,2026-08-31T20:11:12.984425+00:00
coles,3771903,CSR White Sugar,CSR,500g,1.95,,0.39,100g,False,4,white sugar 1kg,pantry,2026-09-01,2026-08-31T20:11:12.984425+00:00
coles,5422541,Coles Simply White Sugar,Coles Simply,2Kg,2.6,,0.13,100g,False,5,white sugar 1kg,pantry,2026-09-01,2026-08-31T20:11:12.984425+00:00
woolworths,687062,Nescafe Gold Orginal Soluble Instant Coffee 200g,Nescafe,200g,16,23,8,100G,True,1,instant coffee 200g,pantry,2026-09-01,2026-08-31T20:11:14.887507+00:00
woolworths,687036,Nescafe Gold Intense Soluble Instant Coffee 200g,Nescafe,200g,16,23,8,100G,True,2,instant coffee 200g,pantry,2026-09-01,2026-08-31T20:11:14.887507+00:00
woolworths,17950,Woolworths Essentials Instant Coffee Granulated 200g,Woolworths Essentials,200g,6.5,6.5,3.25,100G,False,3,instant coffee 200g,pantry,2026-09-01,2026-08-31T20:11:14.887507+00:00
woolworths,35681,Moccona Freeze Dried Instant Coffee Classic Medium Roast 200g,Moccona,200g,23.6,23.6,11.8,100G,False,4,instant coffee 200g,pantry,2026-09-01,2026-08-31T20:11:14.887507+00:00
woolworths,248699,Robert Timms Premium Full-Bodied Granulated Coffee 200g,Robert Timms,200g,15,15,7.5,100G,False,5,instant coffee 200g,pantry,2026-09-01,2026-08-31T20:11:14.887507+00:00
woolworths,371037,Moccona Freeze Dried Instant Coffee Specialty Blend Rich 200g,Moccona,200g,17,23.6,8.5,100G,True,6,instant coffee 200g,pantry,2026-09-01,2026-08-31T20:11:14.887507+00:00
woolworths,92393,Moccona Freeze Dried Instant Coffee Indulgence Dark 200g,Moccona,200g,17,23.6,8.5,100G,True,7,instant coffee 200g,pantry,2026-09-01,2026-08-31T20:11:14.887507+00:00
woolworths,17605,Moccona Freeze Dried Instant Coffee Specialty Blend Indulgence 200g,Moccona,200g,17,23.6,8.5,100G,True,8,instant coffee 200g,pantry,2026-09-01,2026-08-31T20:11:14.887507+00:00
woolworths,478354,Bushells Powdered Coffee Classic 200g,Bushells,200g,10,10,5,100G,False,9,instant coffee 200g,pantry,2026-09-01,2026-08-31T20:11:14.887507+00:00
woolworths,341164,Moccona Freeze Dried Instant Coffee Mocha Kenya Style 200g,Moccona,200g,23.6,23.6,11.8,100G,False,10,instant coffee 200g,pantry,2026-09-01,2026-08-31T20:11:14.887507+00:00
coles,7647688,Urban Coffee Culture Freeze Dried Instant Coffee,Urban Coffee Culture,100g,5,,5,100g,False,1,instant coffee 200g,pantry,2026-09-01,2026-08-31T20:11:14.887507+00:00
coles,8456958,Bushells Classic Gourmet Instant Coffee,Bushells,200g,10,,5,100g,False,2,instant coffee 200g,pantry,2026-09-01,2026-08-31T20:11:14.887507+00:00
coles,7479357,Moccona Espresso Style Bold & Intense Instant Coffee,Moccona,200g,14,23.6,7,100g,False,3,instant coffee 200g,pantry,2026-09-01,2026-08-31T20:11:14.887507+00:00
coles,7479324,Moccona French Style Smooth & Rounded Instant Coffee,Moccona,200g,14,23.6,7,100g,False,4,instant coffee 200g,pantry,2026-09-01,2026-08-31T20:11:14.887507+00:00
coles,8009246,Vittoria Freeze Dried Oro Nero Instant Coffee,Vittoria,200g,23,,11.5,100g,False,5,instant coffee 200g,pantry,2026-09-01,2026-08-31T20:11:14.887507+00:00
coles,7479335,Moccona Mocha Kenya Style Rich & Exotic Instant Coffee,Moccona,200g,14,23.6,7,100g,False,6,instant coffee 200g,pantry,2026-09-01,2026-08-31T20:11:14.887507+00:00
coles,8048033,Nescafe Gold Original Instant Coffee Jar,Nescafe,200g,23,,11.5,100g,False,7,instant coffee 200g,pantry,2026-09-01,2026-08-31T20:11:14.887507+00:00
coles,231251,Moccona Classic Medium Roast Instant Coffee,Moccona,200g,14,23.6,7,100g,False,8,instant coffee 200g,pantry,2026-09-01,2026-08-31T20:11:14.887507+00:00
coles,8009337,Vittoria Freeze Dried Brazil Rex Instant Coffee,Vittoria,200g,23,,11.5,100g,False,9,instant coffee 200g,pantry,2026-09-01,2026-08-31T20:11:14.887507+00:00
coles,8009202,Vittoria Freeze Dried Instant Espresso Coffee No 3,Vittoria,200g,23,,11.5,100g,False,10,instant coffee 200g,pantry,2026-09-01,2026-08-31T20:11:14.887507+00:00
coles,5334660,Coles Simply Decaf Instant Coffee Granulated,Coles Simply,100g,5,,5,100g,False,11,instant coffee 200g,pantry,2026-09-01,2026-08-31T20:11:14.887507+00:00
coles,6495391,Daley Street Freeze Dried Instant Coffee,Daley Street,100g,9,,9,100g,False,12,instant coffee 200g,pantry,2026-09-01,2026-08-31T20:11:14.887507+00:00
coles,9928859,Moccona Hazelnut Flavour Infused Instant Coffee,Moccona,95g,14.5,,15.26,100g,False,13,instant coffee 200g,pantry,2026-09-01,2026-08-31T20:11:14.887507+00:00
coles,468319,Nestle Caro Extra Instant Beverage,Nestle,150g,7,,4.67,100g,False,14,instant coffee 200g,pantry,2026-09-01,2026-08-31T20:11:14.887507+00:00
coles,9928848,Moccona Caramel Flavor Infused Instant Coffee,Moccona,95g,14.5,,15.26,100g,False,15,instant coffee 200g,pantry,2026-09-01,2026-08-31T20:11:14.887507+00:00
coles,116322,Nescafe Blend 43 Instant Coffee,Nescafe,150g,10,14.5,6.67,100g,False,16,instant coffee 200g,pantry,2026-09-01,2026-08-31T20:11:14.887507+00:00
coles,202672,Nescafe Blend 43 Instant Coffee,Nescafe,500g,32,,6.4,100g,False,17,instant coffee 200g,pantry,2026-09-01,2026-08-31T20:11:14.887507+00:00
coles,116220,Nescafe Blend 43 Instant Coffee,Nescafe,50g,8.5,,17,100g,False,18,instant coffee 200g,pantry,2026-09-01,2026-08-31T20:11:14.887507+00:00
coles,3208198,Nescafe Gold Intense Coffee,Nescafe,200g,23,,11.5,100g,False,19,instant coffee 200g,pantry,2026-09-01,2026-08-31T20:11:14.887507+00:00
coles,173144,Moccona Classic Medium Roast Instant Coffee,Moccona,50g,8.8,,17.6,100g,False,20,instant coffee 200g,pantry,2026-09-01,2026-08-31T20:11:14.887507+00:00
coles,4737434,Vittoria Freeze Dried Italian Instant Coffee,Vittoria,100g,15,,15,100g,False,21,instant coffee 200g,pantry,2026-09-01,2026-08-31T20:11:14.887507+00:00
coles,4824379,Vittoria Freeze Dried Latte Instant Coffee,Vittoria,400g,23,39,5.75,100g,False,22,instant coffee 200g,pantry,2026-09-01,2026-08-31T20:11:14.887507+00:00
coles,4824255,Vittoria Freeze Dried Italian Instant Coffee,Vittoria,400g,23,39,5.75,100g,False,23,instant coffee 200g,pantry,2026-09-01,2026-08-31T20:11:14.887507+00:00
coles,4824030,Vittoria Freeze Dried Classic Instant Coffee,Vittoria,400g,23,39,5.75,100g,False,24,instant coffee 200g,pantry,2026-09-01,2026-08-31T20:11:14.887507+00:00
coles,4737401,Vittoria Freeze Dried Classic Instant Coffee,Vittoria,100g,15,,15,100g,False,25,instant coffee 200g,pantry,2026-09-01,2026-08-31T20:11:14.887507+00:00
coles,3232465,Moccona Indulgence Specialty Blend Instant Coffee,Moccona,200g,17,23.6,8.5,100g,False,26,instant coffee 200g,pantry,2026-09-01,2026-08-31T20:11:14.887507+00:00
coles,3232476,Moccona Rich Specialty Blend Instant Coffee,Moccona,200g,23.6,,,100g,False,27,instant coffee 200g,pantry,2026-09-01,2026-08-31T20:11:14.887507+00:00
coles,25249,Moccona Classic Medium Decaffeinated Instant Coffee,Moccona,100g,14.5,,14.5,100g,False,28,instant coffee 200g,pantry,2026-09-01,2026-08-31T20:11:14.887507+00:00
coles,8229231,Nescafe Blend 43 Espresso Instant Coffee,Nescafe,150g,10,14.5,6.67,100g,False,29,instant coffee 200g,pantry,2026-09-01,2026-08-31T20:11:14.887507+00:00
coles,8049750,Nescafe Gold Original Premium Instant Coffee,Nescafe,100g,10,14.5,10,100g,False,30,instant coffee 200g,pantry,2026-09-01,2026-08-31T20:11:14.887507+00:00
coles,4737365,Vittoria Freeze Dried Mountain Grown Instant Coffee,Vittoria,100g,15,,15,100g,False,31,instant coffee 200g,pantry,2026-09-01,2026-08-31T20:11:14.887507+00:00
coles,4824109,Vittoria Freeze Dried Mountain Grown Instant Coffee,Vittoria,400g,23,39,5.75,100g,False,32,instant coffee 200g,pantry,2026-09-01,2026-08-31T20:11:14.887507+00:00
coles,3512654,Moccona Ristretto Specialty Blend Instant Coffee,Moccona,200g,17,23.6,8.5,100g,False,33,instant coffee 200g,pantry,2026-09-01,2026-08-31T20:11:14.887507+00:00
coles,8170300,Loaded Instant Coffee Butter Bomb,Loaded,160g,40,,25,100g,False,34,instant coffee 200g,pantry,2026-09-01,2026-08-31T20:11:14.887507+00:00
coles,8170296,Loaded Instant Coffee Vanilla Bliss,Loaded,160g,40,,25,100g,False,35,instant coffee 200g,pantry,2026-09-01,2026-08-31T20:11:14.887507+00:00
coles,1052418,Nescafe Blend 43 Decaf Instant Coffee Jar,Nescafe,150g,13.5,,9,100g,False,36,instant coffee 200g,pantry,2026-09-01,2026-08-31T20:11:14.887507+00:00
coles,303556,Moccona Classic Medium Roast Instant Coffee,Moccona,100g,14.5,,14.5,100g,False,37,instant coffee 200g,pantry,2026-09-01,2026-08-31T20:11:14.887507+00:00
coles,8228669,Nescafe Blend 43 Mild Roast Instant Coffee,Nescafe,150g,10,14.5,6.67,100g,False,38,instant coffee 200g,pantry,2026-09-01,2026-08-31T20:11:14.887507+00:00
coles,8050829,Nescafe Gold Short Black Strong Instant Coffee,Nescafe,100g,14.5,,14.5,100g,False,39,instant coffee 200g,pantry,2026-09-01,2026-08-31T20:11:14.887507+00:00
coles,8009450,Vittoria Freeze Dried Black Valley Instant Coffee,Vittoria,400g,23,39,5.75,100g,False,40,instant coffee 200g,pantry,2026-09-01,2026-08-31T20:11:14.887507+00:00
coles,8077439,Nescafe Blend 43 Refill Instant Coffee Pouch,Nescafe,400g,19.5,,4.88,100g,False,41,instant coffee 200g,pantry,2026-09-01,2026-08-31T20:11:14.887507+00:00
coles,340246,International Roast Instant Coffee,International Roast,500g,15.5,,3.1,100g,False,42,instant coffee 200g,pantry,2026-09-01,2026-08-31T20:11:14.887507+00:00
coles,2125460,Nescafe Blend 43 Smooth & Creamy Instant Coffee,Nescafe,140g,10,14.5,7.14,100g,False,43,instant coffee 200g,pantry,2026-09-01,2026-08-31T20:11:14.887507+00:00
coles,6344964,Vittoria Freeze Dried Instant Decaf,Vittoria,100g,16.2,,16.2,100g,False,44,instant coffee 200g,pantry,2026-09-01,2026-08-31T20:11:14.887507+00:00
coles,116402,Nescafe Blend 43 Instant Coffee,Nescafe,250g,23,,9.2,100g,False,45,instant coffee 200g,pantry,2026-09-01,2026-08-31T20:11:14.887507+00:00
coles,3772961,Nescafe Blend 43 Coffee Espresso,Nescafe,500g,32,,6.4,100g,False,46,instant coffee 200g,pantry,2026-09-01,2026-08-31T20:11:14.887507+00:00
coles,3208165,Nescafe Gold Smooth Mild Ground Coffee,Nescafe,90g,14.5,,,100g,False,47,instant coffee 200g,pantry,2026-09-01,2026-08-31T20:11:14.887507+00:00
coles,3208201,Nescafe Gold Smooth Mild Ground Coffee,Nescafe,180g,23,,12.78,100g,False,48,instant coffee 200g,pantry,2026-09-01,2026-08-31T20:11:14.887507+00:00
woolworths,574821,Tetley Tea Bags 100 pack,Tetley,100 pack,4.3,4.3,0.04,1EA,False,1,tea bags 100 pack,pantry,2026-09-01,2026-08-31T20:11:17.629076+00:00
woolworths,574769,Tetley Tagless Tea Bags 100 pack,Tetley,100 pack,3.8,3.8,0.04,1EA,False,2,tea bags 100 pack,pantry,2026-09-01,2026-08-31T20:11:17.629076+00:00
woolworths,76493,Nerada Tea Bags 100 pack,Nerada,100 pack,4.6,5.6,0.05,1EA,True,3,tea bags 100 pack,pantry,2026-09-01,2026-08-31T20:11:17.629076+00:00
woolworths,574823,Tetley Extra Strong Tea Bags 100 pack,Tetley,100 pack,4.1,5.2,0.04,1EA,True,4,tea bags 100 pack,pantry,2026-09-01,2026-08-31T20:11:17.629076+00:00
woolworths,587911,Lipton Quality Black Tea Bags 100 pack,Lipton,100 pack,4.9,7,0.05,1EA,True,5,tea bags 100 pack,pantry,2026-09-01,2026-08-31T20:11:17.629076+00:00
woolworths,617101,Woolworths Essentials Black Tea Bags 100 pack,Woolworths Essentials,100 pack,1.75,1.75,0.02,1EA,False,6,tea bags 100 pack,pantry,2026-09-01,2026-08-31T20:11:17.629076+00:00
woolworths,156690,Tetley Decaffeinated Tea Bags 100 pack,Tetley,100 pack,6.9,6.9,0.07,1EA,False,7,tea bags 100 pack,pantry,2026-09-01,2026-08-31T20:11:17.629076+00:00
woolworths,6025450,Zoetic Green Tea Bags 100 pack,Zoetic,100 pack,7,7,0.07,1EA,False,8,tea bags 100 pack,pantry,2026-09-01,2026-08-31T20:11:17.629076+00:00
woolworths,1119530093,Ahmad Tea Cardamom Tea Bags 100 Pack,,,19,19,19,100EA,False,9,tea bags 100 pack,pantry,2026-09-01,2026-08-31T20:11:17.629076+00:00
woolworths,1119530097,Ahmad Tea English Breakfast Tea Bags 100 Pack,,,19,19,19,100EA,False,10,tea bags 100 pack,pantry,2026-09-01,2026-08-31T20:11:17.629076+00:00
coles,8070699,Tea Tonic Blue Magic Tea Bags Box,Tea Tonic,20 Pack,11.9,,0.6,1ea,False,1,tea bags 100 pack,pantry,2026-09-01,2026-08-31T20:11:17.629076+00:00
coles,8644437,Buddha Teas Organic Herbal Tea Bags Hibiscus Tea,Buddha Teas,18 Pack,10,,0.56,1ea,False,2,tea bags 100 pack,pantry,2026-09-01,2026-08-31T20:11:17.629076+00:00
coles,8691619,Buddha Teas Organic Tea Bags Matcha Green Tea,Buddha Teas,18 Pack,14,,0.78,1ea,False,3,tea bags 100 pack,pantry,2026-09-01,2026-08-31T20:11:17.629076+00:00
coles,8588664,Buddha Teas Organic Herbal Tea Bags Ashwagandha Tea,Buddha Teas,18 Pack,10,,0.56,1ea,False,4,tea bags 100 pack,pantry,2026-09-01,2026-08-31T20:11:17.629076+00:00
coles,8071374,Tea Tonic Energy Boost Tea Bags Box,Tea Tonic,20 Pack,11.9,,0.6,1ea,False,5,tea bags 100 pack,pantry,2026-09-01,2026-08-31T20:11:17.629076+00:00
coles,8071320,Tea Tonic Apple Tree Tea Bags Box,Tea Tonic,20 Pack,11.9,,0.6,1ea,False,6,tea bags 100 pack,pantry,2026-09-01,2026-08-31T20:11:17.629076+00:00
coles,8589077,Buddha Teas Organic Herbal Tea Bags Elderberry Tea,Buddha Teas,18 Pack,10,,0.56,1ea,False,7,tea bags 100 pack,pantry,2026-09-01,2026-08-31T20:11:17.629076+00:00
coles,8069441,Tea Tonic French Earl Grey Tea Bags Box,Tea Tonic,20 Pack,11.9,,0.6,1ea,False,8,tea bags 100 pack,pantry,2026-09-01,2026-08-31T20:11:17.629076+00:00
coles,8691652,Buddha Teas Organic Herbal Tea Bags Turmeric Ginger Tea,Buddha Teas,18 Pack,10,,0.56,1ea,False,9,tea bags 100 pack,pantry,2026-09-01,2026-08-31T20:11:17.629076+00:00
coles,8690219,Buddha Teas Organic Herbal Tea Bags Nettle Leaf Tea,Buddha Teas,18 Pack,10,,0.56,1ea,False,10,tea bags 100 pack,pantry,2026-09-01,2026-08-31T20:11:17.629076+00:00
coles,8588700,Buddha Teas Organic Herbal Tea Bags Dandelion Root Tea,Buddha Teas,18 Pack,10,,0.56,1ea,False,11,tea bags 100 pack,pantry,2026-09-01,2026-08-31T20:11:17.629076+00:00
coles,8687553,Buddha Teas Organic Herbal Tea Bags Milk Thistle Tea,Buddha Teas,18 Pack,10,,0.56,1ea,False,12,tea bags 100 pack,pantry,2026-09-01,2026-08-31T20:11:17.629076+00:00
coles,1306764,AL Chai Cardamom Tea Bags,AL Chai,100 Pack,7.5,,7.5,100ea,False,13,tea bags 100 pack,pantry,2026-09-01,2026-08-31T20:11:17.629076+00:00
coles,1304940,Al Chai Black Tea Bags,Al Chai,100 Pack,7.5,,7.5,100ea,False,14,tea bags 100 pack,pantry,2026-09-01,2026-08-31T20:11:17.629076+00:00
coles,8071421,Tea Tonic English Breakfast Tea,Tea Tonic,20 Pack,10.9,,0.55,1ea,False,15,tea bags 100 pack,pantry,2026-09-01,2026-08-31T20:11:17.629076+00:00
coles,8588686,Buddha Teas Organic Herbal Tea Bags Calm Buddha Blend,Buddha Teas,18 Pack,10,,0.56,1ea,False,16,tea bags 100 pack,pantry,2026-09-01,2026-08-31T20:11:17.629076+00:00
coles,8687214,Buddha Teas Organic Herbal Tea Bags Meditation Moment,Buddha Teas,18 Pack,10,,0.56,1ea,False,17,tea bags 100 pack,pantry,2026-09-01,2026-08-31T20:11:17.629076+00:00
coles,8644415,Buddha Teas Organic Herbal Tea Bags Detox Dharma Blend,Buddha Teas,18 Pack,10,,0.56,1ea,False,18,tea bags 100 pack,pantry,2026-09-01,2026-08-31T20:11:17.629076+00:00
coles,8691550,Buddha Teas Organic Herbal Tea Bags Throat Bliss Blend,Buddha Teas,18 Pack,10,,0.56,1ea,False,19,tea bags 100 pack,pantry,2026-09-01,2026-08-31T20:11:17.629076+00:00
coles,8690354,Buddha Teas Organic Herbal Tea Bags Sleepy Temple Blend,Buddha Teas,18 Pack,10,,0.56,1ea,False,20,tea bags 100 pack,pantry,2026-09-01,2026-08-31T20:11:17.629076+00:00
coles,8691594,Buddha Teas Organic Herbal Tea Bags Zen Cleanse Blend,Buddha Teas,18 Pack,10,,0.56,1ea,False,21,tea bags 100 pack,pantry,2026-09-01,2026-08-31T20:11:17.629076+00:00
coles,8685682,Buddha Teas Organic Herbal Tea Bags Echinacea Elderberry Blend,Buddha Teas,18 Pack,10,,0.56,1ea,False,22,tea bags 100 pack,pantry,2026-09-01,2026-08-31T20:11:17.629076+00:00
coles,8685274,Buddha Teas Organic Herbal Tea Bags Cranberry Comfort Blend,Buddha Teas,18 Pack,10,,0.56,1ea,False,23,tea bags 100 pack,pantry,2026-09-01,2026-08-31T20:11:17.629076+00:00
coles,4700547,Wagh Bakri Masala Chai Tea Bags 200g,Wagh Bakri,100 Pack,8.5,,0.09,1ea,False,24,tea bags 100 pack,pantry,2026-09-01,2026-08-31T20:11:17.629076+00:00
coles,4971759,Queen Victoria Tea Sleepy Blend Tea Bags,Queen Victoria Tea,18 Pack,5,,0.28,1ea,False,25,tea bags 100 pack,pantry,2026-09-01,2026-08-31T20:11:17.629076+00:00
coles,4971806,Queen Victoria Tea Calming Blend Tea Bags,Queen Victoria Tea,18 Pack,5,,0.28,1ea,False,26,tea bags 100 pack,pantry,2026-09-01,2026-08-31T20:11:17.629076+00:00
coles,4971770,Queen Victoria Tea Digest Blend Tea Bags,Queen Victoria Tea,18 Pack,5,,0.28,1ea,False,27,tea bags 100 pack,pantry,2026-09-01,2026-08-31T20:11:17.629076+00:00
coles,8836267,PG Tips Tea Bags,PG Tips,80 Pack,10,,0.13,1ea,False,28,tea bags 100 pack,pantry,2026-09-01,2026-08-31T20:11:17.629076+00:00
coles,8836278,PG Tips Tea Bags,PG Tips,40 Pack,4.8,6,0.12,1ea,False,29,tea bags 100 pack,pantry,2026-09-01,2026-08-31T20:11:17.629076+00:00
coles,4735632,Freshpak Rooibos Tea Bags 40 Pack,Freshpak,100g,5.7,,0.14,1ea,False,30,tea bags 100 pack,pantry,2026-09-01,2026-08-31T20:11:17.629076+00:00
coles,8071341,Tea Tonic Fruity Selection Box,Tea Tonic,33 Pack,21.5,,0.65,1ea,False,31,tea bags 100 pack,pantry,2026-09-01,2026-08-31T20:11:17.629076+00:00
coles,199523,Tetley Tea Bags 100 Pack,Tetley,180g,3.5,4.3,0.04,1ea,False,32,tea bags 100 pack,pantry,2026-09-01,2026-08-31T20:11:17.629076+00:00
coles,116989,Lipton Black Tea Bags,Lipton,100 Pack,7,,0.07,1ea,False,33,tea bags 100 pack,pantry,2026-09-01,2026-08-31T20:11:17.629076+00:00
coles,5051734,Twinings Lady Grey Tea Bags,Twinings,100 Pack,6.75,13.5,0.07,1ea,False,34,tea bags 100 pack,pantry,2026-09-01,2026-08-31T20:11:17.629076+00:00
coles,6059243,Madura Premium Blend Tea Bags 100 Pack,Madura,200g,8.5,10.8,0.09,1ea,False,35,tea bags 100 pack,pantry,2026-09-01,2026-08-31T20:11:17.629076+00:00
coles,490012,Dilmah Pure Ceylon Premium Tea Bags 100 Pack,Dilmah,200g,7.2,,0.07,1ea,False,36,tea bags 100 pack,pantry,2026-09-01,2026-08-31T20:11:17.629076+00:00
coles,8959948,Tetley Decaffeinated Black Tea Bags 100 Pack,Tetley,185g,6.9,,0.07,1ea,False,37,tea bags 100 pack,pantry,2026-09-01,2026-08-31T20:11:17.629076+00:00
coles,8930039,Twinings Australian Afternoon Tea Bags,Twinings,100 Pack,6.75,13.5,0.07,1ea,False,38,tea bags 100 pack,pantry,2026-09-01,2026-08-31T20:11:17.629076+00:00
coles,2374216,Coles Simply Tea Pot Bags,Coles Simply,100 Pack,1.75,,0.02,1ea,False,39,tea bags 100 pack,pantry,2026-09-01,2026-08-31T20:11:17.629076+00:00
coles,7752194,Tetley Extra Strong Black Tea Bags,Tetley,100 Pack,5.2,,0.05,1ea,False,40,tea bags 100 pack,pantry,2026-09-01,2026-08-31T20:11:17.629076+00:00
coles,304763,Twinings Earl Grey Tea Bags 100 Pack,Twinings,200g,6.75,13.5,0.07,1ea,False,41,tea bags 100 pack,pantry,2026-09-01,2026-08-31T20:11:17.629076+00:00
coles,304752,Twinings English Breakfast Tea Bags 100 Pack,Twinings,200g,6.75,13.5,0.07,1ea,False,42,tea bags 100 pack,pantry,2026-09-01,2026-08-31T20:11:17.629076+00:00
coles,83584,Twinings Irish Breakfast Tea Bags 100 Pack,Twinings,200g,6.75,13.5,0.07,1ea,False,43,tea bags 100 pack,pantry,2026-09-01,2026-08-31T20:11:17.629076+00:00
coles,9505163,Dilmah Pure Ceylon Extra Strength Tea Bags 100 Pack,Dilmah,240g,8.8,,0.09,1ea,False,44,tea bags 100 pack,pantry,2026-09-01,2026-08-31T20:11:17.629076+00:00
coles,1684954,Coles Simply Quality Black Tea Bags,Coles Simply,100 Pack,1.75,,0.02,1ea,False,45,tea bags 100 pack,pantry,2026-09-01,2026-08-31T20:11:17.629076+00:00
coles,3984799,Queen Victoria Peppermint Tea Bags,Queen Victoria,100 Pack,12,,0.12,1ea,False,46,tea bags 100 pack,pantry,2026-09-01,2026-08-31T20:11:17.629076+00:00
coles,3984802,Queen Victoria Green Tea Bags,Queen Victoria,100 Pack,12,,0.12,1ea,False,47,tea bags 100 pack,pantry,2026-09-01,2026-08-31T20:11:17.629076+00:00
coles,496507,Nerada English Breakfast Tea Bags Teacup,Nerada,100 Pack,5.6,,0.06,1ea,False,48,tea bags 100 pack,pantry,2026-09-01,2026-08-31T20:11:17.629076+00:00
woolworths,230392,Ardmona Crushed Vine Ripened Tomatoes 400g,Ardmona,400g,1.8,1.8,4.39,1KG,False,1,tinned tomatoes 400g,pantry,2026-09-01,2026-08-31T20:11:19.521290+00:00
woolworths,58895,Macro Organic Peeled Italian Tomatoes 400g,Macro,400g,1.6,1.6,4,1KG,False,2,tinned tomatoes 400g,pantry,2026-09-01,2026-08-31T20:11:19.521290+00:00
woolworths,38153,Annalisa Tomatoes Diced 400g,Annalisa,400g,1.5,1.5,3.75,1KG,False,3,tinned tomatoes 400g,pantry,2026-09-01,2026-08-31T20:11:19.521290+00:00
woolworths,290300,Mutti Whole Cherry Tomatoes 400g,Mutti,400g,1.85,2.7,4.63,1KG,True,4,tinned tomatoes 400g,pantry,2026-09-01,2026-08-31T20:11:19.521290+00:00
woolworths,770320,Woolworths Diced Italian Tomatoes 400g,Woolworths,400g,1.1,1.1,2.75,1KG,False,5,tinned tomatoes 400g,pantry,2026-09-01,2026-08-31T20:11:19.521290+00:00
woolworths,576220,Woolworths Diced Australian Tomatoes 400g,Woolworths,400g,1.3,1.3,3.25,1KG,False,6,tinned tomatoes 400g,pantry,2026-09-01,2026-08-31T20:11:19.521290+00:00
woolworths,218918,Woolworths Italian Peeled Tomatoes 400g,Woolworths,400g,1.1,1.1,2.75,1KG,False,7,tinned tomatoes 400g,pantry,2026-09-01,2026-08-31T20:11:19.521290+00:00
woolworths,795621,Mutti Whole Peeled Tomatoes 400g,Mutti,400g,1.6,2.3,4,1KG,True,8,tinned tomatoes 400g,pantry,2026-09-01,2026-08-31T20:11:19.521290+00:00
woolworths,700642,Macro Organic Tomatoes Diced 400g,Macro,400g,1.6,1.6,4,1KG,False,9,tinned tomatoes 400g,pantry,2026-09-01,2026-08-31T20:11:19.521290+00:00
coles,4218380,Coles Simply Chopped Tomatoes Canned,Coles Simply,400g,0.95,,2.37,1kg,False,1,tinned tomatoes 400g,pantry,2026-09-01,2026-08-31T20:11:19.521290+00:00
coles,126439,Heinz Canned Baked Beans Tomato Sauce,Heinz,220g,2.1,,0.95,100g,False,2,tinned tomatoes 400g,pantry,2026-09-01,2026-08-31T20:11:19.521290+00:00
coles,2954941,Heinz Canned Baked Beans Tomato Sauce,Heinz,300g,2,2.9,,100g,True,3,tinned tomatoes 400g,pantry,2026-09-01,2026-08-31T20:11:19.521290+00:00
coles,126235,Leggo's Tomato Puree,Leggo's,410g,2.5,,0.61,100g,False,4,tinned tomatoes 400g,pantry,2026-09-01,2026-08-31T20:11:19.521290+00:00
coles,4457100,SPC Canned Rich Tomato 4 Pack,SPC,880g,5.8,,0.66,100g,False,5,tinned tomatoes 400g,pantry,2026-09-01,2026-08-31T20:11:19.521290+00:00
coles,4558967,Ardmona Diced Tomatoes,Ardmona,400g,1.8,,4.5,1kg,False,6,tinned tomatoes 400g,pantry,2026-09-01,2026-08-31T20:11:19.521290+00:00
coles,128911,Campbell's Condensed Soup Can Tomato,Campbell's,420g,1.95,,0.46,100g,False,7,tinned tomatoes 400g,pantry,2026-09-01,2026-08-31T20:11:19.521290+00:00
coles,4457019,Coles Australian Diced Tomatoes,Coles,400g,1.3,,3.25,1kg,False,8,tinned tomatoes 400g,pantry,2026-09-01,2026-08-31T20:11:19.521290+00:00
coles,8855443,Carmelina Diced Tomatoes,Carmelina,400g,1.5,,3.75,1kg,False,9,tinned tomatoes 400g,pantry,2026-09-01,2026-08-31T20:11:19.521290+00:00
coles,8855476,Carmelina Peeled Tomatoes,Carmelina,400g,1.5,,3.75,1kg,False,10,tinned tomatoes 400g,pantry,2026-09-01,2026-08-31T20:11:19.521290+00:00
coles,4837111,Cucina Matese Diced Tomato,Cucina Matese,400g,1.4,,,1kg,False,11,tinned tomatoes 400g,pantry,2026-09-01,2026-08-31T20:11:19.521290+00:00
woolworths,476700,Woolworths Tuna In Springwater 95g,Woolworths,95g,1,1,10.53,1KG,False,1,tuna in springwater 95g,pantry,2026-09-01,2026-08-31T20:11:21.460251+00:00
woolworths,144821,Sirena Tuna In Springwater 95g,Sirena,95g,2.95,2.95,31.05,1KG,False,2,tuna in springwater 95g,pantry,2026-09-01,2026-08-31T20:11:21.460251+00:00
woolworths,941583,Woolworths Yellowfin Tuna In Springwater 95g,Woolworths,95g,1.4,1.4,14.74,1KG,False,3,tuna in springwater 95g,pantry,2026-09-01,2026-08-31T20:11:21.460251+00:00
woolworths,331060,Sirena Tuna In Springwater & Lemon 95g,Sirena,95g,2.95,2.95,31.05,1KG,False,4,tuna in springwater 95g,pantry,2026-09-01,2026-08-31T20:11:21.460251+00:00
woolworths,340411,John West Tuna Chunks In Springwater 95g,John West,95g,1.45,2.9,15.26,1KG,True,5,tuna in springwater 95g,pantry,2026-09-01,2026-08-31T20:11:21.460251+00:00
woolworths,6079352,John West Tuna In Springwater Value 95g x 6 pack,John West,95g x 6 pack,9.8,9.8,17.19,1KG,False,6,tuna in springwater 95g,pantry,2026-09-01,2026-08-31T20:11:21.460251+00:00
woolworths,44011,John West Tuna Chunks In Springwater Value 95g x 12 pack,John West,95g x 12 pack,18,18,15.79,1KG,False,7,tuna in springwater 95g,pantry,2026-09-01,2026-08-31T20:11:21.460251+00:00
woolworths,878479,Safcol Wild Caught Tuna Springwater 95g,Safcol,95g,2.7,2.7,28.42,1KG,False,8,tuna in springwater 95g,pantry,2026-09-01,2026-08-31T20:11:21.460251+00:00
woolworths,19736,John West Tuna Chunks In Springwater 425g,John West,425g,6.3,6.3,14.82,1KG,False,9,tuna in springwater 95g,pantry,2026-09-01,2026-08-31T20:11:21.460251+00:00
woolworths,6082947,Safcol Wild Caught Tuna Springwater 95g,Safcol,95g,1.7,1.7,17.89,1KG,False,10,tuna in springwater 95g,pantry,2026-09-01,2026-08-31T20:11:21.460251+00:00
coles,8890138,Sirena Tuna In Springwater,Sirena,95g,2.95,,31.05,1kg,False,1,tuna in springwater 95g,pantry,2026-09-01,2026-08-31T20:11:21.460251+00:00
coles,3294815,Wild Tides Tuna Springwater,Wild Tides,95g,1.7,,17.89,1kg,False,2,tuna in springwater 95g,pantry,2026-09-01,2026-08-31T20:11:21.460251+00:00
coles,9668066,Sirena Tuna Springwater & Lemon,Sirena,95g,2.95,,31.05,1kg,False,3,tuna in springwater 95g,pantry,2026-09-01,2026-08-31T20:11:21.460251+00:00
coles,8675281,Coles Tuna Chunks in Springwater,Coles,95g,1.1,,11.58,1kg,False,4,tuna in springwater 95g,pantry,2026-09-01,2026-08-31T20:11:21.460251+00:00
coles,3614010,Coles Pacific Yellowfin Tuna Chunks In Springwater,Coles,95g,1.4,,14.74,1kg,False,5,tuna in springwater 95g,pantry,2026-09-01,2026-08-31T20:11:21.460251+00:00
coles,1838366,Coles Simply Tuna Chunks In Springwater,Coles Simply,95g,1,,10.53,1kg,False,6,tuna in springwater 95g,pantry,2026-09-01,2026-08-31T20:11:21.460251+00:00
coles,7532777,John West Tuna Chunky Style In Springwater,John West,95g,2.9,,30.53,1kg,False,7,tuna in springwater 95g,pantry,2026-09-01,2026-08-31T20:11:21.460251+00:00
coles,7392565,Sirena Tuna in Springwater,Sirena,185g,4.7,,25.41,1kg,False,8,tuna in springwater 95g,pantry,2026-09-01,2026-08-31T20:11:21.460251+00:00
coles,2902438,Coles Simply Tuna Springwater,Coles Simply,425g,3.3,,7.76,1kg,False,9,tuna in springwater 95g,pantry,2026-09-01,2026-08-31T20:11:21.460251+00:00
coles,6022516,John West Tuna Slices in Springwater,John West,125g,3.4,3.95,27.2,1kg,False,10,tuna in springwater 95g,pantry,2026-09-01,2026-08-31T20:11:21.460251+00:00
coles,8675260,Coles Tuna Chunks In Springwater,Coles,425g,4.6,,10.82,1kg,False,11,tuna in springwater 95g,pantry,2026-09-01,2026-08-31T20:11:21.460251+00:00
coles,5079802,John West Chunk Style Tuna in Springwater,John West,425g,6.3,,14.82,1kg,False,12,tuna in springwater 95g,pantry,2026-09-01,2026-08-31T20:11:21.460251+00:00
coles,8675270,Coles Tuna Chunks In Springwater,Coles,185g,2.2,,11.89,1kg,False,13,tuna in springwater 95g,pantry,2026-09-01,2026-08-31T20:11:21.460251+00:00
coles,1153991,John West Yellowfin Tuna Springwater,John West,90g,2.3,2.9,25.56,1kg,False,14,tuna in springwater 95g,pantry,2026-09-01,2026-08-31T20:11:21.460251+00:00
coles,3614064,Coles Yellowfin Tuna Chunks In Springwater,Coles,185g,2.5,,13.51,1kg,False,15,tuna in springwater 95g,pantry,2026-09-01,2026-08-31T20:11:21.460251+00:00
coles,8975570,John West Tuna Springwater Value Pack,John West,1.14Kg,18,,15.79,1kg,False,16,tuna in springwater 95g,pantry,2026-09-01,2026-08-31T20:11:21.460251+00:00
coles,1801990,John West Yellowfin Tuna With Springwater 4 Pack,John West,360g,8,,22.22,1kg,False,17,tuna in springwater 95g,pantry,2026-09-01,2026-08-31T20:11:21.460251+00:00
coles,9442937,Sirena Tuna In Springwater,Sirena,425g,7.5,,17.65,1kg,False,18,tuna in springwater 95g,pantry,2026-09-01,2026-08-31T20:11:21.460251+00:00
coles,8085266,John West Tempters Tuna Multipack Springwater 4x95g,John West,380g,6.8,,17.89,1kg,False,19,tuna in springwater 95g,pantry,2026-09-01,2026-08-31T20:11:21.460251+00:00
woolworths,32731,Coca-Cola Classic  Soft Drink Bottle 1.25L,Coca-Cola,1.25L,2.5,4.2,2,1L,True,1,coca cola 1.25l,drinks,2026-09-01,2026-08-31T20:11:23.434740+00:00
woolworths,94493,Coca-Cola Diet Soft Drink Bottle 1.25L,Coca-Cola,1.25L,2.5,4.2,2,1L,True,2,coca cola 1.25l,drinks,2026-09-01,2026-08-31T20:11:23.434740+00:00
woolworths,180941,Coca-Cola Vanilla  Soft Drink Bottle 1.25L,Coca-Cola,1.25L,2.5,4.2,2,1L,True,3,coca cola 1.25l,drinks,2026-09-01,2026-08-31T20:11:23.434740+00:00
woolworths,623034,Coca-Cola Zero Sugar Soft Drink Bottle 1.25L,Coca-Cola,1.25L,2.5,4.2,2,1L,True,4,coca cola 1.25l,drinks,2026-09-01,2026-08-31T20:11:23.434740+00:00
woolworths,803078,Coca-Cola Vanilla Zero Sugar Soft Drink Bottle 1.25L,Coca-Cola,1.25L,2.5,4.2,2,1L,True,5,coca cola 1.25l,drinks,2026-09-01,2026-08-31T20:11:23.434740+00:00
woolworths,137848,Coca-Cola Caffeine Free Zero Sugar Soft Drink Bottle 1.25L,Coca-Cola,1.25L,2.5,4.2,2,1L,True,6,coca cola 1.25l,drinks,2026-09-01,2026-08-31T20:11:23.434740+00:00
woolworths,6033188,Pepsi Soft Drink Cola Bottle 1.25L,Pepsi,1.25L,2,4,1.6,1L,True,7,coca cola 1.25l,drinks,2026-09-01,2026-08-31T20:11:23.434740+00:00
woolworths,40895,Pepsi Caffeine Free No Sugar Cola Cola Soft Drink Bottle 1.25L,Pepsi,1.25L,2,4,1.6,1L,True,8,coca cola 1.25l,drinks,2026-09-01,2026-08-31T20:11:23.434740+00:00
woolworths,756022,Woolworths Cola Bottle 1.25L,Woolworths,1.25L,1.15,1.15,0.92,1L,False,9,coca cola 1.25l,drinks,2026-09-01,2026-08-31T20:11:23.434740+00:00
woolworths,7985,Pepsi Max Cola No Sugar Soft Drink Bottle 1.25L,Pepsi,1.25L,2,4,1.6,1L,True,10,coca cola 1.25l,drinks,2026-09-01,2026-08-31T20:11:23.434740+00:00
coles,2993739,Coca-Cola Zero Sugar Coke 10x375ml,Coca-Cola,3.75L,11.5,23,3.07,1l,False,1,coca cola 1.25l,drinks,2026-09-01,2026-08-31T20:11:23.434740+00:00
coles,1849318,Coca-Cola Diet Coke 10x375ml,Coca-Cola,3.75L,11.5,23,3.07,1l,False,2,coca cola 1.25l,drinks,2026-09-01,2026-08-31T20:11:23.434740+00:00
coles,3271060,Coca-Cola Vanilla Zero Sugar Soft Drink Bottle,Coca-Cola,1.25L,2.7,4.5,2.16,1l,False,3,coca cola 1.25l,drinks,2026-09-01,2026-08-31T20:11:23.434740+00:00
coles,9391600,Coca-Cola Vanilla Soft Drink Bottle,Coca-Cola,1.25L,2.7,4.5,2.16,1l,False,4,coca cola 1.25l,drinks,2026-09-01,2026-08-31T20:11:23.434740+00:00
coles,419211,Coca-Cola Diet Soft Drink Bottle,Coca-Cola,1.25L,2.7,4.5,2.16,1l,False,5,coca cola 1.25l,drinks,2026-09-01,2026-08-31T20:11:23.434740+00:00
coles,2993706,Coca-Cola Zero Sugar Soft Drink Bottle,Coca-Cola,1.25L,2.7,4.5,2.16,1l,False,6,coca cola 1.25l,drinks,2026-09-01,2026-08-31T20:11:23.434740+00:00
coles,3989555,Coca-Cola Zero Sugar Zero Caffeine Soft Drink Bottle,Coca-Cola,1.25L,2.7,4.5,2.16,1l,False,7,coca cola 1.25l,drinks,2026-09-01,2026-08-31T20:11:23.434740+00:00
coles,123011,Coca-Cola Classic Soft Drink Bottle,Coca-Cola,1.25L,2.7,4.5,2.16,1l,False,8,coca cola 1.25l,drinks,2026-09-01,2026-08-31T20:11:23.434740+00:00
coles,6317065,Coca-Cola Classic Soft Drink Glass Bottle,Coca-Cola,330mL,4,,12.12,1l,False,9,coca cola 1.25l,drinks,2026-09-01,2026-08-31T20:11:23.434740+00:00
coles,3448271,Coca-Cola Classic Soft Drink Multipack Glass Bottles 330ml,Coca-Cola,4 Pack,7.5,,5.68,1l,False,10,coca cola 1.25l,drinks,2026-09-01,2026-08-31T20:11:23.434740+00:00
coles,9989955,Coca-Cola Zero Sugar Soft Drink Cans 15x250ml,Coca-Cola,3.75L,16,,4.27,1l,False,11,coca cola 1.25l,drinks,2026-09-01,2026-08-31T20:11:23.434740+00:00
coles,9989671,Coca-Cola Classic 15x250ml,Coca-Cola,3.75L,16,,4.27,1l,False,12,coca cola 1.25l,drinks,2026-09-01,2026-08-31T20:11:23.434740+00:00
coles,2680530,Coca-Cola Cherry Cola Can,Coca-Cola,355mL,2.5,,7.04,1l,False,13,coca cola 1.25l,drinks,2026-09-01,2026-08-31T20:11:23.434740+00:00
coles,1492374,Coca-Cola Zero Sugar Soft Drink Multipack Bottles 300ml,Coca-Cola,12 Pack,14.4,24,4,1l,False,14,coca cola 1.25l,drinks,2026-09-01,2026-08-31T20:11:23.434740+00:00
coles,191736,Coca-Cola Classic Soft Drink Bottle,Coca-Cola,2L,4,,2,1l,False,15,coca cola 1.25l,drinks,2026-09-01,2026-08-31T20:11:23.434740+00:00
coles,4398703,Coca-Cola Diet Soft Drink Multipack Mini Cans 250ml,Coca-Cola,6 Pack,6.6,11,4.4,1l,False,16,coca cola 1.25l,drinks,2026-09-01,2026-08-31T20:11:23.434740+00:00
coles,1849307,Coca-Cola Classic Soft Drink Multipack Cans 375ml,Coca-Cola,10 Pack,11.5,23,3.07,1l,False,17,coca cola 1.25l,drinks,2026-09-01,2026-08-31T20:11:23.434740+00:00
coles,418503,Coca-Cola Diet Soft Drink Bottle,Coca-Cola,2L,4,,2,1l,False,18,coca cola 1.25l,drinks,2026-09-01,2026-08-31T20:11:23.434740+00:00
coles,1849293,Coca-Cola Vanilla Soft Drink Multipack Cans 375ml,Coca-Cola,10 Pack,11.5,23,3.07,1l,False,19,coca cola 1.25l,drinks,2026-09-01,2026-08-31T20:11:23.434740+00:00
coles,2993728,Coca-Cola Zero Sugar Soft Drink Bottle,Coca-Cola,600mL,4.7,,7.83,1l,False,20,coca cola 1.25l,drinks,2026-09-01,2026-08-31T20:11:23.434740+00:00
coles,3029790,Coca-Cola Zero Sugar Soft Drink Bottle,Coca-Cola,2L,4,,2,1l,False,21,coca cola 1.25l,drinks,2026-09-01,2026-08-31T20:11:23.434740+00:00
coles,4991202,Coca-Cola Zero Sugar Soft Drink Bottle,Coca-Cola,1L,5.2,,5.2,1l,False,22,coca cola 1.25l,drinks,2026-09-01,2026-08-31T20:11:23.434740+00:00
coles,1810607,Coca-Cola Zero Sugar Caffeine Free Soft Drink 12x300ml,Coca-Cola,3.6L,14.4,24,4,1l,False,23,coca cola 1.25l,drinks,2026-09-01,2026-08-31T20:11:23.434740+00:00
coles,9981024,Coca-Cola Zero Sugar Zero Caffeine Bottle,Coca-Cola,600mL,4.7,,7.83,1l,False,24,coca cola 1.25l,drinks,2026-09-01,2026-08-31T20:11:23.434740+00:00
coles,8464800,Coca-Cola Diet Soft Drink Multipack Cans 375ml,Coca-Cola,30 Pack,32,,2.84,1l,False,25,coca cola 1.25l,drinks,2026-09-01,2026-08-31T20:11:23.434740+00:00
coles,3271139,Coca-Cola Vanilla Zero Sugar Soft Drink Bottle,Coca-Cola,600mL,4.7,,7.83,1l,False,26,coca cola 1.25l,drinks,2026-09-01,2026-08-31T20:11:23.434740+00:00
coles,5468407,Coca-Cola Classic Soft Drink Bottle,Coca-Cola,600mL,4.7,,7.83,1l,False,27,coca cola 1.25l,drinks,2026-09-01,2026-08-31T20:11:23.434740+00:00
coles,2993740,Coca-Cola Zero Sugar Soft Drink Multipack Cans 375ml,Coca-Cola,24 Pack,45,,5,1l,False,28,coca cola 1.25l,drinks,2026-09-01,2026-08-31T20:11:23.434740+00:00
coles,8464810,Coca-Cola Zero Sugar Soft Drink Multipack Cans 375ml,Coca-Cola,30 Pack,32,,2.84,1l,False,29,coca cola 1.25l,drinks,2026-09-01,2026-08-31T20:11:23.434740+00:00
coles,5468440,Coca-Cola Diet Soft Drink Bottle,Coca-Cola,600mL,4.7,,7.83,1l,False,30,coca cola 1.25l,drinks,2026-09-01,2026-08-31T20:11:23.434740+00:00
coles,7365777,Coca-Cola Classic Soft Drink Multipack Cans 375ml,Coca-Cola,24 Pack,45,,5,1l,False,31,coca cola 1.25l,drinks,2026-09-01,2026-08-31T20:11:23.434740+00:00
coles,4398690,Coca-Cola Zero Sugar Soft Drink Multipack Mini Cans 250ml,Coca-Cola,6 Pack,6.6,11,4.4,1l,False,32,coca cola 1.25l,drinks,2026-09-01,2026-08-31T20:11:23.434740+00:00
coles,4398714,Coca-Cola Vanilla Soft Drink Multipack Mini Cans 250ml,Coca-Cola,6 Pack,6.6,11,4.4,1l,False,33,coca cola 1.25l,drinks,2026-09-01,2026-08-31T20:11:23.434740+00:00
coles,8464796,Coca-Cola Classic Soft Drink Multipack Cans 375ml,Coca-Cola,30 Pack,32,,2.84,1l,False,34,coca cola 1.25l,drinks,2026-09-01,2026-08-31T20:11:23.434740+00:00
coles,4561203,Coca-Cola Diet Soft Drink Multipack Cans 375ml,Coca-Cola,24 Pack,45,,5,1l,False,35,coca cola 1.25l,drinks,2026-09-01,2026-08-31T20:11:23.434740+00:00
coles,7910342,Coca-Cola Classic Soft Drink Multipack Mini Bottles 300ml,Coca-Cola,12 Pack,14.4,24,4,1l,False,36,coca cola 1.25l,drinks,2026-09-01,2026-08-31T20:11:23.434740+00:00
coles,3989974,Coca-Cola Zero Sugar Vanilla Soft Drink Multipack Cans 375ml,Coca-Cola,10 Pack,11.5,23,3.07,1l,False,37,coca cola 1.25l,drinks,2026-09-01,2026-08-31T20:11:23.434740+00:00
coles,4398689,Coca-Cola Classic Soft Drink Multipack Mini Cans 250ml,Coca-Cola,6 Pack,6.6,11,4.4,1l,False,38,coca cola 1.25l,drinks,2026-09-01,2026-08-31T20:11:23.434740+00:00
coles,3989996,Coca-Cola Zero Sugar Zero Caffeine Soft Drink 10x375ml,Coca-Cola,3.75L,11.5,23,3.07,1l,False,39,coca cola 1.25l,drinks,2026-09-01,2026-08-31T20:11:23.434740+00:00
coles,5484593,Coca-Cola Zero Sugar Vanilla Soft Drink Multipack Mini Cans 250ml,Coca-Cola,6 Pack,6.6,11,4.4,1l,False,40,coca cola 1.25l,drinks,2026-09-01,2026-08-31T20:11:23.434740+00:00
coles,6670094,Coca-Cola Zero Sugar Zero Caffeine Soft Drink Multipack Cans 250ml,Coca-Cola,6 Pack,6.6,11,4.4,1l,False,41,coca cola 1.25l,drinks,2026-09-01,2026-08-31T20:11:23.434740+00:00
woolworths,825528,Woolworths Orange Juice 2L,Woolworths,2L,4.2,4.2,2.1,1L,False,1,orange juice 2l,drinks,2026-09-01,2026-08-31T20:11:25.442627+00:00
woolworths,6033180,Woolworths Orange Juice 2L,Woolworths,2L,5.5,5.5,2.75,1L,False,2,orange juice 2l,drinks,2026-09-01,2026-08-31T20:11:25.442627+00:00
woolworths,90211,Daily Juice Co Pulp Free Orange Fruit Juice 2L,Daily Juice Co,2L,5.95,5.95,2.98,1L,False,3,orange juice 2l,drinks,2026-09-01,2026-08-31T20:11:25.442627+00:00
woolworths,67056,Golden Circle Orange Fruit Juice 2L,Golden Circle,2L,6.5,6.5,3.25,1L,False,4,orange juice 2l,drinks,2026-09-01,2026-08-31T20:11:25.442627+00:00
woolworths,787165,Golden Circle Orange & Mango Fruit Juice 2L,Golden Circle,2L,6.5,6.5,3.25,1L,False,5,orange juice 2l,drinks,2026-09-01,2026-08-31T20:11:25.442627+00:00
woolworths,104407,Golden Circle Pine Orange Fruit Juice 2L,Golden Circle,2L,4.8,4.8,2.4,1L,False,6,orange juice 2l,drinks,2026-09-01,2026-08-31T20:11:25.442627+00:00
woolworths,55070,Woolworths Multivitamin Juice 2L,Woolworths,2L,2.7,2.7,1.35,1L,False,7,orange juice 2l,drinks,2026-09-01,2026-08-31T20:11:25.442627+00:00
woolworths,104255,Juice Lovers Orange With Pulp 2L,Juice Lovers,2L,6.8,6.8,3.4,1L,False,8,orange juice 2l,drinks,2026-09-01,2026-08-31T20:11:25.442627+00:00
woolworths,104086,Juice Lovers Orange Low Pulp 2L,Juice Lovers,2L,6.8,6.8,3.4,1L,False,9,orange juice 2l,drinks,2026-09-01,2026-08-31T20:11:25.442627+00:00
woolworths,47123,Daily Juice Co Orange Fruit Juice With Pulp 2L,Daily Juice Co,2L,5.95,5.95,2.98,1L,False,10,orange juice 2l,drinks,2026-09-01,2026-08-31T20:11:25.442627+00:00
coles,5129900,Daily Juice No Added Sugar Orange Juice,Daily Juice,2L,5.95,,2.98,1l,False,1,orange juice 2l,drinks,2026-09-01,2026-08-31T20:11:25.442627+00:00
coles,7829200,The Juice Brothers Orange Juice,The Juice Brothers,1L,5,,5,1l,False,2,orange juice 2l,drinks,2026-09-01,2026-08-31T20:11:25.442627+00:00
coles,5738160,Daily Juice Pulp Free No Added Sugar Orange Juice,Daily Juice,2L,5.95,,2.98,1l,False,3,orange juice 2l,drinks,2026-09-01,2026-08-31T20:11:25.442627+00:00
coles,105563,Just Juice Orange Juice,Just Juice,1L,2.8,3.5,2.8,1l,False,4,orange juice 2l,drinks,2026-09-01,2026-08-31T20:11:25.442627+00:00
coles,4465378,Daily Juice Orange Juice,Daily Juice,1L,3.8,4.8,3.8,1l,False,5,orange juice 2l,drinks,2026-09-01,2026-08-31T20:11:25.442627+00:00
coles,5001281,Just Juice 100% Juice Orange 6x200ml,Just Juice,1.2L,6.5,,5.42,1l,False,6,orange juice 2l,drinks,2026-09-01,2026-08-31T20:11:25.442627+00:00
coles,8190089,Original Juice Co. Black Label Chilled Orange Juice,Original Juice Co.,1.5L,6.25,6.95,4.17,1l,False,7,orange juice 2l,drinks,2026-09-01,2026-08-31T20:11:25.442627+00:00
coles,7009375,Daily Juice Orange No Added Sugar,Daily Juice,3L,8.9,,2.97,1l,False,8,orange juice 2l,drinks,2026-09-01,2026-08-31T20:11:25.442627+00:00
coles,7016075,Grove Juice Orange With Pulp,Grove Juice,1.5L,7.95,,5.3,1l,False,9,orange juice 2l,drinks,2026-09-01,2026-08-31T20:11:25.442627+00:00
coles,2913525,Mumble Peg Orange Juice,Mumble Peg,2L,7.8,9,3.9,1l,False,10,orange juice 2l,drinks,2026-09-01,2026-08-31T20:11:25.442627+00:00
coles,2690908,Coles Finest Orange Juice,Coles Finest,2L,6.5,,3.25,1l,False,11,orange juice 2l,drinks,2026-09-01,2026-08-31T20:11:25.442627+00:00
coles,2531551,Coles Juice Orange,Coles,2L,4.2,,2.1,1l,False,12,orange juice 2l,drinks,2026-09-01,2026-08-31T20:11:25.442627+00:00
coles,7016100,Grove Juice Orange Pulp Free,Grove Juice,1.5L,7.95,,5.3,1l,False,13,orange juice 2l,drinks,2026-09-01,2026-08-31T20:11:25.442627+00:00
coles,5972917,Original Juice Co. Black Label Pulp Free Chilled Orange Juice,Original Juice Co.,1.5L,6.25,6.95,4.17,1l,False,14,orange juice 2l,drinks,2026-09-01,2026-08-31T20:11:25.442627+00:00
coles,8772700,Daily Juice Orange Pulp Free No Added Sugar,Daily Juice,3L,8.9,,2.97,1l,False,15,orange juice 2l,drinks,2026-09-01,2026-08-31T20:11:25.442627+00:00
coles,5487445,Golden Circle 100% Juice Orange,Golden Circle,2L,6.5,,3.25,1l,False,16,orange juice 2l,drinks,2026-09-01,2026-08-31T20:11:25.442627+00:00
coles,7016097,Grove Juice Orange Mango Pineapple Apple Passionfruit,Grove Juice,1.5L,7.95,,5.3,1l,False,17,orange juice 2l,drinks,2026-09-01,2026-08-31T20:11:25.442627+00:00
coles,7895759,Nudie Nothing But Juice Orange,Nudie,2L,9.5,,4.75,1l,False,18,orange juice 2l,drinks,2026-09-01,2026-08-31T20:11:25.442627+00:00
coles,7074311,Nippy's Orange Juice Unsweetened Chilled,Nippy's,2L,8,,4,1l,False,19,orange juice 2l,drinks,2026-09-01,2026-08-31T20:11:25.442627+00:00
coles,2690920,Coles Finest Orange Juice Pulp Free,Coles Finest,2L,6.5,,3.25,1l,False,20,orange juice 2l,drinks,2026-09-01,2026-08-31T20:11:25.442627+00:00
coles,2044540,Golden Circle 100% Orange Mango Juice,Golden Circle,2L,6.5,,,1l,False,21,orange juice 2l,drinks,2026-09-01,2026-08-31T20:11:25.442627+00:00
coles,3956636,Eastcoast Orange Mango Papaya Juice,Eastcoast,2L,6.75,7.5,3.38,1l,False,22,orange juice 2l,drinks,2026-09-01,2026-08-31T20:11:25.442627+00:00
coles,1419363,Coles Red Tab Fresh Pulp Orange Juice,Coles,2L,5.5,,2.75,1l,False,23,orange juice 2l,drinks,2026-09-01,2026-08-31T20:11:25.442627+00:00
coles,8738439,Nudie Nothing But 100% Juice Orange Pulp Free,Nudie,2L,9.5,,4.75,1l,False,24,orange juice 2l,drinks,2026-09-01,2026-08-31T20:11:25.442627+00:00
coles,1866678,Fresh Imperfect Juicing Orange,Fresh,4Kg,7.9,,1.98,1kg,False,25,orange juice 2l,drinks,2026-09-01,2026-08-31T20:11:25.442627+00:00
coles,2802921,Nudie Nothing But 100% Juice Orange Double Pulp,Nudie,2L,9.5,,4.75,1l,False,26,orange juice 2l,drinks,2026-09-01,2026-08-31T20:11:25.442627+00:00
coles,1423101,Nudie Nothing But Juice Apple Mango & Orange,Nudie,2L,9.8,,4.9,1l,False,27,orange juice 2l,drinks,2026-09-01,2026-08-31T20:11:25.442627+00:00
coles,1419320,Coles Red Tab Fresh Pulp Free Orange Juice,Coles,2L,5.5,,2.75,1l,False,28,orange juice 2l,drinks,2026-09-01,2026-08-31T20:11:25.442627+00:00
coles,9485565,Coles Dairy Orange Juice,Coles Dairy,3L,7.4,,2.47,1l,False,29,orange juice 2l,drinks,2026-09-01,2026-08-31T20:11:25.442627+00:00
coles,8147137,Golden Circle 100% Pine Orange,Golden Circle,2L,4.8,,2.4,1l,False,30,orange juice 2l,drinks,2026-09-01,2026-08-31T20:11:25.442627+00:00
coles,3118313,Nudie Nothing But Carrot Apple Orange & Ginger,Nudie,2L,9.8,,4.9,1l,False,31,orange juice 2l,drinks,2026-09-01,2026-08-31T20:11:25.442627+00:00
coles,2999418,Nudie Nothing But Juice Orange,Nudie,3L,12,,4,1l,False,32,orange juice 2l,drinks,2026-09-01,2026-08-31T20:11:25.442627+00:00
coles,4845619,Impressed Essentials Orange Juice With Pulp,Impressed,1L,5,,5,1l,False,33,orange juice 2l,drinks,2026-09-01,2026-08-31T20:11:25.442627+00:00
coles,8757069,Daily Juice Pulp Free No Added Sugar Orange Juice,Daily Juice,500mL,3.55,,7.1,1l,False,34,orange juice 2l,drinks,2026-09-01,2026-08-31T20:11:25.442627+00:00
coles,4845620,Impressed Essentials Orange Juice Pulp Free,Impressed,1L,5,,5,1l,False,35,orange juice 2l,drinks,2026-09-01,2026-08-31T20:11:25.442627+00:00
coles,8738530,Nudie Nothing But 100% Fresh Juice Orange,Nudie,1L,5.2,6.5,5.2,1l,False,36,orange juice 2l,drinks,2026-09-01,2026-08-31T20:11:25.442627+00:00
coles,1199890,Grove Juice Cucumber- Orange- Spinach & Capsicum,Grove Juice,350mL,3.5,,,1l,False,37,orange juice 2l,drinks,2026-09-01,2026-08-31T20:11:25.442627+00:00
coles,8818094,Original Juice Co. Black Label Chilled Orange Juice,Original Juice Co.,600mL,3.75,4.2,6.25,1l,False,38,orange juice 2l,drinks,2026-09-01,2026-08-31T20:11:25.442627+00:00
coles,8771853,Grove Juice Orange Mango Passionfruit Pineapple Apple,Grove Juice,350mL,3.5,,10,1l,False,39,orange juice 2l,drinks,2026-09-01,2026-08-31T20:11:25.442627+00:00
coles,8738552,Nudie Nothing But 100% Fresh Juice Orange Pulp Free,Nudie,1L,5.2,6.5,5.2,1l,False,40,orange juice 2l,drinks,2026-09-01,2026-08-31T20:11:25.442627+00:00
coles,2803786,Grove Signature Orange Juice,Grove,350mL,3.5,,10,1l,False,41,orange juice 2l,drinks,2026-09-01,2026-08-31T20:11:25.442627+00:00
coles,3724390,Nudie Nothing But Orange Juice,Nudie,400mL,4.5,,11.25,1l,False,42,orange juice 2l,drinks,2026-09-01,2026-08-31T20:11:25.442627+00:00
coles,1013915,Coles Finest Juice Orange,Coles Finest,500mL,2.5,,5,1l,False,43,orange juice 2l,drinks,2026-09-01,2026-08-31T20:11:25.442627+00:00
coles,8055549,Remedy Sodaly Blood Orange,Remedy,330mL,2.95,4.3,8.94,1l,False,44,orange juice 2l,drinks,2026-09-01,2026-08-31T20:11:25.442627+00:00
coles,5626676,Nudie Antioxidant Carrot Tumeric Orange Apple Lime,Nudie,1L,7,,7,1l,False,45,orange juice 2l,drinks,2026-09-01,2026-08-31T20:11:25.442627+00:00
coles,7016520,Nudie Nothing But Kids Orange Juice,Nudie,200mL,2.8,,14,1l,False,46,orange juice 2l,drinks,2026-09-01,2026-08-31T20:11:25.442627+00:00
coles,5626654,Nudie Immunity Beetroot Carrot Orange Pear Ginger,Nudie,1L,7,,7,1l,False,47,orange juice 2l,drinks,2026-09-01,2026-08-31T20:11:25.442627+00:00
coles,7452656,Orchy Orange & Passionfruit Juice Chilled,Orchy,375mL,2.3,,6.13,1l,False,48,orange juice 2l,drinks,2026-09-01,2026-08-31T20:11:25.442627+00:00
woolworths,799638,Woolworths Sparkling Mineral Water 1.25L,Woolworths,1.25L,1.1,1.1,0.88,1L,False,1,sparkling mineral water 1.25l,drinks,2026-09-01,2026-08-31T20:11:28.449236+00:00
woolworths,332730,Mount Franklin Lightly Sparkling Water Natural Bottle 1.25L,Mount Franklin,1.25L,2,2,1.6,1L,False,2,sparkling mineral water 1.25l,drinks,2026-09-01,2026-08-31T20:11:28.449236+00:00
woolworths,725866,Mount Franklin Lightly Sparkling Water Lime Bottle 1.25L,Mount Franklin,1.25L,2,2,1.6,1L,False,3,sparkling mineral water 1.25l,drinks,2026-09-01,2026-08-31T20:11:28.449236+00:00
woolworths,332732,Mount Franklin Lightly Sparkling Water Lemon Bottle 1.25L,Mount Franklin,1.25L,2,2,1.6,1L,False,4,sparkling mineral water 1.25l,drinks,2026-09-01,2026-08-31T20:11:28.449236+00:00
woolworths,925726,Mount Franklin Lightly Sparkling Water Pineapple 1.25L,Mount Franklin,1.25L,2,2,1.6,1L,False,5,sparkling mineral water 1.25l,drinks,2026-09-01,2026-08-31T20:11:28.449236+00:00
woolworths,178132,Mount Franklin Lightly Sparkling Water Raspberry 1.25L,Mount Franklin,1.25L,2,2,1.6,1L,False,6,sparkling mineral water 1.25l,drinks,2026-09-01,2026-08-31T20:11:28.449236+00:00
woolworths,221494,Mount Franklin Lightly Sparkling Water Passionfruit 1.25L,Mount Franklin,1.25L,2,2,1.6,1L,False,7,sparkling mineral water 1.25l,drinks,2026-09-01,2026-08-31T20:11:28.449236+00:00
woolworths,634292,Schweppes Natural Mineral Sparkling Water 1.1L,Schweppes,1.1L,1.95,3.3,1.77,1L,True,8,sparkling mineral water 1.25l,drinks,2026-09-01,2026-08-31T20:11:28.449236+00:00
woolworths,6023707,Schweppes Zero Sugar Lime & Lemon Sparkling Mineral Water 1.1L,Schweppes,1.1L,1.95,3.3,1.77,1L,True,9,sparkling mineral water 1.25l,drinks,2026-09-01,2026-08-31T20:11:28.449236+00:00
woolworths,357252,San Pellegrino Sparkling Mineral Water 1L,San Pellegrino,1L,4.15,4.15,4.15,1L,False,10,sparkling mineral water 1.25l,drinks,2026-09-01,2026-08-31T20:11:28.449236+00:00
coles,3277055,Sanpellegrino. Sparkling Mineral Water,Sanpellegrino.,6 Pack,11.2,16,3.73,1l,False,1,sparkling mineral water 1.25l,drinks,2026-09-01,2026-08-31T20:11:28.449236+00:00
coles,8129113,Yaru Sparkling Mineral Water,Yaru,1L,1.7,,1.7,1l,False,2,sparkling mineral water 1.25l,drinks,2026-09-01,2026-08-31T20:11:28.449236+00:00
coles,3068929,Uludag Sparkling Mineral Water,Uludag,6 Pack,9.6,,8,1l,False,3,sparkling mineral water 1.25l,drinks,2026-09-01,2026-08-31T20:11:28.449236+00:00
coles,5180522,Coles Natural Mineral Water,Coles,1.25L,1.1,,0.88,1l,False,4,sparkling mineral water 1.25l,drinks,2026-09-01,2026-08-31T20:11:28.449236+00:00
coles,3498509,Sanpellegrino Pet Sparkling Mineral Water Bottle,Sanpellegrino,1L,4.15,,4.15,1l,False,5,sparkling mineral water 1.25l,drinks,2026-09-01,2026-08-31T20:11:28.449236+00:00
coles,9811997,Santa Vittoria Sparkling Mineral Water,Santa Vittoria,1.5L,3.6,,2.4,1l,False,6,sparkling mineral water 1.25l,drinks,2026-09-01,2026-08-31T20:11:28.449236+00:00
coles,8129204,Yaru Sparkling Mineral Water Glass Bottle,Yaru,750mL,3.6,,,,False,7,sparkling mineral water 1.25l,drinks,2026-09-01,2026-08-31T20:11:28.449236+00:00
coles,9987734,Yaru Flavoured Sparkling Mineral Water Finger Lime,Yaru,1L,1.7,,1.7,1l,False,8,sparkling mineral water 1.25l,drinks,2026-09-01,2026-08-31T20:11:28.449236+00:00
coles,4465651,Capi All Australian Sparkling Water 750ml,Capi,750mL,2.95,,3.93,1l,False,9,sparkling mineral water 1.25l,drinks,2026-09-01,2026-08-31T20:11:28.449236+00:00
coles,3014974,Schweppes Natural Mineral Water Bottle,Schweppes,1.1L,3.3,,3,1l,False,10,sparkling mineral water 1.25l,drinks,2026-09-01,2026-08-31T20:11:28.449236+00:00
coles,1056598,Schweppes Mineral Water Infused Strawberry,Schweppes,1.1L,3.3,,3,1l,False,11,sparkling mineral water 1.25l,drinks,2026-09-01,2026-08-31T20:11:28.449236+00:00
coles,6274530,Schweppes Zero Sugar Lime & Lemon Infused Natural Mineral Sparkling Water 10x375ml,Schweppes,10 Pack,10,,2.67,1l,False,12,sparkling mineral water 1.25l,drinks,2026-09-01,2026-08-31T20:11:28.449236+00:00
coles,1056576,Schweppes Mineral Water Infused Pineapple Passionfruit,Schweppes,1.1L,3.3,,3,1l,False,13,sparkling mineral water 1.25l,drinks,2026-09-01,2026-08-31T20:11:28.449236+00:00
coles,1056554,Schweppes Mineral Water Infused Lemon Lime,Schweppes,1.1L,3.3,,3,1l,False,14,sparkling mineral water 1.25l,drinks,2026-09-01,2026-08-31T20:11:28.449236+00:00
coles,6274541,Schweppes Zero Sugar Raspberry & Blueberry Infused Natural Mineral Sparkling Water 375mL x 10 Pack,Schweppes,10 Pack,10,,2.67,1l,False,15,sparkling mineral water 1.25l,drinks,2026-09-01,2026-08-31T20:11:28.449236+00:00
coles,4677172,Schweppes Zero Sugar Blood Orange Infused Mineral Water Cans Multipack 10x375ml,Schweppes,10 Pack,10,,2.67,1l,False,16,sparkling mineral water 1.25l,drinks,2026-09-01,2026-08-31T20:11:28.449236+00:00
woolworths,36066,Arnott's Tim Tam Original Chocolate Biscuits 200g,Arnott's,200g,4.5,6,2.25,100G,True,1,tim tams,snacks,2026-09-01,2026-08-31T20:11:31.409676+00:00
woolworths,32257,Arnott's Tim Tam Double Chocolate Biscuits 200g,Arnott's,200g,4.5,6,2.25,100G,True,2,tim tams,snacks,2026-09-01,2026-08-31T20:11:31.409676+00:00
woolworths,84628,Arnott's Tim Tam Original Family Pack Chocolate Biscuits 365g,Arnott's,365g,8,8,2.19,100G,False,3,tim tams,snacks,2026-09-01,2026-08-31T20:11:31.409676+00:00
woolworths,117833,Arnott's Tim Tam Chewy Caramel Chocolate Biscuits 175g,Arnott's,175g,4.5,6,2.57,100G,True,4,tim tams,snacks,2026-09-01,2026-08-31T20:11:31.409676+00:00
woolworths,89972,Arnott's Tim Tam Dark Chocolate Biscuits 200g,Arnott's,200g,4.5,6,2.25,100G,True,5,tim tams,snacks,2026-09-01,2026-08-31T20:11:31.409676+00:00
woolworths,393671,Arnott's Gluten Free Tim Tam Biscuits 150g,Arnott's,150g,5,5.5,3.33,100G,True,6,tim tams,snacks,2026-09-01,2026-08-31T20:11:31.409676+00:00
woolworths,6063767,Arnott's Tim Tam Choc Mint Biscuits 165g,Arnott's,165g,4.5,6,2.73,100G,True,7,tim tams,snacks,2026-09-01,2026-08-31T20:11:31.409676+00:00
woolworths,332047,Arnott's Tim Tam White Chocolate Biscuits 165g,Arnott's,165g,4.5,6,2.73,100G,True,8,tim tams,snacks,2026-09-01,2026-08-31T20:11:31.409676+00:00
woolworths,6049855,Arnott's Tim Tam Mangoes & Cream Biscuits 165g,Arnott's,165g,4.5,6,2.73,100G,True,9,tim tams,snacks,2026-09-01,2026-08-31T20:11:31.409676+00:00
woolworths,197288,Arnott's Tim Tam Deluxe Salted Caramel Brownie Chocolate Biscuits 175g,Arnott's,175g,6.5,6.5,3.71,100G,False,10,tim tams,snacks,2026-09-01,2026-08-31T20:11:31.409676+00:00
coles,329607,Arnott's Tim Tam Chocolate Biscuits Original,Arnott's,200g,6,,3,100g,False,1,tim tams,snacks,2026-09-01,2026-08-31T20:11:31.409676+00:00
coles,7029292,Arnott's Tim Tam Chocolate Biscuits Double Coat,Arnott's,200g,6,,3,100g,False,2,tim tams,snacks,2026-09-01,2026-08-31T20:11:31.409676+00:00
coles,6634760,Arnott's Tim Tam Original Chocolate Biscuit Large Pack,Arnott's,365g,6.4,8,1.75,100g,False,3,tim tams,snacks,2026-09-01,2026-08-31T20:11:31.409676+00:00
coles,8655375,Arnott's Tim Tam Chocolate Biscuits Caramel,Arnott's,175g,6,,3.43,100g,False,4,tim tams,snacks,2026-09-01,2026-08-31T20:11:31.409676+00:00
coles,6025536,Arnott's Tim Tam Chocolate Biscuits Dark,Arnott's,200g,6,,3,100g,False,5,tim tams,snacks,2026-09-01,2026-08-31T20:11:31.409676+00:00
coles,7243805,Arnott's Tim Tam White Chocolate Biscuits,Arnott's,165g,6,,3.64,100g,False,6,tim tams,snacks,2026-09-01,2026-08-31T20:11:31.409676+00:00
coles,4964414,Arnott's Tim Tam Deluxe Chocolate Biscuits Salted Caramel Brownie,Arnott's,175g,5,,2.86,100g,False,7,tim tams,snacks,2026-09-01,2026-08-31T20:11:31.409676+00:00
coles,4964378,Arnott's Tim Tam Deluxe Chocolate Biscuits Triple Choc,Arnott's,175g,5,,2.86,100g,False,8,tim tams,snacks,2026-09-01,2026-08-31T20:11:31.409676+00:00
coles,4964389,Arnott's Tim Tam Deluxe Chocolate Biscuits Dark Dark Mint,Arnott's,175g,5,,2.86,100g,False,9,tim tams,snacks,2026-09-01,2026-08-31T20:11:31.409676+00:00
coles,6845799,Arnott's Gluten Free Tim Tam Original Biscuits,Arnott's,150g,5.5,,3.67,100g,False,10,tim tams,snacks,2026-09-01,2026-08-31T20:11:31.409676+00:00
coles,7862884,Arnott's Tim Tam Jatz Biscuits,Arnott's,165g,6,,3.64,100g,False,11,tim tams,snacks,2026-09-01,2026-08-31T20:11:31.409676+00:00
coles,1714910,Arnott's Tim Tam Iced Vovo Biscuits,Arnott's,175g,6,,3.43,100g,False,12,tim tams,snacks,2026-09-01,2026-08-31T20:11:31.409676+00:00
woolworths,319969,Thins Sour Cream & Chives Potato Chips 175g,Thins,175g,2.5,5,1.43,100G,True,1,potato chips 175g,snacks,2026-09-01,2026-08-31T20:11:33.080785+00:00
woolworths,396254,Woolworths Sea Salt Deli Style Potato Chips 175g,Woolworths,175g,3,3,1.71,100G,False,2,potato chips 175g,snacks,2026-09-01,2026-08-31T20:11:33.080785+00:00
woolworths,339134,Smith's Thinly Cut Potato Chips Share Pack Original 175g,Smith's,175g,2.5,2.5,1.43,100G,False,3,potato chips 175g,snacks,2026-09-01,2026-08-31T20:11:33.080785+00:00
woolworths,339137,Smith's Thinly Cut Potato Chips Share Pack Salt & Vinegar 175g,Smith's,175g,2.5,2.5,1.43,100G,False,4,potato chips 175g,snacks,2026-09-01,2026-08-31T20:11:33.080785+00:00
woolworths,387119,Smith's Thinly Cut Potato Chips Share Pack Lightly Tangy 175g,Smith's,175g,2.5,2.5,1.43,100G,False,5,potato chips 175g,snacks,2026-09-01,2026-08-31T20:11:33.080785+00:00
woolworths,707181,Smith's Thinly Cut Potato Chips Roast Chicken & Thyme 175g,Smith's,175g,2.5,2.5,1.43,100G,False,6,potato chips 175g,snacks,2026-09-01,2026-08-31T20:11:33.080785+00:00
woolworths,6002706,Woolworths Deli Style Potato Chips Sea Salt & Balsamic Vinegar 175g,Woolworths,175g,3,3,1.71,100G,False,7,potato chips 175g,snacks,2026-09-01,2026-08-31T20:11:33.080785+00:00
woolworths,6001632,Woolworths Deli Style Potato Chips Sweet Chilli & Sour Cream 175g,Woolworths,175g,3,3,1.71,100G,False,8,potato chips 175g,snacks,2026-09-01,2026-08-31T20:11:33.080785+00:00
woolworths,332426,Smith's Thinly Cut Potato Chips Share Pack Sour Cream & Onion 175g,Smith's,175g,2.5,2.5,1.43,100G,False,9,potato chips 175g,snacks,2026-09-01,2026-08-31T20:11:33.080785+00:00
woolworths,528441,Smith's Thinly Cut Potato Chips Share Pack Sweet Chilli & Sour Cream 175g,Smith's,175g,2.5,2.5,1.43,100G,False,10,potato chips 175g,snacks,2026-09-01,2026-08-31T20:11:33.080785+00:00
coles,1260302,Natural Chip Co. Sea Salt Potato Chips,Natural Chip Co.,175g,3.3,,1.89,100g,False,1,potato chips 175g,snacks,2026-09-01,2026-08-31T20:11:33.080785+00:00
coles,1260313,Natural Chip Co. Sea Salt & Vinegar Potato Chips,Natural Chip Co.,175g,3.3,,1.89,100g,False,2,potato chips 175g,snacks,2026-09-01,2026-08-31T20:11:33.080785+00:00
coles,1260335,Natural Chip Co. Honey Soy Chicken Potato Chips,Natural Chip Co.,175g,3.3,,1.89,100g,False,3,potato chips 175g,snacks,2026-09-01,2026-08-31T20:11:33.080785+00:00
coles,8030617,Takis Blue Tortilla Chips 92.3g,Takis Blue,92.3 GRAM,6.5,,7.04,100g,False,4,potato chips 175g,snacks,2026-09-01,2026-08-31T20:11:33.080785+00:00
coles,8020635,Takis Fuego Tortilla Chips 92.3g,Takis Fuego,92.3 GRAM,6.5,,7.04,100g,False,5,potato chips 175g,snacks,2026-09-01,2026-08-31T20:11:33.080785+00:00
coles,1674065,Natural Chip Co. Chips Sour Cream & Chives,Natural Chip Co.,175g,3.3,,1.89,100g,False,6,potato chips 175g,snacks,2026-09-01,2026-08-31T20:11:33.080785+00:00
coles,6833891,Thins Original Potato Chips,Thins,175g,5,,2.86,100g,False,7,potato chips 175g,snacks,2026-09-01,2026-08-31T20:11:33.080785+00:00
coles,6833950,Thins Chicken Potato Chips,Thins,175g,5,,2.86,100g,False,8,potato chips 175g,snacks,2026-09-01,2026-08-31T20:11:33.080785+00:00
coles,6833927,Thins Light & Tangy Potato Chips,Thins,175g,5,,2.86,100g,False,9,potato chips 175g,snacks,2026-09-01,2026-08-31T20:11:33.080785+00:00
coles,6833949,Thins Salt & Vinegar Potato Chips,Thins,175g,5,,2.86,100g,False,10,potato chips 175g,snacks,2026-09-01,2026-08-31T20:11:33.080785+00:00
coles,7117775,French Fries Original Potato Chips,French Fries,175g,5,,2.86,100g,False,11,potato chips 175g,snacks,2026-09-01,2026-08-31T20:11:33.080785+00:00
coles,5706221,Smith's Thinly Cut Potato Chips Share Pack Original,Smith's,175g,2.5,,1.43,100g,False,12,potato chips 175g,snacks,2026-09-01,2026-08-31T20:11:33.080785+00:00
coles,6989529,Coles Potato Chips Crinkle Cut Salt & Vinegar,Coles,175g,2,,1.14,100g,False,13,potato chips 175g,snacks,2026-09-01,2026-08-31T20:11:33.080785+00:00
coles,7533893,Coles Deli Style Potato Chips Sea Salt,Coles Deli,175g,3,,1.71,100g,False,14,potato chips 175g,snacks,2026-09-01,2026-08-31T20:11:33.080785+00:00
coles,1721846,Thins Sour Cream & Chives Potato Chips,Thins,175g,5,,2.86,100g,False,15,potato chips 175g,snacks,2026-09-01,2026-08-31T20:11:33.080785+00:00
coles,5706254,Smith's Thinly Cut Potato Chips Share Pack Salt & Vinegar,Smith's,175g,2.5,,1.43,100g,False,16,potato chips 175g,snacks,2026-09-01,2026-08-31T20:11:33.080785+00:00
coles,1649760,Smith's Thinly Cut Potato Chips Tzatziki,Smith's,175g,2.5,,1.43,100g,False,17,potato chips 175g,snacks,2026-09-01,2026-08-31T20:11:33.080785+00:00
coles,5706276,Smith's Thinly Cut Potato Chips Share Pack Sour Cream & Onion,Smith's,175g,2.5,,1.43,100g,False,18,potato chips 175g,snacks,2026-09-01,2026-08-31T20:11:33.080785+00:00
coles,9065854,Coles Deli Style Potato Chips Sour Cream Sweet,Coles,175g,3,,1.71,100g,False,19,potato chips 175g,snacks,2026-09-01,2026-08-31T20:11:33.080785+00:00
coles,9066766,Red Rock Deli Chips Spicy Chilli Sriracha,Red Rock Deli Chips,165g,3,6,1.82,100g,False,20,potato chips 175g,snacks,2026-09-01,2026-08-31T20:11:33.080785+00:00
coles,9139724,Kettle Chilli Potato Chips,Kettle,165g,3.6,,2.18,100g,False,21,potato chips 175g,snacks,2026-09-01,2026-08-31T20:11:33.080785+00:00
coles,3721610,Indomie Chitato MI Goreng Potato Chips,Indomie Chitato,55g,2.25,,4.09,100g,False,22,potato chips 175g,snacks,2026-09-01,2026-08-31T20:11:33.080785+00:00
coles,476022,McCain Superfries Frozen Potato Chips Shoestring,McCain,900g,4.3,,4.78,1kg,False,23,potato chips 175g,snacks,2026-09-01,2026-08-31T20:11:33.080785+00:00
coles,2845957,Smith's Thinly Cut Potato Chips Share Pack Sweet Chilli & Sour Cream,Smith's,175g,2.5,,1.43,100g,False,24,potato chips 175g,snacks,2026-09-01,2026-08-31T20:11:33.080785+00:00
coles,2784070,Pringles Potato Chips Barbeque,Pringles,134g,4,5.5,2.99,100g,False,25,potato chips 175g,snacks,2026-09-01,2026-08-31T20:11:33.080785+00:00
coles,2784047,Pringles Potato Chips Original,Pringles,134g,4,5.5,2.99,100g,False,26,potato chips 175g,snacks,2026-09-01,2026-08-31T20:11:33.080785+00:00
coles,2784127,Pringles Potato Chips Original,Pringles,53g,2.7,,5.09,100g,False,27,potato chips 175g,snacks,2026-09-01,2026-08-31T20:11:33.080785+00:00
coles,5066946,McCain Superfries Frozen Potato Chips Crinkle Cut,McCain,900g,4.3,,4.78,1kg,False,28,potato chips 175g,snacks,2026-09-01,2026-08-31T20:11:33.080785+00:00
coles,1649603,Smith's Crinkle Potato Chips Gravy,Smith's,150g,5,,3.33,100g,False,29,potato chips 175g,snacks,2026-09-01,2026-08-31T20:11:33.080785+00:00
coles,3728187,Calbee Potato Chips Hot & Spicy,Calbee,55g,3.9,,7.09,100g,False,30,potato chips 175g,snacks,2026-09-01,2026-08-31T20:11:33.080785+00:00
coles,91710,McCain Superfries Frozen Potato Chips Straight Cut,McCain,900g,4.3,,4.78,1kg,False,31,potato chips 175g,snacks,2026-09-01,2026-08-31T20:11:33.080785+00:00
coles,2873158,Smiths Original Crinkle Potato Chips,Smiths,60g,1.35,2.7,2.25,100g,False,32,potato chips 175g,snacks,2026-09-01,2026-08-31T20:11:33.080785+00:00
coles,8156535,Kettle Sea Salt Potato Chips,Kettle,165g,3.6,,2.18,100g,False,33,potato chips 175g,snacks,2026-09-01,2026-08-31T20:11:33.080785+00:00
coles,5442709,McCain Healthy Choice Potato Chips Straight Cut,McCain,1kg,6,,6,1kg,False,34,potato chips 175g,snacks,2026-09-01,2026-08-31T20:11:33.080785+00:00
coles,2358264,Smith's Crinkle BBQ Potato Chips,Smith's,170g,5,,2.94,100g,False,35,potato chips 175g,snacks,2026-09-01,2026-08-31T20:11:33.080785+00:00
coles,4204341,McCain Superfries Frozen Potato Chips Steak Cut,McCain,900g,4.3,,4.78,1kg,False,36,potato chips 175g,snacks,2026-09-01,2026-08-31T20:11:33.080785+00:00
coles,2784069,Pringles Salt & Vinegar Potato Chips,Pringles,134g,4,5.5,2.99,100g,False,37,potato chips 175g,snacks,2026-09-01,2026-08-31T20:11:33.080785+00:00
coles,8156557,Kettle Sea Salt & Vinegar Potato Chips,Kettle,165g,3.6,,2.18,100g,False,38,potato chips 175g,snacks,2026-09-01,2026-08-31T20:11:33.080785+00:00
coles,2873169,Smiths Salt & Vinegar Crinkle Potato Chips,Smiths,60g,1.35,2.7,2.25,100g,False,39,potato chips 175g,snacks,2026-09-01,2026-08-31T20:11:33.080785+00:00
coles,9050471,Red Rock Deli Potato Chips Trio Of Cheese,Red Rock Deli,165g,3,6,1.82,100g,False,40,potato chips 175g,snacks,2026-09-01,2026-08-31T20:11:33.080785+00:00
coles,1649567,Pringles Potato Chips Butter Caramel,Pringles,118g,4,5.5,3.39,100g,False,41,potato chips 175g,snacks,2026-09-01,2026-08-31T20:11:33.080785+00:00
coles,1649829,Smith's Stax Potato Chips Original,Smith's,115g,2.4,4.8,2.09,100g,False,42,potato chips 175g,snacks,2026-09-01,2026-08-31T20:11:33.080785+00:00
coles,1786150,Red Rock Deli Potato Chips Sea Salt,Red Rock Deli,165g,3,6,1.82,100g,False,43,potato chips 175g,snacks,2026-09-01,2026-08-31T20:11:33.080785+00:00
coles,2137800,McCain Frozen Sweet Potato Chips,McCain,750g,6,7.7,8,1kg,False,44,potato chips 175g,snacks,2026-09-01,2026-08-31T20:11:33.080785+00:00
coles,1649578,Smith's Crinkle Potato Chips Crispy Bacon,Smith's,150g,5,,3.33,100g,False,45,potato chips 175g,snacks,2026-09-01,2026-08-31T20:11:33.080785+00:00
coles,8447630,Pringles Potato Chips Zesty Chilli & Lime,Pringles,118g,2.5,,,100g,True,46,potato chips 175g,snacks,2026-09-01,2026-08-31T20:11:33.080785+00:00
coles,2784058,Pringles Potato Chips Sour Cream & Onion,Pringles,134g,4,5.5,2.99,100g,False,47,potato chips 175g,snacks,2026-09-01,2026-08-31T20:11:33.080785+00:00
coles,1713316,Birds Eye Golden Crunch Crinkle Cut Frozen Potato Chips,Birds Eye,2Kg,10,,5,1kg,False,48,potato chips 175g,snacks,2026-09-01,2026-08-31T20:11:33.080785+00:00
woolworths,814479,Cadbury Dairy Milk Chocolate Block 180g,Cadbury,180g,8,8,4.44,100G,False,1,milk chocolate block 180g,snacks,2026-09-01,2026-08-31T20:11:35.076787+00:00
woolworths,280467,Smarties Milk Chocolate Block 180g,Smarties,180g,3.75,7.5,2.08,100G,True,2,milk chocolate block 180g,snacks,2026-09-01,2026-08-31T20:11:35.076787+00:00
woolworths,813865,Cadbury Baking Milk Chocolate Block 180g,Cadbury,180g,7.5,7.5,4.17,100G,False,3,milk chocolate block 180g,snacks,2026-09-01,2026-08-31T20:11:35.076787+00:00
woolworths,814478,Cadbury Dairy Milk Peppermint Chocolate Block 180g,Cadbury,180g,8,8,4.44,100G,False,4,milk chocolate block 180g,snacks,2026-09-01,2026-08-31T20:11:35.076787+00:00
woolworths,814559,Cadbury Dairy Milk Fruit & Nut Chocolate Block 180g,Cadbury,180g,8,8,4.44,100G,False,5,milk chocolate block 180g,snacks,2026-09-01,2026-08-31T20:11:35.076787+00:00
woolworths,814621,Cadbury Dairy Milk Roast Almond Chocolate Block 180g,Cadbury,180g,8,8,4.44,100G,False,6,milk chocolate block 180g,snacks,2026-09-01,2026-08-31T20:11:35.076787+00:00
woolworths,814622,Cadbury Dairy Milk Caramel Chocolate Caramello Block 180g,Cadbury,180g,8,8,4.44,100G,False,7,milk chocolate block 180g,snacks,2026-09-01,2026-08-31T20:11:35.076787+00:00
woolworths,815196,Cadbury Dairy Milk Tropical Pineapple Chocolate Block 180g,Cadbury,180g,8,8,4.44,100G,False,8,milk chocolate block 180g,snacks,2026-09-01,2026-08-31T20:11:35.076787+00:00
woolworths,815197,Cadbury Dairy Milk Coconut Rough Chocolate Block 180g,Cadbury,180g,8,8,4.44,100G,False,9,milk chocolate block 180g,snacks,2026-09-01,2026-08-31T20:11:35.076787+00:00
woolworths,814558,Cadbury Dairy Milk Hazelnut Chocolate Block 180g,Cadbury,180g,8,8,4.44,100G,False,10,milk chocolate block 180g,snacks,2026-09-01,2026-08-31T20:11:35.076787+00:00
coles,6339240,Whittaker's Chocolate Creamy Hazella Milk Chocolate Block,Whittaker's Chocolate,250g,9,,3.6,100g,False,1,milk chocolate block 180g,snacks,2026-09-01,2026-08-31T20:11:35.076787+00:00
coles,5249221,Nestle Plaistowe Baking Milk Chocolate Block,Nestle,180g,8,,4.44,100g,False,2,milk chocolate block 180g,snacks,2026-09-01,2026-08-31T20:11:35.076787+00:00
coles,2313700,Cadbury Milk Chocolate Baking Block,Cadbury,180g,7.5,,4.17,100g,False,3,milk chocolate block 180g,snacks,2026-09-01,2026-08-31T20:11:35.076787+00:00
coles,2313685,Cadbury Baking White Chocolate Block,Cadbury,180g,7.5,,4.17,100g,False,4,milk chocolate block 180g,snacks,2026-09-01,2026-08-31T20:11:35.076787+00:00
coles,1650850,Coles Simply Milk Chocolate Block,Coles Simply,180g,3.5,,1.94,100g,False,5,milk chocolate block 180g,snacks,2026-09-01,2026-08-31T20:11:35.076787+00:00
coles,6040755,Smarties Milk Chocolate Block,Smarties,180g,7.5,,4.17,100g,False,6,milk chocolate block 180g,snacks,2026-09-01,2026-08-31T20:11:35.076787+00:00
coles,2351709,Cadbury Dairy Milk Chocolate Block,Cadbury,180g,4,8,2.22,100g,False,7,milk chocolate block 180g,snacks,2026-09-01,2026-08-31T20:11:35.076787+00:00
coles,4402185,Cadbury Dairy Milk Breakaway Chocolate Block,Cadbury,180g,4,8,2.22,100g,False,8,milk chocolate block 180g,snacks,2026-09-01,2026-08-31T20:11:35.076787+00:00
coles,2086798,Allen's Block Party Milk Choc Block,Allen's,170g,7.5,,4.41,100g,False,9,milk chocolate block 180g,snacks,2026-09-01,2026-08-31T20:11:35.076787+00:00
coles,2351720,Cadbury Dairy Milk Hazelnut Chocolate Block,Cadbury,180g,4,8,2.22,100g,False,10,milk chocolate block 180g,snacks,2026-09-01,2026-08-31T20:11:35.076787+00:00
coles,3618564,Cadbury Dairy Milk Coconut Rough Chocolate Block,Cadbury,180g,4,8,2.22,100g,False,11,milk chocolate block 180g,snacks,2026-09-01,2026-08-31T20:11:35.076787+00:00
coles,1651048,Coles Milk Chocolate Fruit And Nut Block,Coles,180g,4.5,,2.5,100g,False,12,milk chocolate block 180g,snacks,2026-09-01,2026-08-31T20:11:35.076787+00:00
coles,8481558,Nestle Aero Milk Chocolate Block,Nestle,118g,7.5,,6.36,100g,False,13,milk chocolate block 180g,snacks,2026-09-01,2026-08-31T20:11:35.076787+00:00
coles,6934811,Crunch Milk Chocolate Block,Crunch,170g,7.5,,4.41,100g,False,14,milk chocolate block 180g,snacks,2026-09-01,2026-08-31T20:11:35.076787+00:00
coles,5872479,KitKat Milk Chocolate Block,KitKat,160g,7.5,,4.69,100g,False,15,milk chocolate block 180g,snacks,2026-09-01,2026-08-31T20:11:35.076787+00:00
coles,2086801,Allen's Sherbert Fizz Milk Choc Block,Allen's,170g,7.5,,4.41,100g,False,16,milk chocolate block 180g,snacks,2026-09-01,2026-08-31T20:11:35.076787+00:00
coles,1329919,Lindt Lindor Milk Chocolate Block,Lindt,100g,5.95,8.5,5.95,100g,False,17,milk chocolate block 180g,snacks,2026-09-01,2026-08-31T20:11:35.076787+00:00
coles,1650941,Coles Milk Chocolate Raspberry Popping Crunch Block,Coles,180g,4.5,,2.5,100g,False,18,milk chocolate block 180g,snacks,2026-09-01,2026-08-31T20:11:35.076787+00:00
coles,1035259,Cadbury Dairy Milk Chocolate Block,Cadbury,100g,3,,3,100g,False,19,milk chocolate block 180g,snacks,2026-09-01,2026-08-31T20:11:35.076787+00:00
coles,1650985,Coles Milk Chocolate Salted Caramel Pretzel Block,Coles,180g,4.5,,2.5,100g,False,20,milk chocolate block 180g,snacks,2026-09-01,2026-08-31T20:11:35.076787+00:00
coles,1651015,Coles Milk Chocolate Toffee Caramel Brownie Block,Coles,180g,4.5,,2.5,100g,False,21,milk chocolate block 180g,snacks,2026-09-01,2026-08-31T20:11:35.076787+00:00
coles,2351618,Cadbury Dairy Milk Snack Chocolate Block,Cadbury,180g,4,8,2.22,100g,False,22,milk chocolate block 180g,snacks,2026-09-01,2026-08-31T20:11:35.076787+00:00
coles,2351662,Cadbury Dairy Milk Caramello Chocolate Block,Cadbury,180g,4,8,2.22,100g,False,23,milk chocolate block 180g,snacks,2026-09-01,2026-08-31T20:11:35.076787+00:00
coles,1068870,Cadbury Dairy Milk Chocolate Block,Cadbury,315g,8.5,,2.7,100g,False,24,milk chocolate block 180g,snacks,2026-09-01,2026-08-31T20:11:35.076787+00:00
coles,3761171,Cadbury Dairy Milk Marble Chocolate Block,Cadbury,173g,4,8,2.31,100g,False,25,milk chocolate block 180g,snacks,2026-09-01,2026-08-31T20:11:35.076787+00:00
coles,1579519,Cadbury Dairy Milk Biscoff Chocolate Block,Cadbury,170g,4,8,2.35,100g,False,26,milk chocolate block 180g,snacks,2026-09-01,2026-08-31T20:11:35.076787+00:00
coles,2770235,Cadbury Dairy Milk Tropical Pineapple Chocolate Block,Cadbury,180g,4,8,2.22,100g,False,27,milk chocolate block 180g,snacks,2026-09-01,2026-08-31T20:11:35.076787+00:00
coles,7157168,Aero Peppermint Milk Chocolate Block,Aero,118g,7.5,,6.36,100g,False,28,milk chocolate block 180g,snacks,2026-09-01,2026-08-31T20:11:35.076787+00:00
coles,5365459,Whittaker's Block Chocolate Creamy Milk Block,Whittaker's,250g,9,,3.6,100g,False,29,milk chocolate block 180g,snacks,2026-09-01,2026-08-31T20:11:35.076787+00:00
coles,1329930,Lindt Lindor Tiramisu Milk Chocolate Block,Lindt,100g,4.25,8.5,4.25,100g,False,30,milk chocolate block 180g,snacks,2026-09-01,2026-08-31T20:11:35.076787+00:00
coles,2351630,Cadbury Dairy Milk Roast Almond Chocolate Block,Cadbury,180g,4,8,2.22,100g,False,31,milk chocolate block 180g,snacks,2026-09-01,2026-08-31T20:11:35.076787+00:00
coles,2351607,Cadbury Dairy Milk Top Deck Chocolate Block,Cadbury,180g,4,8,2.22,100g,False,32,milk chocolate block 180g,snacks,2026-09-01,2026-08-31T20:11:35.076787+00:00
coles,2351593,Cadbury Dairy Milk Turkish Delight Chocolate Block,Cadbury,180g,4,8,2.22,100g,False,33,milk chocolate block 180g,snacks,2026-09-01,2026-08-31T20:11:35.076787+00:00
coles,2351673,Cadbury Dairy Milk Black Forest Chocolate Block,Cadbury,180g,4,8,2.22,100g,False,34,milk chocolate block 180g,snacks,2026-09-01,2026-08-31T20:11:35.076787+00:00
coles,3446651,Coles Belgian Milk Chocolate Block,Coles,200g,4.5,,2.25,100g,False,35,milk chocolate block 180g,snacks,2026-09-01,2026-08-31T20:11:35.076787+00:00
coles,2351651,Cadbury Dairy Milk Fruit And Nut Chocolate Block,Cadbury,180g,4,8,2.22,100g,False,36,milk chocolate block 180g,snacks,2026-09-01,2026-08-31T20:11:35.076787+00:00
coles,6934786,Rolo Milk Chocolate Caramel Block,Rolo,170g,7.5,,4.41,100g,False,37,milk chocolate block 180g,snacks,2026-09-01,2026-08-31T20:11:35.076787+00:00
coles,6338837,Lindt No Sugar Added Milk Chocolate Block,Lindt,100g,7.95,9.75,7.95,100g,False,38,milk chocolate block 180g,snacks,2026-09-01,2026-08-31T20:11:35.076787+00:00
coles,6379233,Whittaker's Block Chocolate Coconut Milk,Whittaker's,250g,9,,3.6,100g,False,39,milk chocolate block 180g,snacks,2026-09-01,2026-08-31T20:11:35.076787+00:00
coles,1038280,Cadbury Dairy Milk Hazelnut Chocolate Block,Cadbury,340g,8.5,,2.5,100g,False,40,milk chocolate block 180g,snacks,2026-09-01,2026-08-31T20:11:35.076787+00:00
coles,1038224,Cadbury Dairy Milk Cookies Chocolate Block,Cadbury,170g,4,8,2.35,100g,False,41,milk chocolate block 180g,snacks,2026-09-01,2026-08-31T20:11:35.076787+00:00
coles,5750642,Tony's Chocolonely Milk Chocolate 32%,Tony's Chocolonely,180g,8.95,9.95,4.97,100g,False,42,milk chocolate block 180g,snacks,2026-09-01,2026-08-31T20:11:35.076787+00:00
coles,1070293,Cadbury Dairy Milk Fruit & Nut Chocolate Block,Cadbury,340g,8.5,,2.5,100g,False,43,milk chocolate block 180g,snacks,2026-09-01,2026-08-31T20:11:35.076787+00:00
coles,7864915,Cadbury Dairy Milk Velvet Block Chocolate,Cadbury,150g,8,,5.33,100g,False,44,milk chocolate block 180g,snacks,2026-09-01,2026-08-31T20:11:35.076787+00:00
coles,5751124,Tony's Chocolonely Milk Chocolate Hazelnut,Tony's Chocolonely,180g,8.95,9.95,4.97,100g,False,45,milk chocolate block 180g,snacks,2026-09-01,2026-08-31T20:11:35.076787+00:00
coles,1759907,Cadbury Dairy Milk PB&J Chocolate Block,Cadbury,170g,4,8,2.35,100g,False,46,milk chocolate block 180g,snacks,2026-09-01,2026-08-31T20:11:35.076787+00:00
coles,3312134,Whittaker's Block Chocolate Milk Creamy Caramel,Whittaker's,250g,9,,3.6,100g,False,47,milk chocolate block 180g,snacks,2026-09-01,2026-08-31T20:11:35.076787+00:00
coles,1755000,M&S Choc Marks Caramel Shortbread And Chocolate Crispies Milk Chocolate,M&S,180g,9,,5,100g,False,48,milk chocolate block 180g,snacks,2026-09-01,2026-08-31T20:11:35.076787+00:00
woolworths,96845,Woolworths Essentials Frozen Peas 1kg,Woolworths Essentials,1kg,2.5,2.5,2.5,1KG,False,1,frozen peas 1kg,frozen,2026-09-01,2026-08-31T20:11:37.023748+00:00
woolworths,96215,McCain Frozen Peas 1kg,McCain,1kg,6,6,6,1KG,False,2,frozen peas 1kg,frozen,2026-09-01,2026-08-31T20:11:37.023748+00:00
woolworths,754169,Woolworths Frozen Australian Peas 1kg,Woolworths,1kg,3.8,3.8,3.8,1KG,False,3,frozen peas 1kg,frozen,2026-09-01,2026-08-31T20:11:37.023748+00:00
woolworths,754181,Woolworths Frozen Australian Baby Peas 1kg,Woolworths,1kg,5.2,5.2,5.2,1KG,False,4,frozen peas 1kg,frozen,2026-09-01,2026-08-31T20:11:37.023748+00:00
woolworths,93371,McCain Frozen Baby Peas 1kg,McCain,1kg,6.9,6.9,6.9,1KG,False,5,frozen peas 1kg,frozen,2026-09-01,2026-08-31T20:11:37.023748+00:00
woolworths,95871,McCain Frozen Peas & Super Juicy Corn 1kg,McCain,1kg,7.3,7.3,7.3,1KG,False,6,frozen peas 1kg,frozen,2026-09-01,2026-08-31T20:11:37.023748+00:00
woolworths,768569,Woolworths Frozen Australian Carrots Peas & Corn 1kg,Woolworths,1kg,5,5,5,1KG,False,7,frozen peas 1kg,frozen,2026-09-01,2026-08-31T20:11:37.023748+00:00
woolworths,705677,Birds Eye Frozen Australian Peas & Corn 1kg,Birds Eye,1kg,6.5,6.5,6.5,1KG,False,8,frozen peas 1kg,frozen,2026-09-01,2026-08-31T20:11:37.023748+00:00
woolworths,255445,Birds Eye Frozen Carrot Peas & Corn 1kg,Birds Eye,1kg,6.5,6.5,6.5,1KG,False,9,frozen peas 1kg,frozen,2026-09-01,2026-08-31T20:11:37.023748+00:00
woolworths,289348,Bell Farms Frozen Carrots Peas & Corn 1kg,Bell Farms,1kg,3.9,3.9,3.9,1KG,False,10,frozen peas 1kg,frozen,2026-09-01,2026-08-31T20:11:37.023748+00:00
coles,7644840,Coles Frozen Baby Peas,Coles,1kg,4.4,,4.4,1kg,False,1,frozen peas 1kg,frozen,2026-09-01,2026-08-31T20:11:37.023748+00:00
coles,9054790,Coles Frozen Garden Peas,Coles,1Kg,4.5,,4.5,1kg,False,2,frozen peas 1kg,frozen,2026-09-01,2026-08-31T20:11:37.023748+00:00
coles,399067,Coles Simply Peas Snap Frozen,Coles Simply,1Kg,2.5,,2.5,1kg,False,3,frozen peas 1kg,frozen,2026-09-01,2026-08-31T20:11:37.023748+00:00
coles,338856,McCain Frozen Peas,McCain,500g,3.7,,,1kg,False,4,frozen peas 1kg,frozen,2026-09-01,2026-08-31T20:11:37.023748+00:00
coles,7644872,Coles Frozen Carrot Corn & Peas,Coles,1kg,4.2,,4.2,1kg,False,5,frozen peas 1kg,frozen,2026-09-01,2026-08-31T20:11:37.023748+00:00
coles,5072790,Birds Eye Frozen Mixed Vegetables Peas & Corn,Birds Eye,1Kg,5.9,6.9,5.9,1kg,False,6,frozen peas 1kg,frozen,2026-09-01,2026-08-31T20:11:37.023748+00:00
coles,5072778,Birds Eye Frozen Mixed Vegetables Peas & Corn,Birds Eye,1Kg,5.9,6.9,5.9,1kg,False,7,frozen peas 1kg,frozen,2026-09-01,2026-08-31T20:11:37.023748+00:00
coles,5368796,McCain Frozen Baby Peas,McCain,500g,3.8,4.5,7.6,1kg,False,8,frozen peas 1kg,frozen,2026-09-01,2026-08-31T20:11:37.023748+00:00
coles,9727788,Coles Snap Frozen Peas & Corn,Coles,500g,3.4,,6.8,1kg,False,9,frozen peas 1kg,frozen,2026-09-01,2026-08-31T20:11:37.023748+00:00
coles,1842749,Birds Eye Frozen Garden Peas,Birds Eye,2Kg,11,,5.5,1kg,False,10,frozen peas 1kg,frozen,2026-09-01,2026-08-31T20:11:37.023748+00:00
coles,9189507,Birds Eye Frozen Baby Peas,Birds Eye,825g,4.9,6,5.94,1kg,False,11,frozen peas 1kg,frozen,2026-09-01,2026-08-31T20:11:37.023748+00:00
coles,186383,Birds Eye Frozen Garden Peas,Birds Eye,500g,3.5,,7,1kg,False,12,frozen peas 1kg,frozen,2026-09-01,2026-08-31T20:11:37.023748+00:00
coles,7644770,Coles Frozen Peas Carrots Cauliflower,Coles,1kg,4.2,,4.2,1kg,False,13,frozen peas 1kg,frozen,2026-09-01,2026-08-31T20:11:37.023748+00:00
coles,5394650,McCain Frozen Peas Corn & Carrots,McCain,500g,4.5,,9,1kg,False,14,frozen peas 1kg,frozen,2026-09-01,2026-08-31T20:11:37.023748+00:00
coles,8161535,Mccain Garden Peas,Mccain,1kg,6,,6,1kg,False,15,frozen peas 1kg,frozen,2026-09-01,2026-08-31T20:11:37.023748+00:00
coles,105701,Birds Eye Frozen Mixed Vegetables Peas Corn & Capsicum,Birds Eye,500g,4.5,,9,1kg,False,16,frozen peas 1kg,frozen,2026-09-01,2026-08-31T20:11:37.023748+00:00
coles,1935351,"McCain Mixed Vegetables Peas, Corn, Carrots",McCain,1Kg,7.3,,7.3,1kg,False,17,frozen peas 1kg,frozen,2026-09-01,2026-08-31T20:11:37.023748+00:00
coles,1842727,Birds Eye Frozen Mixed Vegetables Carrot Peas & Corn,Birds Eye,2Kg,12,,6,1kg,False,18,frozen peas 1kg,frozen,2026-09-01,2026-08-31T20:11:37.023748+00:00
coles,1777261,Birds Eye Steam Fresh Peas Beans Corn & Broccoli Frozen Mixed Vegetables,Birds Eye,450g,4.5,,10,1kg,False,19,frozen peas 1kg,frozen,2026-09-01,2026-08-31T20:11:37.023748+00:00
coles,8165842,Mccain Peas Corn & Carrots,Mccain,2kg,12.9,,,1kg,False,20,frozen peas 1kg,frozen,2026-09-01,2026-08-31T20:11:37.023748+00:00
coles,2740052,Birds Eye Steam Fresh Beans Broccoli & Sugar Snap Peas Frozen Mixed Vegetables,Birds Eye,450g,4.5,,10,1kg,False,21,frozen peas 1kg,frozen,2026-09-01,2026-08-31T20:11:37.023748+00:00
coles,8165897,Mccain Peas & Super Juicy Corn Kernels,Mccain,500g,4.5,,9,1kg,False,22,frozen peas 1kg,frozen,2026-09-01,2026-08-31T20:11:37.023748+00:00
coles,1843027,Birds Eye Steam Fresh Baby Potato Broccoli Carrot Peas,Birds Eye,400g,6.9,,17.25,1kg,False,23,frozen peas 1kg,frozen,2026-09-01,2026-08-31T20:11:37.023748+00:00
coles,9730385,Birds Eye Stir Fry Shanghai Carrot Broccoli Water Chestnuts Capsicum Sugar Snap Peas Frozen Mixed Veg,Birds Eye,500g,4,5,8,1kg,False,24,frozen peas 1kg,frozen,2026-09-01,2026-08-31T20:11:37.023748+00:00
woolworths,42620,Bulla Vanilla Ice Cream 2L,Bulla,2L,6,6,0.3,100ML,False,1,vanilla ice cream 2l,frozen,2026-09-01,2026-08-31T20:11:38.881803+00:00
woolworths,40518,Peters Original Vanilla Ice Cream 2L,Peters,2L,5.95,5.95,0.3,100ML,False,2,vanilla ice cream 2l,frozen,2026-09-01,2026-08-31T20:11:38.881803+00:00
woolworths,191043,Bulla Creamy Classics Ice Cream Vanilla 2L,Bulla,2L,7,7,0.35,100ML,False,3,vanilla ice cream 2l,frozen,2026-09-01,2026-08-31T20:11:38.881803+00:00
woolworths,574618,Bulla Creamy Classics Ice Cream Vanilla & Boysenberry 2L,Bulla,2L,7,7,0.35,100ML,False,4,vanilla ice cream 2l,frozen,2026-09-01,2026-08-31T20:11:38.881803+00:00
woolworths,281393,Woolworths Essential Reduced Fat Ice Cream Vanilla 2L,Woolworths,2L,4.5,4.5,0.23,100ML,False,5,vanilla ice cream 2l,frozen,2026-09-01,2026-08-31T20:11:38.881803+00:00
woolworths,40568,Blue Ribbon Classic Vanilla Tub 2L,Blue Ribbon,2L,6.5,6.5,0.33,100ML,False,6,vanilla ice cream 2l,frozen,2026-09-01,2026-08-31T20:11:38.881803+00:00
woolworths,684,Blue Ribbon Light Vanilla Tub 2L,Blue Ribbon,2L,6.5,6.5,0.33,100ML,False,7,vanilla ice cream 2l,frozen,2026-09-01,2026-08-31T20:11:38.881803+00:00
woolworths,34673,Peters Original Vanilla 4L,Peters,4L,10.9,10.9,0.27,100ML,False,8,vanilla ice cream 2l,frozen,2026-09-01,2026-08-31T20:11:38.881803+00:00
woolworths,86412,Bulla Ice Cream Vanilla Tub 4L,Bulla,4L,10.5,10.5,0.26,100ML,False,9,vanilla ice cream 2l,frozen,2026-09-01,2026-08-31T20:11:38.881803+00:00
woolworths,228345,Woolworths Ice Cream Vanilla Bean 1L,Woolworths,1L,6,6,0.6,100ML,False,10,vanilla ice cream 2l,frozen,2026-09-01,2026-08-31T20:11:38.881803+00:00
coles,8559575,Coles Vanilla Ice Cream Cones 4 Pack,Coles,475mL,4.5,,0.95,100ml,False,1,vanilla ice cream 2l,frozen,2026-09-01,2026-08-31T20:11:38.881803+00:00
coles,7203039,Coles Irresistible Vanilla Ice Cream Sticks 4 Pack,Coles,400mL,6.5,,1.63,100ml,False,2,vanilla ice cream 2l,frozen,2026-09-01,2026-08-31T20:11:38.881803+00:00
coles,6272400,Connoisseur Classic Vanilla Ice Cream Sticks 4 Pack,Connoisseur,400mL,12,,3,100ml,False,3,vanilla ice cream 2l,frozen,2026-09-01,2026-08-31T20:11:38.881803+00:00
coles,7202874,Coles Irresistible Mini Vanilla Ice Cream Sticks 6 Pack,Coles,360mL,6.5,,1.81,100ml,False,4,vanilla ice cream 2l,frozen,2026-09-01,2026-08-31T20:11:38.881803+00:00
coles,9486590,Bulla Creamy Classics Vanilla Ice Cream,Bulla,2L,12,,0.6,100ml,False,5,vanilla ice cream 2l,frozen,2026-09-01,2026-08-31T20:11:38.881803+00:00
coles,239785,Peters Original Vanilla Ice Cream,Peters,2L,5.95,,0.3,100ml,False,6,vanilla ice cream 2l,frozen,2026-09-01,2026-08-31T20:11:38.881803+00:00
coles,3948252,Connoisseur Vanilla Caramel Brownie Ice Cream Sticks 4 Pack,Connoisseur,400mL,12,,3,100ml,False,7,vanilla ice cream 2l,frozen,2026-09-01,2026-08-31T20:11:38.881803+00:00
coles,1532355,Bulla Creamy Classics Vanilla Choc Chip Supreme Ice Cream Sundae Cones 4 Pack,Bulla,580mL,12.5,,2.16,100ml,False,8,vanilla ice cream 2l,frozen,2026-09-01,2026-08-31T20:11:38.881803+00:00
coles,5901329,Peters Original Vanilla Ice Cream,Peters,4L,10.9,,0.27,100ml,False,9,vanilla ice cream 2l,frozen,2026-09-01,2026-08-31T20:11:38.881803+00:00
coles,3880512,Peters Lactose Free Vanilla Ice Cream,Peters,1.2L,9.5,,0.79,100ml,False,10,vanilla ice cream 2l,frozen,2026-09-01,2026-08-31T20:11:38.881803+00:00
coles,3880487,Peters No Sugar Added Vanilla Ice Cream,Peters,1.2L,9.5,,0.79,100ml,False,11,vanilla ice cream 2l,frozen,2026-09-01,2026-08-31T20:11:38.881803+00:00
coles,2752685,Haagen-Dazs Vanilla Ice Cream Tubs,Haagen-Dazs,457mL,14,,3.06,100ml,False,12,vanilla ice cream 2l,frozen,2026-09-01,2026-08-31T20:11:38.881803+00:00
coles,8842474,Maxine's Burn Protein Vanilla Ice Cream,Maxine's,500g,37,,7.4,100g,False,13,vanilla ice cream 2l,frozen,2026-09-01,2026-08-31T20:11:38.881803+00:00
coles,7207018,Peters Light & Creamy French Vanilla Ice Cream,Peters,1.8L,6.5,,0.36,100ml,False,14,vanilla ice cream 2l,frozen,2026-09-01,2026-08-31T20:11:38.881803+00:00
coles,8088457,Roho Ice Cream Coconut Vanilla Cookie Ice Cream Sandwich,Roho,150g,9,,6,100g,False,15,vanilla ice cream 2l,frozen,2026-09-01,2026-08-31T20:11:38.881803+00:00
coles,5050130,Sara Lee Classic French Vanilla Ice Cream,Sara Lee,1L,6,12,0.6,100ml,False,16,vanilla ice cream 2l,frozen,2026-09-01,2026-08-31T20:11:38.881803+00:00
coles,8842340,Max's Absolute Mass Protein Vanilla Ice Cream,Max's,2.72kg,82,,30.15,1kg,False,17,vanilla ice cream 2l,frozen,2026-09-01,2026-08-31T20:11:38.881803+00:00
coles,2426251,Coles Irresistible Vanilla Bean Ice Cream,Coles,1L,6.5,,0.65,100ml,False,18,vanilla ice cream 2l,frozen,2026-09-01,2026-08-31T20:11:38.881803+00:00
coles,7105051,Peters Drumstick Bulk Classic Vanilla 16 Pack,Peters,1.9L,20,,1.05,100ml,False,19,vanilla ice cream 2l,frozen,2026-09-01,2026-08-31T20:11:38.881803+00:00
coles,193844,Peters Drumstick Classic Vanilla Cones 4 Pack,Peters,475mL,5.9,9.9,1.24,100ml,False,20,vanilla ice cream 2l,frozen,2026-09-01,2026-08-31T20:11:38.881803+00:00
coles,2232528,Coles Vanilla Ice Cream Sandwich 4 Pack,Coles,440mL,3.8,,0.86,100ml,False,21,vanilla ice cream 2l,frozen,2026-09-01,2026-08-31T20:11:38.881803+00:00
coles,1684740,Coles Simply Choc Vanilla Flavoured Cones 4 Pack,Coles Simply,440mL,3.3,,0.75,100ml,False,22,vanilla ice cream 2l,frozen,2026-09-01,2026-08-31T20:11:38.881803+00:00
coles,5863445,Peters Drumstick Minis Classic Vanilla Cones 6 Pack,Peters,490mL,5.9,9.9,1.2,100ml,False,23,vanilla ice cream 2l,frozen,2026-09-01,2026-08-31T20:11:38.881803+00:00
coles,3944342,Coyo Dairy Free Probiotic Ice Cream Vanilla Bean,Coyo,500mL,10,,2,100ml,True,24,vanilla ice cream 2l,frozen,2026-09-01,2026-08-31T20:11:38.881803+00:00
coles,3251233,Connoisseur Vanilla Caramel Brownie Ice Cream Tub,Connoisseur,1L,9.75,13,0.98,100ml,False,25,vanilla ice cream 2l,frozen,2026-09-01,2026-08-31T20:11:38.881803+00:00
coles,5487810,Bulla Creamy Classic Vanilla Choc Fudge Cone 4 Pack,Bulla,520mL,11,,2.12,100ml,False,26,vanilla ice cream 2l,frozen,2026-09-01,2026-08-31T20:11:38.881803+00:00
coles,6277754,Bulla Vanilla Ice Cream Choc Bars 8 Pack,Bulla,600mL,7,10,1.17,100ml,False,27,vanilla ice cream 2l,frozen,2026-09-01,2026-08-31T20:11:38.881803+00:00
coles,8968949,Vital Strength #1 Source Whey Powder Vanilla Ice Cream,Vital Strength,750g,52,,6.93,100g,False,28,vanilla ice cream 2l,frozen,2026-09-01,2026-08-31T20:11:38.881803+00:00
coles,4811832,Peters Light & Creamy Vanilla Slices Ice Cream 12 Pack,Peters,1.2L,9,,0.75,100ml,False,29,vanilla ice cream 2l,frozen,2026-09-01,2026-08-31T20:11:38.881803+00:00
coles,7197720,Coles Ice Cream Cones Vanilla Cups,Coles,24 Pack,2.8,,0.12,1ea,False,30,vanilla ice cream 2l,frozen,2026-09-01,2026-08-31T20:11:38.881803+00:00
coles,4457187,Bulla Vanilla Crunch Ice Cream Sticks 8 Pack,Bulla,631mL,7,10,1.11,100ml,False,31,vanilla ice cream 2l,frozen,2026-09-01,2026-08-31T20:11:38.881803+00:00
coles,1719888,Streets Cremissimo Vanilla Creme Anglaise Ice Cream Tub,Streets,1L,13,,1.3,100ml,False,32,vanilla ice cream 2l,frozen,2026-09-01,2026-08-31T20:11:38.881803+00:00
coles,5615272,Connoisseur Classic Vanilla Ice Cream Tub,Connoisseur,1L,9.75,13,0.98,100ml,False,33,vanilla ice cream 2l,frozen,2026-09-01,2026-08-31T20:11:38.881803+00:00
coles,5495534,Muscle Nation Whey Protein Daily Shake Vanilla Ice Cream,Muscle Nation,300g,28,35,9.33,100g,False,34,vanilla ice cream 2l,frozen,2026-09-01,2026-08-31T20:11:38.881803+00:00
coles,207938,Streets Blue Ribbon Vanilla,Streets,2L,6.5,,0.33,100ml,False,35,vanilla ice cream 2l,frozen,2026-09-01,2026-08-31T20:11:38.881803+00:00
coles,4477377,Peters Original Twin Pole Vanilla Chocolate Ice Cream 8 Pack,Peters,592mL,8,,1.36,100ml,False,36,vanilla ice cream 2l,frozen,2026-09-01,2026-08-31T20:11:38.881803+00:00
coles,7207051,Peters Light & Creamy Choc Caramel & Vanilla Swirl Ice Cream,Peters,1.8L,6.5,,0.36,100ml,False,37,vanilla ice cream 2l,frozen,2026-09-01,2026-08-31T20:11:38.881803+00:00
coles,5171270,Streets Blue Ribbon Light Vanilla,Streets,2L,6.5,,0.33,100ml,False,38,vanilla ice cream 2l,frozen,2026-09-01,2026-08-31T20:11:38.881803+00:00
coles,8577963,Streets Blue Ribbon Plant Vanilla,Streets,2L,6.5,,0.33,100ml,False,39,vanilla ice cream 2l,frozen,2026-09-01,2026-08-31T20:11:38.881803+00:00
coles,207971,Coles Simply Vanilla Flavoured Frozen Dessert Tub,Coles Simply,2L,4.5,,0.22,100ml,False,40,vanilla ice cream 2l,frozen,2026-09-01,2026-08-31T20:11:38.881803+00:00
coles,7082852,Skinny Cow Vanilla Caramel & Double Chocolate Ice Cream Sundaes 4 Pack,Skinny Cow,640mL,7.9,,1.23,100ml,False,41,vanilla ice cream 2l,frozen,2026-09-01,2026-08-31T20:11:38.881803+00:00
coles,7082863,Peters Skinny Cow Vanilla Choc Sundae With Peanuts Ice Cream 4 Pack,Peters,640mL,7.9,,1.23,100ml,False,42,vanilla ice cream 2l,frozen,2026-09-01,2026-08-31T20:11:38.881803+00:00
coles,7206977,Peters Light & Creamy Classic Vanlla Ice Cream,Peters,1.8L,6.5,,0.36,100ml,False,43,vanilla ice cream 2l,frozen,2026-09-01,2026-08-31T20:11:38.881803+00:00
coles,8264200,So Good Frozen Dessert Vanilla Bliss,So Good,1L,7.6,9.5,0.76,100ml,False,44,vanilla ice cream 2l,frozen,2026-09-01,2026-08-31T20:11:38.881803+00:00
coles,208205,Coles Simply Vanilla Flavoured Frozen Dessert Tub,Coles Simply,4L,7,,0.18,100ml,False,45,vanilla ice cream 2l,frozen,2026-09-01,2026-08-31T20:11:38.881803+00:00
coles,4740359,Pat And Stick's Sandwich Vanilla Chocolate 90g,Pat And Stick's,1 Each,5.5,,5.5,1ea,False,46,vanilla ice cream 2l,frozen,2026-09-01,2026-08-31T20:11:38.881803+00:00
coles,4740290,Pat And Stick's Sandwich Vanilla Lace 90g,Pat And Stick's,1 Each,5.5,,5.5,1ea,False,47,vanilla ice cream 2l,frozen,2026-09-01,2026-08-31T20:11:38.881803+00:00
coles,3169766,Streets Viennetta Classic Vanilla Frozen Dessert,Streets,650mL,8,,1.23,100ml,False,48,vanilla ice cream 2l,frozen,2026-09-01,2026-08-31T20:11:38.881803+00:00
woolworths,252640,McCain Pizza Meatlovers BBQ 500g,McCain,500g,7,8.8,1.4,100G,True,1,frozen pizza,frozen,2026-09-01,2026-08-31T20:11:40.741889+00:00
woolworths,112352,McCain Pizza Slice Snacks Cheese & Bacon 2 pack,McCain,2 pack,9.8,9.8,1.63,100G,False,2,frozen pizza,frozen,2026-09-01,2026-08-31T20:11:40.741889+00:00
woolworths,96406,McCain Pizza Ham & Pineapple 500g,McCain,500g,7,8.8,1.4,100G,True,3,frozen pizza,frozen,2026-09-01,2026-08-31T20:11:40.741889+00:00
woolworths,112492,McCain Pizza Slice Snacks Meatlovers 2 pack,McCain,2 pack,9.8,9.8,1.63,100G,False,4,frozen pizza,frozen,2026-09-01,2026-08-31T20:11:40.741889+00:00
woolworths,6042407,Buonissimo Pizza BBQ Meatlovers 500g,Buonissimo,500g,4,4,0.8,100G,False,5,frozen pizza,frozen,2026-09-01,2026-08-31T20:11:40.741889+00:00
woolworths,93831,McCain Pizza Cheese & Bacon 500g,McCain,500g,7,8.8,1.4,100G,True,6,frozen pizza,frozen,2026-09-01,2026-08-31T20:11:40.741889+00:00
woolworths,96415,McCain Supreme Pizza 500g,McCain,500g,7,8.8,1.4,100G,True,7,frozen pizza,frozen,2026-09-01,2026-08-31T20:11:40.741889+00:00
woolworths,3496,McCain Pizza Slice Snacks Ham & Pineapple 2 pack,McCain,2 pack,9.8,9.8,1.63,100G,False,8,frozen pizza,frozen,2026-09-01,2026-08-31T20:11:40.741889+00:00
woolworths,6043796,Buonissimo Pizza Ham & Pineapple 500g,Buonissimo,500g,4,4,0.8,100G,False,9,frozen pizza,frozen,2026-09-01,2026-08-31T20:11:40.741889+00:00
woolworths,165354,McCain Family Pizza Pepperoni 490g,McCain,490g,7,8.8,1.43,100G,True,10,frozen pizza,frozen,2026-09-01,2026-08-31T20:11:40.741889+00:00
coles,7010250,McCain Frozen BBQ Meatlovers Family Pizza,McCain,500g,8.8,,1.76,100g,False,1,frozen pizza,frozen,2026-09-01,2026-08-31T20:11:40.741889+00:00
coles,7866499,Destination Italy Woodfired Margherita Pizza,Destination Italy,380g,12.5,,3.29,100g,False,2,frozen pizza,frozen,2026-09-01,2026-08-31T20:11:40.741889+00:00
coles,1142011,Fropro Protein Pizza BBQ Meatlovers,Fropro,325g,12.95,,3.98,100g,False,3,frozen pizza,frozen,2026-09-01,2026-08-31T20:11:40.741889+00:00
coles,6840762,Fropro Protein Slices Pepperoni Pizza 2 Pack,Fropro,360g,11.5,12.95,3.19,100g,False,4,frozen pizza,frozen,2026-09-01,2026-08-31T20:11:40.741889+00:00
coles,1116044,Della Rosa Thin & Crispy Meatlovers Pizza,Della Rosa,350g,5.99,,1.71,100g,False,5,frozen pizza,frozen,2026-09-01,2026-08-31T20:11:40.741889+00:00
coles,1116102,Della Rosa Thin & Crispy Pepperoni Pizza,Della Rosa,350g,5.99,,1.71,100g,False,6,frozen pizza,frozen,2026-09-01,2026-08-31T20:11:40.741889+00:00
coles,7173288,Gourmet Saba Premium Margherita Pizza,Gourmet Saba,400g,13,,3.25,100g,False,7,frozen pizza,frozen,2026-09-01,2026-08-31T20:11:40.741889+00:00
coles,7169892,Gourmet Saba Premium Mild Salami Pizza,Gourmet Saba,420g,13,,3.1,100g,False,8,frozen pizza,frozen,2026-09-01,2026-08-31T20:11:40.741889+00:00
coles,8634943,Dr. Oetker Frozen Ristorante Pepperoni Pizza,Dr. Oetker,310g,7,9.5,2.26,100g,False,9,frozen pizza,frozen,2026-09-01,2026-08-31T20:11:40.741889+00:00
coles,8544829,McCain Cheese & Bacon Pizza Slices 2 Pack,McCain,600g,7.7,9.8,1.28,100g,False,10,frozen pizza,frozen,2026-09-01,2026-08-31T20:11:40.741889+00:00
coles,251124,McCain Frozen Supreme Family Pizza,McCain,500g,8.8,,1.76,100g,False,11,frozen pizza,frozen,2026-09-01,2026-08-31T20:11:40.741889+00:00
coles,4655475,McCain Family Pizza Pepperoni,McCain,490g,8.8,,1.8,100g,False,12,frozen pizza,frozen,2026-09-01,2026-08-31T20:11:40.741889+00:00
coles,403765,McCain Frozen Ham & Pineapple Family Pizza,McCain,500g,8.8,,1.76,100g,False,13,frozen pizza,frozen,2026-09-01,2026-08-31T20:11:40.741889+00:00
coles,8544793,McCain Meat Lovers Pizza Slices 2 Pack,McCain,600g,7.7,9.8,1.28,100g,False,14,frozen pizza,frozen,2026-09-01,2026-08-31T20:11:40.741889+00:00
coles,5446200,McCain Lil Pizzas Ham & Pineapple 4 Pack,McCain,400g,6.2,7.8,1.55,100g,False,15,frozen pizza,frozen,2026-09-01,2026-08-31T20:11:40.741889+00:00
coles,181572,McCain Frozen Cheese & Bacon Family Pizza,McCain,500g,8.8,,1.76,100g,False,16,frozen pizza,frozen,2026-09-01,2026-08-31T20:11:40.741889+00:00
coles,2632162,Coles Simply Hawaiian Pizza,Coles Simply,500g,4.2,,0.84,100g,False,17,frozen pizza,frozen,2026-09-01,2026-08-31T20:11:40.741889+00:00
coles,6545434,Dr Oetker Ristorante Mozzarella Pizza,Dr Oetker,355g,7,9.5,1.97,100g,False,18,frozen pizza,frozen,2026-09-01,2026-08-31T20:11:40.741889+00:00
coles,7308048,Dr. Oetker Frozen Ristorante Spinaci (spinach) Pizza,Dr. Oetker,390g,7,9.5,1.79,100g,False,19,frozen pizza,frozen,2026-09-01,2026-08-31T20:11:40.741889+00:00
coles,5188353,McCain Lil Pizzas Ham & Cheese 4 Pack,McCain,400g,6.2,7.8,1.55,100g,False,20,frozen pizza,frozen,2026-09-01,2026-08-31T20:11:40.741889+00:00
coles,8634954,Dr. Oetker Frozen Ristorante Hawaii Pizza,Dr. Oetker,355g,7,9.5,1.97,100g,False,21,frozen pizza,frozen,2026-09-01,2026-08-31T20:11:40.741889+00:00
coles,2662196,Coles Simply Margherita Pizza,Coles Simply,470g,4.2,,0.89,100g,False,22,frozen pizza,frozen,2026-09-01,2026-08-31T20:11:40.741889+00:00
coles,4654280,McCain Lil Pizza Cheesy Margherita,McCain,380g,6.2,7.8,1.63,100g,False,23,frozen pizza,frozen,2026-09-01,2026-08-31T20:11:40.741889+00:00
coles,7817904,Dr. Oetker Frozen Ristorante Quattro Formaggi Pizza,Dr. Oetker,340g,7,9.5,2.06,100g,False,24,frozen pizza,frozen,2026-09-01,2026-08-31T20:11:40.741889+00:00
coles,9289160,McCain Family Margherita Frozen Pizza,McCain,500g,8.8,,1.76,100g,False,25,frozen pizza,frozen,2026-09-01,2026-08-31T20:11:40.741889+00:00
coles,8697604,McCain Frozen Cheese & Bacon Pizza Pockets,McCain,400g,8.5,,2.13,100g,False,26,frozen pizza,frozen,2026-09-01,2026-08-31T20:11:40.741889+00:00
coles,5179501,McCain Hawaiian Pizza Slices,McCain,600g,7.7,9.8,1.28,100g,False,27,frozen pizza,frozen,2026-09-01,2026-08-31T20:11:40.741889+00:00
coles,5991525,Fropro Protein Buffalo Chicken Pizza,Fropro,325g,12.95,,,100g,False,28,frozen pizza,frozen,2026-09-01,2026-08-31T20:11:40.741889+00:00
coles,1851660,Destination Italy Puttanesca Pizza,Destination Italy,425g,12.5,,2.94,100g,False,29,frozen pizza,frozen,2026-09-01,2026-08-31T20:11:40.741889+00:00
coles,1851626,Destination Italy Salame Pizza,Destination Italy,380g,12.5,,3.29,100g,False,30,frozen pizza,frozen,2026-09-01,2026-08-31T20:11:40.741889+00:00
coles,1840470,Dr. Oetker Ristorante Speciale Pizza,Dr. Oetker,345g,7,9.5,2.03,100g,False,31,frozen pizza,frozen,2026-09-01,2026-08-31T20:11:40.741889+00:00
coles,1750538,Destination Italy Woodfired Mushroom & Truffle Pizza,Destination Italy,400g,12.5,,3.13,100g,False,32,frozen pizza,frozen,2026-09-01,2026-08-31T20:11:40.741889+00:00
coles,1862371,Della Rosa Woodfire Italian Salami Pizza,Della Rosa,420g,11,,2.62,100g,False,33,frozen pizza,frozen,2026-09-01,2026-08-31T20:11:40.741889+00:00
coles,1852844,Della Rosa Cheese Pizza 2 Pack,Della Rosa,850g,8,,0.94,100g,False,34,frozen pizza,frozen,2026-09-01,2026-08-31T20:11:40.741889+00:00
coles,1840572,Gourmet Saba Premium Protein Pepperoni Pizza,Gourmet Saba,500g,15.9,,3,100g,False,35,frozen pizza,frozen,2026-09-01,2026-08-31T20:11:40.741889+00:00
coles,1862350,Della Rosa Woodfire Trio Of Meats Pizza,Della Rosa,420g,11,,2.62,100g,False,36,frozen pizza,frozen,2026-09-01,2026-08-31T20:11:40.741889+00:00
coles,1852538,Della Rosa Woodfire Chargrill Chicken Pizza,Della Rosa,420g,11,,2.62,100g,False,37,frozen pizza,frozen,2026-09-01,2026-08-31T20:11:40.741889+00:00
coles,9073932,Farro Organic Spelt Pizza Margherita 10in,Farro,380g,12.5,,3.29,100g,False,38,frozen pizza,frozen,2026-09-01,2026-08-31T20:11:40.741889+00:00
coles,9073976,Farro Organic Spelt Pizza Salami 10in,Farro,440g,12.5,,2.84,100g,False,39,frozen pizza,frozen,2026-09-01,2026-08-31T20:11:40.741889+00:00
coles,9073998,Farro Organic Spelt Pizza Veggie 10in,Farro,440g,12.5,,2.84,100g,False,40,frozen pizza,frozen,2026-09-01,2026-08-31T20:11:40.741889+00:00
coles,1851739,Fropro Protein Pizza Chicken Bacon,Fropro,325g,12.95,,3.98,100g,False,41,frozen pizza,frozen,2026-09-01,2026-08-31T20:11:40.741889+00:00
coles,1050456,Farro Organic Spelt Pizza Capricciosa 10in,Farro,460g,12.5,,2.72,100g,False,42,frozen pizza,frozen,2026-09-01,2026-08-31T20:11:40.741889+00:00
coles,1142022,Fropro Protein Pizza Slices Beef Lasagne,Fropro,360g,10,12.95,,100g,True,43,frozen pizza,frozen,2026-09-01,2026-08-31T20:11:40.741889+00:00
coles,1852550,Della Rosa Pepperoni Pizza Slices 2 Pack,Della Rosa,600g,5.5,6.5,0.92,100g,False,44,frozen pizza,frozen,2026-09-01,2026-08-31T20:11:40.741889+00:00
coles,1852822,Della Rosa Cheese & Bacon Pizza Slices 2 Pack,Della Rosa,600g,5.5,6.5,0.92,100g,False,45,frozen pizza,frozen,2026-09-01,2026-08-31T20:11:40.741889+00:00
coles,1852480,Fropro Protein Pizza Slices BBQ Chicken 2 Pack,Fropro,360g,11.5,12.95,3.19,100g,False,46,frozen pizza,frozen,2026-09-01,2026-08-31T20:11:40.741889+00:00
coles,5179498,McCain Supreme Pizza Slices 2 Pack,McCain,600g,7.7,9.8,1.28,100g,False,47,frozen pizza,frozen,2026-09-01,2026-08-31T20:11:40.741889+00:00
coles,1135708,La Famiglia Frozen Garlic Bread Slices 168x28g,La Famiglia,7.5kg,80,,17.02,1kg,False,48,frozen pizza,frozen,2026-09-01,2026-08-31T20:11:40.741889+00:00
coles,9258439,Papa Giuseppi's Frozen Pizza Pies Snack Pepperoni 2 Pack,Papa Giuseppi's,326g,7,,2.15,100g,False,49,frozen pizza,frozen,2026-09-01,2026-08-31T20:11:40.741889+00:00
coles,9258224,Papa Giuseppi's Frozen Pizza Pies Snack Mega Meaty 2 Pack,Papa Giuseppi's,320g,7,,2.19,100g,False,50,frozen pizza,frozen,2026-09-01,2026-08-31T20:11:40.741889+00:00
woolworths,171303,Vevelle White 2 Ply Toilet Tissue 12 pack,Vevelle,12 pack,6,6,0.19,100 sheets,False,1,toilet paper 12 pack,household,2026-09-01,2026-08-31T20:11:42.488514+00:00
woolworths,722,Kleenex Complete Clean Double Length Toilet Paper 12 pack,Kleenex,12 pack,13.5,13.5,0.31,100 sheets,False,2,toilet paper 12 pack,household,2026-09-01,2026-08-31T20:11:42.488514+00:00
woolworths,473213,Quilton Gold 4 Ply Toilet Paper 12 pack,Quilton,12 pack,10.3,10.3,0.61,100 sheets,False,3,toilet paper 12 pack,household,2026-09-01,2026-08-31T20:11:42.488514+00:00
woolworths,1128532857,"Toilet Roll Storage,Toilet Paper Storage,Toilet Paper Organizer Basket for 12 Pcs Rolls",,,43.32,43.32,,,False,4,toilet paper 12 pack,household,2026-09-01,2026-08-31T20:11:42.488514+00:00
woolworths,173155,Naturale 100% Recycled 3 Ply Toilet Tissue 12 pack,Naturale,12 pack,4.9,6,0.23,100 sheets,True,5,toilet paper 12 pack,household,2026-09-01,2026-08-31T20:11:42.488514+00:00
woolworths,1125423073,12x 10pc Quilton 180-Sheet Softness Tissue Roll 3-Ply White Toilet Paper,Quilton,,106.25,106.25,0.49,100 sheets,False,6,toilet paper 12 pack,household,2026-09-01,2026-08-31T20:11:42.488514+00:00
woolworths,1127630937,"CARLA HOME 2 Pack Toilet Paper Storage Basket, Holds 12 Rolls, Bamboo Lid, Black",Carla Home,,69.28,69.28,,,False,7,toilet paper 12 pack,household,2026-09-01,2026-08-31T20:11:42.488514+00:00
woolworths,1127781973,"CARLA HOME 2 Pack Toilet Paper Storage Basket, Holds 12 Rolls, Bamboo Lid, Grey",Carla Home,,69.28,69.28,,,False,8,toilet paper 12 pack,household,2026-09-01,2026-08-31T20:11:42.488514+00:00
woolworths,1122142351,Tork SmartOne Mini Toilet Roll 2Ply Advanced T9 White 12 Rolls (193),Tork,7440SS,102.81,102.81,1.38,100 sheets,False,9,toilet paper 12 pack,household,2026-09-01,2026-08-31T20:11:42.488514+00:00
woolworths,1127781975,"CARLA HOME 2 Pack Toilet Paper Storage Basket, Holds 12 Rolls, Bamboo Lid, White",Carla Home,,69.28,69.28,,,False,10,toilet paper 12 pack,household,2026-09-01,2026-08-31T20:11:42.488514+00:00
coles,5865350,Sorbent 3 Ply Hypo Allergenic Toilet Paper,Sorbent,12 Pack,8,11,0.37,100ea,False,1,toilet paper 12 pack,household,2026-09-01,2026-08-31T20:11:42.488514+00:00
coles,9152405,Coles Simply 2-ply White Toilet Paper,Coles Simply,18 Pack,7.5,,,100ea,True,2,toilet paper 12 pack,household,2026-09-01,2026-08-31T20:11:42.488514+00:00
coles,2244549,Quilton 3 Ply White Toilet Paper,Quilton,36 Pack,19,,0.29,100ea,False,3,toilet paper 12 pack,household,2026-09-01,2026-08-31T20:11:42.488514+00:00
coles,1620044,Smart Ass Recycled Toilet Paper Double Length,Smart Ass,6 Pack,7.9,,0.37,100ea,False,4,toilet paper 12 pack,household,2026-09-01,2026-08-31T20:11:42.488514+00:00
coles,3064076,Kleenex Complete Clean Toilet Paper,Kleenex,9 Pack,9,,0.56,100ea,False,5,toilet paper 12 pack,household,2026-09-01,2026-08-31T20:11:42.488514+00:00
coles,1619475,Kleenex Family Soft Big Roll Toilet Paper,Kleenex,16 Pack,12,,0.28,100ea,False,6,toilet paper 12 pack,household,2026-09-01,2026-08-31T20:11:42.488514+00:00
coles,7758634,Quilton 3 Ply Classic White Toilet Paper,Quilton,20 Pack,11,,0.31,100ea,False,7,toilet paper 12 pack,household,2026-09-01,2026-08-31T20:11:42.488514+00:00
coles,3517115,Kleenex Complete Clean Double Length Toilet Paper,Kleenex,12 Pack,13.5,,0.31,100ea,False,8,toilet paper 12 pack,household,2026-09-01,2026-08-31T20:11:42.488514+00:00
coles,1836622,Coles So Soft 4-ply Toilet Paper,Coles,12 Pack,9.5,,0.57,100ea,False,9,toilet paper 12 pack,household,2026-09-01,2026-08-31T20:11:42.488514+00:00
coles,1619500,Kleenex Quilts 4 Ply Toilet Paper,Kleenex,6 Pack,6,,0.67,100ea,False,10,toilet paper 12 pack,household,2026-09-01,2026-08-31T20:11:42.488514+00:00
coles,3974092,Sorbent 3 Ply Soft & Strong Toilet Paper,Sorbent,16 Pack,14,,0.49,100ea,False,11,toilet paper 12 pack,household,2026-09-01,2026-08-31T20:11:42.488514+00:00
coles,1619533,Sorbent 4-ply Super Size Toilet Paper,Sorbent,6 Pack,5.8,,0.69,100ea,False,12,toilet paper 12 pack,household,2026-09-01,2026-08-31T20:11:42.488514+00:00
coles,1710792,Coles Simply 3-ply Double Length Toilet Paper 4 Pack,Coles Simply,1520 Sheet,4,,0.26,100ea,False,13,toilet paper 12 pack,household,2026-09-01,2026-08-31T20:11:42.488514+00:00
coles,5034134,Quilton 3 Ply Unscented White Toilet Paper,Quilton,12 Pack,7.6,,0.35,100ea,False,14,toilet paper 12 pack,household,2026-09-01,2026-08-31T20:11:42.488514+00:00
coles,9102167,Sorbent 3-ply Soft & Strong Individually Wrapped Toilet Paper,Sorbent,18 Pack,12,,0.19,100ea,False,15,toilet paper 12 pack,household,2026-09-01,2026-08-31T20:11:42.488514+00:00
coles,1710748,Coles Simply Toilet Tissue 3ply,Coles Simply,24 Pack,8.95,,0.2,100ea,False,16,toilet paper 12 pack,household,2026-09-01,2026-08-31T20:11:42.488514+00:00
coles,1145428,Sorbent 3-ply Soft & Strong Toilet Paper,Sorbent,45 Pack,19,,0.23,100ea,False,17,toilet paper 12 pack,household,2026-09-01,2026-08-31T20:11:42.488514+00:00
coles,107208,Delsey Toilet Roll 1 Roll,Delsey,1000 Sheets,1.75,,0.18,100ea,False,18,toilet paper 12 pack,household,2026-09-01,2026-08-31T20:11:42.488514+00:00
coles,3055257,Quilton White Toilet Tissue,Quilton,6 Pack,6.5,,0.6,100ea,False,19,toilet paper 12 pack,household,2026-09-01,2026-08-31T20:11:42.488514+00:00
coles,8685092,Icare 100% Recycled Toilet Tissue,Icare,8 Pack,6,8,0.42,100ea,False,20,toilet paper 12 pack,household,2026-09-01,2026-08-31T20:11:42.488514+00:00
coles,3799050,Icare Luxury Eco 3ply Toilet Tissue,Icare,24 Pack,13,,0.57,100ea,False,21,toilet paper 12 pack,household,2026-09-01,2026-08-31T20:11:42.488514+00:00
coles,1145440,Sorbent 3-ply Double Length White Toilet Paper,Sorbent,18 Pack,17.6,,0.27,100ea,False,22,toilet paper 12 pack,household,2026-09-01,2026-08-31T20:11:42.488514+00:00
coles,9800265,Quilton 4-ply Gold Softness Toilet Tissue,Quilton,6 Pack,5.8,,0.69,100ea,False,23,toilet paper 12 pack,household,2026-09-01,2026-08-31T20:11:42.488514+00:00
coles,5034000,Quilton 3 Ply Double Toilet Rolls Floral Soft,Quilton,9 Pack,13,,0.4,100ea,False,24,toilet paper 12 pack,household,2026-09-01,2026-08-31T20:11:42.488514+00:00
coles,9642980,Quilton 3 Ply Softness Toilet Rolls Double Length White,Quilton,4 Pack,6,,0.42,100ea,False,25,toilet paper 12 pack,household,2026-09-01,2026-08-31T20:11:42.488514+00:00
coles,3055202,Quilton King Size Gold Toilet Tissue 4 Ply,Quilton,20 Pack,13.5,,0.56,100ea,False,26,toilet paper 12 pack,household,2026-09-01,2026-08-31T20:11:42.488514+00:00
coles,7489689,Viva White Paper Towel,Viva,8 Pack,8,,1.67,100ea,False,27,toilet paper 12 pack,household,2026-09-01,2026-08-31T20:11:42.488514+00:00
coles,9161472,Coles Simply Paper Towel,Coles Simply,2 Pack,2.2,,1.38,100ea,False,28,toilet paper 12 pack,household,2026-09-01,2026-08-31T20:11:42.488514+00:00
coles,7316589,Handee Ultra Paper Towel,Handee,4 Pack,4.15,6.6,1.73,100ea,False,29,toilet paper 12 pack,household,2026-09-01,2026-08-31T20:11:42.488514+00:00
coles,5048219,Viva Paper Towel White,Viva,3 Pack,5,,2.78,100ea,False,30,toilet paper 12 pack,household,2026-09-01,2026-08-31T20:11:42.488514+00:00
coles,9333523,Viva Paper Towel White,Viva,2 Pack,3.15,4.5,2.63,100ea,False,31,toilet paper 12 pack,household,2026-09-01,2026-08-31T20:11:42.488514+00:00
coles,3424251,Viva Paper Towel White,Viva,6 Pack,9,,2.5,100ea,False,32,toilet paper 12 pack,household,2026-09-01,2026-08-31T20:11:42.488514+00:00
coles,9546921,Handee Ultra Paper Towels White,Handee,3 Pack,5,,2.78,100ea,False,33,toilet paper 12 pack,household,2026-09-01,2026-08-31T20:11:42.488514+00:00
coles,9102065,Sorbent Intimate Flushable Toilet Wipes,Sorbent,40 Pack,3,3.8,0.08,1ea,False,34,toilet paper 12 pack,household,2026-09-01,2026-08-31T20:11:42.488514+00:00
coles,4792421,Kleenex Complete Clean Value Pack,Kleenex,45 Pack,21.5,,0.27,100ea,False,35,toilet paper 12 pack,household,2026-09-01,2026-08-31T20:11:42.488514+00:00
coles,1619566,Handee Thick & Large Paper Towel,Handee,2 Pack,5,,4.17,100ea,False,36,toilet paper 12 pack,household,2026-09-01,2026-08-31T20:11:42.488514+00:00
coles,2918256,Viva Double Length  Paper Towel,Viva,2 Pack,6,,2.5,100ea,False,37,toilet paper 12 pack,household,2026-09-01,2026-08-31T20:11:42.488514+00:00
coles,3798342,Icare 100% Recycled Paper Towel,Icare,2 Pack,2.5,3.85,2.08,100ea,False,38,toilet paper 12 pack,household,2026-09-01,2026-08-31T20:11:42.488514+00:00
coles,5294180,Handee Ultra Paper Towels Crisp White,Handee,2 Pack,4.5,,3.75,100ea,False,39,toilet paper 12 pack,household,2026-09-01,2026-08-31T20:11:42.488514+00:00
coles,9102145,Handee Ultra Triple Length Paper Towel,Handee,2 Pack,6.75,9,1.88,100ea,False,40,toilet paper 12 pack,household,2026-09-01,2026-08-31T20:11:42.488514+00:00
coles,2915338,Viva Paper Towel Double Length White,Viva,3 Pack,9,,2.5,100ea,False,41,toilet paper 12 pack,household,2026-09-01,2026-08-31T20:11:42.488514+00:00
coles,3974730,Sorbent Hypo Allergenic Flushable Wipes Toilet Tissue,Sorbent,40 Pack,3,3.8,0.08,1ea,False,42,toilet paper 12 pack,household,2026-09-01,2026-08-31T20:11:42.488514+00:00
coles,5031045,Handee Ultra Double Length Paper Towel Crisp White,Handee,2 Pack,5.25,,2.19,100ea,False,43,toilet paper 12 pack,household,2026-09-01,2026-08-31T20:11:42.488514+00:00
woolworths,252037,Handee Ultra Paper Towel 3 x 60 pack,Handee,3 x 60 pack,5,5,2.78,100 sheets,False,1,paper towel,household,2026-09-01,2026-08-31T20:11:44.568356+00:00
woolworths,167699,Strike Pro 3 Ply Paper Towel 3 x 60 pack,Strike,3 x 60 pack,2.5,2.5,1.39,100 sheets,False,2,paper towel,household,2026-09-01,2026-08-31T20:11:44.568356+00:00
woolworths,249921,Viva White Paper Towel 3 x 60 pack,Viva,3 x 60 pack,3,5,1.67,100 sheets,True,3,paper towel,household,2026-09-01,2026-08-31T20:11:44.568356+00:00
woolworths,212842,Handee Ultra Double Length White Paper Towel 2 x 120 pack,Handee,2 x 120 pack,5.25,5.25,2.19,100 sheets,False,4,paper towel,household,2026-09-01,2026-08-31T20:11:44.568356+00:00
woolworths,171164,Strike 2 Ply Paper Towel 2 x 80 pack,Strike,2 x 80 pack,2.2,2.2,1.38,100 sheets,False,5,paper towel,household,2026-09-01,2026-08-31T20:11:44.568356+00:00
woolworths,156865,icare Wipex Absorbent Recycled Pick A Size Paper Towel 3 x 100 pack,icare,3 x 100 pack,3,4.5,1,100 sheets,True,6,paper towel,household,2026-09-01,2026-08-31T20:11:44.568356+00:00
woolworths,573468,Viva White Paper Towel 6 x 60 pack,Viva,6 x 60 pack,8,8,2.22,100 sheets,False,7,paper towel,household,2026-09-01,2026-08-31T20:11:44.568356+00:00
woolworths,574728,Quilton Tuffy 4 Ply White Paper Towel 3 x 60 pack,Quilton,3 x 60 pack,5,5,2.78,100 sheets,False,8,paper towel,household,2026-09-01,2026-08-31T20:11:44.568356+00:00
woolworths,99245,Viva Select-A-Size Paper Towel 3 x 90 pack,Viva,3 x 90 pack,3,5,1.11,100 sheets,True,9,paper towel,household,2026-09-01,2026-08-31T20:11:44.568356+00:00
woolworths,157334,Viva Select A Size Double Length Paper Towel 3 x 180 pack,Viva,3 x 180 pack,8,9,1.48,100 sheets,False,10,paper towel,household,2026-09-01,2026-08-31T20:11:44.568356+00:00
coles,7316589,Handee Ultra Paper Towel,Handee,4 Pack,4.15,6.6,1.73,100ea,False,1,paper towel,household,2026-09-01,2026-08-31T20:11:44.568356+00:00
coles,1619566,Handee Thick & Large Paper Towel,Handee,2 Pack,5,,4.17,100ea,False,2,paper towel,household,2026-09-01,2026-08-31T20:11:44.568356+00:00
coles,9161519,Coles Simply Facial Tissues,Coles Simply,224 Pack,1.9,,0.85,100ea,False,3,paper towel,household,2026-09-01,2026-08-31T20:11:44.568356+00:00
coles,7758634,Quilton 3 Ply Classic White Toilet Paper,Quilton,20 Pack,11,,0.31,100ea,False,4,paper towel,household,2026-09-01,2026-08-31T20:11:44.568356+00:00
coles,9546921,Handee Ultra Paper Towels White,Handee,3 Pack,5,,2.78,100ea,False,5,paper towel,household,2026-09-01,2026-08-31T20:11:44.568356+00:00
coles,5031045,Handee Ultra Double Length Paper Towel Crisp White,Handee,2 Pack,5.25,,2.19,100ea,False,6,paper towel,household,2026-09-01,2026-08-31T20:11:44.568356+00:00
coles,5048219,Viva Paper Towel White,Viva,3 Pack,5,,2.78,100ea,False,7,paper towel,household,2026-09-01,2026-08-31T20:11:44.568356+00:00
coles,5294180,Handee Ultra Paper Towels Crisp White,Handee,2 Pack,4.5,,3.75,100ea,False,8,paper towel,household,2026-09-01,2026-08-31T20:11:44.568356+00:00
coles,3424251,Viva Paper Towel White,Viva,6 Pack,9,,2.5,100ea,False,9,paper towel,household,2026-09-01,2026-08-31T20:11:44.568356+00:00
coles,2915338,Viva Paper Towel Double Length White,Viva,3 Pack,9,,2.5,100ea,False,10,paper towel,household,2026-09-01,2026-08-31T20:11:44.568356+00:00
coles,5749086,Kleenex 3 Ply Wellbeing Tissues Facial Aloe Vera,Kleenex,95 Pack,2.6,,2.74,100ea,False,11,paper towel,household,2026-09-01,2026-08-31T20:11:44.568356+00:00
coles,5034000,Quilton 3 Ply Double Toilet Rolls Floral Soft,Quilton,9 Pack,13,,0.4,100ea,False,12,paper towel,household,2026-09-01,2026-08-31T20:11:44.568356+00:00
coles,9333523,Viva Paper Towel White,Viva,2 Pack,3.15,4.5,2.63,100ea,False,13,paper towel,household,2026-09-01,2026-08-31T20:11:44.568356+00:00
coles,2918256,Viva Double Length  Paper Towel,Viva,2 Pack,6,,2.5,100ea,False,14,paper towel,household,2026-09-01,2026-08-31T20:11:44.568356+00:00
coles,3661268,Kleenex Facial Tissue Everyday 2 Ply,Kleenex,200 Pack,3,,1.5,100ea,False,15,paper towel,household,2026-09-01,2026-08-31T20:11:44.568356+00:00
coles,9642980,Quilton 3 Ply Softness Toilet Rolls Double Length White,Quilton,4 Pack,6,,0.42,100ea,False,16,paper towel,household,2026-09-01,2026-08-31T20:11:44.568356+00:00
coles,9333818,Kleenex 3 Ply Large N Thick Tissues Facial,Kleenex,95 Pack,2.8,3.5,2.95,100ea,False,17,paper towel,household,2026-09-01,2026-08-31T20:11:44.568356+00:00
coles,7340120,Kleenex 3 Ply Wellbeing Tissues Facial Aloevera,Kleenex,140 Pack,4.5,,3.21,100ea,False,18,paper towel,household,2026-09-01,2026-08-31T20:11:44.568356+00:00
coles,5034134,Quilton 3 Ply Unscented White Toilet Paper,Quilton,12 Pack,7.6,,0.35,100ea,False,19,paper towel,household,2026-09-01,2026-08-31T20:11:44.568356+00:00
coles,1281572,Kleenex Wellbeing Facial Tissues Eucalyptus,Kleenex,95 Pack,2.6,,2.74,100ea,False,20,paper towel,household,2026-09-01,2026-08-31T20:11:44.568356+00:00
coles,3974092,Sorbent 3 Ply Soft & Strong Toilet Paper,Sorbent,16 Pack,14,,0.49,100ea,False,21,paper towel,household,2026-09-01,2026-08-31T20:11:44.568356+00:00
coles,3517115,Kleenex Complete Clean Double Length Toilet Paper,Kleenex,12 Pack,13.5,,0.31,100ea,False,22,paper towel,household,2026-09-01,2026-08-31T20:11:44.568356+00:00
coles,3974730,Sorbent Hypo Allergenic Flushable Wipes Toilet Tissue,Sorbent,40 Pack,3,3.8,0.08,1ea,False,23,paper towel,household,2026-09-01,2026-08-31T20:11:44.568356+00:00
coles,5032605,Sorbent Clean & Fresh Silky White Flushable Wipes Soft Pack,Sorbent,40 Pack,3,3.8,0.08,1ea,False,24,paper towel,household,2026-09-01,2026-08-31T20:11:44.568356+00:00
coles,3799050,Icare Luxury Eco 3ply Toilet Tissue,Icare,24 Pack,13,,0.57,100ea,False,25,paper towel,household,2026-09-01,2026-08-31T20:11:44.568356+00:00
coles,7489689,Viva White Paper Towel,Viva,8 Pack,8,,1.67,100ea,False,26,paper towel,household,2026-09-01,2026-08-31T20:11:44.568356+00:00
coles,9161472,Coles Simply Paper Towel,Coles Simply,2 Pack,2.2,,1.38,100ea,False,27,paper towel,household,2026-09-01,2026-08-31T20:11:44.568356+00:00
coles,3798342,Icare 100% Recycled Paper Towel,Icare,2 Pack,2.5,3.85,2.08,100ea,False,28,paper towel,household,2026-09-01,2026-08-31T20:11:44.568356+00:00
coles,9102145,Handee Ultra Triple Length Paper Towel,Handee,2 Pack,6.75,9,1.88,100ea,False,29,paper towel,household,2026-09-01,2026-08-31T20:11:44.568356+00:00
coles,9161483,Coles Ultra Paper Towel 3-ply White,Coles Ultra,3 Pack,2.5,,1.39,100ea,False,30,paper towel,household,2026-09-01,2026-08-31T20:11:44.568356+00:00
coles,9161508,Coles Ultra 3- Ply White Double Length Paper Towel,Coles Ultra,3 Pack,4.9,,1.36,100ea,False,31,paper towel,household,2026-09-01,2026-08-31T20:11:44.568356+00:00
woolworths,753871,Earth Choice Dishwashing Liquid 900mL,Earth Choice,900mL,4.95,6,0.55,100ML,True,1,dishwashing liquid 900ml,household,2026-09-01,2026-08-31T20:11:46.327325+00:00
woolworths,588994,Morning Fresh Dishwashing Liquid Raspberry & Crisp Apple 900mL,Morning Fresh,900mL,10,10,1.11,100ML,False,2,dishwashing liquid 900ml,household,2026-09-01,2026-08-31T20:11:46.327325+00:00
woolworths,208112,Morning Fresh Dishwashing Liquid Original 900mL,Morning Fresh,900mL,10,10,1.11,100ML,False,3,dishwashing liquid 900ml,household,2026-09-01,2026-08-31T20:11:46.327325+00:00
woolworths,208111,Morning Fresh Dishwashing Liquid Lemon 900mL,Morning Fresh,900mL,10,10,1.11,100ML,False,4,dishwashing liquid 900ml,household,2026-09-01,2026-08-31T20:11:46.327325+00:00
woolworths,183864,Shine Ultra Dishwashing Liquid Concentrate Antibacterial 900mL,Shine,900mL,3,3,0.33,100ML,False,5,dishwashing liquid 900ml,household,2026-09-01,2026-08-31T20:11:46.327325+00:00
woolworths,280546,Morning Fresh Dishwashing Liquid Lime 900mL,Morning Fresh,900mL,10,10,1.11,100ML,False,6,dishwashing liquid 900ml,household,2026-09-01,2026-08-31T20:11:46.327325+00:00
woolworths,282626,Morning Fresh Summer Berries Dishwashing Liquid Washing Up Dish Wash 900mL,Morning Fresh,900mL,10,10,1.11,100ML,False,7,dishwashing liquid 900ml,household,2026-09-01,2026-08-31T20:11:46.327325+00:00
woolworths,158605,Earth Choice Ultra Concentrate Dishwashing Liquid Red Apple 900mL,Earth Choice,900mL,4.95,6,0.55,100ML,True,8,dishwashing liquid 900ml,household,2026-09-01,2026-08-31T20:11:46.327325+00:00
woolworths,6052264,Earthwise Plant Powered Dish Liquid Orange & Eucalyptus 900mL,Earthwise,900mL,5.75,5.75,0.64,100ML,False,9,dishwashing liquid 900ml,household,2026-09-01,2026-08-31T20:11:46.327325+00:00
woolworths,183863,Shine Ultra Dishwashing Liquid Pear & Peony 900mL,Shine,900mL,3,3,0.33,100ML,False,10,dishwashing liquid 900ml,household,2026-09-01,2026-08-31T20:11:46.327325+00:00
coles,6318192,Morning Fresh Summer Berries Dishwashing Liquid,Morning Fresh,900mL,5,10,0.56,100ml,False,1,dishwashing liquid 900ml,household,2026-09-01,2026-08-31T20:11:46.327325+00:00
coles,1633614,Palmolive Ultra Squeeze It Lemon Dishwashing Liquid,Palmolive,500mL,4,8,0.8,100ml,False,2,dishwashing liquid 900ml,household,2026-09-01,2026-08-31T20:11:46.327325+00:00
coles,3224296,Coles Ultra Dishwashing Liquid Lemon,Coles Ultra,900mL,3,,0.33,100ml,False,3,dishwashing liquid 900ml,household,2026-09-01,2026-08-31T20:11:46.327325+00:00
coles,1633647,Palmolive Ultra Squeeze It Mandarin Dishwashing Liquid,Palmolive,500mL,4,8,0.8,100ml,False,4,dishwashing liquid 900ml,household,2026-09-01,2026-08-31T20:11:46.327325+00:00
coles,9736075,Morning Fresh Original Dishwashing Liquid,Morning Fresh,900mL,5,10,0.56,100ml,False,5,dishwashing liquid 900ml,household,2026-09-01,2026-08-31T20:11:46.327325+00:00
coles,9735935,Morning Fresh Lemon Dishwashing Liquid,Morning Fresh,900mL,5,10,0.56,100ml,False,6,dishwashing liquid 900ml,household,2026-09-01,2026-08-31T20:11:46.327325+00:00
coles,1633636,Palmolive Ultra Squeeze It Original Dishwashing Liquid,Palmolive,500mL,4,8,0.8,100ml,False,7,dishwashing liquid 900ml,household,2026-09-01,2026-08-31T20:11:46.327325+00:00
coles,1633658,Morning Fresh Easy Squeeze Lemon Dishwashing Liquid,Morning Fresh,600mL,10,,1.67,100ml,False,8,dishwashing liquid 900ml,household,2026-09-01,2026-08-31T20:11:46.327325+00:00
coles,5091513,Morning Fresh Lime Dishwashing Liquid,Morning Fresh,900mL,5,10,0.56,100ml,False,9,dishwashing liquid 900ml,household,2026-09-01,2026-08-31T20:11:46.327325+00:00
coles,1062660,Palmolive Regular Dishwashing Liquid Lemon Lime Bulk Pack,Palmolive,1.3L,6,,0.46,100ml,False,10,dishwashing liquid 900ml,household,2026-09-01,2026-08-31T20:11:46.327325+00:00
coles,5000799,Palmolive Ultra Strength Concentrate Dishwashing Liquid Original,Palmolive,950mL,9.5,,1,100ml,False,11,dishwashing liquid 900ml,household,2026-09-01,2026-08-31T20:11:46.327325+00:00
coles,3863808,Coles Ultra Dishwashing Liquid Lychee & Lime Blossom,Coles Ultra,900mL,3,,0.33,100ml,False,12,dishwashing liquid 900ml,household,2026-09-01,2026-08-31T20:11:46.327325+00:00
coles,5417360,Earth Choice Dishwashing Liquid,Earth Choice,1L,2.65,,0.27,100ml,False,13,dishwashing liquid 900ml,household,2026-09-01,2026-08-31T20:11:46.327325+00:00
coles,1633670,Morning Fresh Easy Squeeze Dual Enzyme Citrus Dishwashing Liquid,Morning Fresh,550mL,10,,1.82,100ml,False,14,dishwashing liquid 900ml,household,2026-09-01,2026-08-31T20:11:46.327325+00:00
coles,1633669,Morning Fresh Easy Squeeze Raspberry Crisp Apple Dishwashing Liquid,Morning Fresh,600mL,10,,1.67,100ml,False,15,dishwashing liquid 900ml,household,2026-09-01,2026-08-31T20:11:46.327325+00:00
coles,3208890,Morning Fresh Raspberry & Crisp Apple Dishwashing Liquid,Morning Fresh,900mL,5,10,0.56,100ml,False,16,dishwashing liquid 900ml,household,2026-09-01,2026-08-31T20:11:46.327325+00:00
coles,6132988,Palmolive Dishwashing Liquid Ultra Australian Extracts Quandong Peach & Frangipani,Palmolive,750mL,5,8,0.67,100ml,False,17,dishwashing liquid 900ml,household,2026-09-01,2026-08-31T20:11:46.327325+00:00
coles,1633680,Morning Fresh Easy Squeeze Soft Hands Vanilla Rose Dishwashing Liquid,Morning Fresh,550mL,10,,1.82,100ml,False,18,dishwashing liquid 900ml,household,2026-09-01,2026-08-31T20:11:46.327325+00:00
coles,6132977,Palmolive Dishwashing Liquid Ultra Australian Extracts Lemon Myrtle & Davidson Plum,Palmolive,750mL,5,8,0.67,100ml,False,19,dishwashing liquid 900ml,household,2026-09-01,2026-08-31T20:11:46.327325+00:00
coles,1072528,Earthwise Dishwashing Liquid Orange Eucalyptus,Earthwise,500 mL,3,6,0.6,100ml,False,20,dishwashing liquid 900ml,household,2026-09-01,2026-08-31T20:11:46.327325+00:00
coles,3193545,Earth Choice Dish Wash Concentrate Liquid Green Tea & Lime,Earth Choice,900mL,6,,0.67,100ml,False,21,dishwashing liquid 900ml,household,2026-09-01,2026-08-31T20:11:46.327325+00:00
coles,7983914,Coles Simply Dishwashing Liquid Lemon,Coles Simply,1L,1.4,,0.14,100ml,False,22,dishwashing liquid 900ml,household,2026-09-01,2026-08-31T20:11:46.327325+00:00
coles,2225329,Morning Fresh Lime Dishwashing Liquid,Morning Fresh,400mL,6,,1.5,100ml,False,23,dishwashing liquid 900ml,household,2026-09-01,2026-08-31T20:11:46.327325+00:00
coles,7752300,Ecostore Dishwashing Liquid Lemon,Ecostore,1L,9.2,,0.92,100ml,False,24,dishwashing liquid 900ml,household,2026-09-01,2026-08-31T20:11:46.327325+00:00
coles,7602930,Coles Ultra Concentrate Dishwashing Liquid Lemon,Coles Ultra,450mL,1.9,,0.42,100ml,False,25,dishwashing liquid 900ml,household,2026-09-01,2026-08-31T20:11:46.327325+00:00
coles,3514241,Finish All In 1 Max Dishwasher Gel Lemon,Finish,1L,18,,1.8,100ml,False,26,dishwashing liquid 900ml,household,2026-09-01,2026-08-31T20:11:46.327325+00:00
coles,1420566,Fairy Complete Clean Dishwashing Liquid Lemon,Fairy,495mL,8,,1.62,100ml,False,27,dishwashing liquid 900ml,household,2026-09-01,2026-08-31T20:11:46.327325+00:00
coles,1420577,Fairy Complete Clean Dishwashing Liquid Lemon,Fairy,750mL,5.5,11,0.73,100ml,False,28,dishwashing liquid 900ml,household,2026-09-01,2026-08-31T20:11:46.327325+00:00
coles,2225395,Morning Fresh Lemon Dishwashing Liquid,Morning Fresh,400mL,6,,1.5,100ml,False,29,dishwashing liquid 900ml,household,2026-09-01,2026-08-31T20:11:46.327325+00:00
coles,1420599,Fairy Complete Clean Dishwashing Liquid Original,Fairy,495mL,8,,1.62,100ml,False,30,dishwashing liquid 900ml,household,2026-09-01,2026-08-31T20:11:46.327325+00:00
coles,1420588,Fairy Complete Clean Dishwashing Liquid Original,Fairy,750mL,5.5,11,0.73,100ml,False,31,dishwashing liquid 900ml,household,2026-09-01,2026-08-31T20:11:46.327325+00:00
coles,3733019,Morning Fresh Strawberry And Guava Dishwashing Liquid,Morning Fresh,400mL,6,,1.5,100ml,False,32,dishwashing liquid 900ml,household,2026-09-01,2026-08-31T20:11:46.327325+00:00
coles,5109674,Morning Fresh Lemon Dishwashing Liquid Refill,Morning Fresh,800mL,6,,0.75,100ml,False,33,dishwashing liquid 900ml,household,2026-09-01,2026-08-31T20:11:46.327325+00:00
coles,2225384,Morning Fresh Limited Edition Dishwashing Liquid,Morning Fresh,400mL,6,,1.5,100ml,False,34,dishwashing liquid 900ml,household,2026-09-01,2026-08-31T20:11:46.327325+00:00
coles,2861512,Morning Fresh Ultimate Pro Dishwashing Liquid Lemon,Morning Fresh,350mL,6,,1.71,100ml,False,35,dishwashing liquid 900ml,household,2026-09-01,2026-08-31T20:11:46.327325+00:00
coles,3743329,Earth Choice Concentrate Red Apple Dishwashing Liquid,Earth Choice,500mL,3.6,,0.72,100ml,False,36,dishwashing liquid 900ml,household,2026-09-01,2026-08-31T20:11:46.327325+00:00
coles,7752310,Ecostore Dishwashing Liquid Extra Gentle Jasmine & Harakeke,Ecostore,1L,9.2,,0.92,100ml,False,37,dishwashing liquid 900ml,household,2026-09-01,2026-08-31T20:11:46.327325+00:00
coles,2376652,Coles Ultra Concentrate Dishwashing Liquid Limited Edition Lychee & Lime Blossom,Coles Ultra,450mL,1.9,,0.42,100ml,False,38,dishwashing liquid 900ml,household,2026-09-01,2026-08-31T20:11:46.327325+00:00
coles,3208697,Morning Fresh Soft Hands Vanilla & Rose Dishwashing Liquid,Morning Fresh,350mL,6,,1.71,100ml,False,39,dishwashing liquid 900ml,household,2026-09-01,2026-08-31T20:11:46.327325+00:00
coles,4429465,Earth Choice Green Tea & Lime Dishwashing Liquid Concentrate,Earth Choice,500mL,3.6,,0.72,100ml,False,40,dishwashing liquid 900ml,household,2026-09-01,2026-08-31T20:11:46.327325+00:00
coles,3208700,Morning Fresh Cucumber & Aloe Vera Soft Hands Dishwashing Liquid,Morning Fresh,350mL,6,,1.71,100ml,False,41,dishwashing liquid 900ml,household,2026-09-01,2026-08-31T20:11:46.327325+00:00
coles,5001190,Palmolive Ultra Strength Concentrate Antibacterial Dishwashing Liquid Lemon,Palmolive,500mL,3.8,5.5,0.76,100ml,False,42,dishwashing liquid 900ml,household,2026-09-01,2026-08-31T20:11:46.327325+00:00
coles,5001088,Palmolive Ultra Strength Concentrate Dishwashing Liquid Gentle Care,Palmolive,950mL,9.5,,1,100ml,False,43,dishwashing liquid 900ml,household,2026-09-01,2026-08-31T20:11:46.327325+00:00
coles,5001260,Palmolive Ultra Strength Concentrate Dishwashing Liquid Gentle Care,Palmolive,500mL,3.8,5.5,0.76,100ml,False,44,dishwashing liquid 900ml,household,2026-09-01,2026-08-31T20:11:46.327325+00:00
coles,5001113,Palmolive Ultra Strength Concentrate Antibacterial Dishwashing Liquid Lemon,Palmolive,950mL,9.5,,1,100ml,False,45,dishwashing liquid 900ml,household,2026-09-01,2026-08-31T20:11:46.327325+00:00
coles,7824070,Morning Fresh Dishwashing Liquid Antibacterial Active Lemon,Morning Fresh,350mL,6,,1.71,100ml,False,46,dishwashing liquid 900ml,household,2026-09-01,2026-08-31T20:11:46.327325+00:00
coles,7739786,Earth Choice Lemon Burst,Earth Choice,500mL,3.6,,0.72,100ml,False,47,dishwashing liquid 900ml,household,2026-09-01,2026-08-31T20:11:46.327325+00:00
coles,1072517,Earthwise Diswashing Liquid Lemon Fresh,Earthwise,500 mL,3,6,0.6,100ml,False,48,dishwashing liquid 900ml,household,2026-09-01,2026-08-31T20:11:46.327325+00:00
woolworths,6039878,Bosisto's Sensitive Laundry Liquid 2L,Bosisto's,2L,21.5,21.5,10.75,1L,False,1,laundry liquid 2l,household,2026-09-01,2026-08-31T20:11:48.683661+00:00
woolworths,468552,OMO Sensitive Laundry Liquid 2L,OMO,2L,30,30,15,1L,False,2,laundry liquid 2l,household,2026-09-01,2026-08-31T20:11:48.683661+00:00
woolworths,88870,Purity Sensitive Laundry Liquid 2L,Purity,2L,7.3,7.3,3.65,1L,False,3,laundry liquid 2l,household,2026-09-01,2026-08-31T20:11:48.683661+00:00
woolworths,1127820743,2x Xtra Kleen Laundry Liquid 2L Lavender Fields Laundry Detergent Freshness,Xtra Kleen,,31.05,31.05,,,False,4,laundry liquid 2l,household,2026-09-01,2026-08-31T20:11:48.683661+00:00
woolworths,1127820715,2x Xtra Kleen Laundry Liquid 2L Floral Bloom Laundry Detergent Freshness,Xtra Kleen,,31.05,31.05,,,False,5,laundry liquid 2l,household,2026-09-01,2026-08-31T20:11:48.683661+00:00
woolworths,88163,Cold Power Advanced Clean Laundry Liquid 2L,Cold Power,2L,13,26,6.5,1L,True,6,laundry liquid 2l,household,2026-09-01,2026-08-31T20:11:48.683661+00:00
woolworths,88334,Cold Power Sensitive Clean Laundry Liquid 2L,Cold Power,2L,13,26,6.5,1L,True,7,laundry liquid 2l,household,2026-09-01,2026-08-31T20:11:48.683661+00:00
woolworths,385987,Cold Power Plus Extreme Clean Laundry Liquid 2L,Cold Power,2L,13,26,6.5,1L,True,8,laundry liquid 2l,household,2026-09-01,2026-08-31T20:11:48.683661+00:00
woolworths,87848,Cold Power Advanced Clean Lemon Laundry Liquid 2L,Cold Power,2L,13,26,6.5,1L,True,9,laundry liquid 2l,household,2026-09-01,2026-08-31T20:11:48.683661+00:00
coles,5004891,OMO Ultimate Laundry Liquid Detergent 40 Washes,OMO,2L,36,,18,1l,False,1,laundry liquid 2l,household,2026-09-01,2026-08-31T20:11:48.683661+00:00
coles,1745888,Earthwise Laundry Liquid Frangipani,Earthwise,2L,20,,10,1l,False,2,laundry liquid 2l,household,2026-09-01,2026-08-31T20:11:48.683661+00:00
coles,3787969,Purity Concentrate Laundry Liquid,Purity,2L,7.3,,3.65,1l,False,3,laundry liquid 2l,household,2026-09-01,2026-08-31T20:11:48.683661+00:00
coles,5091637,OMO Ultimate Laundry Liquid Detergent Sensitive 40 Washes,OMO,2L,36,,18,1l,False,4,laundry liquid 2l,household,2026-09-01,2026-08-31T20:11:48.683661+00:00
coles,3524358,Surf Laundry Liquid Detergent Tropical 40 Washes,Surf,2L,9,,4.5,1l,False,5,laundry liquid 2l,household,2026-09-01,2026-08-31T20:11:48.683661+00:00
coles,1388791,Bosisto's Sensitive Laundry Liquid,Bosisto's,2L,12.9,21.5,6.45,1l,False,6,laundry liquid 2l,household,2026-09-01,2026-08-31T20:11:48.683661+00:00
coles,1388780,Bosisto's Power + Laundry Liquid,Bosisto's,2L,23,,11.5,1l,False,7,laundry liquid 2l,household,2026-09-01,2026-08-31T20:11:48.683661+00:00
coles,3199010,Surf Laundry Liquid Detergent Coastal Luxury 40 Washes,Surf,2L,9,,4.5,1l,False,8,laundry liquid 2l,household,2026-09-01,2026-08-31T20:11:48.683661+00:00
coles,2731030,OMO Laundry Liquid Detergent Sensitive 40 Washes,OMO,2L,15,30,7.5,1l,False,9,laundry liquid 2l,household,2026-09-01,2026-08-31T20:11:48.683661+00:00
coles,3888048,Coles Ultra Laundry Liquid Sensitive,Coles Ultra,2L,10.5,,5.25,1l,False,10,laundry liquid 2l,household,2026-09-01,2026-08-31T20:11:48.683661+00:00
coles,8020293,Earthwise Laundry Liquid Sensitive,Earthwise,2L,20,,10,1l,False,11,laundry liquid 2l,household,2026-09-01,2026-08-31T20:11:48.683661+00:00
coles,1388805,Coles Simply Cotton Fresh Laundry Liquid,Coles Simply,2L,2,,1,1l,False,12,laundry liquid 2l,household,2026-09-01,2026-08-31T20:11:48.683661+00:00
coles,2731007,OMO Laundry Liquid Detergent Active Clean 40 Washes,OMO,2L,15,30,7.5,1l,False,13,laundry liquid 2l,household,2026-09-01,2026-08-31T20:11:48.683661+00:00
coles,3774606,Cold Power Laundry Liquid Sensitive,Cold Power,2L,26,,13,1l,False,14,laundry liquid 2l,household,2026-09-01,2026-08-31T20:11:48.683661+00:00
coles,2900534,OMO Touch Of Comfort Laundry Liquid Detergent 40 Washes,OMO,2L,15,30,7.5,1l,False,15,laundry liquid 2l,household,2026-09-01,2026-08-31T20:11:48.683661+00:00
coles,5091660,OMO Expert Odour Eliminator Laundry Liquid Detergent 40 Wash,OMO,2L,36,,18,1l,False,16,laundry liquid 2l,household,2026-09-01,2026-08-31T20:11:48.683661+00:00
coles,8020045,Earthwise Laundry Liquid Orange & Eucalyptus,Earthwise,2L,20,,10,1l,False,17,laundry liquid 2l,household,2026-09-01,2026-08-31T20:11:48.683661+00:00
coles,5486577,OMO Scents Laundry Liquid Floral Indulgence,OMO,2L,15,30,7.5,1l,False,18,laundry liquid 2l,household,2026-09-01,2026-08-31T20:11:48.683661+00:00
coles,3774581,Cold Power Laundry Liquid Advanced Clean,Cold Power,2L,26,,13,1l,False,19,laundry liquid 2l,household,2026-09-01,2026-08-31T20:11:48.683661+00:00
coles,7035218,Cold Power Laundry Liquid Odour Fighter,Cold Power,2L,26,,13,1l,False,20,laundry liquid 2l,household,2026-09-01,2026-08-31T20:11:48.683661+00:00
coles,7035375,Cold Power Laundry Liquid Extreme Clean,Cold Power,2L,26,,13,1l,False,21,laundry liquid 2l,household,2026-09-01,2026-08-31T20:11:48.683661+00:00
coles,8053521,Earth Choice Ultra Concentrate Laundry Liquid Detergent Top & Front Loader,Earth Choice,2L,14,,7,1l,False,22,laundry liquid 2l,household,2026-09-01,2026-08-31T20:11:48.683661+00:00
coles,3774592,Cold Power Laundry Liquid Lemon Fresh,Cold Power,2L,26,,13,1l,False,23,laundry liquid 2l,household,2026-09-01,2026-08-31T20:11:48.683661+00:00
coles,2899785,FAB Frangipani Front & Top Loader Laundry Liquid,FAB,2L,9,,4.5,1l,False,24,laundry liquid 2l,household,2026-09-01,2026-08-31T20:11:48.683661+00:00
coles,3888117,Coles Ultra Infusions Indulgent Escape Laundry Liquid,Coles,2L,6,,3,1l,False,25,laundry liquid 2l,household,2026-09-01,2026-08-31T20:11:48.683661+00:00
coles,4144352,Radiant Laundry Liquid Brightens Whites Or Colours,Radiant,2L,11,22,5.5,1l,False,26,laundry liquid 2l,household,2026-09-01,2026-08-31T20:11:48.683661+00:00
coles,7035353,Cold Power Laundry Liquid With A Touch Of Fabric Softener,Cold Power,2L,26,,13,1l,False,27,laundry liquid 2l,household,2026-09-01,2026-08-31T20:11:48.683661+00:00
coles,3919888,Coles Ultra Laundry Liquid Concentrate Front & Top Loader,Coles Ultra,2L,10.5,,5.25,1l,False,28,laundry liquid 2l,household,2026-09-01,2026-08-31T20:11:48.683661+00:00
coles,5417381,Earth Choice Laundry Liquid,Earth Choice,1L,3.3,,3.3,1l,False,29,laundry liquid 2l,household,2026-09-01,2026-08-31T20:11:48.683661+00:00
coles,8050410,One 4 In 1 Laundry Liquid Fresh Scent,One,2L,9,,4.5,1l,False,30,laundry liquid 2l,household,2026-09-01,2026-08-31T20:11:48.683661+00:00
coles,4144250,Radiant Laundry Liquid All-in-one Mixed Colours,Radiant,2L,11,22,5.5,1l,False,31,laundry liquid 2l,household,2026-09-01,2026-08-31T20:11:48.683661+00:00
coles,5101311,OMO Ultimate Laundry Liquid Detergent 80 Washes,OMO,4L,30,,7.5,1l,False,32,laundry liquid 2l,household,2026-09-01,2026-08-31T20:11:48.683661+00:00
coles,3196667,Radiant Blacks & Darks Laundry Liquid Black Wash Detergent,Radiant,1L,12,,12,1l,False,33,laundry liquid 2l,household,2026-09-01,2026-08-31T20:11:48.683661+00:00
coles,2910232,Coles Ultra Infusions Tropical Paradise Laundry Liquid Top & Front,Coles Ultra,2L,6,,3,1l,False,34,laundry liquid 2l,household,2026-09-01,2026-08-31T20:11:48.683661+00:00
coles,7035626,Dynamo Professional Odour Eliminating Laundry Liquid,Dynamo,2L,14.5,29,7.25,1l,False,35,laundry liquid 2l,household,2026-09-01,2026-08-31T20:11:48.683661+00:00
coles,7035648,Dynamo Professional Oxi Plus Laundry Liquid,Dynamo,2L,14.5,29,7.25,1l,False,36,laundry liquid 2l,household,2026-09-01,2026-08-31T20:11:48.683661+00:00
coles,1751111,Earth Choice Concentrate Laundry Liquid,Earth Choice,4L,18,,4.5,1l,False,37,laundry liquid 2l,household,2026-09-01,2026-08-31T20:11:48.683661+00:00
coles,1788756,OMO Expert Wonder Wash Laundry Liquid Sensitive,OMO,1.18L,21,,17.8,1l,False,38,laundry liquid 2l,household,2026-09-01,2026-08-31T20:11:48.683661+00:00
coles,1788745,OMO Expert Wonder Wash Laundry Liquid White,OMO,1.94L,32,,16.49,1l,False,39,laundry liquid 2l,household,2026-09-01,2026-08-31T20:11:48.683661+00:00
coles,1788643,OMO Expert Wonder Wash Laundry Liquid Sensitive,OMO,1.94L,32,,16.49,1l,False,40,laundry liquid 2l,household,2026-09-01,2026-08-31T20:11:48.683661+00:00
coles,2899719,Surf Laundry Liquid Detergent Tropical 80 Washes,Surf,4L,16.5,,4.13,1l,False,41,laundry liquid 2l,household,2026-09-01,2026-08-31T20:11:48.683661+00:00
coles,7035670,Dynamo Professional Clean & Fresh Machine Laundry Liquid,Dynamo,2L,14.5,29,7.25,1l,False,42,laundry liquid 2l,household,2026-09-01,2026-08-31T20:11:48.683661+00:00
coles,1015987,OMO Ultimate Sensitive Laundry Liquid Detergent 80 Washes,OMO,4L,30,,7.5,1l,False,43,laundry liquid 2l,household,2026-09-01,2026-08-31T20:11:48.683661+00:00
coles,2731186,OMO Laundry Liquid Detergent Sensitive 80 Washes,OMO,4L,24,,6,1l,False,44,laundry liquid 2l,household,2026-09-01,2026-08-31T20:11:48.683661+00:00
coles,3774639,Cold Power Laundry Liquid Advanced Clean,Cold Power,4L,21,,5.25,1l,False,45,laundry liquid 2l,household,2026-09-01,2026-08-31T20:11:48.683661+00:00
coles,255861,Softly Delicates Specialty Washing Liquid,Softly,1.25L,9,,7.2,1l,False,46,laundry liquid 2l,household,2026-09-01,2026-08-31T20:11:48.683661+00:00
coles,4317508,Radiant Odour Removal Laundry Liquid Washing Detergent,Radiant,1.8L,22,,12.22,1l,False,47,laundry liquid 2l,household,2026-09-01,2026-08-31T20:11:48.683661+00:00
coles,3934509,Fab Frangipani Laundry Liquid,Fab,4L,16.5,,4.13,1l,False,48,laundry liquid 2l,household,2026-09-01,2026-08-31T20:11:48.683661+00:00
woolworths,822391,Colgate Total Active Prevention Original Toothpaste 200g,Colgate,200g,6,7.5,3,100G,False,1,toothpaste 200g,personal care,2026-09-01,2026-08-31T20:11:50.621291+00:00
woolworths,852237,Colgate Total Active Prevention Mint Stripe Toothpaste 200g,Colgate,200g,6,7.5,3,100G,False,2,toothpaste 200g,personal care,2026-09-01,2026-08-31T20:11:50.621291+00:00
woolworths,197043,Colgate Advanced Whitening Toothpaste 200g,Colgate,200g,11,11,5.5,100G,False,3,toothpaste 200g,personal care,2026-09-01,2026-08-31T20:11:50.621291+00:00
woolworths,6056171,Oral-B Complete Defence System Whitening Toothpaste 200g,Oral-B,200g,9,9,4.5,100G,False,4,toothpaste 200g,personal care,2026-09-01,2026-08-31T20:11:50.621291+00:00
woolworths,819777,Colgate Total Active Prevention Whitening Toothpaste 200g,Colgate,200g,5.5,11,2.75,100G,True,5,toothpaste 200g,personal care,2026-09-01,2026-08-31T20:11:50.621291+00:00
woolworths,819776,Colgate Total Active Prevention Active Fresh Toothpaste 200g,Colgate,200g,5.5,11,2.75,100G,True,6,toothpaste 200g,personal care,2026-09-01,2026-08-31T20:11:50.621291+00:00
woolworths,197042,Colgate Total Active Prevention Gum Care Toothpaste 200g,Colgate,200g,5.5,11,2.75,100G,True,7,toothpaste 200g,personal care,2026-09-01,2026-08-31T20:11:50.621291+00:00
woolworths,819778,Colgate Total Active Prevention Deep Clean Toothpaste 200g,Colgate,200g,5.5,11,2.75,100G,True,8,toothpaste 200g,personal care,2026-09-01,2026-08-31T20:11:50.621291+00:00
woolworths,65172,Colgate Total Active Prevention Deep Clean With Charcoal Toothpaste 200g,Colgate,200g,5.5,11,2.75,100G,True,9,toothpaste 200g,personal care,2026-09-01,2026-08-31T20:11:50.621291+00:00
woolworths,659036,Oral-B Pro Health Complete Defense All Round Clean Toothpaste 200g,Oral-B,200g,12,12,6,100G,False,10,toothpaste 200g,personal care,2026-09-01,2026-08-31T20:11:50.621291+00:00
coles,4842439,Colgate Advanced Whitening Toothpaste,Colgate,200g,5.5,11,2.75,100g,False,1,toothpaste 200g,personal care,2026-09-01,2026-08-31T20:11:50.621291+00:00
coles,5059930,Colgate Max Fresh Coolmint Toothpaste,Colgate,200g,5.5,11,2.75,100g,False,2,toothpaste 200g,personal care,2026-09-01,2026-08-31T20:11:50.621291+00:00
coles,4842392,Colgate Total Active Prevention Gum Care Toothpaste,Colgate,200g,11,,5.5,100g,False,3,toothpaste 200g,personal care,2026-09-01,2026-08-31T20:11:50.621291+00:00
coles,4842450,Colgate Advanced Whitening Toothpaste And Tartar Control,Colgate,200g,5.5,11,2.75,100g,False,4,toothpaste 200g,personal care,2026-09-01,2026-08-31T20:11:50.621291+00:00
coles,3400956,Colgate Total Active Prevention Whitening Toothpaste,Colgate,200g,11,,5.5,100g,False,5,toothpaste 200g,personal care,2026-09-01,2026-08-31T20:11:50.621291+00:00
coles,3400912,Colgate Total Active Prevention Fresh Toothpaste,Colgate,200g,11,,5.5,100g,False,6,toothpaste 200g,personal care,2026-09-01,2026-08-31T20:11:50.621291+00:00
coles,3401074,Colgate Total Active Prevention Original Toothpaste,Colgate,200g,7.5,,3.75,100g,False,7,toothpaste 200g,personal care,2026-09-01,2026-08-31T20:11:50.621291+00:00
coles,3400832,Colgate Total Active Prevention Mint Stripe Toothpaste,Colgate,200g,7.5,,3.75,100g,False,8,toothpaste 200g,personal care,2026-09-01,2026-08-31T20:11:50.621291+00:00
coles,3400887,Colgate Total Active Prevention Deep Clean Toothpaste,Colgate,200g,11,,5.5,100g,False,9,toothpaste 200g,personal care,2026-09-01,2026-08-31T20:11:50.621291+00:00
coles,3695168,Colgate Total Active Prevention Deep Clean Charcoal Toothpaste,Colgate,200g,11,,5.5,100g,False,10,toothpaste 200g,personal care,2026-09-01,2026-08-31T20:11:50.621291+00:00
coles,7525603,Red Seal Baking Soda Toothpaste,Red Seal,100g,4.8,,4.8,100g,False,11,toothpaste 200g,personal care,2026-09-01,2026-08-31T20:11:50.621291+00:00
coles,1610029,Sensodyne Repair & Protect Twin Pack Toothpaste 2x100g,Sensodyne,200g,21,,10.5,100g,False,12,toothpaste 200g,personal care,2026-09-01,2026-08-31T20:11:50.621291+00:00
coles,4842417,Colgate Advanced Whitening Toothpaste,Colgate,115g,7,,6.09,100g,False,13,toothpaste 200g,personal care,2026-09-01,2026-08-31T20:11:50.621291+00:00
coles,3712573,Coles Kids Toothpaste Strawberry,Coles,98g,2.6,,2.65,100g,False,14,toothpaste 200g,personal care,2026-09-01,2026-08-31T20:11:50.621291+00:00
coles,1610947,Oral B Gum & Enamel Daily Protection Clean Toothpaste,Oral B,200g,15,,7.5,100g,False,15,toothpaste 200g,personal care,2026-09-01,2026-08-31T20:11:50.621291+00:00
coles,1610222,Oral B Gum & Enamel Protect For Sensitive Teeth Toothpaste,Oral B,200g,9,15,4.5,100g,False,16,toothpaste 200g,personal care,2026-09-01,2026-08-31T20:11:50.621291+00:00
coles,5919277,Red Seal Toothpaste Herbal,Red Seal,100g,4.8,,4.8,100g,False,17,toothpaste 200g,personal care,2026-09-01,2026-08-31T20:11:50.621291+00:00
coles,1609824,Colgate Total Active Prevention Enamel Strength Toothpaste,Colgate,200g,11,,5.5,100g,False,18,toothpaste 200g,personal care,2026-09-01,2026-08-31T20:11:50.621291+00:00
coles,7523801,Colgate Optic White Purple Toothpaste,Colgate,100g,5,10,5,100g,False,19,toothpaste 200g,personal care,2026-09-01,2026-08-31T20:11:50.621291+00:00
coles,5887432,Colgate Advanced Whitening Purple Toothpaste,Colgate,120g,5.5,11,4.58,100g,False,20,toothpaste 200g,personal care,2026-09-01,2026-08-31T20:11:50.621291+00:00
coles,4847793,White Glo Professional Whitening Toothpaste,White Glo,205g,4.5,9,2.2,100g,False,21,toothpaste 200g,personal care,2026-09-01,2026-08-31T20:11:50.621291+00:00
coles,4842428,Colgate Max Fresh Coolmint Toothpaste,Colgate,115g,7,,6.09,100g,False,22,toothpaste 200g,personal care,2026-09-01,2026-08-31T20:11:50.621291+00:00
coles,4842440,Colgate Advanced Whitening Charcoal Toothpaste,Colgate,180g,5.5,11,3.06,100g,False,23,toothpaste 200g,personal care,2026-09-01,2026-08-31T20:11:50.621291+00:00
coles,4842406,Colgate Advanced Whitening Toothpaste And Tartar Control,Colgate,115g,7,,6.09,100g,False,24,toothpaste 200g,personal care,2026-09-01,2026-08-31T20:11:50.621291+00:00
coles,4504662,Colgate Triple Action Toothpaste,Colgate,80g,2,,2.5,100g,False,25,toothpaste 200g,personal care,2026-09-01,2026-08-31T20:11:50.621291+00:00
coles,4504695,Colgate Triple Action Toothpaste,Colgate,165g,3.45,,2.09,100g,False,26,toothpaste 200g,personal care,2026-09-01,2026-08-31T20:11:50.621291+00:00
coles,9061263,Colgate Optic White Toothpaste Natural Enzymes,Colgate,100g,5,10,5,100g,False,27,toothpaste 200g,personal care,2026-09-01,2026-08-31T20:11:50.621291+00:00
coles,3400898,Colgate Total Active Prevention Fresh Toothpaste,Colgate,115g,3.5,7,3.04,100g,False,28,toothpaste 200g,personal care,2026-09-01,2026-08-31T20:11:50.621291+00:00
coles,9061310,Colgate Toothpaste Kids Bluey Strawberry Pump,Colgate,85g,6,,7.06,100g,False,29,toothpaste 200g,personal care,2026-09-01,2026-08-31T20:11:50.621291+00:00
coles,7524451,Colgate Max Fresh Rainbow Fresh Toothpaste,Colgate,100g,5.6,8,5.6,100g,False,30,toothpaste 200g,personal care,2026-09-01,2026-08-31T20:11:50.621291+00:00
coles,3400934,Colgate Total Active Prevention Whitening Toothpaste,Colgate,115g,3.5,7,3.04,100g,False,31,toothpaste 200g,personal care,2026-09-01,2026-08-31T20:11:50.621291+00:00
coles,3973475,Colgate Kids Mild Mint Minions Toothpaste,Colgate,90g,2.75,,3.06,100g,False,32,toothpaste 200g,personal care,2026-09-01,2026-08-31T20:11:50.621291+00:00
coles,3401008,Colgate Total Active Prevention Original Toothpaste,Colgate,115g,5,,4.35,100g,False,33,toothpaste 200g,personal care,2026-09-01,2026-08-31T20:11:50.621291+00:00
coles,9061285,Colgate Advanced Whitening Baking Soda Toothpaste,Colgate,180g,5.5,11,3.06,100g,False,34,toothpaste 200g,personal care,2026-09-01,2026-08-31T20:11:50.621291+00:00
coles,238749,Colgate Maximum Cavity Protection Toothpaste Great Regular Flavour Pump,Colgate,130g,6,,4.62,100g,False,35,toothpaste 200g,personal care,2026-09-01,2026-08-31T20:11:50.621291+00:00
coles,4884406,Grants Of Australia Whitening Spearmint Toothpaste,Grants Of Australia,110g,4.75,,4.32,100g,False,36,toothpaste 200g,personal care,2026-09-01,2026-08-31T20:11:50.621291+00:00
coles,5167626,Grants Of Australia Mild Mint With Aloe Vera Natural Toothpaste,Grants Of Australia,110g,4.5,,4.09,100g,False,37,toothpaste 200g,personal care,2026-09-01,2026-08-31T20:11:50.621291+00:00
coles,1609880,Colgate Harry Potter Toothpaste,Colgate,100g,4,8,4,100g,False,38,toothpaste 200g,personal care,2026-09-01,2026-08-31T20:11:50.621291+00:00
coles,3130487,Oral B 3dwhite Luxe Glamorous Whitening Toothpaste,Oral B,95g,10,,10.53,100g,False,39,toothpaste 200g,personal care,2026-09-01,2026-08-31T20:11:50.621291+00:00
coles,3130567,Oral B 3dwhite Luxe Perfection Whitening Toothpaste,Oral B,95g,5,10,5.26,100g,False,40,toothpaste 200g,personal care,2026-09-01,2026-08-31T20:11:50.621291+00:00
coles,4867713,Oral B Gum Care & Breath Purify Toothpaste,Oral B,110g,10,,9.09,100g,False,41,toothpaste 200g,personal care,2026-09-01,2026-08-31T20:11:50.621291+00:00
coles,3978344,Oral B Gum Care & Intensive Clean Toothpaste,Oral B,110g,10,,9.09,100g,False,42,toothpaste 200g,personal care,2026-09-01,2026-08-31T20:11:50.621291+00:00
coles,2621097,Oral B Pro Health Advanced Whitening Toothpaste,Oral B,110g,3,6,2.73,100g,False,43,toothpaste 200g,personal care,2026-09-01,2026-08-31T20:11:50.621291+00:00
coles,5396485,Colgate Sensitive Whitening Toothpaste,Colgate,110g,9,,8.18,100g,False,44,toothpaste 200g,personal care,2026-09-01,2026-08-31T20:11:50.621291+00:00
coles,3991681,Colgate Kids Toothpaste Bluey Mild Mint Gel,Colgate,90g,2.75,,3.06,100g,False,45,toothpaste 200g,personal care,2026-09-01,2026-08-31T20:11:50.621291+00:00
coles,5927650,Jack N' Jill Toothpaste Natural Strawberry,Jack N' Jill,50g,7.5,,15,100g,False,46,toothpaste 200g,personal care,2026-09-01,2026-08-31T20:11:50.621291+00:00
coles,3400854,Colgate Total Active Prevention Deep Clean Toothpaste,Colgate,115g,3.5,7,3.04,100g,False,47,toothpaste 200g,personal care,2026-09-01,2026-08-31T20:11:50.621291+00:00
coles,3400821,Colgate Total Active Prevention Mint Stripe Toothpaste,Colgate,115g,5,,4.35,100g,False,48,toothpaste 200g,personal care,2026-09-01,2026-08-31T20:11:50.621291+00:00
woolworths,1119389347,Sunsilk Longer & Stronger Shampoo 700 mL,Dulge,700ML,21.99,21.99,3.14,100ML,False,1,shampoo 700ml,personal care,2026-09-01,2026-08-31T20:11:53.006164+00:00
woolworths,46233,Palmolive Shampoo Naturals Active Nourishment 700mL,Palmolive,700mL,6,10,0.86,100ML,True,2,shampoo 700ml,personal care,2026-09-01,2026-08-31T20:11:53.006164+00:00
woolworths,111461,Palmolive Shampoo Luminous Oils Argan Oil 700mL,Palmolive,700mL,11,11,1.57,100ML,False,3,shampoo 700ml,personal care,2026-09-01,2026-08-31T20:11:53.006164+00:00
woolworths,463194,Sunsilk Shampoo Soft & Smooth 700mL,Sunsilk,700mL,7.5,15,1.07,100ML,True,4,shampoo 700ml,personal care,2026-09-01,2026-08-31T20:11:53.006164+00:00
woolworths,6004126,Sunsilk Shampoo Coconut Hydration 700mL,Sunsilk,700mL,7.5,15,1.07,100ML,True,5,shampoo 700ml,personal care,2026-09-01,2026-08-31T20:11:53.006164+00:00
woolworths,46219,Palmolive Shampoo Naturals Intensive Moisture 700mL,Palmolive,700mL,6,10,0.86,100ML,True,6,shampoo 700ml,personal care,2026-09-01,2026-08-31T20:11:53.006164+00:00
woolworths,46208,Palmolive Shampoo Naturals Smooth &Shine Keratin 700mL,Palmolive,700mL,6,10,0.86,100ML,True,7,shampoo 700ml,personal care,2026-09-01,2026-08-31T20:11:53.006164+00:00
woolworths,463195,Sunsilk Shampoo Longer & Stronger 700mL,Sunsilk,700mL,7.5,15,1.07,100ML,True,8,shampoo 700ml,personal care,2026-09-01,2026-08-31T20:11:53.006164+00:00
woolworths,463193,Sunsilk Shampoo Addictive Brilliant Shine 700mL,Sunsilk,700mL,7.5,15,1.07,100ML,True,9,shampoo 700ml,personal care,2026-09-01,2026-08-31T20:11:53.006164+00:00
coles,5890970,Palmolive Naturals Active Nourishment Shampoo,Palmolive,700mL,10,,1.43,100ml,False,1,shampoo 700ml,personal care,2026-09-01,2026-08-31T20:11:53.006164+00:00
coles,7200959,Palmolive Naturals Moisture Intense Shampoo,Palmolive,700mL,10,,1.43,100ml,False,2,shampoo 700ml,personal care,2026-09-01,2026-08-31T20:11:53.006164+00:00
coles,7549576,Sunsilk Addictive Brilliant Shine Shampoo,Sunsilk,700mL,15,,2.14,100ml,True,3,shampoo 700ml,personal care,2026-09-01,2026-08-31T20:11:53.006164+00:00
coles,2672214,Sunsilk Soft & Smooth Shampoo,Sunsilk,700mL,15,,2.14,100ml,True,4,shampoo 700ml,personal care,2026-09-01,2026-08-31T20:11:53.006164+00:00
coles,9102564,Sunsilk Shampoo Coconut Hydration,Sunsilk,700mL,15,,2.14,100ml,True,5,shampoo 700ml,personal care,2026-09-01,2026-08-31T20:11:53.006164+00:00
coles,9972045,Sunsilk Longer & Stronger Shampoo,Sunsilk,700mL,15,,2.14,100ml,True,6,shampoo 700ml,personal care,2026-09-01,2026-08-31T20:11:53.006164+00:00
coles,1645668,Palmolive Naturals Scalp Health Anti-dandruff 2 In 1 Shampoo & Conditioner,Palmolive,700mL,7.5,15,1.07,100ml,False,7,shampoo 700ml,personal care,2026-09-01,2026-08-31T20:11:53.006164+00:00
coles,1645680,Palmolive Men Deep Clean Anti-dandruff 2 In 1 Shampoo & Conditioner,Palmolive,700mL,7.5,15,1.07,100ml,False,8,shampoo 700ml,personal care,2026-09-01,2026-08-31T20:11:53.006164+00:00
coles,3610915,Palmolive Luminous Oils Macadamia Argan Oil & Camellia Shampoo,Palmolive,700mL,5.5,11,0.79,100ml,False,9,shampoo 700ml,personal care,2026-09-01,2026-08-31T20:11:53.006164+00:00
coles,9090589,Alpecin Caffeine Shampoo,Alpecin,375mL,18.9,,5.04,100ml,False,10,shampoo 700ml,personal care,2026-09-01,2026-08-31T20:11:53.006164+00:00
coles,6310850,Dermaveen Oatmeal Shampoo,Dermaveen,500mL,13.2,22,2.64,100ml,False,11,shampoo 700ml,personal care,2026-09-01,2026-08-31T20:11:53.006164+00:00
coles,1648860,John Frieda Profiller Shampoo,John Frieda,250mL,11,22,4.4,100ml,False,12,shampoo 700ml,personal care,2026-09-01,2026-08-31T20:11:53.006164+00:00
coles,9086560,Redwin Coal Tar Shampoo,Redwin,500mL,13,,2.6,100ml,False,13,shampoo 700ml,personal care,2026-09-01,2026-08-31T20:11:53.006164+00:00
coles,9139961,OGX Bond Protein Shampoo,OGX,385mL,25,,6.49,100ml,False,14,shampoo 700ml,personal care,2026-09-01,2026-08-31T20:11:53.006164+00:00
coles,9152551,Neutrogena T-gel Shampoo,Neutrogena,200mL,15,,7.5,100ml,False,15,shampoo 700ml,personal care,2026-09-01,2026-08-31T20:11:53.006164+00:00
coles,1646376,Ogx Peptides Progrowth Shampoo,Ogx,385mL,25,,6.49,100ml,False,16,shampoo 700ml,personal care,2026-09-01,2026-08-31T20:11:53.006164+00:00
coles,3303268,Garnier Fructis Normal Shampoo,Garnier,850mL,10,,1.18,100ml,False,17,shampoo 700ml,personal care,2026-09-01,2026-08-31T20:11:53.006164+00:00
coles,3303100,Garnier Fructis Normal Shampoo,Garnier,315mL,8,,2.54,100ml,False,18,shampoo 700ml,personal care,2026-09-01,2026-08-31T20:11:53.006164+00:00
coles,1645635,People Deep Cleanse Shampoo,People,350mL,16,,4.57,100ml,False,19,shampoo 700ml,personal care,2026-09-01,2026-08-31T20:11:53.006164+00:00
coles,1645475,Dosetheory Lush Growth Shampoo,Dosetheory,330mL,15.9,,4.82,100ml,False,20,shampoo 700ml,personal care,2026-09-01,2026-08-31T20:11:53.006164+00:00
coles,1645238,Dosetheory Ultra Gloss Shampoo,Dosetheory,330mL,15.9,,4.82,100ml,False,21,shampoo 700ml,personal care,2026-09-01,2026-08-31T20:11:53.006164+00:00
coles,1646490,Aveeno Almond Oil Shampoo,Aveeno,354mL,19.5,,5.51,100ml,False,22,shampoo 700ml,personal care,2026-09-01,2026-08-31T20:11:53.006164+00:00
coles,1645555,Dosetheory Moisture Infuse Shampoo,Dosetheory,330mL,15.9,,4.82,100ml,False,23,shampoo 700ml,personal care,2026-09-01,2026-08-31T20:11:53.006164+00:00
coles,4708710,Palmolive Naturals Active Nourishment Shampoo,Palmolive,350mL,3,6,0.86,100ml,False,24,shampoo 700ml,personal care,2026-09-01,2026-08-31T20:11:53.006164+00:00
coles,1645806,Dermaveen Soothing Oatmeal Shampoo,Dermaveen,1L,19.2,32,1.92,100ml,False,25,shampoo 700ml,personal care,2026-09-01,2026-08-31T20:11:53.006164+00:00
coles,6320489,People Blonde Shampoo,People,350mL,16,,4.57,100ml,False,26,shampoo 700ml,personal care,2026-09-01,2026-08-31T20:11:53.006164+00:00
coles,4957827,People Hydrate Shampoo,People,350mL,16,,4.57,100ml,False,27,shampoo 700ml,personal care,2026-09-01,2026-08-31T20:11:53.006164+00:00
coles,2994119,Sukin Hydrating Shampoo,Sukin,500mL,20,,4,100ml,True,28,shampoo 700ml,personal care,2026-09-01,2026-08-31T20:11:53.006164+00:00
coles,6320503,People Curl Shampoo,People,350mL,16,,4.57,100ml,False,29,shampoo 700ml,personal care,2026-09-01,2026-08-31T20:11:53.006164+00:00
coles,1648826,John Frieda Brilliant Brunette Shampoo,John Frieda,250mL,11,22,4.4,100ml,False,30,shampoo 700ml,personal care,2026-09-01,2026-08-31T20:11:53.006164+00:00
coles,9059341,Qv Shampoo Gentle,Qv,500mL,25,,5,100ml,False,31,shampoo 700ml,personal care,2026-09-01,2026-08-31T20:11:53.006164+00:00
coles,3979493,Monday Shampoo Moisture,Monday,798mL,10,20,1.25,100ml,False,32,shampoo 700ml,personal care,2026-09-01,2026-08-31T20:11:53.006164+00:00
coles,9059385,Qv Shampoo Nourishing,Qv,500mL,25,,5,100ml,False,33,shampoo 700ml,personal care,2026-09-01,2026-08-31T20:11:53.006164+00:00
coles,3723150,Monday Smooth Shampoo,Monday,354mL,12,,3.39,100ml,False,34,shampoo 700ml,personal care,2026-09-01,2026-08-31T20:11:53.006164+00:00
coles,3723161,Monday Smooth Shampoo,Monday,798mL,10,20,1.25,100ml,False,35,shampoo 700ml,personal care,2026-09-01,2026-08-31T20:11:53.006164+00:00
coles,2940200,Hask Keratin Shampoo,Hask,355mL,17,,4.79,100ml,False,36,shampoo 700ml,personal care,2026-09-01,2026-08-31T20:11:53.006164+00:00
coles,3979460,Monday Shampoo Moisture,Monday,354mL,12,,3.39,100ml,False,37,shampoo 700ml,personal care,2026-09-01,2026-08-31T20:11:53.006164+00:00
coles,9132601,L'Oreal Elvive Dream Long Shampoo,L'Oreal,340mL,10,,2.94,100ml,False,38,shampoo 700ml,personal care,2026-09-01,2026-08-31T20:11:53.006164+00:00
coles,9133342,L'Oreal Elvive Dream Long Shampoo,L'Oreal,800mL,20,,2.5,100ml,False,39,shampoo 700ml,personal care,2026-09-01,2026-08-31T20:11:53.006164+00:00
coles,1645930,Oil Garden Scalp Recharge Shampoo,Oil Garden,300mL,17.5,25,5.83,100ml,False,40,shampoo 700ml,personal care,2026-09-01,2026-08-31T20:11:53.006164+00:00
coles,5889777,Palmolive Naturals Intensive Moisture Shampoo,Palmolive,350mL,3,6,0.86,100ml,False,41,shampoo 700ml,personal care,2026-09-01,2026-08-31T20:11:53.006164+00:00
coles,3154940,Sukin Hydrating Shampoo,Sukin,1L,21,35,2.1,100ml,False,42,shampoo 700ml,personal care,2026-09-01,2026-08-31T20:11:53.006164+00:00
coles,1645602,Natures Organics Fruits Apple Shampoo,Natures Organics,1L,3.9,,0.39,100ml,False,43,shampoo 700ml,personal care,2026-09-01,2026-08-31T20:11:53.006164+00:00
coles,9139870,L'Oreal Elvive Growth Booster Shampoo,L'Oreal,200mL,19,,9.5,100ml,False,44,shampoo 700ml,personal care,2026-09-01,2026-08-31T20:11:53.006164+00:00
coles,9132598,L'Oreal Elvive Colour Protect Shampoo,L'Oreal,800mL,20,,2.5,100ml,False,45,shampoo 700ml,personal care,2026-09-01,2026-08-31T20:11:53.006164+00:00
coles,9132500,L'Oreal Elvive Colour Protect Shampoo,L'Oreal,340mL,10,,2.94,100ml,False,46,shampoo 700ml,personal care,2026-09-01,2026-08-31T20:11:53.006164+00:00
coles,9137525,L'Oreal Elvive Hyaluron Pure Shampoo,L'Oreal,340mL,11,,3.24,100ml,False,47,shampoo 700ml,personal care,2026-09-01,2026-08-31T20:11:53.006164+00:00
coles,9137365,L'Oreal Elvive Hyaluron Plump Shampoo,L'Oreal,340mL,11,,3.24,100ml,False,48,shampoo 700ml,personal care,2026-09-01,2026-08-31T20:11:53.006164+00:00
woolworths,1114442169,Plumbing Unblocker Toilet Sink Plunger Kitchen Bathroom Clog Drain,BOOMJOY,,22.8,22.8,22.8,1EA,False,1,sink plunger,household,2026-09-01,2026-08-31T20:11:55.287762+00:00
woolworths,1126886025,Jumbo Toilet Plunger Sink Drain Shower Bath Plunger Unblocker Plumbing Laundry,,,31.99,31.99,,,False,2,sink plunger,household,2026-09-01,2026-08-31T20:11:55.287762+00:00
woolworths,1113565969,3pc Super Plunger High Compression w/ Small & Large Sink/Toilet Attachments,,1EA,29,29,,,False,3,sink plunger,household,2026-09-01,2026-08-31T20:11:55.287762+00:00
woolworths,1128760055,Power Manual Drain Auger Snake Cleaner Plumbing Sink Pipe Unblocker Plunger,,,43.99,43.99,,,False,4,sink plunger,household,2026-09-01,2026-08-31T20:11:55.287762+00:00
woolworths,1124970109,JOYBUY Small Compact Plunger Powerful Ergonomic Handle Bathroom Kitchen Sink Bathtub And Shower Drain Unclog Fast & Easy Minimal Effort,,1EA,47.68,47.68,,,False,5,sink plunger,household,2026-09-01,2026-08-31T20:11:55.287762+00:00
woolworths,1112535257,3 Pack Household Sink Drain Pipe Pipeline Dredge Suction Cupportable Drain Cleaners,,,31.95,31.95,10.65,1EA,False,6,sink plunger,household,2026-09-01,2026-08-31T20:11:55.287762+00:00
woolworths,688408,Jack Hammer Plug 50Mm each,Jack Hammer,each,5.3,5.3,,0,False,7,sink plunger,household,2026-09-01,2026-08-31T20:11:55.287762+00:00
woolworths,1109067328,Coffee Culture Coffee Plunger 1L,Coffee Culture,,35.06,35.06,,,False,8,sink plunger,household,2026-09-01,2026-08-31T20:11:55.287762+00:00
woolworths,1114229651,Home DIY Drainage Pumping Plunger Hand,Auunite,1EA,74.95,74.95,,,False,9,sink plunger,household,2026-09-01,2026-08-31T20:11:55.287762+00:00
woolworths,688453,Liquid-Plumr Urgent Clear Gel 502mL,Liquid-Plumr,502mL,9,9,1.79,100ML,False,10,sink plunger,household,2026-09-01,2026-08-31T20:11:55.287762+00:00
coles,8425058,Coles Sink Strainer 7.5cm,Coles,2 Pack,3,,,,False,1,sink plunger,household,2026-09-01,2026-08-31T20:11:55.287762+00:00
coles,7081260,Rodara Sink Plug 38mm,Rodara,2 Pack,8,,,,False,2,sink plunger,household,2026-09-01,2026-08-31T20:11:55.287762+00:00
coles,8177411,Joseph Joseph Duo Sink Tidy,Joseph Joseph Duo,1 Each,14,20,,,False,3,sink plunger,household,2026-09-01,2026-08-31T20:11:55.287762+00:00
coles,6943561,Rodara Sink Plugs 50mm,Rodara,2 Pack,8,,,,False,4,sink plunger,household,2026-09-01,2026-08-31T20:11:55.287762+00:00
coles,7120408,Dishmatic Handle,Dishmatic,1 Pack,4.2,,4.2,1ea,False,5,sink plunger,household,2026-09-01,2026-08-31T20:11:55.287762+00:00
woolworths,183953,Strike Pro Drain Cleaner Powerful Gel 1L,Strike,1L,8,8,0.8,100ML,False,1,drain cleaner,household,2026-09-01,2026-08-31T20:11:57.334773+00:00
woolworths,714190,Strike Drain Cleaner Crystals 500g,Strike,500g,6.95,6.95,1.39,100G,False,2,drain cleaner,household,2026-09-01,2026-08-31T20:11:57.334773+00:00
woolworths,90065,Easy-Off Bam Drain Cleaner Turbo Gel 1L,Easy-Off,1L,16.7,16.7,1.67,100ML,False,3,drain cleaner,household,2026-09-01,2026-08-31T20:11:57.334773+00:00
woolworths,688453,Liquid-Plumr Urgent Clear Gel 502mL,Liquid-Plumr,502mL,9,9,1.79,100ML,False,4,drain cleaner,household,2026-09-01,2026-08-31T20:11:57.334773+00:00
woolworths,221489,Easy-Off Bam Drain Maintainer Odour Stop Cleaner 750mL,Easy-Off,750mL,12,18,1.6,100ML,True,5,drain cleaner,household,2026-09-01,2026-08-31T20:11:57.334773+00:00
woolworths,84606,Drano Crystals Drain Cleaner 500g,Drano,500g,15.75,15.75,3.15,100G,False,6,drain cleaner,household,2026-09-01,2026-08-31T20:11:57.334773+00:00
woolworths,48130,Actizyme Drain Cleaner Safe Pellet Natural 450g,Actizyme,450g,16.9,16.9,3.76,100G,False,7,drain cleaner,household,2026-09-01,2026-08-31T20:11:57.334773+00:00
woolworths,907319,Easy-Off Bam Drain Cleaner Kitchen & Bathroom Pro Gel 1L,Easy-Off,1L,22,22,2.2,100ML,False,8,drain cleaner,household,2026-09-01,2026-08-31T20:11:57.334773+00:00
coles,3742020,Easy Off Drain Cleaner Bathroom Gel,Easy Off,1L,16.7,,1.67,100ml,False,1,drain cleaner,household,2026-09-01,2026-08-31T20:11:57.334773+00:00
coles,8018021,Easy Off Drain Pro Gel,Easy Off,1L,22,,2.2,100ml,False,2,drain cleaner,household,2026-09-01,2026-08-31T20:11:57.334773+00:00
coles,4256979,Drano Bathroom Max Gel Drain Cleaner,Drano,770mL,18.5,,2.4,100ml,False,3,drain cleaner,household,2026-09-01,2026-08-31T20:11:57.334773+00:00
coles,76862,Drano Crystal Drain Cleaner,Drano,500g,15.75,,3.15,100g,False,4,drain cleaner,household,2026-09-01,2026-08-31T20:11:57.334773+00:00
coles,4473274,Clorox Liquid Plumr Urgent Clear,Clorox,502mL,12,,2.39,100ml,False,5,drain cleaner,household,2026-09-01,2026-08-31T20:11:57.334773+00:00
coles,6335260,Drano Bathroom Max Gel Drain Liquid,Drano,1.2L,21,,1.75,100ml,False,6,drain cleaner,household,2026-09-01,2026-08-31T20:11:57.334773+00:00
coles,4258624,Drano Kitchen Max Gel Drain Cleaner,Drano,770mL,18.5,,2.4,100ml,False,7,drain cleaner,household,2026-09-01,2026-08-31T20:11:57.334773+00:00
coles,5673472,Actizyme Drain & Septic Cleaner,Actizyme,450g,16.9,,3.76,100g,False,8,drain cleaner,household,2026-09-01,2026-08-31T20:11:57.334773+00:00
coles,1314365,Coles Ultra Drain Cleaner Gel,Coles Ultra,1L,8,,0.8,100ml,False,9,drain cleaner,household,2026-09-01,2026-08-31T20:11:57.334773+00:00
coles,1333268,Coles Ultra Drain Cleaner Crystals,Coles Ultra,500g,6.95,,1.39,100g,False,10,drain cleaner,household,2026-09-01,2026-08-31T20:11:57.334773+00:00
woolworths,647261,Ratsak Pre-Baited Mouse Trap 2 pack,Ratsak,2 pack,9.5,9.5,4.75,1EA,False,1,mouse trap,household,2026-09-01,2026-08-31T20:11:59.100370+00:00
woolworths,59833,Mortein No View No Touch Mouse Trap 2 pack,Mortein,2 pack,14,14,7,1EA,False,2,mouse trap,household,2026-09-01,2026-08-31T20:11:59.100370+00:00
woolworths,1099142427,AgBoss 2 Pack Wooden Mouse Traps - 300250,AgBoss,1EA,22.45,22.45,,,False,3,mouse trap,household,2026-09-01,2026-08-31T20:11:59.100370+00:00
woolworths,1127614205,AgBoss 5 Pack Sure-Catch Mouse Traps - 300210,AgBoss,,54.95,54.95,,,False,4,mouse trap,household,2026-09-01,2026-08-31T20:11:59.100370+00:00
woolworths,1127814865,10PK Pest Control Mouse Rat Tunnel Traps SAS Disposable Strong 15 x 8.5cm,SAS Pest Control,,28.25,28.25,,,False,5,mouse trap,household,2026-09-01,2026-08-31T20:11:59.100370+00:00
woolworths,1098636201,Multi Catch Mouse Trap,,,19.8,19.8,,,False,6,mouse trap,household,2026-09-01,2026-08-31T20:11:59.100370+00:00
woolworths,1113902547,Rodent Mouse Trap - Top Entry Mouse Trap Catch Rat Trap,,1EA,50.36,55.95,,,True,7,mouse trap,household,2026-09-01,2026-08-31T20:11:59.100370+00:00
woolworths,1102399005,Mouse Trap 4 in 1 Easy O,,,19.79,19.79,,,False,8,mouse trap,household,2026-09-01,2026-08-31T20:11:59.100370+00:00
woolworths,1099142639,AgBoss Live Multi-Catch Mouse Trap - 300100,AgBoss,1EA,27.45,27.45,,,False,9,mouse trap,household,2026-09-01,2026-08-31T20:11:59.100370+00:00
woolworths,1128020409,Mouse Trap - Caged Mouse Pop! Vinyl Figure,EB Games,,15,15,,,False,10,mouse trap,household,2026-09-01,2026-08-31T20:11:59.100370+00:00
coles,2765698,Times Up Mouse Trap Twin Pack,Times Up,2 Pack,4.5,,2.25,1ea,False,1,mouse trap,household,2026-09-01,2026-08-31T20:11:59.100370+00:00
coles,3573513,Mortein No View No Touch Trap Twin Pack,Mortein,2 Pack,13,,6.5,1ea,False,2,mouse trap,household,2026-09-01,2026-08-31T20:11:59.100370+00:00
coles,5363373,Ratsak Pre Bait Mouse Trap,Ratsak,2 Pack,9.5,,4.75,1ea,False,3,mouse trap,household,2026-09-01,2026-08-31T20:11:59.100370+00:00
woolworths,749123,Selleys Super Glue Fix N Go 3 pack,Selleys,3 pack,5.1,5.1,1.7,1EA,False,1,super glue,household,2026-09-01,2026-08-31T20:12:01.530391+00:00
woolworths,137163,UHU Super Glue Control 3g,UHU,3g,3,3,3,1EA,False,2,super glue,household,2026-09-01,2026-08-31T20:12:01.530391+00:00
woolworths,222636,Selleys Fix & Go Super Glue 2 pack,Selleys,2 pack,6,6,6,1EA,False,3,super glue,household,2026-09-01,2026-08-31T20:12:01.530391+00:00
woolworths,1124536391,Super Glue 6pk,,,1.5,1.5,0.25,1EA,False,4,super glue,household,2026-09-01,2026-08-31T20:12:01.530391+00:00
woolworths,487308,Jack Hammer Super Glue 3mL x 2 pack,Jack Hammer,3mL x 2 pack,3.1,3.1,3.1,1EA,False,5,super glue,household,2026-09-01,2026-08-31T20:12:01.530391+00:00
woolworths,77476,Selleys Adhesive Fix & Go Supa Glue 3mL,Selleys,3mL,3.1,3.1,103.33,100ML,False,6,super glue,household,2026-09-01,2026-08-31T20:12:01.530391+00:00
woolworths,383862,UHU Super Glue Minis 1mL x 3 pack,UHU,1mL x 3 pack,7.6,7.6,2.53,1EA,False,7,super glue,household,2026-09-01,2026-08-31T20:12:01.530391+00:00
woolworths,383861,UHU Super Glue Strong & Safe 7mL,UHU,7mL,9.75,9.75,,0,False,8,super glue,household,2026-09-01,2026-08-31T20:12:01.530391+00:00
woolworths,7436,Selleys Power Grip 4mL,Selleys,4mL,7.8,7.8,7.8,1EA,False,9,super glue,household,2026-09-01,2026-08-31T20:12:01.530391+00:00
woolworths,1130016679,Insta-Cure+™ Gap Filling Super Glue 1oz,,,29.95,29.95,,,False,10,super glue,household,2026-09-01,2026-08-31T20:12:01.530391+00:00
coles,5393840,Selleys Fix 'n' Go Supa Glue,Selleys,3mL,3.1,,,,False,1,super glue,household,2026-09-01,2026-08-31T20:12:01.530391+00:00
coles,2795280,Bostik Glu Stik Blister 35g,Bostik,1 each,3.7,,,,False,2,super glue,household,2026-09-01,2026-08-31T20:12:01.530391+00:00
coles,3087242,Elmers School Glue,Elmers,225mL,7,,,,False,3,super glue,household,2026-09-01,2026-08-31T20:12:01.530391+00:00
coles,3796267,Fix & Go Tripple Pack,Fix & Go,3 Pack,5.1,,,,False,4,super glue,household,2026-09-01,2026-08-31T20:12:01.530391+00:00
coles,3087275,Elmers Clear School Glue,Elmers,147mL,7.8,,,,False,5,super glue,household,2026-09-01,2026-08-31T20:12:01.530391+00:00
coles,3796675,Fix & Go Supa Glue Brush,Fix & Go,5mL,7.75,,,,False,6,super glue,household,2026-09-01,2026-08-31T20:12:01.530391+00:00
coles,3931930,Coles Glue Stick 35g,Coles,2 Pack,5,,,,False,7,super glue,household,2026-09-01,2026-08-31T20:12:01.530391+00:00
coles,3932966,Coles Pva Craft Glue,Coles,250mL,4.8,,,,False,8,super glue,household,2026-09-01,2026-08-31T20:12:01.530391+00:00
coles,3796278,Power Grip,Power,8g,10.4,,,,False,9,super glue,household,2026-09-01,2026-08-31T20:12:01.530391+00:00
coles,2795270,Bostik Blu Glu Stik 21g,Bostik,2 Pack,6.1,,,,False,10,super glue,household,2026-09-01,2026-08-31T20:12:01.530391+00:00
coles,3796609,Fix & Go Multi Grip,Fix & Go,50mL,8.85,,,,False,11,super glue,household,2026-09-01,2026-08-31T20:12:01.530391+00:00
coles,4230283,Fix & Go No More Mess Twin Pack,Fix & Go,2 Pack,6,,,,False,12,super glue,household,2026-09-01,2026-08-31T20:12:01.530391+00:00
coles,3801470,Scotch 944 Pvc Duct Tape Silver,Scotch,1 Pack,6.85,,,,False,13,super glue,household,2026-09-01,2026-08-31T20:12:01.530391+00:00
coles,4753350,Selleys Power Grip,Selleys,4g,5.25,7.5,,,True,14,super glue,household,2026-09-01,2026-08-31T20:12:01.530391+00:00
coles,3796802,Hold Up Tube,Hold Up,130g,6.72,9.41,,,True,15,super glue,household,2026-09-01,2026-08-31T20:12:01.530391+00:00
coles,1023384,Fix & Go Kitchen & Bathroom,Fix & Go,1 Each,12,,,,False,16,super glue,household,2026-09-01,2026-08-31T20:12:01.530391+00:00
coles,1023395,Fix & Go Adjustable Gel,Fix & Go,1 Each,5.6,7,,,False,17,super glue,household,2026-09-01,2026-08-31T20:12:01.530391+00:00
coles,6943539,Rodara Pvc Electrical Tape,Rodara,1 each,2.5,,,,False,18,super glue,household,2026-09-01,2026-08-31T20:12:01.530391+00:00
coles,5393727,Selleys Liquid Nails,Selleys,100g,9.6,,,,False,19,super glue,household,2026-09-01,2026-08-31T20:12:01.530391+00:00
coles,3811906,Scotch Gaffa Tape 15m,Scotch,1 each,6.95,,,,False,20,super glue,household,2026-09-01,2026-08-31T20:12:01.530391+00:00
coles,4230240,Selleys Storm,Selleys,75g,9.18,12.24,,,True,21,super glue,household,2026-09-01,2026-08-31T20:12:01.530391+00:00
coles,3796620,Fix & Go Epoxy 5min,Fix & Go,24mL,12.85,,,,False,22,super glue,household,2026-09-01,2026-08-31T20:12:01.530391+00:00
coles,3801480,Scotch 2010 Beige Masking Tape 24mm,Scotch,24m,5.35,,,,False,23,super glue,household,2026-09-01,2026-08-31T20:12:01.530391+00:00
coles,6509565,Scotch Mount Tape Heavy Duty,Scotch,1 pack,13.3,,,,False,24,super glue,household,2026-09-01,2026-08-31T20:12:01.530391+00:00
coles,6820641,Uhu White Glue Stic,Uhu,40g,4,,,,False,25,super glue,household,2026-09-01,2026-08-31T20:12:01.530391+00:00
coles,6820674,Uhu Magic Blue Glue Stick 2x40g,Uhu,2 Pack,6.75,,,,False,26,super glue,household,2026-09-01,2026-08-31T20:12:01.530391+00:00
coles,5790534,Selleys Spakfilla Rapid,Selleys,180g,14.35,,,,False,27,super glue,household,2026-09-01,2026-08-31T20:12:01.530391+00:00
coles,4493930,Korbond Fabric Glue,Korbond,1 Pack,7,,,,False,28,super glue,household,2026-09-01,2026-08-31T20:12:01.530391+00:00
coles,3974230,Korbond Craft Glue Pen,Korbond,1 Pack,5,,,,False,29,super glue,household,2026-09-01,2026-08-31T20:12:01.530391+00:00
coles,3974081,Korbond Hot Glue Gun,Korbond,1 Pack,8,,,,False,30,super glue,household,2026-09-01,2026-08-31T20:12:01.530391+00:00
coles,8925287,Korbond Fray Glue 40ml,Korbond,40mL,6,,15,100ml,False,31,super glue,household,2026-09-01,2026-08-31T20:12:01.530391+00:00
coles,3974140,Korbond Hot Melt Glue Sticks,Korbond,12 Pack,3,,,,False,32,super glue,household,2026-09-01,2026-08-31T20:12:01.530391+00:00
coles,3887544,Elmer's Slime Celebration Kit,Elmer's,1 each,54,,,,False,33,super glue,household,2026-09-01,2026-08-31T20:12:01.530391+00:00
coles,5247543,Elmers Slime Starter Kit,Elmers,1 each,24,,,,False,34,super glue,household,2026-09-01,2026-08-31T20:12:01.530391+00:00
coles,3330566,Elmers Magical Liquid,Elmers,1 each,11.75,,,,False,35,super glue,household,2026-09-01,2026-08-31T20:12:01.530391+00:00
coles,8797675,Sellotape Removable Sticky Dots,Sellotape Removable,1 Each,3.95,,,,False,36,super glue,household,2026-09-01,2026-08-31T20:12:01.530391+00:00
coles,5247496,Elmers Unicorn Magic Slime Kit,Elmers,1 each,19,,,,False,37,super glue,household,2026-09-01,2026-08-31T20:12:01.530391+00:00
coles,5247500,Elmers Dinosaur Night Slime Kit,Elmers,1 each,19,,,,False,38,super glue,household,2026-09-01,2026-08-31T20:12:01.530391+00:00
coles,1331761,Elmers Stretch & Create Dough Kit,Elmers,1 Each,6.25,12.5,,,True,39,super glue,household,2026-09-01,2026-08-31T20:12:01.530391+00:00
coles,5247601,Elmer's Gue Strawberry Donut,Elmer's,1 each,12,,,,False,40,super glue,household,2026-09-01,2026-08-31T20:12:01.530391+00:00
coles,5247645,Elmers Premade Variety Pack,Elmers,1 Each,10,,,,True,41,super glue,household,2026-09-01,2026-08-31T20:12:01.530391+00:00
coles,1282666,Bostik Fix Stik Marker And Sticker Remover,Bostik,1 Each,5,,,,False,42,super glue,household,2026-09-01,2026-08-31T20:12:01.530391+00:00
coles,6121937,Elmers Gue Candy Blast,Elmers,1 each,12,,,,False,43,super glue,household,2026-09-01,2026-08-31T20:12:01.530391+00:00
coles,9040525,Maybelline Super Lock Clear Brow Glue,Maybelline,7g,19,,27.14,10ml,False,44,super glue,household,2026-09-01,2026-08-31T20:12:01.530391+00:00
coles,4320499,Helios Ultra Hold Nail Glue,Helios,2.7mL,4.8,,17.78,10ml,False,45,super glue,household,2026-09-01,2026-08-31T20:12:01.530391+00:00
coles,8153333,Gevity Rx Bone Broth Body Glue Natural,Gevity,390g,35,,8.97,100g,False,46,super glue,household,2026-09-01,2026-08-31T20:12:01.530391+00:00
coles,8153435,Gevity Rx Bone Broth Body Glue Lemon & Herb,Gevity,390g,35,,8.97,100g,False,47,super glue,household,2026-09-01,2026-08-31T20:12:01.530391+00:00
coles,1339038,Maybelline New York Superlock Brow Glue Deep Brown,Maybelline,7mL,19,,27.14,10ml,False,48,super glue,household,2026-09-01,2026-08-31T20:12:01.530391+00:00
woolworths,1126072907,10PCS Adjustable Picture Hooks Perlon Steel Wire Art Hanging System Hangers,Memory Tech,,50.55,50.55,,,False,1,picture hooks,household,2026-09-01,2026-08-31T20:12:03.306671+00:00
woolworths,688339,Jack Hammer Picture Hanging Kit 88 Piece each,Jack Hammer,each,7.9,7.9,,0,False,2,picture hooks,household,2026-09-01,2026-08-31T20:12:03.306671+00:00
woolworths,1126796801,24PK Tool Masters Picture Hooks Brass Heavy Duty Small & Large Hanging Kit,Tool Masters,,42.49,42.49,,,False,3,picture hooks,household,2026-09-01,2026-08-31T20:12:03.306671+00:00
woolworths,1126796813,12PK Tool Masters Picture Hooks Brass Heavy Duty Small & Large Hanging Kit,Tool Masters,,34,34,,,False,4,picture hooks,household,2026-09-01,2026-08-31T20:12:03.306671+00:00
woolworths,1125340977,Cobra WallDriller Picture Hook #6 Nylon White Small 10 Pack,Cobra,,23.75,23.75,,,False,5,picture hooks,household,2026-09-01,2026-08-31T20:12:03.306671+00:00
woolworths,1118587201,Command Sawtooth Picture Hanging Hook,Command,1EA,24.95,24.95,,,False,6,picture hooks,household,2026-09-01,2026-08-31T20:12:03.306671+00:00
woolworths,1118586783,Command Wire Backed Picture Hanging Hook,Command,,24.95,24.95,,,False,7,picture hooks,household,2026-09-01,2026-08-31T20:12:03.306671+00:00
woolworths,759850,3M Command Picture Hanging Strips Medium Value 8 pack,3M Command,8 pack,13.8,13.8,1.73,1EA,False,8,picture hooks,household,2026-09-01,2026-08-31T20:12:03.306671+00:00
woolworths,258224,3M Command Picture Hanging Strips Medium White 4 pack,3M Command,4 pack,8.25,8.25,2.06,1EA,False,9,picture hooks,household,2026-09-01,2026-08-31T20:12:03.306671+00:00
woolworths,783521,3M Command Picture Hanging Strips Large Black each,3M Command,each,9.35,9.35,2.34,1EA,False,10,picture hooks,household,2026-09-01,2026-08-31T20:12:03.306671+00:00
coles,4868614,Command Large Picture General Purpose Hooks Value Pack,Command,3 Pack,15.56,,,,False,1,picture hooks,household,2026-09-01,2026-08-31T20:12:03.306671+00:00
coles,9803263,3M Command Picture Hanging Strips,3M,4 Pack,8.25,,,,False,2,picture hooks,household,2026-09-01,2026-08-31T20:12:03.306671+00:00
coles,6799283,3M Command Medium Utility Hooks,3M,2 Pack,6.5,,,,False,3,picture hooks,household,2026-09-01,2026-08-31T20:12:03.306671+00:00
coles,7291637,3M Command Adhesive Hook Jumbo,3M,1 each,6.6,8.25,,,False,4,picture hooks,household,2026-09-01,2026-08-31T20:12:03.306671+00:00
coles,7291626,3M Command Adhesive Hook Small,3M,2 Pack,6.7,,,,False,5,picture hooks,household,2026-09-01,2026-08-31T20:12:03.306671+00:00
coles,9803241,3M Command Adhesive Micro Hooks,3M,3 Pack,7.6,,,,False,6,picture hooks,household,2026-09-01,2026-08-31T20:12:03.306671+00:00
coles,6797540,3M Command Adhesive Hook Large,3M,1 each,7.3,,,,False,7,picture hooks,household,2026-09-01,2026-08-31T20:12:03.306671+00:00
coles,5906887,3M Command Picture Hanging Strips,3M,4 Pack,8,,,,False,8,picture hooks,household,2026-09-01,2026-08-31T20:12:03.306671+00:00
coles,9894190,Command Clear Mini Hooks,Command,6 Pack,8.3,,,,False,9,picture hooks,household,2026-09-01,2026-08-31T20:12:03.306671+00:00
coles,4460625,3M Command Medium Designer Hooks,3M,2 Pack,5.92,7.4,,,False,10,picture hooks,household,2026-09-01,2026-08-31T20:12:03.306671+00:00
coles,1031892,3m Utility Hook XL,3m,1 Each,11.75,,,,False,11,picture hooks,household,2026-09-01,2026-08-31T20:12:03.306671+00:00
coles,6489457,3M Command Small & Medium Picture Hanging Strips Value Pack,3M,12 Pack,19.9,,,,False,12,picture hooks,household,2026-09-01,2026-08-31T20:12:03.306671+00:00
coles,7630890,Command Hooks Medium Value Pack,Command,6 Pack,15.8,,,,False,13,picture hooks,household,2026-09-01,2026-08-31T20:12:03.306671+00:00
coles,9893324,Command Mini Hooks Value Pack,Command,18 Pack,15.5,,,,False,14,picture hooks,household,2026-09-01,2026-08-31T20:12:03.306671+00:00
coles,4868603,Command Large Picture Hanging Strips White,Command,4 Pack,9.35,,,,False,15,picture hooks,household,2026-09-01,2026-08-31T20:12:03.306671+00:00
coles,9894269,Command Hook Utensil Clear 17067clr,Command,3 Pack,9.15,,,,False,16,picture hooks,household,2026-09-01,2026-08-31T20:12:03.306671+00:00
coles,4230830,Command Narrow Picture Hanging Strips White 17207,Command,4 Pack,9.3,,,,False,17,picture hooks,household,2026-09-01,2026-08-31T20:12:03.306671+00:00
coles,4230884,Command Mixed Wall Hooks Value Pack White,Command,8 Pack,19.4,,,,False,18,picture hooks,household,2026-09-01,2026-08-31T20:12:03.306671+00:00
coles,4868647,Command Medium Picture Hanging Strips Value Pack,Command,8 Pack,13.8,,,,False,19,picture hooks,household,2026-09-01,2026-08-31T20:12:03.306671+00:00
coles,9894280,Command Large Black,Command,4 Pack,7.48,9.35,,,False,20,picture hooks,household,2026-09-01,2026-08-31T20:12:03.306671+00:00
coles,4230851,Command Assorted Refill Strips White,Command,16 Pack,12,,,,False,21,picture hooks,household,2026-09-01,2026-08-31T20:12:03.306671+00:00
coles,9894270,Command 17026clr Clips Decorator Clear,Command,20 Pack,8,,,,False,22,picture hooks,household,2026-09-01,2026-08-31T20:12:03.306671+00:00
coles,1031881,3m Hanging Strip White XL,3m,4 Pack,11,,,,False,23,picture hooks,household,2026-09-01,2026-08-31T20:12:03.306671+00:00
woolworths,23597,Energizer Max AA Alkaline Batteries 16 pack,Energizer,16 pack,28.5,28.5,1.78,1EA,False,1,aa batteries,household,2026-09-01,2026-08-31T20:12:05.869020+00:00
woolworths,262173,Chevron Alkaline Aa 10 Pack,Chevron,10 pack,6,6,0.6,1EA,False,2,aa batteries,household,2026-09-01,2026-08-31T20:12:05.869020+00:00
woolworths,425295,Eveready Gold AA Alkaline Batteries 16 pack,Eveready,16 pack,10,10,0.63,1EA,False,3,aa batteries,household,2026-09-01,2026-08-31T20:12:05.869020+00:00
woolworths,693102,Energizer Max Plus High Performance AA Alkaline Batteries 16 pack,Energizer,16 pack,15,32.2,0.94,1EA,True,4,aa batteries,household,2026-09-01,2026-08-31T20:12:05.869020+00:00
woolworths,683404,Chevron Alkaline Aa 24 Pack,Chevron,24 pack,14,14,0.58,1EA,False,5,aa batteries,household,2026-09-01,2026-08-31T20:12:05.869020+00:00
woolworths,21016,Eveready Gold AA Alkaline Batteries 4 pack,Eveready,4 pack,6.75,6.75,1.69,1EA,False,6,aa batteries,household,2026-09-01,2026-08-31T20:12:05.869020+00:00
woolworths,70613,Energizer Max AA Alkaline Batteries 10 pack,Energizer,10 pack,15,15,1.5,1EA,False,7,aa batteries,household,2026-09-01,2026-08-31T20:12:05.869020+00:00
woolworths,11464,Energizer Max AA Alkaline Batteries 4 pack,Energizer,4 pack,8,8,2,1EA,False,8,aa batteries,household,2026-09-01,2026-08-31T20:12:05.869020+00:00
woolworths,430270,Energizer Max AA Alkaline Batteries 24 pack,Energizer,24 pack,30,30,1.25,1EA,False,9,aa batteries,household,2026-09-01,2026-08-31T20:12:05.869020+00:00
woolworths,88647,Chevron Alkaline Aa Srt 50 Pack,Chevron,50 pack,25,25,0.5,1EA,False,10,aa batteries,household,2026-09-01,2026-08-31T20:12:05.869020+00:00
coles,6878765,Coles Alkaline+ AA,Coles,10 Pack,6,,0.6,1ea,False,1,aa batteries,household,2026-09-01,2026-08-31T20:12:05.869020+00:00
coles,6806866,Duracell Coppertop AA Alkaline Batteries,Duracell,16 Pack,28,,1.75,1ea,False,2,aa batteries,household,2026-09-01,2026-08-31T20:12:05.869020+00:00
coles,5519982,Duracell Coppertop AA Alkaline Batteries,Duracell,10 Pack,15,,1.5,1ea,False,3,aa batteries,household,2026-09-01,2026-08-31T20:12:05.869020+00:00
coles,244344,Duracell Coppertop AA Alkaline Batteries,Duracell,4 Pack,8,,2,1ea,False,4,aa batteries,household,2026-09-01,2026-08-31T20:12:05.869020+00:00
coles,3858648,Coles Alkaline+ AA,Coles,24 Pack,14,,0.58,1ea,False,5,aa batteries,household,2026-09-01,2026-08-31T20:12:05.869020+00:00
coles,3858502,NRG Super Alkaline AA,NRG,4 Pack,6.35,,1.59,1ea,False,6,aa batteries,household,2026-09-01,2026-08-31T20:12:05.869020+00:00
coles,3858615,NRG Super Alkaline AA,NRG,14 Pack,16.6,,1.19,1ea,False,7,aa batteries,household,2026-09-01,2026-08-31T20:12:05.869020+00:00
coles,3858659,NRG Super Alkaline AA,NRG,24 Pack,26.5,,1.1,1ea,False,8,aa batteries,household,2026-09-01,2026-08-31T20:12:05.869020+00:00
coles,6313450,Duracell Everyday Alkaline AA Alkaline Batteries,Duracell,10 Pack,13,,1.3,1ea,False,9,aa batteries,household,2026-09-01,2026-08-31T20:12:05.869020+00:00
coles,3858670,NRG Rechargeable Battery AA,NRG,4 Pack,16.15,,4.04,1ea,False,10,aa batteries,household,2026-09-01,2026-08-31T20:12:05.869020+00:00
coles,7748470,Duracell Optimum AA Alkaline Batteries,Duracell,4 Pack,11,,2.75,1ea,False,11,aa batteries,household,2026-09-01,2026-08-31T20:12:05.869020+00:00
coles,7654275,Duracell Optimum AA Alkaline Batteries,Duracell,10 Pack,13.8,23,1.38,1ea,False,12,aa batteries,household,2026-09-01,2026-08-31T20:12:05.869020+00:00
coles,1014598,Duracell Recharge AA Rechargeable Batteries,Duracell,4 Pack,29,,7.25,1ea,False,13,aa batteries,household,2026-09-01,2026-08-31T20:12:05.869020+00:00
coles,7654195,Duracell Coppertop AA Alkaline Batteries,Duracell,20 Pack,30,,1.5,1ea,False,14,aa batteries,household,2026-09-01,2026-08-31T20:12:05.869020+00:00
coles,7654253,Duracell Coppertop AA Alkaline Batteries,Duracell,26 Pack,32,,1.23,1ea,False,15,aa batteries,household,2026-09-01,2026-08-31T20:12:05.869020+00:00
coles,7654300,Duracell Optimum AA Alkaline Batteries,Duracell,16 Pack,32,,2,1ea,False,16,aa batteries,household,2026-09-01,2026-08-31T20:12:05.869020+00:00
coles,7654118,Duracell Everyday Alkaline AA Alkaline Batteries,Duracell,18 Pack,18,,1,1ea,False,17,aa batteries,household,2026-09-01,2026-08-31T20:12:05.869020+00:00
coles,3858579,NRG Super Alkaline AA,NRG,10 Pack,12.5,,1.25,1ea,False,18,aa batteries,household,2026-09-01,2026-08-31T20:12:05.869020+00:00
woolworths,1124266897,"Led Bulb, 25W/E27/3000K LED Reflector Flood Light Globe, 2500 lumens, 2 Pcs",,1EA,18.8,18.8,,,False,1,led light globe,household,2026-09-01,2026-08-31T20:12:07.761301+00:00
woolworths,1109455049,Philips 5.3W Hue White/Color Dimmable Globe LED Light Bulb E14 Bluetooth Control,Philips,1EA,113.52,113.52,113.52,1EA,False,2,led light globe,household,2026-09-01,2026-08-31T20:12:07.761301+00:00
woolworths,1110011133,Philips Hue 16cm Smart Light 7W/550lm LED Bulb ST72 E27 Globe w/ Bluetooth White,Philips,1EA,99.44,99.44,99.44,1EA,False,3,led light globe,household,2026-09-01,2026-08-31T20:12:07.761301+00:00
woolworths,1116539053,6pc Camelion LED Light Bulb E27 9W 240V 2700K Edison 806 Lumen Globe Warm White,Camelion,,38,38,6.33,1EA,False,4,led light globe,household,2026-09-01,2026-08-31T20:12:07.761301+00:00
woolworths,1114442199,23x Car 12v Led Festoon Interior White Light Bulb 5050 5smd Auto Dome Globe,Dats,1EA,24.31,24.31,,,False,5,led light globe,household,2026-09-01,2026-08-31T20:12:07.761301+00:00
woolworths,1119637873,7W LED LIGHT BULB,Sansai,,9.99,9.99,,,False,6,led light globe,household,2026-09-01,2026-08-31T20:12:07.761301+00:00
woolworths,1099943429,Urs Oz Bright Uv Globe Heat & Light Bulb 160w,,,76.97,76.97,76.97,1EA,False,7,led light globe,household,2026-09-01,2026-08-31T20:12:07.761301+00:00
woolworths,1109768783,Philips Hue 19cm/7W Smart Light LED Bulb G125 E27 Globe 550lm w/ Bluetooth White,Philips,1EA,113.52,113.52,113.52,1EA,False,8,led light globe,household,2026-09-01,2026-08-31T20:12:07.761301+00:00
woolworths,1127226052,Solar LED String Light 6M (20Bulb),EZONEDEAL,,31.49,31.49,,,False,9,led light globe,household,2026-09-01,2026-08-31T20:12:07.761301+00:00
woolworths,1099943795,Urs Ceramic Globe Holder Edison Screw Fitting Light Bulb Holder,,,21.97,21.97,21.97,1EA,False,10,led light globe,household,2026-09-01,2026-08-31T20:12:07.761301+00:00
coles,2817259,Coles Light Globes Led Gu10 500lum 2700k 5w,Coles,2 Pack,10.5,,5.25,1ea,False,1,led light globe,household,2026-09-01,2026-08-31T20:12:07.761301+00:00
coles,2817260,Coles Light Globes Led Gu10 500lum 4000k 5w,Coles,2 Pack,10.5,,5.25,1ea,False,2,led light globe,household,2026-09-01,2026-08-31T20:12:07.761301+00:00
coles,3630071,Coles Light Globes Led Es 5w 470lum 2700k,Coles,2 Pack,10,,5,1ea,False,3,led light globe,household,2026-09-01,2026-08-31T20:12:07.761301+00:00
coles,2817645,Coles Light Globes Led Mr16 500lum 4000k 5.5w,Coles,2 Pack,10.5,,5.25,1ea,False,4,led light globe,household,2026-09-01,2026-08-31T20:12:07.761301+00:00
coles,2817612,Coles Light Globes Led Mr16 500lum 2700k 5.5w,Coles,2 Pack,10.5,,5.25,1ea,False,5,led light globe,household,2026-09-01,2026-08-31T20:12:07.761301+00:00
coles,3629902,Coles Light Globes Led Gls Bc 13w 1520lum 2700k,Coles,2 Pack,12,,6,1ea,False,6,led light globe,household,2026-09-01,2026-08-31T20:12:07.761301+00:00
coles,3629946,Coles Light Globes Led Gls Es 13w 1520lum 4000k,Coles,2 Pack,12.5,,6.25,1ea,False,7,led light globe,household,2026-09-01,2026-08-31T20:12:07.761301+00:00
coles,3630173,Coles Light Globes Led Candle Ses 5w 470lum 2700k,Coles,2 Pack,10,,5,1ea,False,8,led light globe,household,2026-09-01,2026-08-31T20:12:07.761301+00:00
coles,3629979,Coles Light Globes Led Gls Bc 13w 1520lum 4000k,Coles,2 Pack,12.6,,6.3,1ea,False,9,led light globe,household,2026-09-01,2026-08-31T20:12:07.761301+00:00
coles,3630005,Coles Light Globes Led Gls Bc 10w 1055lum 2700k,Coles,2 Pack,12.75,,6.38,1ea,False,10,led light globe,household,2026-09-01,2026-08-31T20:12:07.761301+00:00
coles,3630118,Coles Light Globes Led Candle BC 5w 470lum 2700k,Coles,2 Pack,10,,5,1ea,False,11,led light globe,household,2026-09-01,2026-08-31T20:12:07.761301+00:00
coles,3630038,Coles Light Globes Led Gls Bc 10w 1055lum 4000k,Coles,2 Pack,12.75,,6.38,1ea,False,12,led light globe,household,2026-09-01,2026-08-31T20:12:07.761301+00:00
coles,3629866,Coles Light Globes Led Gls Es 13w 1520lum 2700k,Coles,2 Pack,12,,6,1ea,False,13,led light globe,household,2026-09-01,2026-08-31T20:12:07.761301+00:00
coles,3630049,Coles Light Globes Led Round BC 5w 470lum 2700k,Coles,2 Pack,10,,5,1ea,False,14,led light globe,household,2026-09-01,2026-08-31T20:12:07.761301+00:00
coles,3630027,Coles Light Globes Led Gls Es 10w 1055lum 4000k,Coles,2 Pack,12,,6,1ea,False,15,led light globe,household,2026-09-01,2026-08-31T20:12:07.761301+00:00
coles,3629990,Coles Light Globes Led Gls Es 10w 1055lum 2700k,Coles,2 Pack,12,,6,1ea,False,16,led light globe,household,2026-09-01,2026-08-31T20:12:07.761301+00:00
coles,2790414,Mirabella Globe Led Candle 5.5 Watt Pearl,Mirabella,1 each,7.25,,7.25,1ea,False,17,led light globe,household,2026-09-01,2026-08-31T20:12:07.761301+00:00
coles,2790447,Mirabella Globe LED Candle 5.5w Small Edison Screw Pearl,Mirabella,1 each,7.25,,7.25,1ea,False,18,led light globe,household,2026-09-01,2026-08-31T20:12:07.761301+00:00
coles,2790425,Mirabella Globe Led Es Candle 5.5w 470 Lumens,Mirabella,1 each,7.25,,7.25,1ea,False,19,led light globe,household,2026-09-01,2026-08-31T20:12:07.761301+00:00
coles,2611912,Mirabella Led Globe Gls Edison Screw 11 Watt Cool White,Mirabella,1 each,8.25,,8.25,1ea,False,20,led light globe,household,2026-09-01,2026-08-31T20:12:07.761301+00:00
coles,2611901,Mirabella Led Globe Gls Bayonet Cap 11 Watt Cool White,Mirabella,1 each,8.25,,8.25,1ea,False,21,led light globe,household,2026-09-01,2026-08-31T20:12:07.761301+00:00
coles,6423619,Mirabella Colour Box Led Par 38 Es 15w 1300lum 3000k,Mirabella,1 Each,15,,15,1ea,False,22,led light globe,household,2026-09-01,2026-08-31T20:12:07.761301+00:00
coles,6422900,Mirabella Led G95 Filament Amber Es 2w 150lm 1800k,Mirabella,1 Each,13,,13,1ea,False,23,led light globe,household,2026-09-01,2026-08-31T20:12:07.761301+00:00
coles,4488555,Mirabella Led Gls BC 14w 1500lum 2700k Warm White,Mirabella,2 Pack,16.5,,8.25,1ea,False,24,led light globe,household,2026-09-01,2026-08-31T20:12:07.761301+00:00
coles,4488191,Mirabella Led Gls BC 5w 470lum 4000k Cool White,Mirabella,2 Pack,13.75,,6.88,1ea,False,25,led light globe,household,2026-09-01,2026-08-31T20:12:07.761301+00:00
coles,4488442,Mirabella Led Gls Es 5w 470lum 4000k Cool White,Mirabella,2 Pack,13.75,,6.88,1ea,False,26,led light globe,household,2026-09-01,2026-08-31T20:12:07.761301+00:00
coles,6423608,Miirabella Led St58 Filament Amber Es 2w 150lm 1800k,Miirabella,1 Each,10,,10,1ea,False,27,led light globe,household,2026-09-01,2026-08-31T20:12:07.761301+00:00
coles,4488588,Mirabella Led Gls BC 14w 1500lum 4000k Cool White,Mirabella,2 Pack,16.5,,8.25,1ea,False,28,led light globe,household,2026-09-01,2026-08-31T20:12:07.761301+00:00
coles,4488613,Mirabella Led Gls Es 14w 1400lum 4000k Cool White,Mirabella,2 Pack,16.5,,8.25,1ea,False,29,led light globe,household,2026-09-01,2026-08-31T20:12:07.761301+00:00
coles,4488602,Mirabella Led Gls Es 14w 1400lum 2700k Warm White,Mirabella,2 Pack,16.5,,8.25,1ea,False,30,led light globe,household,2026-09-01,2026-08-31T20:12:07.761301+00:00
coles,4488420,Mirabella Led Gls Es 5w 470lum 2700k Warm White,Mirabella,2 Pack,13.75,,6.88,1ea,False,31,led light globe,household,2026-09-01,2026-08-31T20:12:07.761301+00:00
coles,4488486,Mirabella Led Gls BC 9w 806lum 4000k Cool White,Mirabella,2 Pack,13.75,,6.88,1ea,False,32,led light globe,household,2026-09-01,2026-08-31T20:12:07.761301+00:00
coles,4488511,Mirabella Led Gls Es 9w 806lum 4000k Cool White,Mirabella,2 Pack,13.75,,6.88,1ea,False,33,led light globe,household,2026-09-01,2026-08-31T20:12:07.761301+00:00
coles,4488453,Mirabella Led Gls BC 9w 806lum 2700k Warm White,Mirabella,2 Pack,13.75,,6.88,1ea,False,34,led light globe,household,2026-09-01,2026-08-31T20:12:07.761301+00:00
coles,4488497,Mirabella Led Gls Es 9w 806lum 2700k Warm White,Mirabella,2 Pack,13.75,,6.88,1ea,False,35,led light globe,household,2026-09-01,2026-08-31T20:12:07.761301+00:00
coles,6433044,Mirabella Led 2pk Gls BC 11w 1000lum 2700k Warm White A60,Mirabella,2 Pack,15,,7.5,1ea,False,36,led light globe,household,2026-09-01,2026-08-31T20:12:07.761301+00:00
coles,6433328,Mirabella Led 2pk Gls BC 11w 1000lum 4000k Cool White Brand A60,Mirabella,2 Pack,15,,7.5,1ea,False,37,led light globe,household,2026-09-01,2026-08-31T20:12:07.761301+00:00
coles,6433259,Mirabella Led 2pk Gls Es 11w 1000lum 2700k Warm White Brand A60,Mirabella,2 Pack,15,,7.5,1ea,False,38,led light globe,household,2026-09-01,2026-08-31T20:12:07.761301+00:00
coles,6433736,Mirabella Led 2pk Gls Es 11w 1000lum 4000k Cool White Brand A60,Mirabella,2 Pack,15,,7.5,1ea,False,39,led light globe,household,2026-09-01,2026-08-31T20:12:07.761301+00:00
coles,2005548,Coles Led Globes Es 5w Warm White,Coles,2 Pack,10.5,,5.25,1ea,False,40,led light globe,household,2026-09-01,2026-08-31T20:12:07.761301+00:00
coles,2044390,Mirabella Led Warm White Globe Gu10 6 Watt,Mirabella,1 each,10.25,,10.25,1ea,False,41,led light globe,household,2026-09-01,2026-08-31T20:12:07.761301+00:00
coles,2006085,Coles Led Globes Gls Bc 5w Warm White,Coles,2 Pack,10.5,,5.25,1ea,False,42,led light globe,household,2026-09-01,2026-08-31T20:12:07.761301+00:00
coles,3634990,Mirabella Gls BC Globe Cool White Led 14w 1400 Lumens,Mirabella,1 each,10.25,,10.25,1ea,False,43,led light globe,household,2026-09-01,2026-08-31T20:12:07.761301+00:00
coles,3635010,Mirabella Gls Es Globe Cool White Led 14w 1400 Lumens,Mirabella,1 each,10.25,,10.25,1ea,False,44,led light globe,household,2026-09-01,2026-08-31T20:12:07.761301+00:00
coles,3633637,Mirabella Gls BC Globe Warm White Led 2w 250 Lumens,Mirabella,1 each,7.25,,7.25,1ea,False,45,led light globe,household,2026-09-01,2026-08-31T20:12:07.761301+00:00
coles,2044460,Mirabella Led Globe Fancy Round Bayonet Cap 6 Watt Pearl,Mirabella,1 each,7.25,,7.25,1ea,False,46,led light globe,household,2026-09-01,2026-08-31T20:12:07.761301+00:00
coles,3634980,Mirabella Gls BC Globe Warm White Led 14w 1400 Lumens,Mirabella,1 each,10.25,,10.25,1ea,False,47,led light globe,household,2026-09-01,2026-08-31T20:12:07.761301+00:00
coles,3635009,Mirabella Gls Es Globe Warm White Led 14w 1400 Lumens,Mirabella,1 each,10.25,,10.25,1ea,False,48,led light globe,household,2026-09-01,2026-08-31T20:12:07.761301+00:00
woolworths,101549,Korbond Tape Measure Metric & Imperial each,Korbond,each,2,2,,0,False,1,tape measure,household,2026-09-01,2026-08-31T20:12:09.788475+00:00
woolworths,612804,Jack Hammer Tape Measure 5 Metres Each,Jack Hammer,Each,6,6,,0,False,2,tape measure,household,2026-09-01,2026-08-31T20:12:09.788475+00:00
woolworths,1117497287,Games Workshop Tape Measure,Citadel,1EA,12.2,12.2,,,False,3,tape measure,household,2026-09-01,2026-08-31T20:12:09.788475+00:00
woolworths,1109564763,Citadel: Tools Tape Measure,Citadel,,12.6,12.6,,,False,4,tape measure,household,2026-09-01,2026-08-31T20:12:09.788475+00:00
woolworths,1128254141,OzOffer Tape Measure 3m,,,11.9,11.9,,,False,5,tape measure,household,2026-09-01,2026-08-31T20:12:09.788475+00:00
woolworths,1118317233,Trademark tape measure 8m,,1EA,21.99,21.99,,,False,6,tape measure,household,2026-09-01,2026-08-31T20:12:09.788475+00:00
woolworths,1126565713,MEDALIST 8M / 26' Tape Measure Measuring Tape Medalist,MEDALIST,,29,29,,,False,7,tape measure,household,2026-09-01,2026-08-31T20:12:09.788475+00:00
woolworths,1118021447,"eSafety ""PRO-TAPE"" Tape Measure - 8m",,1EA,5.78,5.78,,,False,8,tape measure,household,2026-09-01,2026-08-31T20:12:09.788475+00:00
woolworths,1114799931,Park Tool RR-12 Tape Measure,,,24.99,24.99,,,False,9,tape measure,household,2026-09-01,2026-08-31T20:12:09.788475+00:00
woolworths,1116355253,Tape Measure 5M Heavy Duty,,1EA,16.89,16.89,,,False,10,tape measure,household,2026-09-01,2026-08-31T20:12:09.788475+00:00
coles,5323721,Korbond Tape Measure,Korbond,1 each,2.8,,,,False,1,tape measure,household,2026-09-01,2026-08-31T20:12:09.788475+00:00
coles,7021698,Rodara Tape Measure,Rodara,1 each,6,,,,False,2,tape measure,household,2026-09-01,2026-08-31T20:12:09.788475+00:00
coles,3974037,Korbond Retractable Tape Measure,Korbond,1 Pack,3.5,,,,False,3,tape measure,household,2026-09-01,2026-08-31T20:12:09.788475+00:00
woolworths,6043827,Macro Baby Food Pouch Pear Banana Blueberry & Oats 120g,Macro,120g,1,1,0.83,100G,False,1,baby food pouch,baby,2026-09-01,2026-08-31T20:12:11.701914+00:00
woolworths,6043879,Macro Baby Food Pouch Apple Pear & Cinnamon 6+ Months 120g,Macro,120g,1,1,0.83,100G,False,2,baby food pouch,baby,2026-09-01,2026-08-31T20:12:11.701914+00:00
woolworths,6044303,Macro Baby Food Pouch Apple & Banana With Oats 6+ Months 120g,Macro,120g,1,1,0.83,100G,False,3,baby food pouch,baby,2026-09-01,2026-08-31T20:12:11.701914+00:00
woolworths,6047745,Macro Baby Food Pouch Pear Apple & Berries 6+ Months 120g,Macro,120g,1,1,0.83,100G,False,4,baby food pouch,baby,2026-09-01,2026-08-31T20:12:11.701914+00:00
woolworths,6048119,Macro Baby Food Pouch Banana & Vanilla Custard 6+ Months 120g,Macro,120g,1,1,0.83,100G,False,5,baby food pouch,baby,2026-09-01,2026-08-31T20:12:11.701914+00:00
woolworths,6044320,Macro Baby Food Pouch Pear Banana & Mango 6m+ 120g,Macro,120g,1,1,0.83,100G,False,6,baby food pouch,baby,2026-09-01,2026-08-31T20:12:11.701914+00:00
woolworths,6042388,Macro Baby Food Pouch Chicken Vegetables & Oregano 6+ Months 120g,Macro,120g,1,1,0.83,100G,False,7,baby food pouch,baby,2026-09-01,2026-08-31T20:12:11.701914+00:00
woolworths,6044311,Macro Baby Food Pouch Pumpkin Sweet Potato & Pear 120g,Macro,120g,1,1,0.83,100G,False,8,baby food pouch,baby,2026-09-01,2026-08-31T20:12:11.701914+00:00
woolworths,633987,Rafferty's Garden Apple Puree & Nothing Else Baby Food Pouch 4+ Months 120g,Rafferty's Garden,120g,2.3,2.3,1.92,100G,False,9,baby food pouch,baby,2026-09-01,2026-08-31T20:12:11.701914+00:00
coles,6027167,Rafferty's Garden Blueberries Banana & Apple And Nothing Else Baby Food Puree Pouch 4+ Months,Rafferty's Garden,120g,2.3,,1.92,100g,False,1,baby food pouch,baby,2026-09-01,2026-08-31T20:12:11.701914+00:00
coles,3609789,Rafferty's Garden Banana Pear & Mango Porridge Baby Food Pouch 6+ Months,Rafferty's Garden,120g,2.3,,1.92,100g,False,2,baby food pouch,baby,2026-09-01,2026-08-31T20:12:11.701914+00:00
coles,4163051,Only Organic Apple Blueberry Blackberry Oat Prebiotics 8+ Months,Only Organic,120g,2.3,,1.92,100g,False,3,baby food pouch,baby,2026-09-01,2026-08-31T20:12:11.701914+00:00
coles,6027112,Rafferty's Garden Sweet Potato Carrot & Apple And Nothing Else Baby Food Puree Pouch 4+ Months,Rafferty's Garden,120g,2.3,,1.92,100g,False,4,baby food pouch,baby,2026-09-01,2026-08-31T20:12:11.701914+00:00
coles,6027178,Rafferty's Garden Banana Pear & Mango Baby Food Puree Pouch 4+ Months,Rafferty's Garden,120g,2.3,,1.92,100g,False,5,baby food pouch,baby,2026-09-01,2026-08-31T20:12:11.701914+00:00
coles,2134358,Only Organic Banana Berries & Yoghurt Brekkie Baby Food Pouch 8+ Months,Only Organic,120g,2.3,,1.92,100g,False,6,baby food pouch,baby,2026-09-01,2026-08-31T20:12:11.701914+00:00
coles,5033845,Only Organic Chicken Sweetcorn & Brown Rice Baby Food Pouch 6+ Months,Only Organic,120g,2.3,,1.92,100g,False,7,baby food pouch,baby,2026-09-01,2026-08-31T20:12:11.701914+00:00
coles,8423369,Only Organic Sweet Potato & Pumpkin Pouch,Only Organic,120g,2.3,,1.92,100g,False,8,baby food pouch,baby,2026-09-01,2026-08-31T20:12:11.701914+00:00
coles,3625082,Rafferty's Garden Pear & Prune Puree And Nothing Else Baby Food Pouch 4+ Months,Rafferty's Garden,120g,2.3,,1.92,100g,False,9,baby food pouch,baby,2026-09-01,2026-08-31T20:12:11.701914+00:00
coles,8989086,Only Organic Wild Rice Risotto & Spring Lamb 6+ Months,Only Organic,120g,2.3,,1.92,100g,False,10,baby food pouch,baby,2026-09-01,2026-08-31T20:12:11.701914+00:00
coles,8971896,Rafferty's Garden Pear & Superberries Puree And Nothing Else Baby Food Pouch 4+ Months,Rafferty's Garden,120g,2.3,,1.92,100g,False,11,baby food pouch,baby,2026-09-01,2026-08-31T20:12:11.701914+00:00
coles,8971885,Rafferty's Garden Apple Banana & Peach and Nothing Else Baby Food Puree Pouch 4+ Months,Rafferty's Garden,120g,2.3,,1.92,100g,False,12,baby food pouch,baby,2026-09-01,2026-08-31T20:12:11.701914+00:00
coles,3620249,Rafferty's Garden Chicken Vegetables & Rice Baby Food Protein Pouch 6+ Months,Rafferty's Garden,120g,2.3,,1.92,100g,False,13,baby food pouch,baby,2026-09-01,2026-08-31T20:12:11.701914+00:00
coles,6027087,Rafferty's Garden Pumpkin Apple & Sweetcorn and Nothing Else Baby Food Puree Pouch 4+ Months,Rafferty's Garden,120g,2.3,,1.92,100g,False,14,baby food pouch,baby,2026-09-01,2026-08-31T20:12:11.701914+00:00
coles,5046600,Rafferty's Garden Blueberry Banana & Pear Yoghurt Brekkie Baby Food Pouch 6+ Months,Rafferty's Garden,120g,2.3,,1.92,100g,False,15,baby food pouch,baby,2026-09-01,2026-08-31T20:12:11.701914+00:00
coles,3620227,Rafferty's Garden Beef Sweet Potato & Parsnip Protein Baby Food Pouch 6+ Months,Rafferty's Garden,120g,2.3,,1.92,100g,False,16,baby food pouch,baby,2026-09-01,2026-08-31T20:12:11.701914+00:00
coles,6027076,Rafferty's Garden Spinach Apple Broccoli & Pea And Nothing Else Baby Food Puree Pouch 4+ Months,Rafferty's Garden,120g,2.3,,1.92,100g,False,17,baby food pouch,baby,2026-09-01,2026-08-31T20:12:11.701914+00:00
coles,5044069,Only Organic Pear Gold Kiwifruit & Oats Baby Food Pouch 8+ Months,Only Organic,120g,2.3,,1.92,100g,False,18,baby food pouch,baby,2026-09-01,2026-08-31T20:12:11.701914+00:00
coles,2366681,Heinz Apple Strawberry & Passionfruit Baby Food Pouch 8+ Months,Heinz,120g,1.8,,1.5,100g,False,19,baby food pouch,baby,2026-09-01,2026-08-31T20:12:11.701914+00:00
coles,5046632,Rafferty's Garden Blueberry & Banana No Added Sugar Custard 6+ Months,Rafferty's Garden,120g,2.3,,1.92,100g,False,20,baby food pouch,baby,2026-09-01,2026-08-31T20:12:11.701914+00:00
coles,3018807,Rafferty's Garden Apple Puree And Nothing Else Baby Food Pouch 4+ Months,Rafferty's Garden,120g,2.3,,1.92,100g,False,21,baby food pouch,baby,2026-09-01,2026-08-31T20:12:11.701914+00:00
coles,7761129,Only Organic Banana Raspberry & Vanilla Baby Food Pouch 8+ Months,Only Organic,120g,2.3,,1.92,100g,False,22,baby food pouch,baby,2026-09-01,2026-08-31T20:12:11.701914+00:00
coles,3766460,Rafferty's Garden Pumpkin & Spinach Pasta Bake Baby Food Prebiotics Pouch 6+ Months,Rafferty's Garden,120g,2.3,,1.92,100g,False,23,baby food pouch,baby,2026-09-01,2026-08-31T20:12:11.701914+00:00
coles,7572126,Rafferty's Garden Pear & Apricot Puree And Nothing Else Baby Food Pouch 4+ Months,Rafferty's Garden,120g,2.3,,1.92,100g,False,24,baby food pouch,baby,2026-09-01,2026-08-31T20:12:11.701914+00:00
coles,7730840,Rafferty's Garden Rice Cereal Pear Banana & Milk No Added Sugar Baby Food Pouch 4+ Months,Rafferty's Garden,120g,2.3,,1.92,100g,False,25,baby food pouch,baby,2026-09-01,2026-08-31T20:12:11.701914+00:00
coles,3018830,Rafferty's Garden Pear Puree and Nothing Else Baby Food Pouch 4+ Months,Rafferty's Garden,120g,2.3,,1.92,100g,False,26,baby food pouch,baby,2026-09-01,2026-08-31T20:12:11.701914+00:00
coles,7761060,Only Organic Pear Banana & Apple 6+ Months,Only Organic,120g,2.3,,1.92,100g,False,27,baby food pouch,baby,2026-09-01,2026-08-31T20:12:11.701914+00:00
coles,2011100,Heinz Apple Blueberry & Strawberry Baby Food 8+ Months,Heinz,120g,1.8,,1.5,100g,False,28,baby food pouch,baby,2026-09-01,2026-08-31T20:12:11.701914+00:00
coles,3620191,Rafferty's Garden Chickpea Corn & Carrot Baby Food Pouch 8+ Months,Rafferty's Garden,120g,2.3,,1.92,100g,False,29,baby food pouch,baby,2026-09-01,2026-08-31T20:12:11.701914+00:00
coles,3511980,Heinz Smoothie Banana Pear & Oat + Greek Style Yoghurt Pouch 8+ Months,Heinz,120g,1.8,,1.5,100g,False,30,baby food pouch,baby,2026-09-01,2026-08-31T20:12:11.701914+00:00
coles,3499782,Only Organic Baby Food Mango Coconut And Quinoa,Only Organic,120g,1.6,,,100g,True,31,baby food pouch,baby,2026-09-01,2026-08-31T20:12:11.701914+00:00
coles,7730624,Rafferty's Garden Beef & Hearty Vegetable Lasagne Mini Meal Baby Food Pouch 10+ Months,Rafferty's Garden,170g,2.3,2.8,1.35,100g,False,32,baby food pouch,baby,2026-09-01,2026-08-31T20:12:11.701914+00:00
coles,3766448,Rafferty's Garden Tuna & Garden Vegetables Protein Baby Food Pouch 6+ Months,Rafferty's Garden,120g,2.3,,,100g,False,33,baby food pouch,baby,2026-09-01,2026-08-31T20:12:11.701914+00:00
coles,6026856,Rafferty's Garden Beef Bolognese & Macaroni Mini Meal Baby Food Pouch 10+ Months,Rafferty's Garden,170g,2.3,2.8,1.35,100g,False,34,baby food pouch,baby,2026-09-01,2026-08-31T20:12:11.701914+00:00
coles,5033663,Only Organic Pear & Mango Baby Food Pouch 4+ Months,Only Organic,120g,2.3,,1.92,100g,False,35,baby food pouch,baby,2026-09-01,2026-08-31T20:12:11.701914+00:00
coles,1719006,CUB Apple Pear Banana & Blueberry Baby Food Pouch 4+ Months,CUB,120g,1,,0.83,100g,False,36,baby food pouch,baby,2026-09-01,2026-08-31T20:12:11.701914+00:00
coles,6295585,Heinz Lamb Vegetables & Polenta Baby Food Pouch 6+ Months,Heinz,120g,1.8,,1.5,100g,False,37,baby food pouch,baby,2026-09-01,2026-08-31T20:12:11.701914+00:00
coles,1719050,CUB Apple- Banana & Pear Baby Food Pouch 6+ Months,CUB,120g,1,,0.83,100g,False,38,baby food pouch,baby,2026-09-01,2026-08-31T20:12:11.701914+00:00
coles,3760408,Heinz Mango & Vanilla Custard Baby Food Pouch 8 Months+,Heinz,120g,1.8,,1.5,100g,False,39,baby food pouch,baby,2026-09-01,2026-08-31T20:12:11.701914+00:00
coles,1719855,CUB Banana & Strawberry Custard Baby Food Pouch 6+ Months,CUB,120g,1,,0.83,100g,False,40,baby food pouch,baby,2026-09-01,2026-08-31T20:12:11.701914+00:00
coles,1719028,CUB Apple Pear & Berries Baby Food Pouch 4+ Months,CUB,120g,1,,0.83,100g,False,41,baby food pouch,baby,2026-09-01,2026-08-31T20:12:11.701914+00:00
coles,1719877,CUB Banana Choc Custard Baby Food Pouch 6+ Months,CUB,120g,1,,0.83,100g,False,42,baby food pouch,baby,2026-09-01,2026-08-31T20:12:11.701914+00:00
coles,1719040,CUB Apple & Blueberry With Oats Baby Food Pouch 6+ Months,CUB,120g,1,,0.83,100g,False,43,baby food pouch,baby,2026-09-01,2026-08-31T20:12:11.701914+00:00
coles,1719174,CUB Pumpkin Sweetcorn & Carrot Baby Food Pouch 6+ Months,CUB,120g,1,,0.83,100g,False,44,baby food pouch,baby,2026-09-01,2026-08-31T20:12:11.701914+00:00
coles,1719017,CUB Pear Apple & Mango Baby Food Pouch 4+ Months,CUB,120g,1,,0.83,100g,False,45,baby food pouch,baby,2026-09-01,2026-08-31T20:12:11.701914+00:00
coles,1719866,CUB Banana & Blueberry Custard Baby Food Pouch 6+ Months,CUB,120g,1,,0.83,100g,False,46,baby food pouch,baby,2026-09-01,2026-08-31T20:12:11.701914+00:00
coles,5033685,Only Organic Sweetcorn Carrot & Quinoa Baby Food Pouch 4+month,Only Organic,120g,1.6,,,100g,True,47,baby food pouch,baby,2026-09-01,2026-08-31T20:12:11.701914+00:00
coles,6027189,Rafferty's Garden Apple Pear & Cinnamon And Nothing Else Baby Food Puree Pouch 4+ Months,Rafferty's Garden,120g,2.3,,1.92,100g,False,48,baby food pouch,baby,2026-09-01,2026-08-31T20:12:11.701914+00:00
coles,1719061,CUB Beef Veggies & Brown Rice Baby Food Pouch 6+ Months,CUB,120g,1,,0.83,100g,False,49,baby food pouch,baby,2026-09-01,2026-08-31T20:12:11.701914+00:00
coles,1719163,CUB Apple Pear Banana & Peach Baby Food Pouch 4+ Months,CUB,120g,1,,0.83,100g,False,50,baby food pouch,baby,2026-09-01,2026-08-31T20:12:11.701914+00:00
coles,1719039,CUB Chicken Veggies & Brown Rice Baby Food Pouch 6+ Months,CUB,120g,1,,0.83,100g,False,51,baby food pouch,baby,2026-09-01,2026-08-31T20:12:11.701914+00:00
coles,8996875,Farex Apple & Oatmeal Baby Food Pouch 6+ Months,Farex,120g,1.8,,1.5,100g,False,52,baby food pouch,baby,2026-09-01,2026-08-31T20:12:11.701914+00:00
coles,1719072,CUB Apple Pea Broccoli Pear & Spinach Baby Food Pouch 6+ Months,CUB,120g,1,,0.83,100g,False,53,baby food pouch,baby,2026-09-01,2026-08-31T20:12:11.701914+00:00
woolworths,1122403473,Nappy Goo Nappy Rash Cream 100g,Nappy Goo,100.0G,10.95,10.95,10.95,100G,False,1,nappy rash cream,baby,2026-09-01,2026-08-31T20:12:13.709069+00:00
woolworths,729413,Sudocrem Nappy Rash Cream 400g,Sudocrem,400g,32,38.6,8,100G,True,2,nappy rash cream,baby,2026-09-01,2026-08-31T20:12:13.709069+00:00
woolworths,140756,Sudocrem Nappy Rash Cream 125g,Sudocrem,125g,15.45,15.45,12.36,100G,False,3,nappy rash cream,baby,2026-09-01,2026-08-31T20:12:13.709069+00:00
woolworths,341157,Sudocrem Nappy Rash Cream Tube 30g,Sudocrem,30g,9,9,30,100G,False,4,nappy rash cream,baby,2026-09-01,2026-08-31T20:12:13.709069+00:00
woolworths,204930,Bepanthen Nappy Rash Ointment 30g,Bepanthen,30g,8.5,8.5,28.33,100G,False,5,nappy rash cream,baby,2026-09-01,2026-08-31T20:12:13.709069+00:00
woolworths,203229,Bepanthen Nappy Rash Ointment 100g,Bepanthen,100g,15.5,15.5,15.5,100G,False,6,nappy rash cream,baby,2026-09-01,2026-08-31T20:12:13.709069+00:00
woolworths,1119431269,Mustela Vitamin Barrier Cream 123 - for nappy rash - 108g,Dulge,,21.99,21.99,20.36,100G,False,7,nappy rash cream,baby,2026-09-01,2026-08-31T20:12:13.709069+00:00
woolworths,1122405407,Mustela 123 Vitamin Barrier Cream 100ml,Mustela,100ML,13.07,13.07,13.07,100ML,False,8,nappy rash cream,baby,2026-09-01,2026-08-31T20:12:13.709069+00:00
woolworths,1123873167,Desitin Nappy Rash Barrier Ointment 100g,Desitin,100G,17.59,17.59,17.59,100G,False,9,nappy rash cream,baby,2026-09-01,2026-08-31T20:12:13.709069+00:00
woolworths,1136814714,Mustela Vitamin Barrier Cream 50ml/1.94oz 50ml/1.94oz,Mustela,,19.57,19.57,39.14,100ML,False,10,nappy rash cream,baby,2026-09-01,2026-08-31T20:12:13.709069+00:00
coles,8837317,Sudocrem Healing Cream,Sudocrem,125g,15.45,,12.36,100g,False,1,nappy rash cream,baby,2026-09-01,2026-08-31T20:12:13.709069+00:00
coles,9767080,Bepanthen Nappy Rash Ointment,Bepanthen,100g,15.5,,15.5,100g,False,2,nappy rash cream,baby,2026-09-01,2026-08-31T20:12:13.709069+00:00
coles,9153780,Bepanthen Antiseptic Soothing Cream,Bepanthen,100g,17.5,,17.5,100g,False,3,nappy rash cream,baby,2026-09-01,2026-08-31T20:12:13.709069+00:00
coles,1282575,Bunjie Nappy & Barrier Cream,Bunjie,250g,25,,10,100g,False,4,nappy rash cream,baby,2026-09-01,2026-08-31T20:12:13.709069+00:00
coles,1223419,Sudocrem Healing Cream,Sudocrem,30g,9,,30,100g,False,5,nappy rash cream,baby,2026-09-01,2026-08-31T20:12:13.709069+00:00
coles,3594160,Sudocrem Healing Cream Tub,Sudocrem,400g,38.6,,9.65,100g,False,6,nappy rash cream,baby,2026-09-01,2026-08-31T20:12:13.709069+00:00
woolworths,1101245381,AFL Greater Western Giants TEAM Logo Infant Baby Dummy Pacifier Baby,AFL Official,,8.95,8.95,8.95,1EA,False,1,baby dummy,baby,2026-09-01,2026-08-31T20:12:15.451770+00:00
woolworths,232000,Philips Avent Ultra Air Soother 6-18M Assorted 2 pack,Philips,2 pack,15,15,7.5,1EA,False,2,baby dummy,baby,2026-09-01,2026-08-31T20:12:15.451770+00:00
woolworths,6007253,Tommee Tippee Ultra Light Silicone Soother Night Glow 6-18M Assorted 2 pack,Tommee Tippee,2 pack,15,15,7.5,1EA,False,3,baby dummy,baby,2026-09-01,2026-08-31T20:12:15.451770+00:00
woolworths,1117904511,AFL Infant - Dummy - North Melbourne Kangaroos - Baby - Child -,Licensing Essentials,1EA,12.95,12.95,,,False,4,baby dummy,baby,2026-09-01,2026-08-31T20:12:15.451770+00:00
woolworths,1117430087,AFL Infant - Dummy - Gold Coast Suns - Baby - Child -,Licensing Essentials,,12.95,12.95,,,False,5,baby dummy,baby,2026-09-01,2026-08-31T20:12:15.451770+00:00
woolworths,1124979261,Baby Einstein Sea Dreams Soother Sleep Soother,Baby Einstein,1EA,69,69,,,False,6,baby dummy,baby,2026-09-01,2026-08-31T20:12:15.451770+00:00
woolworths,1120762623,Baby Einstein Sea Dreams Soother Baby/Infant/Toddler Sleeping Soother 0m+,Baby Einstein,1EA,80.1,80.1,,,False,7,baby dummy,baby,2026-09-01,2026-08-31T20:12:15.451770+00:00
woolworths,1122405481,Natural Rubber Soothers Fish Teether for Baby 2 Pack,Natural Rubber Soother,2.0EA,19.9,19.9,9.95,1EA,False,8,baby dummy,baby,2026-09-01,2026-08-31T20:12:15.451770+00:00
woolworths,1125499755,Baby Einstein Sea Dreams Soother- Baby/Infant/Toddler Sleeping Soother,,,163.9,163.9,,,False,9,baby dummy,baby,2026-09-01,2026-08-31T20:12:15.451770+00:00
woolworths,1126805261,Baby Einstein Sea Dreams Sleep Soother - Pink,Baby Einstein,,59,59,,,False,10,baby dummy,baby,2026-09-01,2026-08-31T20:12:15.451770+00:00
coles,3478942,Tommee Tippee Night Time Baby Dummy 2 Pack 18-36m,Tommee Tippee,2 Pack,9.6,12,4.8,1ea,False,1,baby dummy,baby,2026-09-01,2026-08-31T20:12:15.451770+00:00
coles,1143987,Tommee Tippee Ultralight Soother 0-6m,Tommee Tippee,2 Pack,12,15,6,1ea,False,2,baby dummy,baby,2026-09-01,2026-08-31T20:12:15.451770+00:00
coles,1144028,Tommee Tippee Ultralight Night Soother 6-18m,Tommee Tippee,2 Pack,12,15,6,1ea,False,3,baby dummy,baby,2026-09-01,2026-08-31T20:12:15.451770+00:00
coles,1734225,Tommee Tippee Night Time Baby Dummy 2 Pack 6-18m,Tommee Tippee,2 Pack,9.6,12,4.8,1ea,False,4,baby dummy,baby,2026-09-01,2026-08-31T20:12:15.451770+00:00
coles,5331082,Tommee Tippee Baby Cherry Latex Dummy 2 Pack 18-36m,Tommee Tippee,2 Pack,7.2,9,3.6,1ea,False,5,baby dummy,baby,2026-09-01,2026-08-31T20:12:15.451770+00:00
coles,1144006,Tommee Tippee Ultralight Soother 18-36m,Tommee Tippee,2 Pack,12,15,6,1ea,False,6,baby dummy,baby,2026-09-01,2026-08-31T20:12:15.451770+00:00
coles,1143976,Tommee Tippee Breast Like Soother 6-18m,Tommee Tippee,2 Pack,12,15,6,1ea,False,7,baby dummy,baby,2026-09-01,2026-08-31T20:12:15.451770+00:00
coles,1329952,Tommee Tippee Soother Comfort Clip 0m+,Tommee Tippee,1 Pack,12.8,16,12.8,1ea,False,8,baby dummy,baby,2026-09-01,2026-08-31T20:12:15.451770+00:00
coles,1143965,Tommee Tippee Breast Like Soother 0-6m,Tommee Tippee,2 Pack,12,15,6,1ea,False,9,baby dummy,baby,2026-09-01,2026-08-31T20:12:15.451770+00:00
coles,1144356,Philips Avent Ultra Soft Soother 0-6 Months Plain Mixed,Philips Avent,2 Pack,17.95,,8.98,1ea,False,10,baby dummy,baby,2026-09-01,2026-08-31T20:12:15.451770+00:00
coles,4289628,Tommee Tippee Baby Cherry Latex Dummy 2 Pack 0-6m,Tommee Tippee,2 Pack,8,10,4,1ea,False,11,baby dummy,baby,2026-09-01,2026-08-31T20:12:15.451770+00:00
coles,4289640,Tommee Tippee Baby Cherry Latex Dummy 2 Pack 6-18m,Tommee Tippee,2 Pack,8,10,4,1ea,False,12,baby dummy,baby,2026-09-01,2026-08-31T20:12:15.451770+00:00
woolworths,390806,Brauer Teething Gel 20g,Brauer,20g,16,16,80,100G,False,1,teething gel,baby,2026-09-01,2026-08-31T20:12:17.236358+00:00
woolworths,1122349469,Jack n Jill Natural Baby Teething Gel 15g,Jack N' Jill,15G,14.91,14.91,99.4,100G,False,2,teething gel,baby,2026-09-01,2026-08-31T20:12:17.236358+00:00
woolworths,1118201793,Jack N Jill Babies 6m+ Natural Teething Gel Vanilla Flavour 15G,Jack N' Jill,15G,14.95,14.95,99.67,100G,False,3,teething gel,baby,2026-09-01,2026-08-31T20:12:17.236358+00:00
woolworths,1128011459,Matchstick Monkey Teething Toy and Gel Applicator - Peach,Matchstick Monkey,,22.95,22.95,,,False,4,teething gel,baby,2026-09-01,2026-08-31T20:12:17.236358+00:00
woolworths,1128011727,Matchstick Monkey Teething Toy and Gel Applicator - Pink,Matchstick Monkey,,21,21,,,False,5,teething gel,baby,2026-09-01,2026-08-31T20:12:17.236358+00:00
woolworths,1128011751,Matchstick Monkey Teething Toy and Gel Applicator - Olive,Matchstick Monkey,,22.95,22.95,,,False,6,teething gel,baby,2026-09-01,2026-08-31T20:12:17.236358+00:00
woolworths,1128011455,Matchstick Monkey Teething Toy and Gel Applicator - Orange,Matchstick Monkey,,21,21,,,False,7,teething gel,baby,2026-09-01,2026-08-31T20:12:17.236358+00:00
woolworths,1128011681,Matchstick Monkey Teething Toy and Gel Applicator - Yellow,Matchstick Monkey,,21,21,,,False,8,teething gel,baby,2026-09-01,2026-08-31T20:12:17.236358+00:00
woolworths,1128011461,Matchstick Monkey Teething Toy and Gel Applicator - Red,Matchstick Monkey,,21,21,,,False,9,teething gel,baby,2026-09-01,2026-08-31T20:12:17.236358+00:00
woolworths,1102037529,Matchstick 11cm Monkey Teething Toy/Gel Applicator for Baby/Infant 6-18m Orange,Matchstick Monkey,1EA,33,33,33,1EA,False,10,teething gel,baby,2026-09-01,2026-08-31T20:12:17.236358+00:00
coles,1838617,Jack N' Jill Natural Baby Teething Gel,Jack N' Jill,15g,9,15,60,100g,False,1,teething gel,baby,2026-09-01,2026-08-31T20:12:17.236358+00:00
woolworths,1137594388,Mininor Baby Bottle Teat - 2 Pack 6 months,Mininor,,7.95,7.95,3.98,1EA,False,1,baby bottle teat,baby,2026-09-01,2026-08-31T20:12:19.063401+00:00
woolworths,1137594384,Mininor Baby Bottle Teat - 2 Pack 0 months,Mininor,,7.95,7.95,3.98,1EA,False,2,baby bottle teat,baby,2026-09-01,2026-08-31T20:12:19.063401+00:00
woolworths,1122351111,Avent Baby Bottle & Teat Cleansing Brush Blue,Avent,1.0EA,13.07,13.07,13.07,1EA,False,3,baby bottle teat,baby,2026-09-01,2026-08-31T20:12:19.063401+00:00
woolworths,1137594386,Mininor Baby Bottle Teat - 2 Pack 3 months,Mininor,,7.95,7.95,3.98,1EA,False,4,baby bottle teat,baby,2026-09-01,2026-08-31T20:12:19.063401+00:00
woolworths,1137594390,Mininor Baby Bottle Teat - 2 Pack 9 months,Mininor,,7.95,7.95,3.98,1EA,False,5,baby bottle teat,baby,2026-09-01,2026-08-31T20:12:19.063401+00:00
woolworths,309433,Philips Avent Anti Colic Baby Bottle Teats 3 Month+ 2 pack,Philips Avent,2 pack,12,12,6,1EA,False,6,baby bottle teat,baby,2026-09-01,2026-08-31T20:12:19.063401+00:00
woolworths,1123918927,Baby Bottle & Teat Brush 2 in1 26cm x 5.5cm 1pc,1st Steps,,2.99,2.99,2.99,1EA,False,7,baby bottle teat,baby,2026-09-01,2026-08-31T20:12:19.063401+00:00
woolworths,1126538143,2pc Pigeon Softouch BPP Baby Bottle Teat S Anti-Colic Peristaltic Plus 1m+,Pigeon Australia,,28.95,28.95,14.48,1EA,False,8,baby bottle teat,baby,2026-09-01,2026-08-31T20:12:19.063401+00:00
woolworths,1120430307,"Baby Bottle Drying Rack - BPA Free, Grey - Stand for Bottles, Teats, Cups & Accessories",,,36.95,36.95,36.95,1EA,False,9,baby bottle teat,baby,2026-09-01,2026-08-31T20:12:19.063401+00:00
woolworths,1126538267,4PK Pigeon Softouch BPP Baby Bottle Teat SS Anti-Colic Peristaltic Plus 0m+,Pigeon Australia,,48.45,48.45,12.11,1EA,False,10,baby bottle teat,baby,2026-09-01,2026-08-31T20:12:19.063401+00:00
coles,8166492,Tommee Tippee Natural Start Baby Bottle Teats Medium Flow 3months+,Tommee Tippee,2 Pack,9.1,13,4.55,1ea,False,1,baby bottle teat,baby,2026-09-01,2026-08-31T20:12:19.063401+00:00
coles,8166539,Tommee Tippee Natural Start Baby Bottle Teats Fast Flow 6months+,Tommee Tippee,2 Pack,9.1,13,4.55,1ea,False,2,baby bottle teat,baby,2026-09-01,2026-08-31T20:12:19.063401+00:00
coles,4590733,Philips Avent Teat Fast Flow,Philips Avent,2 Pack,11.95,,5.98,1ea,False,3,baby bottle teat,baby,2026-09-01,2026-08-31T20:12:19.063401+00:00
coles,1144061,Tommee Tippee Narrow Neck Medium Flow Teat 3m+,Tommee Tippee,2 Pack,7,10,3.5,1ea,False,4,baby bottle teat,baby,2026-09-01,2026-08-31T20:12:19.063401+00:00
coles,4590697,Avent Medium Flow Teat 3+ Months,Avent,2 Pack,11.95,,5.98,1ea,False,5,baby bottle teat,baby,2026-09-01,2026-08-31T20:12:19.063401+00:00
coles,1144312,Philips Avent Anti Colic Baby Bottles 330ml,Philips Avent,2 Pack,26.95,,13.48,1ea,False,6,baby bottle teat,baby,2026-09-01,2026-08-31T20:12:19.063401+00:00
coles,8161615,Pigeon Flexible Peristaltic Teat,Pigeon,2 Pack,12,,6,1ea,False,7,baby bottle teat,baby,2026-09-01,2026-08-31T20:12:19.063401+00:00
coles,8161660,Pigeon Flexible Peristaltic Teat,Pigeon,2 Pack,12,,6,1ea,False,8,baby bottle teat,baby,2026-09-01,2026-08-31T20:12:19.063401+00:00
coles,8161590,Pigeon Slim Neck Bottle With Flexible Teat 240ml,Pigeon,1 Pack,11.5,,11.5,1ea,False,9,baby bottle teat,baby,2026-09-01,2026-08-31T20:12:19.063401+00:00
coles,8161524,Pigeon Slim Neck Pp Bottle With Flexible Teat 120ml,Pigeon,1 Pack,10.5,,10.5,1ea,False,10,baby bottle teat,baby,2026-09-01,2026-08-31T20:12:19.063401+00:00
coles,4145934,CUB 2 In 1 Bottle & Teat Brush With Silicone Base,CUB,1 each,8,,8,1ea,False,11,baby bottle teat,baby,2026-09-01,2026-08-31T20:12:19.063401+00:00
coles,3752159,CUB Feeding Bottles With Medium Flow Silicone Teats 0+ Months,CUB,3 Pack,8.8,,2.93,1ea,False,12,baby bottle teat,baby,2026-09-01,2026-08-31T20:12:19.063401+00:00
coles,3752239,CUB Standard Neck Silicone Teats 6+ Months,CUB,2 Pack,3.8,,1.9,1ea,False,13,baby bottle teat,baby,2026-09-01,2026-08-31T20:12:19.063401+00:00
woolworths,17194,Little One's Bottle Brush each,Little One's,each,7.75,7.75,7.75,1EA,False,1,bottle brush,baby,2026-09-01,2026-08-31T20:12:21.007842+00:00
woolworths,1122719781,White Magic Eco Basics Bottle Brush 1Pk,White Magic,1EA,7.95,7.95,7.95,1EA,False,2,bottle brush,baby,2026-09-01,2026-08-31T20:12:21.007842+00:00
woolworths,1115015995,Livingstone Bottle Brush with Overall Length: 340mm Bristle: 65 x 65H mm,,1EA,4.89,4.89,,,False,3,bottle brush,baby,2026-09-01,2026-08-31T20:12:21.007842+00:00
woolworths,1124436309,3Pcs Long Handle Bottle Brush Cleaner Cups Scrubber Sponge Cleaning Brush,,1EA,31.74,31.74,,,False,4,bottle brush,baby,2026-09-01,2026-08-31T20:12:21.007842+00:00
woolworths,1114100119,3Pcs Long Handle Bottle Brush Cleaner Cups Scrubber Sponge Cleaning Brush,,1EA,28.95,28.95,,,False,5,bottle brush,baby,2026-09-01,2026-08-31T20:12:21.007842+00:00
woolworths,1115015773,Livingstone Bottle Brush with Overall Length: 480mm Bristle: 90 x 130Hmm,,,5.91,6.57,,,True,6,bottle brush,baby,2026-09-01,2026-08-31T20:12:21.007842+00:00
woolworths,1117701193,"Bottle Brushes for Cleaning Small Pipe Cleaner Brush Small Brush for Cleaning,Reusable Straw Cleaner Brush",Dulge,1EA,19.99,19.99,,,False,7,bottle brush,baby,2026-09-01,2026-08-31T20:12:21.007842+00:00
woolworths,1121510743,"2-in-1 Bottle Cleaning Brush, Assorted Colours",,,9.99,9.99,9.99,1EA,False,8,bottle brush,baby,2026-09-01,2026-08-31T20:12:21.007842+00:00
woolworths,1124447375,Eco Basics Bottle Brush,Eco Basics,,23.95,23.95,,,False,9,bottle brush,baby,2026-09-01,2026-08-31T20:12:21.007842+00:00
woolworths,1118916127,Bamboo Bottle Brush,Clevinger,,21.95,21.95,21.95,1EA,False,10,bottle brush,baby,2026-09-01,2026-08-31T20:12:21.007842+00:00
coles,4145934,CUB 2 In 1 Bottle & Teat Brush With Silicone Base,CUB,1 each,8,,8,1ea,False,1,bottle brush,baby,2026-09-01,2026-08-31T20:12:21.007842+00:00
coles,4205424,B.box Cleaning Brush Set,B.box,1 Pack,10.8,13.5,10.8,1ea,False,2,bottle brush,baby,2026-09-01,2026-08-31T20:12:21.007842+00:00
woolworths,1125509117,Bodytools Baby Nail Clippers 1 Pack,Bodytools,,5.99,5.99,5.99,1EA,False,1,baby nail clippers,baby,2026-09-01,2026-08-31T20:12:22.781133+00:00
woolworths,1129437675,Baby Nail Clippers Infant Easy Grip for Kids - Blue,1st Steps,,11,11,,,False,2,baby nail clippers,baby,2026-09-01,2026-08-31T20:12:22.781133+00:00
woolworths,1125319615,Baby Nail Clippers Infant Easy Grip for Kids - Pink,1st Steps,1EA,11,11,,,False,3,baby nail clippers,baby,2026-09-01,2026-08-31T20:12:22.781133+00:00
woolworths,1119925059,Momeasy Baby Nail Clippers With Magnifier And Rounded Design For Safety BPA Free,,1EA,8.95,8.95,,,False,4,baby nail clippers,baby,2026-09-01,2026-08-31T20:12:22.781133+00:00
woolworths,1126643247,Mininor Baby Nail Clipper Set,Mininor,,14.95,14.95,14.95,1EA,False,5,baby nail clippers,baby,2026-09-01,2026-08-31T20:12:22.781133+00:00
woolworths,1127100015,Basicare Baby Nail Kit Safe Clippers File Infant Nail Care 2 Pack,,,13.95,13.95,13.95,1EA,False,6,baby nail clippers,baby,2026-09-01,2026-08-31T20:12:22.781133+00:00
woolworths,1122750145,Dreambaby Premium Nail Clippers/Cutter Baby Grooming w/ Magnifier 3x5cm White,Dreambaby,1EA,23,23,23,1EA,False,7,baby nail clippers,baby,2026-09-01,2026-08-31T20:12:22.781133+00:00
woolworths,1100422595,Basicare Baby Nail Kit with Safe Clippers and File for Infant Nail Care,Basic Care,,7.95,7.95,7.95,1EA,False,8,baby nail clippers,baby,2026-09-01,2026-08-31T20:12:22.781133+00:00
woolworths,1100988469,Basicare Baby Nail Kit 3 Piece Clipper File Scissors Safe Grooming Set,Basic Care,1EA,11.95,11.95,,,False,9,baby nail clippers,baby,2026-09-01,2026-08-31T20:12:22.781133+00:00
woolworths,1125321837,"Baby Nail Trimmer 21 in 1, Usage Labeled Case & 13 Extra Replacement Tools, Royal Angels Baby Electric Nail File, Baby Nail Care, Nail Clipper Newborn Toddler Toes & Fingernails Nail Kit",Dulge,,41.99,41.99,41.99,1EA,False,10,baby nail clippers,baby,2026-09-01,2026-08-31T20:12:22.781133+00:00
coles,3591934,Coles Nail Clippers,Coles,1 Pack,3.5,,3.5,1ea,False,1,baby nail clippers,baby,2026-09-01,2026-08-31T20:12:22.781133+00:00
coles,3591945,Coles Toe Nail Clipper,Coles,1 Pack,5.5,,5.5,1ea,False,2,baby nail clippers,baby,2026-09-01,2026-08-31T20:12:22.781133+00:00
coles,7420117,Manicare Clipper Deluxe Nail With File,Manicare,1 Pack,6.5,,6.5,1ea,False,3,baby nail clippers,baby,2026-09-01,2026-08-31T20:12:22.781133+00:00
coles,7420172,Manicare Toe Nail Clipper With File,Manicare,1 Pack,6,,6,1ea,False,4,baby nail clippers,baby,2026-09-01,2026-08-31T20:12:22.781133+00:00
woolworths,1118608813,8pc The Peanutshell Cotton Bandana Feeding/Teething Baby Adjustable Bib Set,The Peanutshell,1EA,22,22,,,False,1,baby bibs,baby,2026-09-01,2026-08-31T20:12:24.710428+00:00
woolworths,1118188809,Ellabella - Gerbera Baby Bib,Bon Bon Tresor,1EA,11,11,,,False,2,baby bibs,baby,2026-09-01,2026-08-31T20:12:24.710428+00:00
woolworths,1102847419,Marcus & Marcus Baby Bib - Lucas,Marcus & Marcus,1EA,17.95,17.95,,,False,3,baby bibs,baby,2026-09-01,2026-08-31T20:12:24.710428+00:00
woolworths,1102847399,Marcus & Marcus Baby Bib - Lola,Marcus & Marcus,1EA,17.95,17.95,,,False,4,baby bibs,baby,2026-09-01,2026-08-31T20:12:24.710428+00:00
woolworths,1102847295,Marcus & Marcus Baby Bib - Marcus,Marcus & Marcus,1EA,17.95,17.95,,,False,5,baby bibs,baby,2026-09-01,2026-08-31T20:12:24.710428+00:00
woolworths,378160,Little One's Bright Baby Bibs Assorted 5 pack,Little One's,5 pack,11,11,2.2,1EA,False,6,baby bibs,baby,2026-09-01,2026-08-31T20:12:24.710428+00:00
woolworths,1118188741,b.box Flat Baby Bib Retro Circles,B.Box,1EA,11,11,,,False,7,baby bibs,baby,2026-09-01,2026-08-31T20:12:24.710428+00:00
woolworths,1122773121,Baby Bib Tyoub Stay-dry - Pink Gingham,Tyoub,1EA,20.95,20.95,,,False,8,baby bibs,baby,2026-09-01,2026-08-31T20:12:24.710428+00:00
woolworths,1118188597,Alimrose Designs Sebastian Super Hero Baby Bib,Alimrose,1EA,18.15,18.15,,,False,9,baby bibs,baby,2026-09-01,2026-08-31T20:12:24.710428+00:00
woolworths,1118188737,b.box Flat Baby Bib Mellow Lellow,B.Box,1EA,11,11,,,False,10,baby bibs,baby,2026-09-01,2026-08-31T20:12:24.710428+00:00
coles,6861070,B.box Silicone Feeding Baby Bib,B.box,1 Each,12,15,12,1ea,False,1,baby bibs,baby,2026-09-01,2026-08-31T20:12:24.710428+00:00
coles,8842248,Bonds Stretchies Bib,Bonds Stretchies,2 Pack,7.5,15,,,False,2,baby bibs,baby,2026-09-01,2026-08-31T20:12:24.710428+00:00
coles,8390770,Tiny Twinkle Apron Bib Infant Sand Cinnamon,Tiny Twinkle,2 Pack,35,,17.5,1ea,False,3,baby bibs,baby,2026-09-01,2026-08-31T20:12:24.710428+00:00
coles,8390827,Tiny Twinkle Apron Bib Infant Slate Olive,Tiny Twinkle,2 Pack,35,,17.5,1ea,False,4,baby bibs,baby,2026-09-01,2026-08-31T20:12:24.710428+00:00
coles,8390860,Tiny Twinkle Apron Bib Infant Grey Indigo,Tiny Twinkle,2 Pack,35,,17.5,1ea,False,5,baby bibs,baby,2026-09-01,2026-08-31T20:12:24.710428+00:00
coles,8401344,Tiny Twinkle Apron Bib Infant Rose Burgundy,Tiny Twinkle,2 Pack,35,,17.5,1ea,False,6,baby bibs,baby,2026-09-01,2026-08-31T20:12:24.710428+00:00
coles,8402595,Tiny Twinkle Long Sleeve Bib Toddler Grey Indigo,Tiny Twinkle,2 Pack,35,,17.5,1ea,False,7,baby bibs,baby,2026-09-01,2026-08-31T20:12:24.710428+00:00
coles,8402427,Tiny Twinkle Long Sleeve Bib Toddler Sand Cinnamon,Tiny Twinkle,2 Pack,35,,17.5,1ea,False,8,baby bibs,baby,2026-09-01,2026-08-31T20:12:24.710428+00:00
coles,8402438,Tiny Twinkle Long Sleeve Bib Toddler Slate Olive,Tiny Twinkle,2 Pack,35,,17.5,1ea,False,9,baby bibs,baby,2026-09-01,2026-08-31T20:12:24.710428+00:00
coles,8402405,Tiny Twinkle Long Sleeve Bib Toddler Rose Burgundy,Tiny Twinkle,2 Pack,35,,17.5,1ea,False,10,baby bibs,baby,2026-09-01,2026-08-31T20:12:24.710428+00:00
coles,8402697,Tiny Twinkle Apron Bib Toddler Sand Cinnamon,Tiny Twinkle,2 Pack,37,,18.5,1ea,False,11,baby bibs,baby,2026-09-01,2026-08-31T20:12:24.710428+00:00
coles,8402824,Tiny Twinkle Apron Bib Toddler Slate & Olive,Tiny Twinkle,2 Pack,37,,18.5,1ea,False,12,baby bibs,baby,2026-09-01,2026-08-31T20:12:24.710428+00:00
coles,8403441,Tiny Twinkle Apron Bib Toddler Grey Indigo,Tiny Twinkle,2 Pack,37,,18.5,1ea,False,13,baby bibs,baby,2026-09-01,2026-08-31T20:12:24.710428+00:00
coles,8403656,Tiny Twinkle Apron Bib Toddler Rose & Burgundy,Tiny Twinkle,2 Pack,37,,18.5,1ea,False,14,baby bibs,baby,2026-09-01,2026-08-31T20:12:24.710428+00:00
woolworths,958362,Nyal Paracetamol 500mg Capsules 16 pack,Nyal,16 pack,2.8,2.8,0.18,1EA,False,1,paracetamol 500mg,health,2026-09-01,2026-08-31T20:12:26.680208+00:00
woolworths,6022271,Help@Hand Pain Relief Paracetamol Liquid Capsules 16 pack,Help@Hand,16 pack,3.5,3.5,0.22,1EA,False,2,paracetamol 500mg,health,2026-09-01,2026-08-31T20:12:26.680208+00:00
woolworths,958191,Nyal Paracetamol 500mg Tablets 16 pack,Nyal,16 pack,3,3,0.19,1EA,False,3,paracetamol 500mg,health,2026-09-01,2026-08-31T20:12:26.680208+00:00
woolworths,431970,Woolworths Essentials Paracetamol 500mg Tablets 16 pack,Woolworths Essentials,16 pack,0.75,0.75,0.05,1EA,False,4,paracetamol 500mg,health,2026-09-01,2026-08-31T20:12:26.680208+00:00
woolworths,956214,Nyal Paracetamol 500mg Liquid Caps 16 pack,Nyal,16 pack,4.5,4.5,0.28,1EA,False,5,paracetamol 500mg,health,2026-09-01,2026-08-31T20:12:26.680208+00:00
woolworths,916715,Panadol Cold & Flu Plus Decongestant Paracetamol 500mg 16 pack,Panadol,16 pack,10.3,12,64.38,100EA,False,6,paracetamol 500mg,health,2026-09-01,2026-08-31T20:12:26.680208+00:00
woolworths,433260,Help@Hand For Pain Relief Paracetamol 500mg Capsules 16 pack,Help@Hand,16 pack,1,1,0.06,1EA,False,7,paracetamol 500mg,health,2026-09-01,2026-08-31T20:12:26.680208+00:00
woolworths,916772,Panadol Rapid For Fast Pain Relief With Paracetamol 500mg 16 pack,Panadol,16 pack,6,6,0.38,1EA,False,8,paracetamol 500mg,health,2026-09-01,2026-08-31T20:12:26.680208+00:00
woolworths,433235,Help@Hand For Pain Relief Paracetamol 500mg Rapid Release Tablets 16 pack,Help@Hand,16 pack,2,2,0.13,1EA,False,9,paracetamol 500mg,health,2026-09-01,2026-08-31T20:12:26.680208+00:00
coles,8799116,Nyal Paracetamol Tablets,Nyal,16 Pack,3,,0.19,1ea,False,1,paracetamol 500mg,health,2026-09-01,2026-08-31T20:12:26.680208+00:00
coles,7063778,Coles Paracetamol Capsules,Coles,16 Pack,1,,0.06,1ea,False,2,paracetamol 500mg,health,2026-09-01,2026-08-31T20:12:26.680208+00:00
coles,7063745,Coles Paracetamol Caplets,Coles,16 Pack,0.75,,0.05,1ea,False,3,paracetamol 500mg,health,2026-09-01,2026-08-31T20:12:26.680208+00:00
coles,8798951,Panadol Optizorb Paracetamol Pain Relief Caplets,Panadol,16 Pack,4.5,,0.28,1ea,False,4,paracetamol 500mg,health,2026-09-01,2026-08-31T20:12:26.680208+00:00
coles,8799003,Panadol Liquid Paracetamol Pain Relief Capsules,Panadol,16 Pack,5.4,6,0.34,1ea,False,5,paracetamol 500mg,health,2026-09-01,2026-08-31T20:12:26.680208+00:00
coles,8799080,Nyal Paracetamol Liquid Capsules,Nyal,16 Pack,4.5,,0.28,1ea,False,6,paracetamol 500mg,health,2026-09-01,2026-08-31T20:12:26.680208+00:00
coles,8799025,Panadol Paracetamol Pain Relief Tablets,Panadol,16 Pack,4,,0.25,1ea,False,7,paracetamol 500mg,health,2026-09-01,2026-08-31T20:12:26.680208+00:00
coles,6420268,Coles Paracetamol 500mg Liquid Capsules,Coles,16 Pack,3.5,,0.22,1ea,False,8,paracetamol 500mg,health,2026-09-01,2026-08-31T20:12:26.680208+00:00
coles,7063789,Coles Paracetamol Rapid Caplets 500mg,Coles,16 Pack,2,,0.13,1ea,False,9,paracetamol 500mg,health,2026-09-01,2026-08-31T20:12:26.680208+00:00
coles,8798918,Panadol Rapid Paracetamol Pain Relief Caplets,Panadol,16 Pack,6,,0.38,1ea,False,10,paracetamol 500mg,health,2026-09-01,2026-08-31T20:12:26.680208+00:00
coles,8798995,Panadol Extra Paracetamol Pain Relief Caplets,Panadol,16 Pack,7,,0.44,1ea,False,11,paracetamol 500mg,health,2026-09-01,2026-08-31T20:12:26.680208+00:00
coles,8798882,Panadol Rapid Paracetamol Pain Relief Soluble,Panadol,16 Pack,6,,0.38,1ea,False,12,paracetamol 500mg,health,2026-09-01,2026-08-31T20:12:26.680208+00:00
coles,8798962,Panadol Paracetamol Pain Relief Mini Capsules,Panadol,16 Pack,5,,0.31,1ea,False,13,paracetamol 500mg,health,2026-09-01,2026-08-31T20:12:26.680208+00:00
coles,4198872,Panadol Children's Chewable +7 Years Paracetamol,Panadol,12 Pack,6,6.75,0.5,1ea,False,14,paracetamol 500mg,health,2026-09-01,2026-08-31T20:12:26.680208+00:00
coles,7063814,Coles Pain Relief Extra With Caffeine,Coles,16 Pack,3.5,,0.22,1ea,False,15,paracetamol 500mg,health,2026-09-01,2026-08-31T20:12:26.680208+00:00
coles,6419815,Lemsip Max Decongestant Cold And Flu Lemon Hot Drink With Paracetamol,Lemsip,10 Pack,18.5,,1.85,1ea,False,16,paracetamol 500mg,health,2026-09-01,2026-08-31T20:12:26.680208+00:00
coles,8918204,Lemsip Max Cold & Flu Max Lemon Hot Drink With Paracetamol,Lemsip,10 Pack,17,,1.7,1ea,False,17,paracetamol 500mg,health,2026-09-01,2026-08-31T20:12:26.680208+00:00
woolworths,1116375009,Geelong Cats Mascot Adhesive Bandages,Geelong Cats,,10.95,10.95,,,False,1,adhesive bandages,health,2026-09-01,2026-08-31T20:12:28.687535+00:00
woolworths,1116374875,Adelaide Crows Mascot Adhesive Bandages,Adelaide Crows,,10.95,10.95,,,False,2,adhesive bandages,health,2026-09-01,2026-08-31T20:12:28.687535+00:00
woolworths,1116375013,Fremantle Dockers Mascot Adhesive Bandages,Fremantle Dockers,,10.95,10.95,,,False,3,adhesive bandages,health,2026-09-01,2026-08-31T20:12:28.687535+00:00
woolworths,1116374879,Western Bulldogs Mascot Adhesive Bandages,Western Bulldogs,,10.95,10.95,,,False,4,adhesive bandages,health,2026-09-01,2026-08-31T20:12:28.687535+00:00
woolworths,1116375015,Collingwood Magpies Logo Adhesive Bandages,Collingwood Magpies,,10.95,10.95,,,False,5,adhesive bandages,health,2026-09-01,2026-08-31T20:12:28.687535+00:00
woolworths,1116374895,Carlton Blues Mascot Adhesive Bandages,Carlton Blues,1EA,10.95,10.95,,,False,6,adhesive bandages,health,2026-09-01,2026-08-31T20:12:28.687535+00:00
woolworths,1116375011,Essendon Bombers Mascot Adhesive Bandages,Essendon Bombers,,10.95,10.95,,,False,7,adhesive bandages,health,2026-09-01,2026-08-31T20:12:28.687535+00:00
woolworths,1116375017,West Coast Eagles Mascot Adhesive Bandages,West Coast Eagles,,10.95,10.95,,,False,8,adhesive bandages,health,2026-09-01,2026-08-31T20:12:28.687535+00:00
woolworths,1116374903,Richmond Tigers Mascot Adhesive Bandages,Richmond Tigers,,10.95,10.95,,,False,9,adhesive bandages,health,2026-09-01,2026-08-31T20:12:28.687535+00:00
woolworths,1116374945,Port Adelaide Power Mascot Adhesive Bandages,Port Adelaide Power,1EA,10.95,10.95,,,False,10,adhesive bandages,health,2026-09-01,2026-08-31T20:12:28.687535+00:00
coles,1388500,Spidey & Friends Bandages,Spidey & Friends,24 Pack,3.5,,0.15,1ea,False,1,adhesive bandages,health,2026-09-01,2026-08-31T20:12:28.687535+00:00
coles,1388496,Barbie & Friends Bandages,Barbie & Friends,24 Pack,3.5,,0.15,1ea,False,2,adhesive bandages,health,2026-09-01,2026-08-31T20:12:28.687535+00:00
coles,2865116,Band-Aid Fabric Strips,Band-Aid,50 Pack,5,,0.1,1ea,False,3,adhesive bandages,health,2026-09-01,2026-08-31T20:12:28.687535+00:00
coles,4503998,Band-Aid Tough Strips,Band-Aid,20 Pack,3.5,,0.18,1ea,False,4,adhesive bandages,health,2026-09-01,2026-08-31T20:12:28.687535+00:00
coles,4497057,Band Aid XL Fabric Tough Strips,Band Aid,10 Pack,3.8,,0.38,1ea,False,5,adhesive bandages,health,2026-09-01,2026-08-31T20:12:28.687535+00:00
woolworths,1122348707,Airssential LifeTemp Rapid 10 Second Digital Thermometer,airssential,1.0EA,12.55,12.55,12.55,1EA,False,1,digital thermometer,health,2026-09-01,2026-08-31T20:12:30.658396+00:00
woolworths,1120420915,Avanti Infrared Digital Thermometer,Avanti,1EA,89.99,89.99,,,False,2,digital thermometer,health,2026-09-01,2026-08-31T20:12:30.658396+00:00
woolworths,1111988107,Fluval Digital Thermometer,Fluval,1EA,31.95,31.95,,,False,3,digital thermometer,health,2026-09-01,2026-08-31T20:12:30.658396+00:00
woolworths,1115032363,Rhinowares Digital Thermometer,Rhinowares,1EA,44.9,44.9,,,False,4,digital thermometer,health,2026-09-01,2026-08-31T20:12:30.658396+00:00
woolworths,1122503207,Welcare Digital Thermometer Standard,Welcare,1EA,9.92,9.92,9.92,1EA,False,5,digital thermometer,health,2026-09-01,2026-08-31T20:12:30.658396+00:00
woolworths,1129578955,Baccarat Compact Digital Thermometer,Baccarat,,79.99,79.99,,,False,6,digital thermometer,health,2026-09-01,2026-08-31T20:12:30.658396+00:00
woolworths,1129578953,Baccarat Precision Pro Digital Thermometer,Baccarat,,34.99,34.99,,,False,7,digital thermometer,health,2026-09-01,2026-08-31T20:12:30.658396+00:00
woolworths,1122505555,Welcare Digital Thermometer Deluxe,Welcare,1.0EA,12.59,12.59,12.59,1EA,False,8,digital thermometer,health,2026-09-01,2026-08-31T20:12:30.658396+00:00
woolworths,1099696475,Aqua One Digital Thermometer 10307,Aqua One,1EA,4.95,4.95,,,False,9,digital thermometer,health,2026-09-01,2026-08-31T20:12:30.658396+00:00
woolworths,1122169351,Surgipack Digital Thermometer Flexitip,Surgipack,1EA,12.95,12.95,12.95,1EA,False,10,digital thermometer,health,2026-09-01,2026-08-31T20:12:30.658396+00:00
coles,3505772,Fisher-Price Digital Thermometer,Fisher-Price,1 each,9,,9,1ea,False,1,digital thermometer,health,2026-09-01,2026-08-31T20:12:30.658396+00:00
coles,1618020,Wiltshire Mini Digital Thermometer,Wiltshire,1 Each,19,,,,False,2,digital thermometer,health,2026-09-01,2026-08-31T20:12:30.658396+00:00
coles,3670994,Grillman BBQ Digital Flip Tip Thermometer,Grillman,1 each,15,,,,False,3,digital thermometer,health,2026-09-01,2026-08-31T20:12:30.658396+00:00
woolworths,6004805,All Smiles Denture Cleaning Tablets 30 pack,All Smiles,30 pack,2.2,2.2,0.07,1EA,False,1,denture cleaning tablets,health,2026-09-01,2026-08-31T20:12:32.575823+00:00
woolworths,173340,Steradent Denture Cleaning Tablets Extra Strength Intensive Whitening 30 pack,Steradent,30 pack,6,6,0.2,1EA,False,2,denture cleaning tablets,health,2026-09-01,2026-08-31T20:12:32.575823+00:00
woolworths,32512,Steradent Denture Cleansing Tablets Active Plus 48 pack,Steradent,48 pack,7.2,9,0.15,1EA,True,3,denture cleaning tablets,health,2026-09-01,2026-08-31T20:12:32.575823+00:00
woolworths,1117412065,Fittydent Super Denture Cleaning 32 Tablets,Fittydent,,9.99,9.99,0.31,1EA,False,4,denture cleaning tablets,health,2026-09-01,2026-08-31T20:12:32.575823+00:00
woolworths,83545,Polident 3 Minute Daily Cleanser For Dentures & Partials 66 pack,Polident,66 pack,10.9,10.9,0.17,1EA,False,5,denture cleaning tablets,health,2026-09-01,2026-08-31T20:12:32.575823+00:00
woolworths,201002,Polident 3 Minute Daily Cleanser For Dentures & Partials 36 pack,Polident,36 pack,6.6,6.6,0.18,1EA,False,6,denture cleaning tablets,health,2026-09-01,2026-08-31T20:12:32.575823+00:00
woolworths,143873,Polident Whitening Denture Cleaner For Dentures & Partials 66 pack,Polident,66 pack,10.9,10.9,0.17,1EA,False,7,denture cleaning tablets,health,2026-09-01,2026-08-31T20:12:32.575823+00:00
woolworths,6024808,Morning Fresh Advanced Clean Dishwasher Tablets Lemon 54 pack,Morning Fresh,54 pack,20,40,0.37,1EA,True,8,denture cleaning tablets,health,2026-09-01,2026-08-31T20:12:32.575823+00:00
woolworths,6076801,Fairy Ultra All In One Dishwasher Tablets 53 pack,Fairy,53 pack,19.5,25,0.37,1EA,True,9,denture cleaning tablets,health,2026-09-01,2026-08-31T20:12:32.575823+00:00
coles,3681640,Polident 3 Minute Daily Cleanser For Dentures And Partials,Polident,66 Pack,10.9,,0.17,1ea,False,1,denture cleaning tablets,health,2026-09-01,2026-08-31T20:12:32.575823+00:00
coles,9533067,Polident 3 Minute Daily Cleanser For Dentures And Partials,Polident,36 Pack,6.6,,0.18,1ea,False,2,denture cleaning tablets,health,2026-09-01,2026-08-31T20:12:32.575823+00:00
coles,1609675,Piksters Denture Tablets,Piksters,48 Pack,4,6,0.08,1ea,False,3,denture cleaning tablets,health,2026-09-01,2026-08-31T20:12:32.575823+00:00
coles,8779185,Coles Denture Tablets,Coles,48 Pack,3.5,,0.07,1ea,False,4,denture cleaning tablets,health,2026-09-01,2026-08-31T20:12:32.575823+00:00
coles,8644619,Optix Titanium Pro Dishwashing Tablets,Optix Titanium Pro,80 Pack,19,,0.24,1ea,False,5,denture cleaning tablets,health,2026-09-01,2026-08-31T20:12:32.575823+00:00
coles,8644572,Optix Titanium Pro Dishwashing Tablets,Optix Titanium Pro,45 Pack,11.5,,0.26,1ea,False,6,denture cleaning tablets,health,2026-09-01,2026-08-31T20:12:32.575823+00:00
coles,3514682,Finish Dishwasher Cleaner Tablets,Finish,3 Pack,6.5,13,2.17,1ea,False,7,denture cleaning tablets,health,2026-09-01,2026-08-31T20:12:32.575823+00:00
coles,5919335,Polident Tablets Retainer & Mouthguard,Polident,36 Pack,6.6,,0.18,1ea,True,8,denture cleaning tablets,health,2026-09-01,2026-08-31T20:12:32.575823+00:00
coles,395973,Milton Antibacterial Sterilizer Tablets,Milton,30 Pack,11,,0.37,1ea,False,9,denture cleaning tablets,health,2026-09-01,2026-08-31T20:12:32.575823+00:00
coles,6132183,Finish Ultimate Plus Dishwashing Tablets Lemon,Finish,56 Pack,68,,1.21,1ea,False,10,denture cleaning tablets,health,2026-09-01,2026-08-31T20:12:32.575823+00:00
coles,1704461,Oral B Pro Health Glide Deep Clean Dental Floss,Oral B,40m,6,,0.15,1m,False,11,denture cleaning tablets,health,2026-09-01,2026-08-31T20:12:32.575823+00:00
coles,3967337,Fairy Platinum Dishwashing Tablets,Fairy,52 Pack,23,46,0.44,1ea,False,12,denture cleaning tablets,health,2026-09-01,2026-08-31T20:12:32.575823+00:00
coles,1062160,Finish Power Dishwashing Tablets Lemon,Finish,80 Pack,25,,0.31,1ea,False,13,denture cleaning tablets,health,2026-09-01,2026-08-31T20:12:32.575823+00:00
coles,1056419,Fairy Platinum Dishwashing Tablets,Fairy,105 Pack,38,76,0.36,1ea,False,14,denture cleaning tablets,health,2026-09-01,2026-08-31T20:12:32.575823+00:00
coles,1634173,Finish Ultimate Plus Dishwashing Tablets Lemon,Finish,14 Pack,20,,1.43,1ea,False,15,denture cleaning tablets,health,2026-09-01,2026-08-31T20:12:32.575823+00:00
woolworths,1114441691,6 Pairs Mens Ladies Wayfarer Frame Magnifying Reading Glasses Nerd Spectac 1.5,,1EA,22.96,22.96,,,False,1,reading glasses,health,2026-09-01,2026-08-31T20:12:34.612343+00:00
woolworths,1125139361,Reading Glasses with Case Ladies,Ubl,,16.99,16.99,,,False,2,reading glasses,health,2026-09-01,2026-08-31T20:12:34.612343+00:00
woolworths,1126702863,Insight Fashion Readers Reading Glasses,,,26.51,26.51,,,False,3,reading glasses,health,2026-09-01,2026-08-31T20:12:34.612343+00:00
woolworths,1126699573,Insight Mens Readers Reading Glasses,,,26.22,26.22,,,False,4,reading glasses,health,2026-09-01,2026-08-31T20:12:34.612343+00:00
woolworths,1127405593,Insight Mens Reading Glasses Assorted,,,30,30,,,False,5,reading glasses,health,2026-09-01,2026-08-31T20:12:34.612343+00:00
woolworths,1124270265,Reading Glasses 3.0 Strength 3 Pack,,,16.25,16.25,,,False,6,reading glasses,health,2026-09-01,2026-08-31T20:12:34.612343+00:00
woolworths,1126816825,GC Mens Reading Glasses +3.00,GC,,22.9,22.9,,,False,7,reading glasses,health,2026-09-01,2026-08-31T20:12:34.612343+00:00
woolworths,1128504993,Deal365 Reading Glasses PARENT,,,14.75,14.75,,,False,8,reading glasses,health,2026-09-01,2026-08-31T20:12:34.612343+00:00
woolworths,1115806361,Read Ezi London +1.00 Reading Glasses,Read Ezi,1EA,12,12,,,False,9,reading glasses,health,2026-09-01,2026-08-31T20:12:34.612343+00:00
woolworths,1115806457,Read Ezi London +1.50 Reading Glasses,Read Ezi,1EA,12,12,,,False,10,reading glasses,health,2026-09-01,2026-08-31T20:12:34.612343+00:00
coles,7717615,Cook & Dine Double Walled Coffee Glasses,Cook & Dine,2 Pack,10,,5,1ea,False,1,reading glasses,health,2026-09-01,2026-08-31T20:12:34.612343+00:00
woolworths,1122403745,Narium Saline Nasal Spray 100ml,narium,100ML,17.8,17.8,17.8,100ML,False,1,saline nasal spray,health,2026-09-01,2026-08-31T20:12:36.544945+00:00
woolworths,1122349451,Fess Original Saline Nasal Spray 75ml,Fess,75ML,16.61,16.61,22.15,100ML,False,2,saline nasal spray,health,2026-09-01,2026-08-31T20:12:36.544945+00:00
woolworths,1122349313,Fess Eucalyptus Saline Nasal Spray 30ml,Fess,30ML,14.28,14.28,47.6,100ML,False,3,saline nasal spray,health,2026-09-01,2026-08-31T20:12:36.544945+00:00
woolworths,1122270679,NeilMed PediaMist Saline Nasal Spray 75ml,Neilmed,75ML,7.3,7.3,9.73,100ML,False,4,saline nasal spray,health,2026-09-01,2026-08-31T20:12:36.544945+00:00
woolworths,1122348827,Fess Original Saline Nasal Spray 30ml,Fess,60G,12.02,12.02,20.03,100G,False,5,saline nasal spray,health,2026-09-01,2026-08-31T20:12:36.544945+00:00
woolworths,141755,Fess Saline Nasal Spray 75mL,Fess,75mL,15.8,17.95,21.07,100ML,False,6,saline nasal spray,health,2026-09-01,2026-08-31T20:12:36.544945+00:00
woolworths,1122405297,NeilMed NasaMist Isotonic Saline Nasal Spray 75ml,Neilmed,75ML,7.3,7.3,9.73,100ML,False,7,saline nasal spray,health,2026-09-01,2026-08-31T20:12:36.544945+00:00
woolworths,782738,Fess Saline Nasal Spray 30mL,Fess,30mL,12.25,12.25,40.83,100ML,False,8,saline nasal spray,health,2026-09-01,2026-08-31T20:12:36.544945+00:00
woolworths,1122351185,Fess Original Saline Nasal Spray 2 x 75ml,Fess,150ML,19.9,19.9,13.27,100ML,False,9,saline nasal spray,health,2026-09-01,2026-08-31T20:12:36.544945+00:00
woolworths,314374,Flo Saline Plus Nasal Spray 30mL,Flo,30mL,11,13,36.67,100ML,True,10,saline nasal spray,health,2026-09-01,2026-08-31T20:12:36.544945+00:00
coles,7105459,Fess Little Noses Spray,Fess,15mL,12.85,,85.67,100ml,False,1,saline nasal spray,health,2026-09-01,2026-08-31T20:12:36.544945+00:00
coles,7749451,Fess Original Nasal Saline Spray,Fess,30mL,12.25,,40.83,100ml,False,2,saline nasal spray,health,2026-09-01,2026-08-31T20:12:36.544945+00:00
coles,9563396,Fess Nasal Saline Spray Eucalyptus,Fess,30mL,14.7,,49,100ml,False,3,saline nasal spray,health,2026-09-01,2026-08-31T20:12:36.544945+00:00
coles,7749280,Flo Saline Plus Nasal Spray,Flo,30mL,13,,43.33,100ml,False,4,saline nasal spray,health,2026-09-01,2026-08-31T20:12:36.544945+00:00
woolworths,6013730,Blistex Intensive Repair Lip Balm 4.25g,Blistex,4.25g,3.25,6.5,7.65,10G,True,1,lip balm,health,2026-09-01,2026-08-31T20:12:38.372672+00:00
woolworths,35629,Chapstick SPF 15+ Conditioner Lip Balm With Sunscreen 4.2g,Chapstick,4.2g,4.5,4.5,10.71,10G,False,2,lip balm,health,2026-09-01,2026-08-31T20:12:38.372672+00:00
woolworths,108822,Dermal Therapy Lip Balm 10g,Dermal Therapy,10g,7,7,7,10G,False,3,lip balm,health,2026-09-01,2026-08-31T20:12:38.372672+00:00
woolworths,38698,Chapstick Strawberry Lip Balm With SPF 15+ Sunscreen 4.2g,Chapstick,4.2g,4.5,4.5,10.71,10G,False,4,lip balm,health,2026-09-01,2026-08-31T20:12:38.372672+00:00
woolworths,6010949,Blistex Intensive Repair Lip Balm 7g,Blistex,7g,3.25,6.5,46.43,100G,True,5,lip balm,health,2026-09-01,2026-08-31T20:12:38.372672+00:00
woolworths,6015554,Vaseline Lip Therapy Pink Bubbly Balm 7g,Vaseline,7g,2.5,5,3.57,10G,True,6,lip balm,health,2026-09-01,2026-08-31T20:12:38.372672+00:00
woolworths,218593,Vaseline Lip Therapy Rosy Lips 4.8g,Vaseline,4.8g,2.25,4.5,4.69,10G,True,7,lip balm,health,2026-09-01,2026-08-31T20:12:38.372672+00:00
woolworths,687232,Nivea 24h Moisture Lip Balm Black Berry Shine 4.8g,Nivea,4.8g,3,5,6.25,10G,True,8,lip balm,health,2026-09-01,2026-08-31T20:12:38.372672+00:00
woolworths,205926,Nivea 24h Moisture Lip Balm Strawberry Shine 4.8g,Nivea,4.8g,3,5,6.25,10G,True,9,lip balm,health,2026-09-01,2026-08-31T20:12:38.372672+00:00
woolworths,218595,Vaseline Lip Therapy Original 4.8g,Vaseline,4.8g,2.25,4.5,4.69,10G,True,10,lip balm,health,2026-09-01,2026-08-31T20:12:38.372672+00:00
coles,9479890,Nivea Lip Care Original,Nivea,4.8g,5,,104.17,100g,False,1,lip balm,health,2026-09-01,2026-08-31T20:12:38.372672+00:00
coles,6693996,Nivea Lip Balm Hydro Care SPF 15,Nivea,4.8g,5,,104.17,100g,False,2,lip balm,health,2026-09-01,2026-08-31T20:12:38.372672+00:00
coles,8903386,Blistex Ultra Lip Balm SPF 50+,Blistex,4.25g,6.5,,152.94,100g,False,3,lip balm,health,2026-09-01,2026-08-31T20:12:38.372672+00:00
coles,3273407,Burt's Bees Vanilla Lip Balm,Burt's Bees,4.25g,7,,164.71,100g,False,4,lip balm,health,2026-09-01,2026-08-31T20:12:38.372672+00:00
coles,4322494,Nivea Lip Balm Watermelon Shine,Nivea,4.8g,5,,104.17,100g,False,5,lip balm,health,2026-09-01,2026-08-31T20:12:38.372672+00:00
coles,9479937,Nivea Lip Balm Repair & Protect SPF 15,Nivea,4.8g,5,,104.17,100g,False,6,lip balm,health,2026-09-01,2026-08-31T20:12:38.372672+00:00
coles,8901904,Blistex Lip Conditioner,Blistex,7g,6.5,,92.86,100g,False,7,lip balm,health,2026-09-01,2026-08-31T20:12:38.372672+00:00
coles,3833851,Burt's Bees Watermelon Lip Balm,Burt's Bees,4.25g,7,,164.71,100g,False,8,lip balm,health,2026-09-01,2026-08-31T20:12:38.372672+00:00
coles,3271445,Burt's Bees Beeswax Lip Balm,Burt's Bees,4.25g,7,,164.71,100g,False,9,lip balm,health,2026-09-01,2026-08-31T20:12:38.372672+00:00
coles,1441511,Rimmel Omg Lip Butter Bubble Gum,Rimmel,15mL,13,26,8.67,10ml,False,10,lip balm,health,2026-09-01,2026-08-31T20:12:38.372672+00:00
coles,3240984,Dermal Therapy Lip Balm Original,Dermal Therapy,10g,7,,70,100g,False,11,lip balm,health,2026-09-01,2026-08-31T20:12:38.372672+00:00
coles,4510348,Blistex Lip Balm Conditioning,Blistex,4.25g,6.5,,152.94,100g,False,12,lip balm,health,2026-09-01,2026-08-31T20:12:38.372672+00:00
coles,1957490,Nivea Lip Balm Strawberry Shine,Nivea,4.8g,5,,104.17,100g,False,13,lip balm,health,2026-09-01,2026-08-31T20:12:38.372672+00:00
coles,1420395,Nivea Lip Balm Glowy Lips,Nivea,10mL,8,,80,100ml,False,14,lip balm,health,2026-09-01,2026-08-31T20:12:38.372672+00:00
coles,8177160,Carmex Original Lip Balm Jar,Carmex,7.5g,4.8,6,64,100g,False,15,lip balm,health,2026-09-01,2026-08-31T20:12:38.372672+00:00
coles,7043318,Dermal Therapy Lip Balm Berry,Dermal Therapy,10g,7,,70,100g,False,16,lip balm,health,2026-09-01,2026-08-31T20:12:38.372672+00:00
coles,1700835,Maybelline Baby Lips Berry Crush Lip Balm,Maybelline,4g,4,,10,10g,False,17,lip balm,health,2026-09-01,2026-08-31T20:12:38.372672+00:00
coles,7043340,Dermal Therapy Lip Balm SPF 50+,Dermal Therapy,10g,7.5,,75,100g,False,18,lip balm,health,2026-09-01,2026-08-31T20:12:38.372672+00:00
coles,8177331,Carmex Original Lip Balm Squeeze Tube,Carmex,10g,6,,60,100g,False,19,lip balm,health,2026-09-01,2026-08-31T20:12:38.372672+00:00
coles,1853031,Dermal Therapy Tinted Lip Balm Mocha,Dermal Therapy,8g,10,,125,100g,False,20,lip balm,health,2026-09-01,2026-08-31T20:12:38.372672+00:00
coles,1500031,Dermal Therapy Manuka Honey Lip Balm,Dermal Therapy,10g,8,,80,100g,False,21,lip balm,health,2026-09-01,2026-08-31T20:12:38.372672+00:00
coles,7043271,Carmex Lip Balm Minis SPF 15,Carmex,15g,9,,60,100g,False,22,lip balm,health,2026-09-01,2026-08-31T20:12:38.372672+00:00
coles,1420409,Nivea Lip Balm Glowy Lips Berry SPF 30,Nivea,10g,8,,80,100g,False,23,lip balm,health,2026-09-01,2026-08-31T20:12:38.372672+00:00
coles,4378819,Bondi Sands SPF 50+ Lip Balm Coconut,Bondi Sands,10g,7,,70,100g,False,24,lip balm,health,2026-09-01,2026-08-31T20:12:38.372672+00:00
coles,4378841,Bondi Sands SPF 50+ Lip Balm Watermelon,Bondi Sands,10g,7,,70,100g,False,25,lip balm,health,2026-09-01,2026-08-31T20:12:38.372672+00:00
coles,1420169,Dermal Therapy Tinted Lip Balm Peach Nude,Dermal Therapy,8g,10,,125,100g,False,26,lip balm,health,2026-09-01,2026-08-31T20:12:38.372672+00:00
coles,7220333,Blistex Lip Balm Spf15 Intensive Repair,Blistex,7g,6.5,,92.86,100g,False,27,lip balm,health,2026-09-01,2026-08-31T20:12:38.372672+00:00
coles,1339049,Maybelline Lifter Glaze Lip Balm Pink Drip,Maybelline,2.8g,20,,71.43,10g,False,28,lip balm,health,2026-09-01,2026-08-31T20:12:38.372672+00:00
coles,1415453,E.l.f. Glow Reviver Melting Lip Balm Strawberry Shortcake,E.l.f.,15g,20,,13.33,10g,False,29,lip balm,health,2026-09-01,2026-08-31T20:12:38.372672+00:00
coles,1339050,Maybelline New York Lifter Glaze Lip Balm Cherry Swirl,Maybelline,2.8g,20,,71.43,10g,False,30,lip balm,health,2026-09-01,2026-08-31T20:12:38.372672+00:00
coles,8139220,Nivea Lip Balm Ultra Care Sun Protect SPF 50+,Nivea,4.8g,5,,104.17,100g,False,31,lip balm,health,2026-09-01,2026-08-31T20:12:38.372672+00:00
coles,3022790,Revlon Kiss Tropical Coconut Balm,Revlon,2.6g,7,10,26.92,10g,False,32,lip balm,health,2026-09-01,2026-08-31T20:12:38.372672+00:00
coles,3022826,Revlon Kiss Sweet Cherry Balm,Revlon,2.6g,7,10,26.92,10g,False,33,lip balm,health,2026-09-01,2026-08-31T20:12:38.372672+00:00
coles,3022815,Revlon Kiss Fresh Strawberry Balm,Revlon,2.6g,7,10,26.92,10g,False,34,lip balm,health,2026-09-01,2026-08-31T20:12:38.372672+00:00
coles,6105329,Palmer's Cocoa Butter Lip Balm Stick,Palmer's,4g,5.5,,137.5,100g,False,35,lip balm,health,2026-09-01,2026-08-31T20:12:38.372672+00:00
woolworths,135616,MCoBeauty Perfect Tweezers 4 pack,MCoBeauty,4 pack,7.5,15,1.88,1EA,True,1,tweezers,health,2026-09-01,2026-08-31T20:12:40.151290+00:00
woolworths,566749,Manicare Precision Tweezers Pink each,Manicare,each,11.5,13.5,11.5,1EA,False,2,tweezers,health,2026-09-01,2026-08-31T20:12:40.151290+00:00
woolworths,566745,Manicare Slant Tweezer Gold Tipped each,Manicare,each,10,10,10,1EA,False,3,tweezers,health,2026-09-01,2026-08-31T20:12:40.151290+00:00
woolworths,1125987615,Bodytools Eybrow Scissor Tweezers 1 Pack,Bodytools,1EA,8.99,8.99,,,False,4,tweezers,health,2026-09-01,2026-08-31T20:12:40.151290+00:00
woolworths,1125557721,Bodytools Slimline Tweezers Extra Fine Tips 1 Pack,Bodytools,1EA,10.99,10.99,,,False,5,tweezers,health,2026-09-01,2026-08-31T20:12:40.151290+00:00
woolworths,1129686407,Manicare Eyebrow Tweezer Scissor Style Ergonomic Stainless Steel Tweezers,Manicare,,6.99,6.99,,,False,6,tweezers,health,2026-09-01,2026-08-31T20:12:40.151290+00:00
woolworths,1123872949,Beauty Theory Precision Slant Tip Tweezers,,,3.29,3.29,,,False,7,tweezers,health,2026-09-01,2026-08-31T20:12:40.151290+00:00
woolworths,1129617263,SMD TEST TWEEZERS,,,99,99,,,False,8,tweezers,health,2026-09-01,2026-08-31T20:12:40.151290+00:00
woolworths,1127710073,Nippes Assorted Tweezers,,,34.57,34.57,,,False,9,tweezers,health,2026-09-01,2026-08-31T20:12:40.151290+00:00
woolworths,1123872913,Beauty Theory Pointed Tweezers,,,3.29,3.29,,,False,10,tweezers,health,2026-09-01,2026-08-31T20:12:40.151290+00:00
coles,3593521,Coles Tweezer Slant Tip,Coles,1 Pack,4.4,,4.4,1ea,False,1,tweezers,health,2026-09-01,2026-08-31T20:12:40.151290+00:00
coles,1758187,Manicare Face Precision Tweezer Pink,Manicare,1 each,13.5,,13.5,1ea,False,2,tweezers,health,2026-09-01,2026-08-31T20:12:40.151290+00:00
coles,3593532,Coles Tweezer Square Tip,Coles,1 Pack,4.4,,4.4,1ea,False,3,tweezers,health,2026-09-01,2026-08-31T20:12:40.151290+00:00
coles,2371739,Manicare Gold Tip Slant Tweezer,Manicare,1 Pack,10,,10,1ea,False,4,tweezers,health,2026-09-01,2026-08-31T20:12:40.151290+00:00
coles,2371660,Manicare Gold Tip Flat Tweezer,Manicare,1 Pack,10,,10,1ea,False,5,tweezers,health,2026-09-01,2026-08-31T20:12:40.151290+00:00
woolworths,201220,Smitten Clay Clumping Cat Litter 4.5kg,Smitten,4.5kg,3.6,3.6,0.8,1KG,False,1,cat litter,pet,2026-09-01,2026-08-31T20:12:41.992569+00:00
woolworths,109102,Smitten Lightweight Clay Cat Litter 15L,Smitten,15L,10.5,10.5,0.7,1L,False,2,cat litter,pet,2026-09-01,2026-08-31T20:12:41.992569+00:00
woolworths,481187,Smitten Crystal Cat Litter 2kg,Smitten,2kg,9.75,9.75,4.88,1KG,False,3,cat litter,pet,2026-09-01,2026-08-31T20:12:41.992569+00:00
woolworths,183885,Breeders Choice Paper Cat Litter 24l,Breeders Choice,24L,24.5,24.5,1.02,1L,False,4,cat litter,pet,2026-09-01,2026-08-31T20:12:41.992569+00:00
woolworths,672106,Smitten Recycled Paper Cat Litter 20l,Smitten,20L,20,20,1,1L,False,5,cat litter,pet,2026-09-01,2026-08-31T20:12:41.992569+00:00
woolworths,601925,Chandler Cat Litter Original 7l,Chandler,7L,9.5,9.5,1.36,1L,False,6,cat litter,pet,2026-09-01,2026-08-31T20:12:41.992569+00:00
woolworths,53329,Breeders Choice Paper Cat Litter 15l,Breeders Choice,15L,16,22,1.07,1L,True,7,cat litter,pet,2026-09-01,2026-08-31T20:12:41.992569+00:00
woolworths,117763,Catsan Cat Litter Ultra 7kg,Catsan,7Kg,17,17,2.43,1KG,False,8,cat litter,pet,2026-09-01,2026-08-31T20:12:41.992569+00:00
woolworths,22970,Breeders Choice Paper Cat Litter 6l,Breeders Choice,6L,10,10,1.67,1L,False,9,cat litter,pet,2026-09-01,2026-08-31T20:12:41.992569+00:00
woolworths,672105,Smitten Recycled Paper Cat Litter 10l,Smitten,10L,12,12,1.2,1L,False,10,cat litter,pet,2026-09-01,2026-08-31T20:12:41.992569+00:00
coles,8932078,Coles Simply Cat Litter Clumping,Coles Simply,4.5kg,3.6,,0.8,1kg,False,1,cat litter,pet,2026-09-01,2026-08-31T20:12:41.992569+00:00
coles,6957227,Max's Cat Litter,Max's,4kg,12,,3,1kg,False,2,cat litter,pet,2026-09-01,2026-08-31T20:12:41.992569+00:00
coles,8029877,Breeders Choice Cat Litter Paper,Breeders Choice,15L,22.5,,1.5,1l,False,3,cat litter,pet,2026-09-01,2026-08-31T20:12:41.992569+00:00
coles,8811550,Breeders Choice Cat Litter Paper,Breeders Choice,24L,24.5,,1.02,1l,False,4,cat litter,pet,2026-09-01,2026-08-31T20:12:41.992569+00:00
coles,3863342,Coles Simply Cat Litter Clay,Coles Simply,10Kg,8.25,,0.83,1kg,False,5,cat litter,pet,2026-09-01,2026-08-31T20:12:41.992569+00:00
coles,400326,Chandler Original Clay Cat Litter,Chandler,7L,9.5,,1.36,1l,False,6,cat litter,pet,2026-09-01,2026-08-31T20:12:41.992569+00:00
coles,4203622,Breeders Choice Cat Litter Paper,Breeders Choice,6L,10.3,,1.72,1l,False,7,cat litter,pet,2026-09-01,2026-08-31T20:12:41.992569+00:00
coles,7648705,Coles Silica Gel Cat Litter Crystals,Coles,3.6kg,17.59,,4.89,1kg,False,8,cat litter,pet,2026-09-01,2026-08-31T20:12:41.992569+00:00
coles,5952079,Catlux Light Clumping Cat Litter,Catlux,6L,10,,1.67,1l,False,9,cat litter,pet,2026-09-01,2026-08-31T20:12:41.992569+00:00
coles,8582103,Catsan Cat Litter Ultra Clumping Clay,Catsan,7kg,17,,2.43,1kg,False,10,cat litter,pet,2026-09-01,2026-08-31T20:12:41.992569+00:00
coles,3741210,The Natural Paw Company Tofu Cat Litter,The Natural Paw Company,2kg,13.5,,6.75,1kg,False,11,cat litter,pet,2026-09-01,2026-08-31T20:12:41.992569+00:00
coles,3742280,World's Best Clumping Formula Cat Litter,World's Best,3.63 kg,29,,7.99,1kg,False,12,cat litter,pet,2026-09-01,2026-08-31T20:12:41.992569+00:00
coles,1905099,Vitapet Litter Scoop With Rake,Vitapet,1 each,4,,4,1ea,False,13,cat litter,pet,2026-09-01,2026-08-31T20:12:41.992569+00:00
coles,8595320,Coles Cat Litter Tray,Coles,1 Pack,7.5,,7.5,1ea,False,14,cat litter,pet,2026-09-01,2026-08-31T20:12:41.992569+00:00
coles,1898299,Vitapet Kitchen & Bathroom Cat Litter,Vitapet,6L,14.5,,2.42,1l,False,15,cat litter,pet,2026-09-01,2026-08-31T20:12:41.992569+00:00
coles,1363906,Michu Super Mixed Cat Litter,Michu,6L,13,,2.17,1l,False,16,cat litter,pet,2026-09-01,2026-08-31T20:12:41.992569+00:00
coles,8182615,Coles Cat Litter Recycled Paper,Coles,21L,23,,1.1,1l,False,17,cat litter,pet,2026-09-01,2026-08-31T20:12:41.992569+00:00
coles,8891618,Breeder's Choice Plus Probiotic Cat Litter,Breeder's Choice,20L,33.2,,1.66,1l,False,18,cat litter,pet,2026-09-01,2026-08-31T20:12:41.992569+00:00
coles,6799997,Rufus & Coco Elasticised Litter Tray Liners Large,Rufus & Coco,8 Pack,8,,1,1ea,False,19,cat litter,pet,2026-09-01,2026-08-31T20:12:41.992569+00:00
woolworths,646144,Exelpet Vet Flea Intestinal & Heartworm Medium Dog each,Exelpet,each,32.5,32.5,32.5,1EA,False,1,flea treatment dog,pet,2026-09-01,2026-08-31T20:12:43.929585+00:00
woolworths,376826,Exelpet Vet Series Treatment Spot On Flea Large Dog 2 pack,Exelpet,2 pack,35,35,17.5,1EA,False,2,flea treatment dog,pet,2026-09-01,2026-08-31T20:12:43.929585+00:00
woolworths,646145,Exelpet Vet Flea Intestinal & Heartworm Treatment Small Dog each,Exelpet,each,28.5,28.5,28.5,1EA,False,3,flea treatment dog,pet,2026-09-01,2026-08-31T20:12:43.929585+00:00
woolworths,376836,Exelpet Vet Series Treatment Spot On Flea Small Dog 2 pack,Exelpet,2 pack,30.5,30.5,15.25,1EA,False,4,flea treatment dog,pet,2026-09-01,2026-08-31T20:12:43.929585+00:00
woolworths,6032418,Purina Total Care Heartwormer Wormer & Flea Protection Large Dog each,Purina,each,24,30,24,1EA,True,5,flea treatment dog,pet,2026-09-01,2026-08-31T20:12:43.929585+00:00
woolworths,1114391595,Simparica 10.1-20kg Medium Dog Tick & Flea Chewable Treatment 6 Pack,Simparica,,133.99,133.99,22.33,1EA,False,6,flea treatment dog,pet,2026-09-01,2026-08-31T20:12:43.929585+00:00
woolworths,1114391785,Bravecto Dog 6 Month Chew Tick & Flea Treatment 20-40kg Large Blue,Bravecto,,126.99,126.99,126.99,1EA,False,7,flea treatment dog,pet,2026-09-01,2026-08-31T20:12:43.929585+00:00
woolworths,6032416,Purina Total Care Heartwormer Wormer & Flea Protection Small Dog each,Purina,each,20,26,20,1EA,True,8,flea treatment dog,pet,2026-09-01,2026-08-31T20:12:43.929585+00:00
woolworths,360924,Rufus & Coco Flea Flee Dog Treatment Shampoo 200ml,Rufus & Coco,200mL,15.5,15.5,7.75,100ML,False,9,flea treatment dog,pet,2026-09-01,2026-08-31T20:12:43.929585+00:00
woolworths,646333,Exelpet Vet Series Flea Intestinal Worm & Heartworm Lge Dog each,Exelpet,each,35,35,35,1EA,False,10,flea treatment dog,pet,2026-09-01,2026-08-31T20:12:43.929585+00:00
coles,1091067,Totalcare Heartworm Flea Prot Small Dog Treatment,Totalcare,1 Pack,26,,26,1ea,False,1,flea treatment dog,pet,2026-09-01,2026-08-31T20:12:43.929585+00:00
coles,1091078,Totalcare Heartworm Flea Prot Med Dog Treatment,Totalcare,1 Pack,28,,28,1ea,False,2,flea treatment dog,pet,2026-09-01,2026-08-31T20:12:43.929585+00:00
coles,1091089,Totalcare Heartworm Flea Prot Large Dog Treatment,Totalcare,1 Pack,30,,30,1ea,False,3,flea treatment dog,pet,2026-09-01,2026-08-31T20:12:43.929585+00:00
coles,3971185,Purina Total Care Flea Tick Control Plus Medium Dog Treatment,Purina,1 Pack,17.6,22,17.6,1ea,False,4,flea treatment dog,pet,2026-09-01,2026-08-31T20:12:43.929585+00:00
coles,3971196,Purina Total Care Flea Tick Control Plus Large Dog Treatment,Purina,1 Pack,18.4,23,18.4,1ea,False,5,flea treatment dog,pet,2026-09-01,2026-08-31T20:12:43.929585+00:00
coles,3971163,Purina Total Care Flea Tick Control Plus Small Dog Treatment,Purina,1 Pack,16.8,21,16.8,1ea,False,6,flea treatment dog,pet,2026-09-01,2026-08-31T20:12:43.929585+00:00
coles,2839568,Purina Total Care Flea Knockdown For Medium & Large Dogs Treatment Tablets,Purina,3 Pack,15.6,19.5,5.2,1ea,False,7,flea treatment dog,pet,2026-09-01,2026-08-31T20:12:43.929585+00:00
coles,2839524,"Purina Total Care Flea Knockdown For Cats, Puppies & Small Dog",Purina,3 Pack,14,17.5,4.67,1ea,False,8,flea treatment dog,pet,2026-09-01,2026-08-31T20:12:43.929585+00:00
woolworths,1098222579,Multi Wormer Tablets for Dog/Cats/Puppies/Kittens 5kg - 8 Tabs (Aristopet),Aristopet,,16.99,16.99,2.12,1EA,False,1,worming tablets dog,pet,2026-09-01,2026-08-31T20:12:45.745909+00:00
woolworths,1114391959,Milpro Broad Spectrum Wormer Tablets for Small Dog & Puppies Green 2 Pack,Milpro,,27.99,27.99,14,1EA,False,2,worming tablets dog,pet,2026-09-01,2026-08-31T20:12:45.745909+00:00
woolworths,1099741023,Virbac Milpro Broad Spectrum Wormer Tablets for Small Dog & Puppies Green 2 Pack,Virbac,,15.99,15.99,8,1EA,False,3,worming tablets dog,pet,2026-09-01,2026-08-31T20:12:45.745909+00:00
woolworths,1121739039,Milbemax Dog Under 5kg Broad Spectrum Allwormer Tablets 50 Pack,Milbemax,,244.99,244.99,4.9,1EA,False,4,worming tablets dog,pet,2026-09-01,2026-08-31T20:12:45.745909+00:00
woolworths,1114391747,Milbemax Dog Over 5kg Broad Spectrum Allwormer Tablets 2 Pack,Milbemax,,39.99,39.99,20,1EA,False,5,worming tablets dog,pet,2026-09-01,2026-08-31T20:12:45.745909+00:00
woolworths,1114391829,Milbemax Dog Under 5kg Broad Spectrum Allwormer Tablets 2 Pack,Milbemax,,23.99,23.99,12,1EA,False,6,worming tablets dog,pet,2026-09-01,2026-08-31T20:12:45.745909+00:00
woolworths,6032419,Totalcare Heartwormer & Allwormer Protection Tablets For Puppies 2 pack,Totalcare,2 pack,24,24,12,1EA,False,7,worming tablets dog,pet,2026-09-01,2026-08-31T20:12:45.745909+00:00
woolworths,1114391709,Endogard Broadspectrum All-Wormer Tablets for Large Dogs 10-20kg 3 Pack,Endogard,,43.99,43.99,14.66,1EA,False,8,worming tablets dog,pet,2026-09-01,2026-08-31T20:12:45.745909+00:00
woolworths,1113409669,Milbemax Allwormer Tablets For Large Dogs 5 To 25 Kg 2 Tablet,,,25.99,25.99,13,1EA,False,9,worming tablets dog,pet,2026-09-01,2026-08-31T20:12:45.745909+00:00
woolworths,308874,Exelpet Ezy Dose Heartwormer & Intestinal Allwormer For Dogs 4 pack,Exelpet,4 pack,26,26,6.5,1EA,False,10,worming tablets dog,pet,2026-09-01,2026-08-31T20:12:45.745909+00:00
coles,8011317,Nature's Gift Adult Chilled Fresh Dog Food Roll With Beef Peas & Carrots & Potatoes,Nature's Gift,200g,2.25,2.7,1.13,100g,False,1,worming tablets dog,pet,2026-09-01,2026-08-31T20:12:45.745909+00:00
coles,8009053,4 Legs Natural + Wellness Boost With Beef Vegies & Fruit Meatball Dog Food Trays,4 Legs,870g,7.8,,0.9,100g,False,2,worming tablets dog,pet,2026-09-01,2026-08-31T20:12:45.745909+00:00
coles,8013447,Nature's Gift Slow Cooked Beef Rice Pumpkin & Split Peas Dog Food 2x220g,Nature's Gift,2 Pack,6,,1.36,100g,False,3,worming tablets dog,pet,2026-09-01,2026-08-31T20:12:45.745909+00:00
coles,3875807,Love'em Dog Treats Joint Care Beef Liver Cookies,Love'em,250g,6,,2.4,100g,False,4,worming tablets dog,pet,2026-09-01,2026-08-31T20:12:45.745909+00:00
coles,3875465,Love'em Dog Training Treats Beef & Liver,Love'em,200g,3.6,4,1.8,100g,False,5,worming tablets dog,pet,2026-09-01,2026-08-31T20:12:45.745909+00:00
coles,8011474,V.I.P Paws Adult Chilled Fresh Dog Food Chunky Beef Mince,V.I.P,600g,6,,1,100g,False,6,worming tablets dog,pet,2026-09-01,2026-08-31T20:12:45.745909+00:00
coles,3874939,Love'em Dog Treats Beef Liver,Love'em,200g,14,,7,100g,False,7,worming tablets dog,pet,2026-09-01,2026-08-31T20:12:45.745909+00:00
coles,9151990,Bow Wow Super Snacks Sticks Dog Treat With Beef & Liver,Bow Wow,10 Pack,7.5,,0.75,1ea,False,8,worming tablets dog,pet,2026-09-01,2026-08-31T20:12:45.745909+00:00
coles,8013469,Nature's Gift Slow Cooked Chicken Pasta Carrots & Peas Dog Food 2x220g,Nature's Gift,2 Pack,6,,1.36,100g,False,9,worming tablets dog,pet,2026-09-01,2026-08-31T20:12:45.745909+00:00
coles,8009031,4 Legs Natural + Wellness Boost With Chicken Vegies & Fruit Meatball Dog Food Trays,4 Legs,870g,7.8,,0.9,100g,False,10,worming tablets dog,pet,2026-09-01,2026-08-31T20:12:45.745909+00:00
coles,8009064,4 Legs Natural + Wellness Boost With Kangaroo Vegies & Fruit Meatball Dog Food Trays,4 Legs,870g,7.8,,0.9,100g,False,11,worming tablets dog,pet,2026-09-01,2026-08-31T20:12:45.745909+00:00
coles,8011452,Nature's Gift Adult Chilled Fresh Dog Food Roll With Kangaroo Peas & Sweet Potato,Nature's Gift,1.4kg,6,,0.43,100g,False,12,worming tablets dog,pet,2026-09-01,2026-08-31T20:12:45.745909+00:00
coles,8011306,Nature's Gift Adult Chilled Fresh Dog Food Roll With Chicken Vegetables & Brown Rice,Nature's Gift,200g,2.25,2.7,1.13,100g,False,13,worming tablets dog,pet,2026-09-01,2026-08-31T20:12:45.745909+00:00
coles,8012820,V.I.P Megabite Adult Chilled Fresh Dog Food Roll Beef,V.I.P,3kg,7.8,,0.26,100g,False,14,worming tablets dog,pet,2026-09-01,2026-08-31T20:12:45.745909+00:00
coles,8011441,Nature's Gift Adult Chilled Fresh Dog Food Roll With Chicken Vegetables & Brown Rice,Nature's Gift,1.4kg,6,,0.43,100g,False,15,worming tablets dog,pet,2026-09-01,2026-08-31T20:12:45.745909+00:00
woolworths,1124431951,Pets Nail Clipper Series - For s And Dogs$pet Nail Clippers For Small Animals - Best Nail Clippers,,1EA,66.75,66.75,,,False,1,pet nail clippers,pet,2026-09-01,2026-08-31T20:12:48.244280+00:00
woolworths,1115747545,All Breed Dog & Cat FURminator Pet Nail Clippers,FURminator,1EA,34.99,34.99,,,False,2,pet nail clippers,pet,2026-09-01,2026-08-31T20:12:48.244280+00:00
woolworths,1128521969,Electric Pet Nail Clippers Grooming Grinder File Trimmer,,,29.95,29.95,,,False,3,pet nail clippers,pet,2026-09-01,2026-08-31T20:12:48.244280+00:00
woolworths,1098228219,Pet Nail Clippers for Large Breed Dogs by Scream,Scream,1EA,18.99,18.99,,,False,4,pet nail clippers,pet,2026-09-01,2026-08-31T20:12:48.244280+00:00
woolworths,1124431949,2Pcs Pet Nail Clipper Portable Magnifying Glass Claw Clippers Nail Cutters,,1EA,63.33,63.33,,,False,5,pet nail clippers,pet,2026-09-01,2026-08-31T20:12:48.244280+00:00
woolworths,1113954813,Pet Nail Clippers Toe Cutter Trimmer Grooming Nail Cut Small Dog Stainless Steel,,1EA,7.72,7.72,,,False,6,pet nail clippers,pet,2026-09-01,2026-08-31T20:12:48.244280+00:00
woolworths,1107219479,2 x Dog Cat Pet Nail Clipper Grooming Shears Scissors Ergonomic Black,Cotton More,1EA,22.5,22.5,,,False,7,pet nail clippers,pet,2026-09-01,2026-08-31T20:12:48.244280+00:00
woolworths,1107219475,2 x Dog Cat Pet Nail Clipper Grooming Shears Scissors Ergonomic Red,Cotton More,1EA,22.5,22.5,,,False,8,pet nail clippers,pet,2026-09-01,2026-08-31T20:12:48.244280+00:00
woolworths,1122995359,Dogs and Cats Grooming Nail Clippers Kit Pet Claws Nail Clipper Trimmers Dog Nail Grinder Pet Nail Trimmer,,1EA,53.62,53.62,,,False,9,pet nail clippers,pet,2026-09-01,2026-08-31T20:12:48.244280+00:00
woolworths,1123156645,Pet Nail Clipper The Worry-Free Grooming Nail Clippers for Cats Birds Reptiles and Small Animals-Yellow,,1EA,67.85,67.85,,,False,10,pet nail clippers,pet,2026-09-01,2026-08-31T20:12:48.244280+00:00
coles,1098532,Rufus & Coco Safety Nail Clippers File,Rufus & Coco,1 Pack,16,,16,1ea,False,1,pet nail clippers,pet,2026-09-01,2026-08-31T20:12:48.244280+00:00
woolworths,521126,Bow Wow Naturals Braided Collagen Chew Stick Dog Treat each,Bow Wow,each,9,9,9,1EA,False,1,dog chew,pet,2026-09-01,2026-08-31T20:12:50.110219+00:00
woolworths,344052,Pedigree DentaStix Large Dental Dog Treats Daily Oral Care Chews 28 pack,Pedigree,28 pack,12,24,0.43,1EA,True,2,dog chew,pet,2026-09-01,2026-08-31T20:12:50.110219+00:00
woolworths,481185,Baxter's Dog Treats Basted Rawhide Chews Real Kangaroo 100g,Baxter's,100g,4,4,4,100G,False,3,dog chew,pet,2026-09-01,2026-08-31T20:12:50.110219+00:00
woolworths,105857,Bow Wow Naturals Braided Bully Chew Dog Treat each,Bow Wow,each,13,13,13,1EA,False,4,dog chew,pet,2026-09-01,2026-08-31T20:12:50.110219+00:00
woolworths,344049,Pedigree DentaStix Large Dental Dog Treats Daily Oral Care Chews 7 pack,Pedigree,7 pack,7,7,1,1EA,False,5,dog chew,pet,2026-09-01,2026-08-31T20:12:50.110219+00:00
woolworths,206801,Pedigree DentaStix Medium Dental Dog Treats Daily Oral Care Chews 7 pack,Pedigree,7 pack,7,7,1,1EA,False,6,dog chew,pet,2026-09-01,2026-08-31T20:12:50.110219+00:00
woolworths,1102746349,Paws & Claws BooBone 18cm Large Bamboo Fibre Bone Dog Chew Treat/Toy Asst Flav,Paws And Claws,1EA,21,21,21,1EA,False,7,dog chew,pet,2026-09-01,2026-08-31T20:12:50.110219+00:00
woolworths,6016381,Baxter's Dental Sticks For Large Dogs 7 pack,Baxter's,7 pack,2.5,2.5,0.36,1EA,False,8,dog chew,pet,2026-09-01,2026-08-31T20:12:50.110219+00:00
woolworths,1129871877,Dog Chew Toy for Dogs,,,26.39,26.39,,,False,9,dog chew,pet,2026-09-01,2026-08-31T20:12:50.110219+00:00
woolworths,1129871687,Dog Chew Toy for Dogs,,,25.29,25.29,,,False,10,dog chew,pet,2026-09-01,2026-08-31T20:12:50.110219+00:00
coles,9149681,Bow Wow Braided Bully Chew Dog Treat,Bow Wow,1 Pack,13,,13,1ea,False,1,dog chew,pet,2026-09-01,2026-08-31T20:12:50.110219+00:00
coles,1614427,Vitapet Chewz Dog Treats Jumbo Sticks Chicken,Vitapet,3 Pack,11,,3.67,1ea,False,2,dog chew,pet,2026-09-01,2026-08-31T20:12:50.110219+00:00
coles,7531741,Pedigree Dentastix Large Dog Treats Daily Oral Care Dental Chews,Pedigree,7 Pack,5.6,7,0.8,1ea,False,3,dog chew,pet,2026-09-01,2026-08-31T20:12:50.110219+00:00
coles,7531887,Pedigree Dentastix Large Dog Treats Daily Oral Care Dental Chews,Pedigree,28 Pack,24,,0.86,1ea,False,4,dog chew,pet,2026-09-01,2026-08-31T20:12:50.110219+00:00
coles,1648939,Pawk Chewy Pork Ear Dog Treat,Pawk,1 Pack,3.6,,3.6,1ea,False,5,dog chew,pet,2026-09-01,2026-08-31T20:12:50.110219+00:00
coles,1614438,Vitapet Chewz Dog Treats Jumbo Sticks Duck,Vitapet,3 Pack,11,,3.67,1ea,False,6,dog chew,pet,2026-09-01,2026-08-31T20:12:50.110219+00:00
coles,9668237,Pedigree Dentastix Medium Dog Treats Daily Oral Care Dental Chews,Pedigree,7 Pack,5.6,7,0.8,1ea,False,7,dog chew,pet,2026-09-01,2026-08-31T20:12:50.110219+00:00
coles,1649035,Pawk Chewy Pork Ears Dog Treats,Pawk,5 Pack,16.75,,3.35,1ea,False,8,dog chew,pet,2026-09-01,2026-08-31T20:12:50.110219+00:00
coles,3742701,Schmackos Strapz Dog Treats With Chicken,Schmackos,200g,8,,4,100g,False,9,dog chew,pet,2026-09-01,2026-08-31T20:12:50.110219+00:00
coles,1649046,Pawk Crunchy Pork Snouts Dog Treats,Pawk,4 Pack,10,,2.5,1ea,False,10,dog chew,pet,2026-09-01,2026-08-31T20:12:50.110219+00:00
coles,6856376,Pedigree Dentastix Medium Dog Treats Daily Oral Care Dental Chews,Pedigree,28 Pack,24,,0.86,1ea,False,11,dog chew,pet,2026-09-01,2026-08-31T20:12:50.110219+00:00
coles,9092595,The Fresh Pet Food Co. Kangaroo Bone Chews Dog Food,The Fresh Pet Food Co.,300g,3,4,1,100g,False,12,dog chew,pet,2026-09-01,2026-08-31T20:12:50.110219+00:00
coles,3452290,Schmackos Chomp N Chew With Peanut Butter & Chicken Flavoured Dog Treat Large,Schmackos,60g,5,,5,1ea,False,13,dog chew,pet,2026-09-01,2026-08-31T20:12:50.110219+00:00
coles,8445849,Pedigree Dentastix Dog Treat Large,Pedigree Dentastix,70 Pack,36,,0.51,1ea,False,14,dog chew,pet,2026-09-01,2026-08-31T20:12:50.110219+00:00
coles,6585348,Pedigree Dentastix Medium Dog Treat,Pedigree,70 Pack,36,,0.51,1ea,False,15,dog chew,pet,2026-09-01,2026-08-31T20:12:50.110219+00:00
coles,1615780,Bow Wow Bully Stick Dog Treat,Bow Wow,1 Pack,7.5,,7.5,1ea,False,16,dog chew,pet,2026-09-01,2026-08-31T20:12:50.110219+00:00
coles,9241312,Bow Wow Treat & Eat Beef Burgers Dog Treats,Bow Wow,9 Pack,8,,,1ea,False,17,dog chew,pet,2026-09-01,2026-08-31T20:12:50.110219+00:00
coles,1614019,The Paw Grocer Kangaroo Dental Chews Dog Treats,The Paw Grocer,7 Pack,6.5,9.5,0.93,1ea,False,18,dog chew,pet,2026-09-01,2026-08-31T20:12:50.110219+00:00
coles,9086606,Pedigree Dentastix Chewy Chunx Mini Dog Treats,Pedigree,68g,3.4,4.3,5,100g,False,19,dog chew,pet,2026-09-01,2026-08-31T20:12:50.110219+00:00
coles,9086548,Pedigree Dentastix Chewy Chunx Maxi Dog Treats,Pedigree,68g,3.4,4.3,5,100g,False,20,dog chew,pet,2026-09-01,2026-08-31T20:12:50.110219+00:00
coles,5659267,Woofin Good Dental Brush Medium Dog Treat,Woofin Good,10 Pack,12.8,16,,1ea,True,21,dog chew,pet,2026-09-01,2026-08-31T20:12:50.110219+00:00
coles,9112397,Schmackos Chomp N Chew Large Dog With Beef Dog Treat,Schmackos,1 Pack,5,,5,1ea,False,22,dog chew,pet,2026-09-01,2026-08-31T20:12:50.110219+00:00
coles,1790113,Coles Beef Basted Rawhide Chews Beef Dog Treats,Coles,100g,4,,4,100g,False,23,dog chew,pet,2026-09-01,2026-08-31T20:12:50.110219+00:00
coles,6856060,Pedigree Dentastix Small Dog Treats Daily Oral Care Dental Chews,Pedigree,28 Pack,24,,0.86,1ea,False,24,dog chew,pet,2026-09-01,2026-08-31T20:12:50.110219+00:00
coles,4257982,Pedigree Dentastix Small Dog Treats Daily Oral Care Dental Chews,Pedigree,7 Pack,5.6,7,0.8,1ea,False,25,dog chew,pet,2026-09-01,2026-08-31T20:12:50.110219+00:00
coles,1853778,Vitapet Chicken Wrapped Rawhide Dog Chews,Vitapet,1 Pack,6.65,9.5,6.65,1ea,False,26,dog chew,pet,2026-09-01,2026-08-31T20:12:50.110219+00:00
woolworths,696223,Frankie & Friends Wild Bird Seed Blend 5kg,Frankie & Friends,5Kg,12,12,0.24,100G,False,1,wild bird seed,pet,2026-09-01,2026-08-31T20:12:51.977383+00:00
woolworths,679548,Frankie & Friends Large Parrot & Wildbird Bird Seed Mix 2kg,Frankie & Friends,2Kg,4.4,4.4,0.22,100G,False,2,wild bird seed,pet,2026-09-01,2026-08-31T20:12:51.977383+00:00
woolworths,204498,Harmony Wild Bird Mix 4Kg,Harmony,4Kg,8.3,8.3,0.21,100G,False,3,wild bird seed,pet,2026-09-01,2026-08-31T20:12:51.977383+00:00
woolworths,1112486867,Peters Wild Bird Seed 15kg,Peters,15.0KG,24,24,0.16,100G,False,4,wild bird seed,pet,2026-09-01,2026-08-31T20:12:51.977383+00:00
woolworths,1115976763,Breeders Choice Wild Bird Seed Mix (2kg) Wildbird Bird Food,Breeders Choice,1EA,12.99,12.99,0.65,100G,False,5,wild bird seed,pet,2026-09-01,2026-08-31T20:12:51.977383+00:00
woolworths,1115976761,Breeders Choice Wild Bird Seed Mix (5kg) Wildbird Bird Food,Breeders Choice,1EA,19.99,19.99,0.4,100G,False,6,wild bird seed,pet,2026-09-01,2026-08-31T20:12:51.977383+00:00
woolworths,685175,Harmony Bird Seeds No Waste Seed Mix 1Kg,Harmony,1Kg,5.25,7,0.53,100G,True,7,wild bird seed,pet,2026-09-01,2026-08-31T20:12:51.977383+00:00
woolworths,204524,Frankie & Friends Wild Bird Food 10kg,Frankie & Friends,10Kg,20,20,0.2,100G,False,8,wild bird seed,pet,2026-09-01,2026-08-31T20:12:51.977383+00:00
woolworths,391544,Harmony Wild Bird Dried Mealworms 120g,Harmony,120g,10,10,8.33,100G,False,9,wild bird seed,pet,2026-09-01,2026-08-31T20:12:51.977383+00:00
woolworths,679547,Frankie & Friends Small Parrot & Wildbird Bird Seed Mix 2kg,Frankie & Friends,2Kg,4.4,4.4,0.22,100G,False,10,wild bird seed,pet,2026-09-01,2026-08-31T20:12:51.977383+00:00
coles,9701730,Harmony Lorikeet & Honey Eater Wild Bird Seed,Harmony,500g,10,,2,100g,False,1,wild bird seed,pet,2026-09-01,2026-08-31T20:12:51.977383+00:00
coles,4560754,Coles Large Wild Bird Bird Seed,Coles,2kg,4.4,,0.22,100g,False,2,wild bird seed,pet,2026-09-01,2026-08-31T20:12:51.977383+00:00
coles,4560845,Coles Bird Seed Wildbird,Coles,5kg,11.5,,0.23,100g,False,3,wild bird seed,pet,2026-09-01,2026-08-31T20:12:51.977383+00:00
coles,9701886,Harmony Wild Bird Food Mix,Harmony,4Kg,8.3,,0.21,100g,False,4,wild bird seed,pet,2026-09-01,2026-08-31T20:12:51.977383+00:00
coles,2869810,Coles Sunflower Bird Seed,Coles,1.25kg,6,,0.48,100g,False,5,wild bird seed,pet,2026-09-01,2026-08-31T20:12:51.977383+00:00
coles,2443614,Harmony No Waste Seed Mix,Harmony,1kg,5.25,7,0.53,100g,False,6,wild bird seed,pet,2026-09-01,2026-08-31T20:12:51.977383+00:00
coles,8554935,Harmony Sunflower Seed,Harmony,1.5kg,7.5,,0.5,100g,False,7,wild bird seed,pet,2026-09-01,2026-08-31T20:12:51.977383+00:00
woolworths,176674,Frankie & Friends Fish Food Flakes 50g,Frankie & Friends,50g,4.9,4.9,9.8,100G,False,1,fish food flakes,pet,2026-09-01,2026-08-31T20:12:53.851489+00:00
woolworths,360821,Vita Pet Fish Food Goldfish Flake Plus 90g,Vita Pet,90g,9.5,9.5,10.56,100G,False,2,fish food flakes,pet,2026-09-01,2026-08-31T20:12:53.851489+00:00
woolworths,360825,Vita Pet Fish Food Tropical Flake 36g,Vita Pet,36g,9.5,9.5,26.39,100G,False,3,fish food flakes,pet,2026-09-01,2026-08-31T20:12:53.851489+00:00
woolworths,1098219901,Tropical Fish Food Flakes (24 Grams) Aquatopia,Aquatopia,1EA,8.99,8.99,,,False,4,fish food flakes,pet,2026-09-01,2026-08-31T20:12:53.851489+00:00
woolworths,1119491707,Tropical Flakes 2Kg AQF20- Tropical Fish Food -Flakes,,,100,100,,,False,5,fish food flakes,pet,2026-09-01,2026-08-31T20:12:53.851489+00:00
woolworths,1098219877,Goldfish Fish Food Flakes (110 Grams) Aquatopia 110g,Aquatopia,1EA,20.99,20.99,,,False,6,fish food flakes,pet,2026-09-01,2026-08-31T20:12:53.851489+00:00
woolworths,1098219861,Cichlid Fish Food Flakes (55 Grams) Aquatopia 55g,Aquatopia,1EA,14.99,14.99,,,False,7,fish food flakes,pet,2026-09-01,2026-08-31T20:12:53.851489+00:00
woolworths,1098219875,Goldfish Fish Food Flakes (55 Grams) Aquatopia 55g,Aquatopia,1EA,12.99,12.99,,,False,8,fish food flakes,pet,2026-09-01,2026-08-31T20:12:53.851489+00:00
woolworths,1098219873,Goldfish Fish Food Flakes (24 Grams) Aquatopia 24g,Aquatopia,1EA,8.99,8.99,,,False,9,fish food flakes,pet,2026-09-01,2026-08-31T20:12:53.851489+00:00
woolworths,1098219891,Marine Fish Food Flakes (55 Grams) Aquatopia 55g,Aquatopia,1EA,14.99,14.99,,,False,10,fish food flakes,pet,2026-09-01,2026-08-31T20:12:53.851489+00:00
coles,7765458,Coles Gold Fish Food Flakes,Coles,100g,6.2,,6.2,100g,False,1,fish food flakes,pet,2026-09-01,2026-08-31T20:12:53.851489+00:00
coles,7217420,Coles Gold Fish Food Flakes,Coles,36g,3.5,,9.72,100g,False,2,fish food flakes,pet,2026-09-01,2026-08-31T20:12:53.851489+00:00
coles,7765549,Coles Tropical Fish Food Flakes,Coles,36g,4.4,,12.22,100g,False,3,fish food flakes,pet,2026-09-01,2026-08-31T20:12:53.851489+00:00
woolworths,389580,Pretty Wild Cat Litter Scoop each,Pretty Wild,each,4,4,4,1EA,False,1,cat litter scoop,pet,2026-09-01,2026-08-31T20:12:55.783219+00:00
woolworths,1126689785,Cat Litter Scooper With Trash Container Portable Litter Scoop Holder Litter Scoop With Holder,,,23.95,23.95,,,False,2,cat litter scoop,pet,2026-09-01,2026-08-31T20:12:55.783219+00:00
woolworths,1129477731,Premium Cat Litter Scoop with Detachable Holder & Bags,Premium,,26.98,26.98,,,False,3,cat litter scoop,pet,2026-09-01,2026-08-31T20:12:55.783219+00:00
woolworths,1098576455,"Moderna Small Grid Cat Litter Scoop, Grey",Moderna,,6.95,6.95,6.95,1EA,False,4,cat litter scoop,pet,2026-09-01,2026-08-31T20:12:55.783219+00:00
woolworths,1100476543,"Moderna Handy Max Cat Litter Scoop, Warm Grey",Moderna,,8.95,8.95,8.95,1EA,False,5,cat litter scoop,pet,2026-09-01,2026-08-31T20:12:55.783219+00:00
woolworths,1124349819,20pcs Disposable Cat Litter Scoop Biodegradable Excrement Shovel One Time Tool,,,13.64,13.64,0.68,1EA,False,6,cat litter scoop,pet,2026-09-01,2026-08-31T20:12:55.783219+00:00
woolworths,1124597543,2PCS Cat Litter Scoop Durable Plastic Cleaning Shovel Kitty Box Waste Removal,,,29.82,29.82,29.82,1EA,False,7,cat litter scoop,pet,2026-09-01,2026-08-31T20:12:55.783219+00:00
woolworths,1126591227,Deal365 Durable Cat Litter Scoop and Tray Easy to Use Litter Tray Box Pans Kitty,,,14.99,14.99,14.99,1EA,False,8,cat litter scoop,pet,2026-09-01,2026-08-31T20:12:55.783219+00:00
woolworths,1123571707,FIN Stainless Steel Enclosed Cat Litter Box Top Exit Pet Toilet Box w/ Litter Scoop,,1EA,75.99,75.99,75.99,1EA,False,9,cat litter scoop,pet,2026-09-01,2026-08-31T20:12:55.783219+00:00
woolworths,1122425741,Large Leak-Proof Hooded Cat Litter Box with Scoop,,1EA,64.99,64.99,64.99,1EA,False,10,cat litter scoop,pet,2026-09-01,2026-08-31T20:12:55.783219+00:00
coles,1905099,Vitapet Litter Scoop With Rake,Vitapet,1 each,4,,4,1ea,False,1,cat litter scoop,pet,2026-09-01,2026-08-31T20:12:55.783219+00:00
woolworths,211984,Dollar Sweets Happy Birthday Candle each,Dollar Sweets,each,3,3,1,1EA,False,1,birthday candles,occasion,2026-09-01,2026-08-31T20:12:57.618834+00:00
woolworths,54514,Whiz Pop Bang Spiral Candles With Holder 24 pack,Whiz Pop Bang,24 pack,3,3,0.13,1EA,False,2,birthday candles,occasion,2026-09-01,2026-08-31T20:12:57.618834+00:00
woolworths,246112,Whiz Pop Bang Happy Birthday Plaque With Candles 25 pack,Whiz Pop Bang,25 pack,4,4,0.16,1EA,False,3,birthday candles,occasion,2026-09-01,2026-08-31T20:12:57.618834+00:00
woolworths,54525,Whiz Pop Bang Metallic Taper Candles Assorted 12 pack,Whiz Pop Bang,12 pack,3.15,3.15,0.26,1EA,False,4,birthday candles,occasion,2026-09-01,2026-08-31T20:12:57.618834+00:00
woolworths,1124326635,Black & White Birthday Candles 10pk,Amscan,,2.99,2.99,0.3,1EA,False,5,birthday candles,occasion,2026-09-01,2026-08-31T20:12:57.618834+00:00
woolworths,243960,Whiz Pop Bang Happy Birthday Banner Candle each,Whiz Pop Bang,each,5,5,5,1EA,False,6,birthday candles,occasion,2026-09-01,2026-08-31T20:12:57.618834+00:00
woolworths,1124334861,Assorted Spiral Pastel Birthday Candles 24pk,Meteor Party,,4.99,4.99,4.99,1EA,False,7,birthday candles,occasion,2026-09-01,2026-08-31T20:12:57.618834+00:00
woolworths,244647,Whiz Pop Bang Spiral Candles Large 12 pack,Whiz Pop Bang,12 pack,3,3,0.25,1EA,False,8,birthday candles,occasion,2026-09-01,2026-08-31T20:12:57.618834+00:00
woolworths,244654,Whiz Pop Bang Happy Birthday Candles On Pick 13 pack,Whiz Pop Bang,13 pack,4.5,4.5,0.35,1EA,False,9,birthday candles,occasion,2026-09-01,2026-08-31T20:12:57.618834+00:00
woolworths,626510,Whiz Pop Bang Number Candle 5 Assorted each,Whiz Pop Bang,each,3,3,3,1EA,False,10,birthday candles,occasion,2026-09-01,2026-08-31T20:12:57.618834+00:00
coles,6839162,Coles Happy Birthday Candles,Coles,12 Pack,4,,0.33,1ea,False,1,birthday candles,occasion,2026-09-01,2026-08-31T20:12:57.618834+00:00
coles,1510680,Artwrap Happy Birthday Candle Sparkler,Artwrap,12 Pack,6,,0.5,1ea,False,2,birthday candles,occasion,2026-09-01,2026-08-31T20:12:57.618834+00:00
coles,6839300,Coles Happy Birthday Cake Candle,Coles,1 each,5,,5,1ea,False,3,birthday candles,occasion,2026-09-01,2026-08-31T20:12:57.618834+00:00
coles,8170150,Coles Tapered Candles,Coles,6 Pack,4,,0.67,1ea,False,4,birthday candles,occasion,2026-09-01,2026-08-31T20:12:57.618834+00:00
coles,6838840,Coles Spiral Candles,Coles,24 Pack,3,,0.13,1ea,False,5,birthday candles,occasion,2026-09-01,2026-08-31T20:12:57.618834+00:00
coles,6839210,Coles Dipped Candles,Coles,16 Pack,6,,0.38,1ea,False,6,birthday candles,occasion,2026-09-01,2026-08-31T20:12:57.618834+00:00
coles,6839333,Coles Twisted Candles,Coles,12 Pack,6,,0.5,1ea,False,7,birthday candles,occasion,2026-09-01,2026-08-31T20:12:57.618834+00:00
coles,6839253,Coles Coloured Candles,Coles,12 Pack,3,,0.25,1ea,False,8,birthday candles,occasion,2026-09-01,2026-08-31T20:12:57.618834+00:00
coles,4256968,Artwrap Colour Flame Candles,Artwrap,10 Pack,4,,0.4,1ea,False,9,birthday candles,occasion,2026-09-01,2026-08-31T20:12:57.618834+00:00
coles,7041731,Coles Party Candles Gold,Coles,16 Pack,3,,,1ea,False,10,birthday candles,occasion,2026-09-01,2026-08-31T20:12:57.618834+00:00
coles,7041797,Coles Party Candles Silver,Coles,16 Pack,3,,,1ea,False,11,birthday candles,occasion,2026-09-01,2026-08-31T20:12:57.618834+00:00
coles,7643610,Coles Tall Party Candles,Coles,16 Pack,3,,,1ea,False,12,birthday candles,occasion,2026-09-01,2026-08-31T20:12:57.618834+00:00
coles,7041913,Coles Party Candles Multi Coloured,Coles,16 Pack,3,,,1ea,False,13,birthday candles,occasion,2026-09-01,2026-08-31T20:12:57.618834+00:00
coles,6830033,Coles Candle Gold Or Silver No 3,Coles,1 each,3,,3,1ea,False,14,birthday candles,occasion,2026-09-01,2026-08-31T20:12:57.618834+00:00
coles,6830022,Coles Candle Gold Or Silver No 2,Coles,1 each,3,,3,1ea,False,15,birthday candles,occasion,2026-09-01,2026-08-31T20:12:57.618834+00:00
coles,6830055,Coles Candle Gold Or Silver No 5,Coles,1 each,3,,3,1ea,False,16,birthday candles,occasion,2026-09-01,2026-08-31T20:12:57.618834+00:00
coles,6830000,Coles Candle Gold Or Silver No 0,Coles,1 each,3,,3,1ea,False,17,birthday candles,occasion,2026-09-01,2026-08-31T20:12:57.618834+00:00
coles,6830011,Coles Candle Gold Or Silver No 1,Coles,1 each,3,,3,1ea,False,18,birthday candles,occasion,2026-09-01,2026-08-31T20:12:57.618834+00:00
coles,6830066,Coles Candle Gold Or Silver No 6,Coles,1 each,3,,3,1ea,False,19,birthday candles,occasion,2026-09-01,2026-08-31T20:12:57.618834+00:00
coles,6830044,Coles Candle Gold Or Silver No 4,Coles,1 each,3,,3,1ea,False,20,birthday candles,occasion,2026-09-01,2026-08-31T20:12:57.618834+00:00
coles,6830088,Coles Candle Gold Or Silver No 8,Coles,1 each,3,,3,1ea,False,21,birthday candles,occasion,2026-09-01,2026-08-31T20:12:57.618834+00:00
coles,6830077,Coles Candle Gold Or Silver No 7,Coles,1 each,3,,3,1ea,False,22,birthday candles,occasion,2026-09-01,2026-08-31T20:12:57.618834+00:00
coles,6830099,Coles Candle Gold Or Silver No 9,Coles,1 each,3,,3,1ea,False,23,birthday candles,occasion,2026-09-01,2026-08-31T20:12:57.618834+00:00
coles,1511548,Coles 25 Piece Coloured Candle Set With Mini Cake Topper,Coles,1 Set,4,,4,1ea,False,24,birthday candles,occasion,2026-09-01,2026-08-31T20:12:57.618834+00:00
coles,1511559,Coles 13 Piece Metallic Candle Set With Mini Cake Topper,Coles,1 Set,4,,4,1ea,False,25,birthday candles,occasion,2026-09-01,2026-08-31T20:12:57.618834+00:00
coles,7174713,Artwrap Gold Sparklers,Artwrap,12 Pack,3,,0.25,1ea,False,26,birthday candles,occasion,2026-09-01,2026-08-31T20:12:57.618834+00:00
coles,7174644,Artwrap Colour Mix Sparklers,Artwrap,12 Pack,3,,0.25,1ea,False,27,birthday candles,occasion,2026-09-01,2026-08-31T20:12:57.618834+00:00
coles,3733278,Artwrap Sparklers,Artwrap,24 Pack,3.5,,,1ea,False,28,birthday candles,occasion,2026-09-01,2026-08-31T20:12:57.618834+00:00
woolworths,6030365,Smart Shoe Polish Black 65g,Smart,65g,5,5,7.69,100G,False,1,shoe polish,occasion,2026-09-01,2026-08-31T20:12:59.460644+00:00
woolworths,207229,Smart Kids Liquid Shoe Polish Black 80mL,Smart,80mL,4.5,4.5,4.5,1EA,False,2,shoe polish,occasion,2026-09-01,2026-08-31T20:12:59.460644+00:00
woolworths,6030387,Smart Shoe Polish Brown 65g,Smart,65g,5,5,7.69,100G,False,3,shoe polish,occasion,2026-09-01,2026-08-31T20:12:59.460644+00:00
woolworths,81625,Oakwood Renovating Shoe Polish 65g,Oakwood,65g,3.5,5,5.38,100G,True,4,shoe polish,occasion,2026-09-01,2026-08-31T20:12:59.460644+00:00
woolworths,6030603,Smart Shoe Polish Neutral 65g,Smart,65g,5,5,7.69,100G,False,5,shoe polish,occasion,2026-09-01,2026-08-31T20:12:59.460644+00:00
woolworths,207709,Smart Liquid Shoe Polish Black 75mL,Smart,75mL,6,6,6,1EA,False,6,shoe polish,occasion,2026-09-01,2026-08-31T20:12:59.460644+00:00
woolworths,519535,Smart Premium Instant Shine Sponge Neutral 5mL,Smart,5mL,4.8,6,96,100ML,True,7,shoe polish,occasion,2026-09-01,2026-08-31T20:12:59.460644+00:00
woolworths,1125970341,Oakwood Shoe Polish Neutral Dubbin 80g,Oakwood,,17,17,21.25,100G,False,8,shoe polish,occasion,2026-09-01,2026-08-31T20:12:59.460644+00:00
woolworths,791333,Oakwood Leather Wipes 16 pack,Oakwood,16 pack,2.45,3.5,0.15,1EA,True,9,shoe polish,occasion,2026-09-01,2026-08-31T20:12:59.460644+00:00
coles,6436508,Oakwood Instant Shoe Polish Black,Oakwood,75mL,6,,8,100ml,False,1,shoe polish,occasion,2026-09-01,2026-08-31T20:12:59.460644+00:00
coles,6436440,Oakwood Renovating Polish Black,Oakwood,65g,5,,7.69,100g,False,2,shoe polish,occasion,2026-09-01,2026-08-31T20:12:59.460644+00:00
coles,6512650,Oakwood Instant Shoe Polish White,Oakwood,75mL,6,,8,100ml,False,3,shoe polish,occasion,2026-09-01,2026-08-31T20:12:59.460644+00:00
coles,6512639,Oakwood Instant Shoe Polish Brown,Oakwood,75mL,6,,8,100ml,False,4,shoe polish,occasion,2026-09-01,2026-08-31T20:12:59.460644+00:00
coles,6512640,Oakwood Shoe Polish Mid Tan,Oakwood,65g,5,,7.69,100g,False,5,shoe polish,occasion,2026-09-01,2026-08-31T20:12:59.460644+00:00
coles,6512220,Oakwood High Gloss Polish,Oakwood,65g,5,,7.69,100g,False,6,shoe polish,occasion,2026-09-01,2026-08-31T20:12:59.460644+00:00
coles,7445480,Oakwood Scuff Kids Polish Black,Oakwood,100mL,4.5,,4.5,100ml,False,7,shoe polish,occasion,2026-09-01,2026-08-31T20:12:59.460644+00:00
coles,6436472,Oakwood Renovating Polish Brown,Oakwood,65g,5,,7.69,100g,False,8,shoe polish,occasion,2026-09-01,2026-08-31T20:12:59.460644+00:00
coles,6448245,Oakwood Polish Neutral Dubbin,Oakwood,80g,5,,6.25,100g,False,9,shoe polish,occasion,2026-09-01,2026-08-31T20:12:59.460644+00:00
coles,6541681,Oakwood Polish Pad Neutral 6ml,Oakwood,1 each,7,,7,1ea,False,10,shoe polish,occasion,2026-09-01,2026-08-31T20:12:59.460644+00:00
coles,6417627,Oakwood Polish Pad Black,Oakwood,1 each,7,,7,1ea,False,11,shoe polish,occasion,2026-09-01,2026-08-31T20:12:59.460644+00:00
woolworths,105182,Korbond Travel Sewing Kit each,Korbond,each,5,5,,0,False,1,sewing kit,occasion,2026-09-01,2026-08-31T20:13:01.311640+00:00
woolworths,1113998089,Portable Sewing Kit Home Travel Sewing Thread Needles Pins Measure Set With Case,,1EA,18.99,18.99,,,False,2,sewing kit,occasion,2026-09-01,2026-08-31T20:13:01.311640+00:00
woolworths,104966,Korbond Sewing Bag Kit With Zipper each,Korbond,each,12,12,,0,False,3,sewing kit,occasion,2026-09-01,2026-08-31T20:13:01.311640+00:00
woolworths,1127973083,Gear Aid Sewing Kit,Gear Aid,,26.95,26.95,,,False,4,sewing kit,occasion,2026-09-01,2026-08-31T20:13:01.311640+00:00
woolworths,1118084489,Galt Toys First Sewing Kit,Galt Toys,1EA,26.95,26.95,,,False,5,sewing kit,occasion,2026-09-01,2026-08-31T20:13:01.311640+00:00
woolworths,1112079217,My Fabulous Fox Sewing Kit,The Book Warehouse,1EA,16.5,16.5,,,False,6,sewing kit,occasion,2026-09-01,2026-08-31T20:13:01.311640+00:00
woolworths,1127975745,OzOffer Sewing Kit 40pk,,,26,26,,,False,7,sewing kit,occasion,2026-09-01,2026-08-31T20:13:01.311640+00:00
woolworths,1111608075,Lulu Grace Round Sewing Kit,Lulu Grace,1EA,15.95,15.95,,,False,8,sewing kit,occasion,2026-09-01,2026-08-31T20:13:01.311640+00:00
woolworths,1112079547,My Hootiful Owl Sewing Kit,The Book Warehouse,1EA,16.5,16.5,,,False,9,sewing kit,occasion,2026-09-01,2026-08-31T20:13:01.311640+00:00
woolworths,1110476803,Portable Sewing Kit Home Travel Sewing Set 128pcs,,1EA,42.26,46.95,,,True,10,sewing kit,occasion,2026-09-01,2026-08-31T20:13:01.311640+00:00
coles,5135528,Korbond Travel Sewing Kit,Korbond,1 each,5.5,,,,False,1,sewing kit,occasion,2026-09-01,2026-08-31T20:13:01.311640+00:00
coles,4247130,Korbond Sewing Kit,Korbond,1 each,12,,,,False,2,sewing kit,occasion,2026-09-01,2026-08-31T20:13:01.311640+00:00
coles,3973894,Korbond Threaded Needle Kit,Korbond,10 Pack,3.2,,,,False,3,sewing kit,occasion,2026-09-01,2026-08-31T20:13:01.311640+00:00
coles,2407009,Korbond Instant Repair Kit,Korbond,1 each,5.5,,,,False,4,sewing kit,occasion,2026-09-01,2026-08-31T20:13:01.311640+00:00
coles,5323415,Korbond Home Needle Kit,Korbond,40 Pack,2.8,,,,False,5,sewing kit,occasion,2026-09-01,2026-08-31T20:13:01.311640+00:00
woolworths,1119106017,Best News Ever! Greeting Card,,,2.2,2.2,,,False,1,greeting card,occasion,2026-09-01,2026-08-31T20:13:03.305819+00:00
woolworths,1128256439,Lovely Person Colourful Greeting Card,Hallmark,,6.6,6.6,,,False,2,greeting card,occasion,2026-09-01,2026-08-31T20:13:03.305819+00:00
woolworths,1119106315,Congratulations! Greeting Card,,,2.2,2.2,,,False,3,greeting card,occasion,2026-09-01,2026-08-31T20:13:03.305819+00:00
woolworths,1128261265,Sesame Street Greeting Card,Hallmark,,8.8,8.8,,,False,4,greeting card,occasion,2026-09-01,2026-08-31T20:13:03.305819+00:00
woolworths,1124536973,Dragonfly Necklace On Greetings Card,,,32,32,,,False,5,greeting card,occasion,2026-09-01,2026-08-31T20:13:03.305819+00:00
woolworths,1129686537,Hallmark Greeting Card - My Hero,Hallmark,,6.6,6.6,,,False,6,greeting card,occasion,2026-09-01,2026-08-31T20:13:03.305819+00:00
woolworths,1128261227,Rainbow Brite Greeting Card,Hallmark,,8.8,8.8,,,False,7,greeting card,occasion,2026-09-01,2026-08-31T20:13:03.305819+00:00
woolworths,1129489041,Hallmark Greeting Card - The Coolest,Hallmark,,6.6,6.6,,,False,8,greeting card,occasion,2026-09-01,2026-08-31T20:13:03.305819+00:00
woolworths,1119107087,Thank You Triangles Greeting Card,,,2.2,2.2,,,False,9,greeting card,occasion,2026-09-01,2026-08-31T20:13:03.305819+00:00
woolworths,1128258221,Hallmark Signature Greeting Card - Just For You,Hallmark,,14.3,14.3,,,False,10,greeting card,occasion,2026-09-01,2026-08-31T20:13:03.305819+00:00
woolworths,1128085701,Baby Blue Gingham Gift Wrapping Paper Sheet,Artwrap,,2.99,2.99,,,False,1,wrapping paper,occasion,2026-09-01,2026-08-31T20:13:05.227606+00:00
woolworths,1128085643,Baby Pink Gingham Gift Wrapping Paper Sheet,Artwrap,,2.99,2.99,,,False,2,wrapping paper,occasion,2026-09-01,2026-08-31T20:13:05.227606+00:00
woolworths,1109744073,Magnolia Gold Hearts Gift Wrap - Premium Wrapping Paper,Bliss Gifts and Homewares,,2.99,2.99,,,False,3,wrapping paper,occasion,2026-09-01,2026-08-31T20:13:05.227606+00:00
woolworths,1128085761,Hot Wheels Racing Gift Wrapping Paper Sheet,Artwrap,,2.99,2.99,,,False,4,wrapping paper,occasion,2026-09-01,2026-08-31T20:13:05.227606+00:00
woolworths,1128085679,Pink Wildflower Gift Wrapping Paper Sheet,Artwrap,,2.99,2.99,,,False,5,wrapping paper,occasion,2026-09-01,2026-08-31T20:13:05.227606+00:00
woolworths,1128085641,Cute Pink Daisy Gift Wrapping Paper Sheet,Artwrap,,2.99,2.99,,,False,6,wrapping paper,occasion,2026-09-01,2026-08-31T20:13:05.227606+00:00
woolworths,1105681395,Parramatta Eels NRL Rugby League Wrapping Paper Gift Wrap,,1EA,6.95,6.95,,,False,7,wrapping paper,occasion,2026-09-01,2026-08-31T20:13:05.227606+00:00
woolworths,1128085739,Vintage Daisy Gift Wrapping Paper Sheet,Artwrap,,2.99,2.99,,,False,8,wrapping paper,occasion,2026-09-01,2026-08-31T20:13:05.227606+00:00
woolworths,1109744065,Magnolia Candles Gift Wrap - Premium Birthday Wrapping Paper,Bliss Gifts and Homewares,,2.99,2.99,,,False,9,wrapping paper,occasion,2026-09-01,2026-08-31T20:13:05.227606+00:00
woolworths,7799,Paperclick Kraft Paper Roll 10m each,Paperclick,each,5,5,,0,False,10,wrapping paper,occasion,2026-09-01,2026-08-31T20:13:05.227606+00:00
coles,9193016,Coles Party Invitations,Coles,10 Pack,5,,0.5,1ea,False,1,wrapping paper,occasion,2026-09-01,2026-08-31T20:13:05.227606+00:00
coles,5249436,Scotch Gift Wrap Tape Dispenser,Scotch,1 each,5.9,,,,False,2,wrapping paper,occasion,2026-09-01,2026-08-31T20:13:05.227606+00:00
woolworths,130700,MINT Everyday Heavy Weight Tea Towel Terry Assorted 5 pack,MINT,5 pack,12,12,,0,False,1,tea towel,occasion,2026-09-01,2026-08-31T20:13:07.199909+00:00
woolworths,775455,MINT Everyday Tea Towel Cotton Starter Assorted 5 pack,MINT,5 pack,6,6,,,False,2,tea towel,occasion,2026-09-01,2026-08-31T20:13:07.199909+00:00
woolworths,6021501,MINT Jacquard Tea Towel Assorted 3 pack,MINT,3 pack,8,8,,0,False,3,tea towel,occasion,2026-09-01,2026-08-31T20:13:07.199909+00:00
woolworths,634696,MINT Terry Back Tea Towel 2 pack,MINT,2 pack,8,8,,0,False,4,tea towel,occasion,2026-09-01,2026-08-31T20:13:07.199909+00:00
woolworths,6058699,Bushland Buddies Tea Towel Assorted 2 pack,Bushland Buddies,2 pack,14,14,,0,False,5,tea towel,occasion,2026-09-01,2026-08-31T20:13:07.199909+00:00
woolworths,1128288091,12x Jumbo Size Kitchen Tea Towels Cotton Dish Cloths Bar Towels,,,47.99,47.99,,,False,6,tea towel,occasion,2026-09-01,2026-08-31T20:13:07.199909+00:00
woolworths,1125157439,Kitchen Tea Towels Country Life Teatowel New Green Tractor Dish Cloth,Landmark,1EA,27.5,27.5,,,False,7,tea towel,occasion,2026-09-01,2026-08-31T20:13:07.199909+00:00
woolworths,1126037231,Ladelle Microfibre Kitchen Tea Towels Benton Green Dish Cloths Set 433739,,,34.95,34.95,,,False,8,tea towel,occasion,2026-09-01,2026-08-31T20:13:07.199909+00:00
woolworths,1120119383,Cavallini Cotton Kitchen Tea Towel Absorbent Dish Cloth 48x80cm Floreale,Cavallini,1EA,41.65,41.65,,,False,9,tea towel,occasion,2026-09-01,2026-08-31T20:13:07.199909+00:00
woolworths,1120119309,Cavallini Cotton Kitchen Tea Towel Absorbent Dish Cloth 48x80cm Succulents,Cavallini,1EA,41.65,41.65,,,False,10,tea towel,occasion,2026-09-01,2026-08-31T20:13:07.199909+00:00
coles,7707655,Cook & Dine Terry Tea Towels,Cook & Dine Terry Tea,5 Pack,12,,2.4,1ea,False,1,tea towel,occasion,2026-09-01,2026-08-31T20:13:07.199909+00:00
coles,8071964,Licensed Tea Towel,Licensed,1 each,6,,6,1ea,False,2,tea towel,occasion,2026-09-01,2026-08-31T20:13:07.199909+00:00
coles,7707622,Cook & Dine Jumbo Tea Towel,Cook & Dine,1 each,5,,5,1ea,False,3,tea towel,occasion,2026-09-01,2026-08-31T20:13:07.199909+00:00
coles,7707611,Cook & Dine Mixed Tea Towels,Cook & Dine,3 Pack,8,,2.67,1ea,False,4,tea towel,occasion,2026-09-01,2026-08-31T20:13:07.199909+00:00
coles,7707666,Cook & Dine Classic Woven Tea Towels,Cook & Dine,3 Pack,8,,2.67,1ea,False,5,tea towel,occasion,2026-09-01,2026-08-31T20:13:07.199909+00:00
coles,7707644,Cook & Dine Apron Cook & Dine Apron,Cook & Dine Apron,1 Each,12,,12,1ea,False,6,tea towel,occasion,2026-09-01,2026-08-31T20:13:07.199909+00:00
woolworths,1124189887,36pcs Wooden Clothes Pegs,,,2.99,2.99,0.08,1EA,False,1,clothes pegs,occasion,2026-09-01,2026-08-31T20:13:09.031460+00:00
woolworths,98078,Clean Wooden Peg 60 Pack,Clean,60 pack,2.6,2.6,,0,False,2,clothes pegs,occasion,2026-09-01,2026-08-31T20:13:09.031460+00:00
woolworths,829999,Woolworths Essentials Peg 60 pack,Woolworths Essentials,60 pack,3.5,3.5,,0,False,3,clothes pegs,occasion,2026-09-01,2026-08-31T20:13:09.031460+00:00
woolworths,20069,Reva Pegs Plastic 48 pack,Reva,48 pack,6.5,6.5,0.14,1EA,False,4,clothes pegs,occasion,2026-09-01,2026-08-31T20:13:09.031460+00:00
woolworths,6028500,Seymours Heavy Duty Steel Pegs 20 pack,Seymours,20 pack,10,10,,0,False,5,clothes pegs,occasion,2026-09-01,2026-08-31T20:13:09.031460+00:00
woolworths,1122763323,Clothes Pegs Stainless Steel 20pk,Boxsweden,1EA,21.5,21.5,,,False,6,clothes pegs,occasion,2026-09-01,2026-08-31T20:13:09.031460+00:00
woolworths,1120111883,Clothes Pegs Heavy Duty 20pk,,,10.98,10.98,0.55,1EA,False,7,clothes pegs,occasion,2026-09-01,2026-08-31T20:13:09.031460+00:00
woolworths,1109033895,Ozoffer Clothes Pegs Wooden 50pc,,,11.99,11.99,23.98,100EA,False,8,clothes pegs,occasion,2026-09-01,2026-08-31T20:13:09.031460+00:00
woolworths,1124189885,24pcs Colored Plastic Clothes Pegs (Original),,,2.99,2.99,2.99,1EA,False,9,clothes pegs,occasion,2026-09-01,2026-08-31T20:13:09.031460+00:00
woolworths,1114558855,100 Pcs Eco Bamboo Clothes Pegs,Clevinger,1EA,29.95,29.95,,,False,10,clothes pegs,occasion,2026-09-01,2026-08-31T20:13:09.031460+00:00
coles,6745477,Coles Clothes Plastic Pegs,Coles,34 Pack,1.85,,0.05,1ea,False,1,clothes pegs,occasion,2026-09-01,2026-08-31T20:13:09.031460+00:00
coles,9219288,Coles Wooden Pegs,Coles,48 Pack,2.1,,0.04,1ea,False,2,clothes pegs,occasion,2026-09-01,2026-08-31T20:13:09.031460+00:00
woolworths,1129981813,"Velocity Sink Strainer, Insert Sink Screen",,,19,19,,,False,1,sink strainer,occasion,2026-09-01,2026-08-31T20:13:10.889345+00:00
woolworths,1117809021,Wiltshire Sink Strainer Basket,Wiltshire,1EA,16,16,,,False,2,sink strainer,occasion,2026-09-01,2026-08-31T20:13:10.889345+00:00
woolworths,1119253313,Wiltshire Sink Strainer Basket,Wiltshire,1EA,28.95,28.95,,,False,3,sink strainer,occasion,2026-09-01,2026-08-31T20:13:10.889345+00:00
woolworths,1129982039,"Velocity Sink Strainer Basket, Yellow",,,21,21,,,False,4,sink strainer,occasion,2026-09-01,2026-08-31T20:13:10.889345+00:00
woolworths,1108486533,OXO Good Grips Sink Strainer,OXO,1EA,23.7,23.7,,,False,5,sink strainer,occasion,2026-09-01,2026-08-31T20:13:10.889345+00:00
woolworths,1129982339,"Velocity Sink Strainer Basket Sink Strainer Basket for Food Waste, Yellow",,,25,25,,,False,6,sink strainer,occasion,2026-09-01,2026-08-31T20:13:10.889345+00:00
woolworths,1129982331,"Velocity Kitchen Sink Strainer Basket Sink Strainer Basket for Food Waste, Green",,,26,26,,,False,7,sink strainer,occasion,2026-09-01,2026-08-31T20:13:10.889345+00:00
woolworths,1129981947,"Velocity Sink Strainer Basket, Insert Sink Screen",,,19,19,,,False,8,sink strainer,occasion,2026-09-01,2026-08-31T20:13:10.889345+00:00
woolworths,1115920947,Appetito Stainless Steel & Silicone Sink Strainer,Appetito,1EA,17.96,17.96,,,False,9,sink strainer,occasion,2026-09-01,2026-08-31T20:13:10.889345+00:00
woolworths,1129982589,"Velocity Sink Strainer Basket, Food Sink Catcher Strainer Basket, Grey",,,20,20,,,False,10,sink strainer,occasion,2026-09-01,2026-08-31T20:13:10.889345+00:00
coles,8425058,Coles Sink Strainer 7.5cm,Coles,2 Pack,3,,,,False,1,sink strainer,occasion,2026-09-01,2026-08-31T20:13:10.889345+00:00
