retailer,product_id,name,brand,size_raw,price,was_price,unit_price,unit_measure,is_on_special,result_rank,search_term,category,snapshot_date,fetched_at
woolworths,888137,Woolworths Full Cream Milk 2L,Woolworths,2L,3.4,3.4,1.7,1L,False,1,full cream milk 2l,dairy,2026-10-11,2026-10-10T13:00:26.191084+00:00
woolworths,44528,Norco Full Cream Milk 2L,Norco,2L,5.05,5.05,2.53,1L,False,2,full cream milk 2l,dairy,2026-10-11,2026-10-10T13:00:26.191084+00:00
woolworths,113887,Riverina Fresh Full Cream Milk 2L,Riverina,2L,5.15,5.15,2.58,1L,False,3,full cream milk 2l,dairy,2026-10-11,2026-10-10T13:00:26.191084+00:00
woolworths,88436,Dairy Farmers Full Cream Milk 2L,Dairy Farmers,2L,4.7,4.7,2.35,1L,False,4,full cream milk 2l,dairy,2026-10-11,2026-10-10T13:00:26.191084+00:00
woolworths,154465,Norco Organic Milk 2L,Norco,2L,7.2,7.2,3.6,1L,False,5,full cream milk 2l,dairy,2026-10-11,2026-10-10T13:00:26.191084+00:00
woolworths,785722,Pauls Zymil Lactose Free Full Cream Milk 2L,Pauls,2L,5.95,6.9,2.98,1L,True,6,full cream milk 2l,dairy,2026-10-11,2026-10-10T13:00:26.191084+00:00
woolworths,406949,The Little Big Dairy Company Full Cream Milk 2L,The Little Big Dairy Company,2L,7.45,7.45,3.73,1L,False,7,full cream milk 2l,dairy,2026-10-11,2026-10-10T13:00:26.191084+00:00
woolworths,896367,Norco Pure Jersey Milk 2L,Norco,2L,6.55,6.55,3.28,1L,False,8,full cream milk 2l,dairy,2026-10-11,2026-10-10T13:00:26.191084+00:00
woolworths,789208,Riverina Fresh Lactose Free Full Cream Milk 2L,Riverina,2L,6.3,6.3,3.15,1L,False,9,full cream milk 2l,dairy,2026-10-11,2026-10-10T13:00:26.191084+00:00
woolworths,208064,a2 Milk Full Cream 2L,a2,2L,7.3,7.3,3.65,1L,False,10,full cream milk 2l,dairy,2026-10-11,2026-10-10T13:00:26.191084+00:00
coles,439693,Coles Full Cream Milk,Coles,2L,3.4,,1.7,1l,False,1,full cream milk 2l,dairy,2026-10-11,2026-10-10T13:00:26.191084+00:00
coles,9760091,a2 Milk Full Cream Milk,a2 Milk,2L,7.3,,3.65,1l,False,2,full cream milk 2l,dairy,2026-10-11,2026-10-10T13:00:26.191084+00:00
coles,1913790,Devondale Full Cream Milk,Devondale,2L,4.7,,2.35,1l,False,3,full cream milk 2l,dairy,2026-10-11,2026-10-10T13:00:26.191084+00:00
coles,5477930,Pura Full Cream Milk,Pura,2L,4.1,4.65,2.05,1l,False,4,full cream milk 2l,dairy,2026-10-11,2026-10-10T13:00:26.191084+00:00
coles,5458210,a2 Milk Lactose Free Full Cream Milk,a2 Milk,2L,7.3,,3.65,1l,False,5,full cream milk 2l,dairy,2026-10-11,2026-10-10T13:00:26.191084+00:00
coles,5593191,a2 Milk Lactose Free Full Cream Milk,a2 Milk,1L,4.1,,4.1,1l,False,6,full cream milk 2l,dairy,2026-10-11,2026-10-10T13:00:26.191084+00:00
coles,1104147,a2 Milk Lactose Free Full Cream Milk,a2 Milk,3L,10.5,,3.5,1l,False,7,full cream milk 2l,dairy,2026-10-11,2026-10-10T13:00:26.191084+00:00
coles,9411784,Pauls Smarter White Milk 2% Fat Full Cream Taste,Pauls,2L,4.55,5.1,2.28,1l,False,8,full cream milk 2l,dairy,2026-10-11,2026-10-10T13:00:26.191084+00:00
coles,4873250,a2 Milk Full Cream Uht Milk,a2 Milk,1L,3.9,,3.9,1l,False,9,full cream milk 2l,dairy,2026-10-11,2026-10-10T13:00:26.191084+00:00
coles,5984520,Devondale Uht Full Cream Multipack Milk 6x200ml,Devondale,1.2L,5.2,6.25,4.33,1l,False,10,full cream milk 2l,dairy,2026-10-11,2026-10-10T13:00:26.191084+00:00
coles,4201117,Gippsland Jersey Full Cream Milk,Gippsland,2L,6.2,,3.1,1l,False,11,full cream milk 2l,dairy,2026-10-11,2026-10-10T13:00:26.191084+00:00
coles,9321070,Great Ocean Road Fresh Full Cream Milk,Great Ocean Road,2L,5,,2.5,1l,False,12,full cream milk 2l,dairy,2026-10-11,2026-10-10T13:00:26.191084+00:00
coles,6450917,East Coast Sustainable Organic Full Cream Milk,East Coast,2L,7.9,,3.95,1l,False,13,full cream milk 2l,dairy,2026-10-11,2026-10-10T13:00:26.191084+00:00
coles,1079786,Coles Lactose Free Full Cream Milk,Coles,2L,5.2,,2.6,1l,False,14,full cream milk 2l,dairy,2026-10-11,2026-10-10T13:00:26.191084+00:00
coles,1902454,Pauls Zymil Lactose Free Full Cream Milk,Pauls,2L,6.9,,3.45,1l,False,15,full cream milk 2l,dairy,2026-10-11,2026-10-10T13:00:26.191084+00:00
coles,8011532,Coles Multipack Full Cream Uht Milk 6 Pack,Coles,1200mL,4.5,,3.75,1l,False,16,full cream milk 2l,dairy,2026-10-11,2026-10-10T13:00:26.191084+00:00
coles,1973022,Devondale High Protein Full Cream Milk 6x200ml,Devondale,1.2L,6.9,,5.75,1l,False,17,full cream milk 2l,dairy,2026-10-11,2026-10-10T13:00:26.191084+00:00
coles,5633922,Pura Lactose Free Full Cream,Pura,2L,5.75,,2.88,1l,False,18,full cream milk 2l,dairy,2026-10-11,2026-10-10T13:00:26.191084+00:00
woolworths,89926,Dairy Farmers Skim Milk 2L,Dairy Farmers,2L,5.05,5.05,2.53,1L,False,1,skim milk 2l,dairy,2026-10-11,2026-10-10T13:00:48.584363+00:00
woolworths,260729,Norco Skim Milk 2L,Norco,2L,5.05,5.05,2.53,1L,False,2,skim milk 2l,dairy,2026-10-11,2026-10-10T13:00:48.584363+00:00
woolworths,345464,Riverina Fresh Skim Milk 2L,Riverina,2L,5.25,5.25,2.63,1L,False,3,skim milk 2l,dairy,2026-10-11,2026-10-10T13:00:48.584363+00:00
woolworths,208066,a2 Milk Light 2L,a2,2L,7.3,7.3,3.65,1L,False,4,skim milk 2l,dairy,2026-10-11,2026-10-10T13:00:48.584363+00:00
woolworths,888139,Woolworths Lite Milk 2L,Woolworths,2L,3.4,3.4,1.7,1L,False,5,skim milk 2l,dairy,2026-10-11,2026-10-10T13:00:48.584363+00:00
woolworths,293187,Norco Reduced Fat Milk 2L,Norco,2L,5.05,5.05,2.53,1L,False,6,skim milk 2l,dairy,2026-10-11,2026-10-10T13:00:48.584363+00:00
woolworths,24133,Dairy Farmers Light Milk 2L,Dairy Farmers,2L,5.05,5.05,2.53,1L,False,7,skim milk 2l,dairy,2026-10-11,2026-10-10T13:00:48.584363+00:00
woolworths,553273,Norco Lactose Free Lite Milk 2L,Norco,2L,6.65,6.65,3.33,1L,False,8,skim milk 2l,dairy,2026-10-11,2026-10-10T13:00:48.584363+00:00
woolworths,204746,Pauls Smarter White Low Fat Milk 2L,Pauls,2L,4.6,5.1,2.3,1L,True,9,skim milk 2l,dairy,2026-10-11,2026-10-10T13:00:48.584363+00:00
woolworths,407493,The Little Big Dairy Company No Cream Milk 2L,The Little Big Dairy Company,2L,7.1,7.1,3.55,1L,False,10,skim milk 2l,dairy,2026-10-11,2026-10-10T13:00:48.584363+00:00
coles,1079800,Coles Skim Milk,Coles,2L,3.4,,1.7,1l,False,1,skim milk 2l,dairy,2026-10-11,2026-10-10T13:00:48.584363+00:00
coles,5994046,Devondale Uht Skim Multipack Milk 6x200ml,Devondale,1.2L,5.2,6.25,4.33,1l,False,2,skim milk 2l,dairy,2026-10-11,2026-10-10T13:00:48.584363+00:00
coles,1911604,Devondale Light Milk,Devondale,2L,4.7,,2.35,1l,False,3,skim milk 2l,dairy,2026-10-11,2026-10-10T13:00:48.584363+00:00
coles,9759944,a2 Milk Light Milk,a2 Milk,2L,7.3,,3.65,1l,False,4,skim milk 2l,dairy,2026-10-11,2026-10-10T13:00:48.584363+00:00
coles,8379529,Coles Lite Reduced Fat Milk,Coles,2L,3.4,,1.7,1l,False,5,skim milk 2l,dairy,2026-10-11,2026-10-10T13:00:48.584363+00:00
coles,8972436,Pauls Zymil Lactose Free Skim Milk,Pauls,1L,3.95,,3.95,1l,False,6,skim milk 2l,dairy,2026-10-11,2026-10-10T13:00:48.584363+00:00
coles,5984520,Devondale Uht Full Cream Multipack Milk 6x200ml,Devondale,1.2L,5.2,6.25,4.33,1l,False,7,skim milk 2l,dairy,2026-10-11,2026-10-10T13:00:48.584363+00:00
coles,5410316,Pura Light Start Milk,Pura,2L,5.05,,2.53,1l,False,8,skim milk 2l,dairy,2026-10-11,2026-10-10T13:00:48.584363+00:00
coles,455849,Devondale Skim Long Life Milk,Devondale,1L,2.2,,2.2,1l,False,9,skim milk 2l,dairy,2026-10-11,2026-10-10T13:00:48.584363+00:00
coles,4824856,Devondale Semi Skim Long Life Milk,Devondale,1L,2.2,,2.2,1l,False,10,skim milk 2l,dairy,2026-10-11,2026-10-10T13:00:48.584363+00:00
coles,8011598,Coles Multipack Skim Uht Milk 6 Pack,Coles,1200mL,4.5,,3.75,1l,False,11,skim milk 2l,dairy,2026-10-11,2026-10-10T13:00:48.584363+00:00
coles,425043,Pauls Rev Low Fat Milk,Pauls,2L,5.5,,2.75,1l,False,12,skim milk 2l,dairy,2026-10-11,2026-10-10T13:00:48.584363+00:00
coles,9321138,Great Ocean Road Fresh Low Fat Milk,Great Ocean Road,2L,5,,2.5,1l,False,13,skim milk 2l,dairy,2026-10-11,2026-10-10T13:00:48.584363+00:00
coles,4985,Pauls Physical Hi Calcium No Fat Milk,Pauls,2L,6,,3,1l,False,14,skim milk 2l,dairy,2026-10-11,2026-10-10T13:00:48.584363+00:00
coles,5260188,Pauls Skinny Low Fat Free,Pauls,2L,5.6,,2.8,1l,False,15,skim milk 2l,dairy,2026-10-11,2026-10-10T13:00:48.584363+00:00
woolworths,48650,Woolworths Salted Butter 500g,Woolworths,500g,7,7,1.4,100G,False,1,butter 500g,dairy,2026-10-11,2026-10-10T13:01:15.955647+00:00
woolworths,688962,Woolworths Essentials Unsalted Butter 500g,Woolworths Essentials,500g,7,7,1.4,100G,False,2,butter 500g,dairy,2026-10-11,2026-10-10T13:01:15.955647+00:00
woolworths,41287,Western Star Salted Butter Block 500g,Western Star,500g,8.9,8.9,1.78,100G,False,3,butter 500g,dairy,2026-10-11,2026-10-10T13:01:15.955647+00:00
woolworths,69756,Western Star Original Spreadable Butter Blend Tub 500g,Western Star,500g,7,7.9,1.4,100G,False,4,butter 500g,dairy,2026-10-11,2026-10-10T13:01:15.955647+00:00
woolworths,802209,Devondale Butter Block Unsalted 500g,Devondale,500g,9.3,9.3,1.86,100G,False,5,butter 500g,dairy,2026-10-11,2026-10-10T13:01:15.955647+00:00
woolworths,712251,Western Star Unsalted Butter Block Chef's Choice 500g,Western Star,500g,8.9,8.9,1.78,100G,False,6,butter 500g,dairy,2026-10-11,2026-10-10T13:01:15.955647+00:00
woolworths,504592,Westgold Butter Salted 400g,Westgold,400g,8,8,2,100G,False,7,butter 500g,dairy,2026-10-11,2026-10-10T13:01:15.955647+00:00
woolworths,15791,Devondale Extra Soft Spreadable Butter 500g,Devondale,500g,8,8,1.6,100G,False,8,butter 500g,dairy,2026-10-11,2026-10-10T13:01:15.955647+00:00
woolworths,48462,Devondale Dairy Soft Spreadable Butter 500g,Devondale,500g,8,8,1.6,100G,False,9,butter 500g,dairy,2026-10-11,2026-10-10T13:01:15.955647+00:00
woolworths,233925,Woolworths Crunchy Peanut Butter 500g,Woolworths,500g,3.2,3.2,0.64,100G,False,10,butter 500g,dairy,2026-10-11,2026-10-10T13:01:15.955647+00:00
coles,3169880,Coles Simply Salted Butter,Coles Simply,500g,7,,1.4,100g,False,1,butter 500g,dairy,2026-10-11,2026-10-10T13:01:15.955647+00:00
coles,210160,Coles Salted Butter,Coles,500g,8.5,,1.7,100g,False,2,butter 500g,dairy,2026-10-11,2026-10-10T13:01:15.955647+00:00
coles,210604,Western Star Dairy Butter,Western Star,500g,8,8.9,1.6,100g,False,3,butter 500g,dairy,2026-10-11,2026-10-10T13:01:15.955647+00:00
coles,93760,Western Star Chef's Choice Unsalted Cultured,Western Star,500g,8,8.9,1.6,100g,False,4,butter 500g,dairy,2026-10-11,2026-10-10T13:01:15.955647+00:00
coles,5407399,Bertolli Spread With Butter,Bertolli,450g,5.8,6.5,1.29,100g,False,5,butter 500g,dairy,2026-10-11,2026-10-10T13:01:15.955647+00:00
coles,1614813,Schmackos Strapz Peanut Butter Dog Treats,Schmackos,500g,13.6,17,2.72,100g,False,6,butter 500g,dairy,2026-10-11,2026-10-10T13:01:15.955647+00:00
coles,6442431,Coles Finest Parmentier Potatoes With Herb Butter,Coles Finest,500g,5,,10,1kg,False,7,butter 500g,dairy,2026-10-11,2026-10-10T13:01:15.955647+00:00
coles,8100621,Coles Peanut Butter Smooth,Coles,500g,3.4,,0.68,100g,False,8,butter 500g,dairy,2026-10-11,2026-10-10T13:01:15.955647+00:00
coles,8100632,Coles Peanut Butter Crunchy,Coles,500g,3.4,,0.68,100g,False,9,butter 500g,dairy,2026-10-11,2026-10-10T13:01:15.955647+00:00
coles,5469035,Coles Buttery Blend Spread,Coles,500g,5,,1,100g,False,10,butter 500g,dairy,2026-10-11,2026-10-10T13:01:15.955647+00:00
coles,3169835,Coles Simply Salted Butter,Coles Simply,250g,4.5,,1.8,100g,False,11,butter 500g,dairy,2026-10-11,2026-10-10T13:01:15.955647+00:00
coles,3566879,Coles Bread & Butter Cucumbers Sliced Pickles,Coles,500g,3,,6,1kg,False,12,butter 500g,dairy,2026-10-11,2026-10-10T13:01:15.955647+00:00
coles,5047613,Devondale Regular Butter Blend,Devondale,500g,8,,1.6,100g,False,13,butter 500g,dairy,2026-10-11,2026-10-10T13:01:15.955647+00:00
coles,3853699,Coles Beef Porterhouse Steak With Thyme And Pepper Butter,Coles,500g,22.5,,45,1kg,False,14,butter 500g,dairy,2026-10-11,2026-10-10T13:01:15.955647+00:00
coles,3056920,Nuttelex Buttery Spread,Nuttelex,500g,4.5,5.7,0.9,100g,False,15,butter 500g,dairy,2026-10-11,2026-10-10T13:01:15.955647+00:00
coles,4472748,Coles Made Easy Chicken Breasts Filled With Garlic & Herb Butter Topped With A Cheese Crumb,Coles Made Easy,500g,13.5,,27,1kg,False,16,butter 500g,dairy,2026-10-11,2026-10-10T13:01:15.955647+00:00
coles,5017496,Devondale Dairy Soft Salt Reduced Spreadable Butter,Devondale,500g,8,,1.6,100g,False,17,butter 500g,dairy,2026-10-11,2026-10-10T13:01:15.955647+00:00
coles,7789048,Tablelands Reduce Cholesterol Spread,Tablelands,500g,4.7,5.25,0.94,100g,False,18,butter 500g,dairy,2026-10-11,2026-10-10T13:01:15.955647+00:00
coles,4844820,Nuttelex Spread Light Buttery,Nuttelex,500g,4.5,5.7,0.9,100g,False,19,butter 500g,dairy,2026-10-11,2026-10-10T13:01:15.955647+00:00
coles,5448589,Olive Grove Classic Olive Oil Margarine Tub,Olive Grove,500g,4.5,6,0.9,100g,False,20,butter 500g,dairy,2026-10-11,2026-10-10T13:01:15.955647+00:00
coles,209161,Nuttelex Original Spread,Nuttelex,500g,4.5,5.7,0.9,100g,False,21,butter 500g,dairy,2026-10-11,2026-10-10T13:01:15.955647+00:00
coles,138074,Meadow Lea Original Margarine Spread,Meadow Lea,500g,4,4.5,0.8,100g,False,22,butter 500g,dairy,2026-10-11,2026-10-10T13:01:15.955647+00:00
coles,6319071,Coles Simply Table Spread,Coles Simply,500g,2.2,,0.44,100g,False,23,butter 500g,dairy,2026-10-11,2026-10-10T13:01:15.955647+00:00
coles,3162734,Coles Cholesterol Lowering Spread,Coles,500g,5.2,,1.04,100g,False,24,butter 500g,dairy,2026-10-11,2026-10-10T13:01:15.955647+00:00
coles,189494,Supafry Beef Tallow,Supafry,500g,4.5,,0.9,100g,False,25,butter 500g,dairy,2026-10-11,2026-10-10T13:01:15.955647+00:00
coles,9643622,Bertolli Olive Oil Margarine Spread Classic,Bertolli,500g,4.5,,0.9,100g,False,26,butter 500g,dairy,2026-10-11,2026-10-10T13:01:15.955647+00:00
coles,9641809,Coles Olive Oil Spread,Coles,500g,3.5,,0.7,100g,False,27,butter 500g,dairy,2026-10-11,2026-10-10T13:01:15.955647+00:00
coles,9024019,Tablelands Dairy Free Spread,Tablelands,500g,3.2,,0.64,100g,False,28,butter 500g,dairy,2026-10-11,2026-10-10T13:01:15.955647+00:00
coles,3277088,Wik Tallow Dripping,Wik,500g,4.5,,0.9,100g,False,29,butter 500g,dairy,2026-10-11,2026-10-10T13:01:15.955647+00:00
coles,7716113,Western Star Spreadable Blend Reduced Salt,Western Star,500g,7.9,,1.58,100g,False,30,butter 500g,dairy,2026-10-11,2026-10-10T13:01:15.955647+00:00
coles,7716500,Western Star Spreadable Blend Original Soft,Western Star,500g,7.9,,1.58,100g,False,31,butter 500g,dairy,2026-10-11,2026-10-10T13:01:15.955647+00:00
coles,9410760,Flora Proactiv Margarine Spread Light,Flora,500g,10,,2,100g,False,32,butter 500g,dairy,2026-10-11,2026-10-10T13:01:15.955647+00:00
coles,8085029,Flora Proactiv Margarine Spread Buttery,Flora,500g,10,,2,100g,False,33,butter 500g,dairy,2026-10-11,2026-10-10T13:01:15.955647+00:00
coles,87643,Flora Margarine Spread Light,Flora,500g,5.5,,1.1,100g,False,34,butter 500g,dairy,2026-10-11,2026-10-10T13:01:15.955647+00:00
coles,8840843,Flora Pro Activ Margarine Spread Original,Flora,500g,10,,2,100g,False,35,butter 500g,dairy,2026-10-11,2026-10-10T13:01:15.955647+00:00
coles,9615296,Western Star Spreadable Blend Supersoft,Western Star,500g,7.9,,1.58,100g,False,36,butter 500g,dairy,2026-10-11,2026-10-10T13:01:15.955647+00:00
coles,5017500,Devondale Dairy Soft Dy Blend Tub Regular,Devondale,500g,8,,1.6,100g,False,37,butter 500g,dairy,2026-10-11,2026-10-10T13:01:15.955647+00:00
coles,4827810,Flora Margarine Spread Buttery,Flora,500g,5.5,,1.1,100g,False,38,butter 500g,dairy,2026-10-11,2026-10-10T13:01:15.955647+00:00
coles,189406,Flora Margarine Spread Original,Flora,500g,5.5,,1.1,100g,False,39,butter 500g,dairy,2026-10-11,2026-10-10T13:01:15.955647+00:00
coles,5384679,Nuttelex Olive Spread,Nuttelex,500g,6.3,,1.26,100g,False,40,butter 500g,dairy,2026-10-11,2026-10-10T13:01:15.955647+00:00
woolworths,310237,Woolworths Tasty Cheese Block 500g,Woolworths,500g,6.6,6.6,13.2,1KG,False,1,tasty cheese block 500g,dairy,2026-10-11,2026-10-10T13:01:20.089811+00:00
woolworths,40471,Bega Tasty Cheese Block 500g,Bega,500g,9.5,10.5,19,1KG,True,2,tasty cheese block 500g,dairy,2026-10-11,2026-10-10T13:01:20.089811+00:00
woolworths,32198,Mainland Tasty Cheese Block 500g,Mainland,500g,11,11,22,1KG,False,3,tasty cheese block 500g,dairy,2026-10-11,2026-10-10T13:01:20.089811+00:00
woolworths,310238,Woolworths Extra Tasty Cheese Block 500g,Woolworths,500g,6.6,6.6,13.2,1KG,False,4,tasty cheese block 500g,dairy,2026-10-11,2026-10-10T13:01:20.089811+00:00
woolworths,182060,Bega Protein Tasty Cheese Block 500g,Bega,500g,9.5,10.5,19,1KG,True,5,tasty cheese block 500g,dairy,2026-10-11,2026-10-10T13:01:20.089811+00:00
woolworths,807870,Mainland Extra Tasty Cheese Block 500g,Mainland,500g,11,11,22,1KG,False,6,tasty cheese block 500g,dairy,2026-10-11,2026-10-10T13:01:20.089811+00:00
woolworths,17280,Dairyworks Tasty Block 500g,Dairyworks,500g,7.5,7.5,15,1KG,False,7,tasty cheese block 500g,dairy,2026-10-11,2026-10-10T13:01:20.089811+00:00
woolworths,811324,Dairyworks Tasty Cheese Slices 500g,Dairyworks,500g,8,8,16,1KG,False,8,tasty cheese block 500g,dairy,2026-10-11,2026-10-10T13:01:20.089811+00:00
woolworths,57304,Bega Colby Cheese Block 500g,Bega,500g,9.5,10.5,19,1KG,True,9,tasty cheese block 500g,dairy,2026-10-11,2026-10-10T13:01:20.089811+00:00
woolworths,769907,Bega Tasty Grated Cheese 500g,Bega,500g,9.5,10.5,19,1KG,True,10,tasty cheese block 500g,dairy,2026-10-11,2026-10-10T13:01:20.089811+00:00
coles,293995,Coles Cheese Block Tasty,Coles,500g,6.8,,13.6,1kg,False,1,tasty cheese block 500g,dairy,2026-10-11,2026-10-10T13:01:20.089811+00:00
coles,9182202,Great Ocean Road Extra Tasty Cheese Block,Great Ocean Road,500g,9.5,10.8,19,1kg,False,2,tasty cheese block 500g,dairy,2026-10-11,2026-10-10T13:01:20.089811+00:00
coles,472994,Mainland Tasty Cheese Block,Mainland,500g,10.5,11.8,21,1kg,False,3,tasty cheese block 500g,dairy,2026-10-11,2026-10-10T13:01:20.089811+00:00
coles,189712,Bega Cheese Tasty Block,Bega,500g,10.5,,21,1kg,False,4,tasty cheese block 500g,dairy,2026-10-11,2026-10-10T13:01:20.089811+00:00
coles,3308421,Mainland Extra Tasty Cheddar Cheese Block,Mainland,500g,10.5,11.8,21,1kg,False,5,tasty cheese block 500g,dairy,2026-10-11,2026-10-10T13:01:20.089811+00:00
coles,296712,Bega Cheese Tasty Block,Bega,250g,6.4,8,25.6,1kg,False,6,tasty cheese block 500g,dairy,2026-10-11,2026-10-10T13:01:20.089811+00:00
coles,7648283,Cheer Tasty Cheese Block,Cheer,400g,9,,22.5,1kg,False,7,tasty cheese block 500g,dairy,2026-10-11,2026-10-10T13:01:20.089811+00:00
coles,294003,Coles Dairy Tasty Cheese Block,Coles,250g,6,,24,1kg,False,8,tasty cheese block 500g,dairy,2026-10-11,2026-10-10T13:01:20.089811+00:00
coles,192411,Cheer Tasty Cheese Block,Cheer,1kg,14.95,,14.95,1kg,False,9,tasty cheese block 500g,dairy,2026-10-11,2026-10-10T13:01:20.089811+00:00
coles,5432669,Coles Dairy Extra Tasty Cheese Block,Coles,250g,6,,24,1kg,False,10,tasty cheese block 500g,dairy,2026-10-11,2026-10-10T13:01:20.089811+00:00
coles,7648465,Cheer Light & Tasty Cheese Block,Cheer,400g,9,,22.5,1kg,False,11,tasty cheese block 500g,dairy,2026-10-11,2026-10-10T13:01:20.089811+00:00
coles,447556,Norco Natural Cheese Block,Norco,500g,12,,24,1kg,False,12,tasty cheese block 500g,dairy,2026-10-11,2026-10-10T13:01:20.089811+00:00
coles,9728532,Jarlsberg Original Cheese Block,Jarlsberg,500g,20,,40,1kg,False,13,tasty cheese block 500g,dairy,2026-10-11,2026-10-10T13:01:20.089811+00:00
woolworths,312204,Farmers Union Light Greek Yoghurt 1kg,Farmers Union,1kg,7.5,7.5,0.75,100G,False,1,greek yoghurt 1kg,dairy,2026-10-11,2026-10-10T13:01:23.689652+00:00
woolworths,571487,Woolworths Natural Greek Style Yoghurt 1kg,Woolworths,1kg,4.2,4.2,0.42,100G,False,2,greek yoghurt 1kg,dairy,2026-10-11,2026-10-10T13:01:23.689652+00:00
woolworths,331963,Jalna Pot Set Greek Style Natural Yoghurt 1kg,Jalna,1kg,9,9,0.9,100G,False,3,greek yoghurt 1kg,dairy,2026-10-11,2026-10-10T13:01:23.689652+00:00
woolworths,31547,Farmers Union Greek Style Natural Yoghurt 1kg,Farmers Union,1kg,7.5,7.5,0.75,100G,False,4,greek yoghurt 1kg,dairy,2026-10-11,2026-10-10T13:01:23.689652+00:00
woolworths,6067251,Chris' Heritage Pot Set Greek Yoghurt 1kg,Chris',1kg,8.5,8.5,0.85,100G,False,5,greek yoghurt 1kg,dairy,2026-10-11,2026-10-10T13:01:23.689652+00:00
woolworths,622935,Tamar Valley Dairy Greek Style Yoghurt 1kg,Tamar Valley,1kg,8.3,8.3,0.83,100G,False,6,greek yoghurt 1kg,dairy,2026-10-11,2026-10-10T13:01:23.689652+00:00
woolworths,768154,Jalna Sweet & Creamy Greek Style Yoghurt 1kg,Jalna,1kg,9,9,0.9,100G,False,7,greek yoghurt 1kg,dairy,2026-10-11,2026-10-10T13:01:23.689652+00:00
woolworths,6035200,Farmers Union Greek Style High Protein Yoghurt Natural 900g,Farmers Union,900g,7.95,7.95,0.88,100G,False,8,greek yoghurt 1kg,dairy,2026-10-11,2026-10-10T13:01:23.689652+00:00
woolworths,463018,Jalna Sweet & Creamy Greek Style Strawberry Flavoured Yoghurt 1kg,Jalna,1kg,9,9,0.9,100G,False,9,greek yoghurt 1kg,dairy,2026-10-11,2026-10-10T13:01:23.689652+00:00
woolworths,6008707,Barambah Organics Greek Style Pot Set Yoghurt 1kg,Barambah Organics,1kg,9.7,9.7,0.97,100G,False,10,greek yoghurt 1kg,dairy,2026-10-11,2026-10-10T13:01:23.689652+00:00
coles,2130299,Tamar Valley Greek Style Yoghurt,Tamar Valley,1kg,8.3,,0.83,100g,False,1,greek yoghurt 1kg,dairy,2026-10-11,2026-10-10T13:01:23.689652+00:00
coles,7250935,Jalna Greek Style Natural Yoghurt,Jalna,1kg,7.2,9,0.72,100g,False,2,greek yoghurt 1kg,dairy,2026-10-11,2026-10-10T13:01:23.689652+00:00
coles,3816954,Jalna Farm To Pot Organic Yoghurt Greek Style,Jalna,1kg,7.2,9.2,0.72,100g,False,3,greek yoghurt 1kg,dairy,2026-10-11,2026-10-10T13:01:23.689652+00:00
coles,1438540,Jalna Sweet & Creamy Greek Style Yoghurt,Jalna,1kg,7.2,9,0.72,100g,False,4,greek yoghurt 1kg,dairy,2026-10-11,2026-10-10T13:01:23.689652+00:00
coles,5266865,Farmers Union Greek Style Natural Yoghurt,Farmers Union,1kg,7.5,,0.75,100g,False,5,greek yoghurt 1kg,dairy,2026-10-11,2026-10-10T13:01:23.689652+00:00
coles,1990746,Farmers Union Greek Style Light Yogurt,Farmers Union,1Kg,7.5,,0.75,100g,False,6,greek yoghurt 1kg,dairy,2026-10-11,2026-10-10T13:01:23.689652+00:00
coles,1851681,Coles Pot Set Natural Greek Style Yoghurt,Coles,1Kg,6.9,,0.69,100g,False,7,greek yoghurt 1kg,dairy,2026-10-11,2026-10-10T13:01:23.689652+00:00
coles,3816874,Jalna Lactose Free Greek Style Yoghurt Natural,Jalna,1kg,7.2,9.2,0.72,100g,False,8,greek yoghurt 1kg,dairy,2026-10-11,2026-10-10T13:01:23.689652+00:00
coles,2273478,Coles Greek Style Natural Yoghurt,Coles,1kg,4.5,,,100g,False,9,greek yoghurt 1kg,dairy,2026-10-11,2026-10-10T13:01:23.689652+00:00
coles,7110073,Chobani 15g High Protein Greek Yogurt Strawberry,Chobani,160g,2.6,3.3,1.63,100g,False,10,greek yoghurt 1kg,dairy,2026-10-11,2026-10-10T13:01:23.689652+00:00
coles,7109813,Chobani 15g High Protein Greek Yogurt Tropical,Chobani,160g,2.6,3.3,1.63,100g,False,11,greek yoghurt 1kg,dairy,2026-10-11,2026-10-10T13:01:23.689652+00:00
coles,7109686,Chobani 15g High Protein Greek Yogurt Blueberry,Chobani,160g,2.6,3.3,1.63,100g,False,12,greek yoghurt 1kg,dairy,2026-10-11,2026-10-10T13:01:23.689652+00:00
coles,7109609,Chobani 15g High Protein Greek Yogurt Vanilla,Chobani,160g,2.6,3.3,1.63,100g,False,13,greek yoghurt 1kg,dairy,2026-10-11,2026-10-10T13:01:23.689652+00:00
coles,2235480,Jalna Pot Set Sweet And Creamy Greek Style Coconut Flavoured Yoghurt,Jalna,1kg,7.2,9,,100g,False,14,greek yoghurt 1kg,dairy,2026-10-11,2026-10-10T13:01:23.689652+00:00
coles,2744701,Jalna Pot Set Greek Style Sweet & Creamy Strawberry Yoghurt,Jalna,1kg,7.2,9,,100g,False,15,greek yoghurt 1kg,dairy,2026-10-11,2026-10-10T13:01:23.689652+00:00
coles,2273489,Coles Light Greek Style Yoghurt,Coles,1kg,4.5,,,100g,False,16,greek yoghurt 1kg,dairy,2026-10-11,2026-10-10T13:01:23.689652+00:00
coles,1856583,Coles Light Greek Style Yoghurt,Coles,1Kg,4.5,,0.45,100g,False,17,greek yoghurt 1kg,dairy,2026-10-11,2026-10-10T13:01:23.689652+00:00
coles,1158317,Chobani 15g High Protein Greek Yogurt Banana Pouch,Chobani,150g,3.3,,2.2,100g,False,18,greek yoghurt 1kg,dairy,2026-10-11,2026-10-10T13:01:23.689652+00:00
coles,1154065,Chobani 15g High Protein Greek Yogurt Strawberry Pouch,Chobani,150g,3.3,,2.2,100g,False,19,greek yoghurt 1kg,dairy,2026-10-11,2026-10-10T13:01:23.689652+00:00
coles,1154054,Chobani 15g High Protein Greek Yogurt Raspberry Pouch,Chobani,150g,3.3,,2.2,100g,False,20,greek yoghurt 1kg,dairy,2026-10-11,2026-10-10T13:01:23.689652+00:00
coles,2273467,Coles Pot Set Natural Greek Style Yoghurt,Coles,1kg,6.7,,,100g,False,21,greek yoghurt 1kg,dairy,2026-10-11,2026-10-10T13:01:23.689652+00:00
coles,1151023,Jalna Greek Style Yoghurt Plus Natural,Jalna,1Kg,9.2,,,100g,False,22,greek yoghurt 1kg,dairy,2026-10-11,2026-10-10T13:01:23.689652+00:00
coles,9961366,Chobani No Added Sugar Greek Yogurt Blueberry Pouch,Chobani,100g,2.25,,2.25,100g,False,23,greek yoghurt 1kg,dairy,2026-10-11,2026-10-10T13:01:23.689652+00:00
woolworths,224763,Woolworths 12 Pack X Large Free Range Eggs 700g,Woolworths,700g,6.7,6.7,0.96,100G,False,1,eggs 12 pack,dairy,2026-10-11,2026-10-10T13:01:26.694559+00:00
woolworths,118213,Simply Eggs 12 Pack Extra Large Cage Free Eggs 700g,Simply Eggs,700g,6.9,6.9,0.99,100G,False,2,eggs 12 pack,dairy,2026-10-11,2026-10-10T13:01:26.694559+00:00
woolworths,313898,Manning Valley 12 Pack Large Free Range Eggs 600g,Manning Valley,600g,8.2,8.2,1.37,100G,False,3,eggs 12 pack,dairy,2026-10-11,2026-10-10T13:01:26.694559+00:00
woolworths,6024018,Pace Farm 12 Pack For Everyone Jumbo Free Range Eggs 800g,Pace Farm,800g,9.75,9.75,1.22,100G,False,4,eggs 12 pack,dairy,2026-10-11,2026-10-10T13:01:26.694559+00:00
woolworths,140691,Watson Family Farm 12 Pack Extra Large Free Range Eggs 700g,Watson Family Farm,700g,11.6,11.6,1.66,100G,False,5,eggs 12 pack,dairy,2026-10-11,2026-10-10T13:01:26.694559+00:00
woolworths,101523,Lake Macquarie 12 Pack Extra Large Free Range Eggs 700g,Lake Macquarie,700g,10,10,1.43,100G,False,6,eggs 12 pack,dairy,2026-10-11,2026-10-10T13:01:26.694559+00:00
woolworths,6023079,Pace Farm 12 Pack For Everyone Extra Large Free Range Eggs 700g,Pace Farm,700g,7.75,7.75,1.11,100G,False,7,eggs 12 pack,dairy,2026-10-11,2026-10-10T13:01:26.694559+00:00
woolworths,313900,Manning Valley 12 Pack Extra Large Free Range Eggs 700g,Manning Valley,700g,8.7,8.7,1.24,100G,False,8,eggs 12 pack,dairy,2026-10-11,2026-10-10T13:01:26.694559+00:00
woolworths,140588,Yallamundi Farm 12 Pack Organic Extra Large Eggs 700g,Yallamundi Farm,700g,14.3,14.3,2.04,100G,False,9,eggs 12 pack,dairy,2026-10-11,2026-10-10T13:01:26.694559+00:00
coles,5178633,Coles Barn Laid Cage Free Eggs 12 Pack,Coles,700g,6.1,,0.87,100g,False,1,eggs 12 pack,dairy,2026-10-11,2026-10-10T13:01:26.694559+00:00
coles,9453456,Coles Free Range Eggs 12 Pack,Coles,600g,6.6,,1.1,100g,False,2,eggs 12 pack,dairy,2026-10-11,2026-10-10T13:01:26.694559+00:00
coles,9453478,Coles Free Range Eggs 12 Pack,Coles,700g,6.9,,0.99,100g,False,3,eggs 12 pack,dairy,2026-10-11,2026-10-10T13:01:26.694559+00:00
coles,1034234,Coles Jumbo Free Range Eggs 12 Pack,Coles,800g,7.65,,0.96,100g,False,4,eggs 12 pack,dairy,2026-10-11,2026-10-10T13:01:26.694559+00:00
coles,6804805,Surf Coast Cracking Good Ultimate Free Range Eggs 12 Pack,Surf Coast,700g,7,,1,100g,False,5,eggs 12 pack,dairy,2026-10-11,2026-10-10T13:01:26.694559+00:00
coles,7069016,Mornington Peninsula Cage Free Eggs 12 Pack,Mornington,700g,5.6,6.6,0.8,100g,False,6,eggs 12 pack,dairy,2026-10-11,2026-10-10T13:01:26.694559+00:00
coles,6949783,Pace Farm Eggs For Everyone Cage Free 12 Pack,Pace Farm,700g,5.6,6.4,0.8,100g,False,7,eggs 12 pack,dairy,2026-10-11,2026-10-10T13:01:26.694559+00:00
coles,4932940,Pace Farm Eggs For Everyone Free Range 12 Pack,Pace Farm,600g,6.6,7.5,1.1,100g,False,8,eggs 12 pack,dairy,2026-10-11,2026-10-10T13:01:26.694559+00:00
coles,4228838,Sunny Queen Organic Eggs 12 Pack,Sunny Queen,700g,13.3,,1.9,100g,False,9,eggs 12 pack,dairy,2026-10-11,2026-10-10T13:01:26.694559+00:00
coles,9131063,Sunrise Cage Free Eggs 12 Pack,Sunrise,700g,6.5,,0.93,100g,False,10,eggs 12 pack,dairy,2026-10-11,2026-10-10T13:01:26.694559+00:00
coles,6339534,Sunrise Free Range Eggs 12 Pack,Sunrise,700g,7.4,,1.06,100g,False,11,eggs 12 pack,dairy,2026-10-11,2026-10-10T13:01:26.694559+00:00
coles,2364450,Josh's Rainbow Free Range Eggs 12 Pack,Josh's Rainbow,700g,9.3,,1.33,100g,False,12,eggs 12 pack,dairy,2026-10-11,2026-10-10T13:01:26.694559+00:00
coles,6949240,Pace Farm Cage Free Eggs 12 Pack,Pace Farm,800g,7.95,,0.99,100g,False,13,eggs 12 pack,dairy,2026-10-11,2026-10-10T13:01:26.694559+00:00
coles,6802490,Mornington Peninsula Free Range Eggs 12 Pack,Mornington Peninsula,800g,9.6,,1.2,100g,False,14,eggs 12 pack,dairy,2026-10-11,2026-10-10T13:01:26.694559+00:00
coles,7065751,Josh's Rainbow Free Range Eggs 12pack,Josh's Rainbow,800g,10.5,,1.31,100g,False,15,eggs 12 pack,dairy,2026-10-11,2026-10-10T13:01:26.694559+00:00
coles,7069038,Mornington Peninsula Cage Free Eggs 12 Pack,Mornington,600g,6.2,,1.03,100g,False,16,eggs 12 pack,dairy,2026-10-11,2026-10-10T13:01:26.694559+00:00
coles,3169697,Coles Organic Free Range Eggs 12 Pack,Coles Organic,600g,11,,1.83,100g,False,17,eggs 12 pack,dairy,2026-10-11,2026-10-10T13:01:26.694559+00:00
coles,9238792,Coles Chocolate Dairy Dessert 12 Pack,Coles,1.2kg,6.2,,0.52,100g,False,18,eggs 12 pack,dairy,2026-10-11,2026-10-10T13:01:26.694559+00:00
coles,8677447,Farm Pride Cage Free Barn Laid Eggs 12 Pack,Farm Pride,600g,6.5,,1.08,100g,False,19,eggs 12 pack,dairy,2026-10-11,2026-10-10T13:01:26.694559+00:00
coles,6804816,Surf Coast Cracking Good Ultimate Free Range Eggs 12 Pack,Surf Coast,800g,7.5,,0.94,100g,False,20,eggs 12 pack,dairy,2026-10-11,2026-10-10T13:01:26.694559+00:00
coles,6339498,Good Yolk Co Cage Free Eggs 12 Pack,Good Yolk Co,700g,6.5,,0.93,100g,False,21,eggs 12 pack,dairy,2026-10-11,2026-10-10T13:01:26.694559+00:00
coles,6339512,Good Yolk Co Cage Free Eggs 12 Pack,Good Yolk Co,600g,6.2,,1.03,100g,False,22,eggs 12 pack,dairy,2026-10-11,2026-10-10T13:01:26.694559+00:00
coles,6804769,Yarra Valley Free Range Eggs 12 Pack,Yarra Valley,700g,7.5,,1.07,100g,False,23,eggs 12 pack,dairy,2026-10-11,2026-10-10T13:01:26.694559+00:00
coles,5178804,Coles Barn Laid Cage Free Eggs 12 Pack,Coles,800g,6.8,,0.85,100g,False,24,eggs 12 pack,dairy,2026-10-11,2026-10-10T13:01:26.694559+00:00
coles,5352209,Yallamundi Farm Organic Free Range Eggs 12 Pack,Yallamundi Farm,600g,13.8,,2.3,100g,False,25,eggs 12 pack,dairy,2026-10-11,2026-10-10T13:01:26.694559+00:00
coles,5337624,Yallamundi Farm Organic Free Range Eggs 12 Pack,Yallamundi Farm,700g,14.3,,2.04,100g,False,26,eggs 12 pack,dairy,2026-10-11,2026-10-10T13:01:26.694559+00:00
coles,5417778,Sunny Queen Free Range Large Eggs 12 Pack,Sunny Queen,600g,8.85,,1.47,100g,False,27,eggs 12 pack,dairy,2026-10-11,2026-10-10T13:01:26.694559+00:00
coles,8677436,Farm Pride Cage Free Barn Laid Eggs 12 Pack,Farm Pride,700g,7.5,,1.07,100g,False,28,eggs 12 pack,dairy,2026-10-11,2026-10-10T13:01:26.694559+00:00
coles,5417789,Sunny Queen Free Range Extra Large Eggs 12 Pack,Sunny Queen,700g,9.15,,1.31,100g,False,29,eggs 12 pack,dairy,2026-10-11,2026-10-10T13:01:26.694559+00:00
coles,8736750,Pace Farm Eggs For Everyone Free Range 12 Pack,Pace Farm,700g,7.75,,1.11,100g,False,30,eggs 12 pack,dairy,2026-10-11,2026-10-10T13:01:26.694559+00:00
coles,8736885,Pace Farm Eggs For Everyone Free Range 12 Pack,Pace Farm,800g,9.75,,1.22,100g,False,31,eggs 12 pack,dairy,2026-10-11,2026-10-10T13:01:26.694559+00:00
coles,7007096,Pace Farm Eggs For Everyone Cage Free 12 Pack,Pace Farm,600g,6,,1,100g,False,32,eggs 12 pack,dairy,2026-10-11,2026-10-10T13:01:26.694559+00:00
coles,6802377,Fyfe Family Eggs Free Range 12 Pack,Fyfe Family Eggs,600g,9,,1.5,100g,False,33,eggs 12 pack,dairy,2026-10-11,2026-10-10T13:01:26.694559+00:00
coles,6802242,Fyfe Family Eggs Free Range 12 Pack,Fyfe Family Eggs,700g,9.3,,1.33,100g,False,34,eggs 12 pack,dairy,2026-10-11,2026-10-10T13:01:26.694559+00:00
coles,7119409,Norco Natural Dairy Cheese Slices 12 Pack,Norco,250g,6.9,7.9,27.6,1kg,False,35,eggs 12 pack,dairy,2026-10-11,2026-10-10T13:01:26.694559+00:00
coles,8877173,Yoplait Multi Flavoured Classic Yoghurt 12 X100g,Yoplait,12 Pack,9.4,,0.78,100g,False,36,eggs 12 pack,dairy,2026-10-11,2026-10-10T13:01:26.694559+00:00
coles,5726058,Coles Dairy Vintage Cheese Slices 12 Pack,Coles Dairy,250g,6.5,,26,1kg,False,37,eggs 12 pack,dairy,2026-10-11,2026-10-10T13:01:26.694559+00:00
coles,1980491,Coles Simply Smokey Flavoured Sandwich Slices 12 Pack,Coles Simply,250g,3.85,,,1kg,False,38,eggs 12 pack,dairy,2026-10-11,2026-10-10T13:01:26.694559+00:00
coles,1708597,Coles Simply Smokey Flavoured Sandwich Slices 12 Pack,Coles Simply,250g,3.8,,15.2,1kg,False,39,eggs 12 pack,dairy,2026-10-11,2026-10-10T13:01:26.694559+00:00
coles,7247191,Coles Dairy Colby Cheese Slices 12 Pack,Coles,250g,6.5,,26,1kg,False,40,eggs 12 pack,dairy,2026-10-11,2026-10-10T13:01:26.694559+00:00
coles,5618146,Nevana Pizza Base 12 Pack,Nevana,700g,5.5,,0.79,100g,False,41,eggs 12 pack,dairy,2026-10-11,2026-10-10T13:01:26.694559+00:00
coles,5109801,National Pies Little Sausage Rolls 12 Pack,National Pies,720g,12,,1.67,100g,False,42,eggs 12 pack,dairy,2026-10-11,2026-10-10T13:01:26.694559+00:00
coles,5110731,National Pies Little Classic Beef Pies 12 Pack,National Pies,720g,12,,1.67,100g,False,43,eggs 12 pack,dairy,2026-10-11,2026-10-10T13:01:26.694559+00:00
coles,5740445,YoGo Chocolate Custard Tubs Choc Dessert Snack 12 Pack,YoGo,1200g,9.5,,0.79,100g,False,44,eggs 12 pack,dairy,2026-10-11,2026-10-10T13:01:26.694559+00:00
coles,4224644,National Pies Mixed Little Beef Pies & Little Sausage Rolls 12 Pack,National Pies,720g,12,,1.67,100g,False,45,eggs 12 pack,dairy,2026-10-11,2026-10-10T13:01:26.694559+00:00
coles,6802424,Mornington Peninsula Free Range 12 Pack,Mornington Peninsula,700g,9.1,,1.3,100g,False,46,eggs 12 pack,dairy,2026-10-11,2026-10-10T13:01:26.694559+00:00
coles,3428401,Sunny Queen Big Brekkie Free Range 12 Pack,Sunny Queen,820g,10.5,,1.28,100g,False,47,eggs 12 pack,dairy,2026-10-11,2026-10-10T13:01:26.694559+00:00
coles,5415670,Mainland On The Go Tasty Cheese & Crackers 4 Pack,Mainland,120g,5.6,7,4.67,100g,False,48,eggs 12 pack,dairy,2026-10-11,2026-10-10T13:01:26.694559+00:00
woolworths,277728,Woolworths White Sandwich Bread Loaf 650g,Woolworths,650g,2.5,2.5,0.38,100G,False,1,white bread loaf,bakery,2026-10-11,2026-10-10T13:01:29.649648+00:00
woolworths,6003411,Woolworths Soft White Mini Loaf 340g,Woolworths,340g,2,2,0.59,100G,False,2,white bread loaf,bakery,2026-10-11,2026-10-10T13:01:29.649648+00:00
woolworths,893462,Helga's Crafted White Sourdough Bread Loaf 700g,Helga's,700g,5.9,6.7,0.84,100G,True,3,white bread loaf,bakery,2026-10-11,2026-10-10T13:01:29.649648+00:00
woolworths,1119109537,Gund Pusheen Squisheen White Bread Loaf Plush 30cm,Gund,1EA,59.95,59.95,,,False,4,white bread loaf,bakery,2026-10-11,2026-10-10T13:01:29.649648+00:00
woolworths,713816,Tip Top The One White Sandwich Slice Bread Loaf Bakery 700g,Tip Top,700g,4.6,4.6,0.66,100G,False,5,white bread loaf,bakery,2026-10-11,2026-10-10T13:01:29.649648+00:00
woolworths,889314,Wonder 5 Star Soft White High Fibre Bread Loaf 680g,Wonder,680g,4.6,4.9,0.68,100G,True,6,white bread loaf,bakery,2026-10-11,2026-10-10T13:01:29.649648+00:00
woolworths,713834,Tip Top The One White Toast Slice Bread Loaf Bakery 700g,Tip Top,700g,4.6,4.6,0.66,100G,False,7,white bread loaf,bakery,2026-10-11,2026-10-10T13:01:29.649648+00:00
woolworths,277578,Woolworths Free From Gluten White Bread Loaf 440g,Woolworths,440g,5.5,5.5,1.25,100G,False,8,white bread loaf,bakery,2026-10-11,2026-10-10T13:01:29.649648+00:00
woolworths,19899,Tip Top Sunblest Soft White Sandwich Slice Bread Loaf Bakery 650g,Tip Top,650g,3.9,3.9,0.6,100G,False,9,white bread loaf,bakery,2026-10-11,2026-10-10T13:01:29.649648+00:00
woolworths,893368,Wonder 5 Star Soft Multigrain & Prebiotic Bread Loaf 680g,Wonder,680g,4.6,4.9,0.68,100G,True,10,white bread loaf,bakery,2026-10-11,2026-10-10T13:01:29.649648+00:00
coles,8391309,Coles White Sandwich Loaf,Coles,800g,3.6,,0.45,100g,False,1,white bread loaf,bakery,2026-10-11,2026-10-10T13:01:29.649648+00:00
coles,1856492,Just White Loaf,Just,700g,4,,0.57,100g,False,2,white bread loaf,bakery,2026-10-11,2026-10-10T13:01:29.649648+00:00
coles,7168969,Coles White Sandwich Loaf,Coles,680g,3.3,,0.49,100g,False,3,white bread loaf,bakery,2026-10-11,2026-10-10T13:01:29.649648+00:00
coles,4901345,Coles Simply White Sandwich Loaf,Coles Simply,650g,2.5,,0.38,100g,False,4,white bread loaf,bakery,2026-10-11,2026-10-10T13:01:29.649648+00:00
coles,7169000,Coles Hi Fibre Low Gi White Sandwich Loaf,Coles,680g,4,,0.59,100g,False,5,white bread loaf,bakery,2026-10-11,2026-10-10T13:01:29.649648+00:00
coles,3378289,Coles Soft White Toast Loaf,Coles,650g,2.8,,0.43,100g,False,6,white bread loaf,bakery,2026-10-11,2026-10-10T13:01:29.649648+00:00
coles,3860901,Wonder Mini Loaf White Sandwich Vitamin,Wonder,320g,3.6,,1.13,100g,False,7,white bread loaf,bakery,2026-10-11,2026-10-10T13:01:29.649648+00:00
coles,4938243,Coles High Fibre White Sandwich Bread,Coles,700g,3.5,,0.5,100g,False,8,white bread loaf,bakery,2026-10-11,2026-10-10T13:01:29.649648+00:00
coles,8100122,Wonder 5 Star White,Wonder,680g,4.9,,0.72,100g,False,9,white bread loaf,bakery,2026-10-11,2026-10-10T13:01:29.649648+00:00
coles,7074016,Warburtons Gluten Free White Tiger Bloomer Loaf,Warburtons,400g,8.9,9.95,2.23,100g,False,10,white bread loaf,bakery,2026-10-11,2026-10-10T13:01:29.649648+00:00
coles,1089939,Helgas White Loaf,Helgas,700g,5.2,,0.74,100g,False,11,white bread loaf,bakery,2026-10-11,2026-10-10T13:01:29.649648+00:00
coles,9036663,Coles I'm Free From Traditional White Loaf,Coles I'm Free From,440g,5.7,,1.3,100g,False,12,white bread loaf,bakery,2026-10-11,2026-10-10T13:01:29.649648+00:00
coles,1845747,Tip Top The One Bread Digestive Health White,Tip Top,680g,5,,0.74,100g,False,13,white bread loaf,bakery,2026-10-11,2026-10-10T13:01:29.649648+00:00
coles,6420585,Abbott's Bakery Sourdough White,Abbott's Bakery,760g,4.9,5.5,0.64,100g,False,14,white bread loaf,bakery,2026-10-11,2026-10-10T13:01:29.649648+00:00
coles,1856517,Just Wholemeal Loaf,Just,700g,4,,0.57,100g,False,15,white bread loaf,bakery,2026-10-11,2026-10-10T13:01:29.649648+00:00
woolworths,49613,Tip Top Sunblest Soft Wholemeal Bread Loaf Sandwich Bakery 650g,Tip Top,650g,3.9,3.9,0.6,100G,False,1,wholemeal bread loaf,bakery,2026-10-11,2026-10-10T13:01:32.101083+00:00
woolworths,233162,Woolworths Wholemeal Loaf 800g,Woolworths,800g,3.6,3.6,0.45,100G,False,2,wholemeal bread loaf,bakery,2026-10-11,2026-10-10T13:01:32.101083+00:00
woolworths,253921,Burgen Wholemeal & Seeds Bread Loaf 700g,Burgen,700g,6,6,0.86,100G,False,3,wholemeal bread loaf,bakery,2026-10-11,2026-10-10T13:01:32.101083+00:00
woolworths,277579,Woolworths Free From Gluten Wholemeal Bread Loaf 450g,Woolworths,450g,5.5,5.5,1.22,100G,False,4,wholemeal bread loaf,bakery,2026-10-11,2026-10-10T13:01:32.101083+00:00
woolworths,6028342,Helga's Plus+ Lower Carb 5 Seed Bread Loaf 700g,Helga's,700g,5.8,5.8,0.83,100G,False,5,wholemeal bread loaf,bakery,2026-10-11,2026-10-10T13:01:32.101083+00:00
woolworths,277577,Woolworths Free From Gluten Seeded Bread Loaf 450g,Woolworths,450g,5.5,5.5,1.22,100G,False,6,wholemeal bread loaf,bakery,2026-10-11,2026-10-10T13:01:32.101083+00:00
woolworths,264174,Woolworths Free From Gluten Turkish Bread Loaf 200g,Woolworths,200g,5.1,5.1,2.55,100G,False,7,wholemeal bread loaf,bakery,2026-10-11,2026-10-10T13:01:32.101083+00:00
woolworths,893462,Helga's Crafted White Sourdough Bread Loaf 700g,Helga's,700g,5.9,6.7,0.84,100G,True,8,wholemeal bread loaf,bakery,2026-10-11,2026-10-10T13:01:32.101083+00:00
woolworths,277728,Woolworths White Sandwich Bread Loaf 650g,Woolworths,650g,2.5,2.5,0.38,100G,False,9,wholemeal bread loaf,bakery,2026-10-11,2026-10-10T13:01:32.101083+00:00
woolworths,263634,Tip Top 9 Grain Wholemeal Sandwich Slice Bread Loaf Bakery 750g,Tip Top,750g,4.6,4.6,0.61,100G,False,10,wholemeal bread loaf,bakery,2026-10-11,2026-10-10T13:01:32.101083+00:00
coles,8391284,Coles Wholemeal Sandwich Loaf,Coles,800g,3.6,,0.45,100g,False,1,wholemeal bread loaf,bakery,2026-10-11,2026-10-10T13:01:32.101083+00:00
coles,7168845,Coles Wholemeal Sandwich Loaf,Coles,680g,3.3,,0.49,100g,False,2,wholemeal bread loaf,bakery,2026-10-11,2026-10-10T13:01:32.101083+00:00
coles,1856517,Just Wholemeal Loaf,Just,700g,4,,0.57,100g,False,3,wholemeal bread loaf,bakery,2026-10-11,2026-10-10T13:01:32.101083+00:00
coles,8712570,Coles Stone Baked By Laurent Wholemeal Pane Di Casa Loaf Oc,Coles,1 Each,4.5,5,4.5,1ea,False,4,wholemeal bread loaf,bakery,2026-10-11,2026-10-10T13:01:32.101083+00:00
coles,3860912,Wonder Mini Loaf Wholemeal,Wonder,320g,3.6,,1.13,100g,False,5,wholemeal bread loaf,bakery,2026-10-11,2026-10-10T13:01:32.101083+00:00
coles,2649482,Coles Country Loaf Wholemeal,Coles,750g,4.2,,0.56,100g,False,6,wholemeal bread loaf,bakery,2026-10-11,2026-10-10T13:01:32.101083+00:00
coles,3860887,Helgas Mini Loaf Traditional Wholemeal,Helgas,360g,4.2,,1.17,100g,False,7,wholemeal bread loaf,bakery,2026-10-11,2026-10-10T13:01:32.101083+00:00
coles,4938276,Coles High Fibre Wholemeal Bread,Coles,700g,3.5,,0.5,100g,False,8,wholemeal bread loaf,bakery,2026-10-11,2026-10-10T13:01:32.101083+00:00
coles,3378290,Coles Soft Wholemeal Sandwich Loaf,Coles,650g,2.8,,0.43,100g,False,9,wholemeal bread loaf,bakery,2026-10-11,2026-10-10T13:01:32.101083+00:00
coles,1845930,Burgen Bread Wholemeal & Seeds,Burgen,700g,6,,0.86,100g,False,10,wholemeal bread loaf,bakery,2026-10-11,2026-10-10T13:01:32.101083+00:00
coles,3237957,Helga's Gluten Free Traditional Wholemeal Bread,Helga's,500g,7.8,,1.56,100g,False,11,wholemeal bread loaf,bakery,2026-10-11,2026-10-10T13:01:32.101083+00:00
coles,9036685,Coles I'm Free From Traditional Wholemeal Loaf,Coles I'm Free From,450g,5.7,,1.27,100g,False,12,wholemeal bread loaf,bakery,2026-10-11,2026-10-10T13:01:32.101083+00:00
coles,8100155,Helga's Rustic Country Grain Bread Loaf,Helga's,750g,6.7,,0.89,100g,False,13,wholemeal bread loaf,bakery,2026-10-11,2026-10-10T13:01:32.101083+00:00
coles,5061240,Donna Hay Wholesome Banana Bread Wholemeal,Donna Hay,540g,8,,1.48,100g,False,14,wholemeal bread loaf,bakery,2026-10-11,2026-10-10T13:01:32.101083+00:00
woolworths,6024445,Woolworths Large White Wraps 8 pack,Woolworths,8 pack,4,4,0.71,100G,False,1,wraps 8 pack,bakery,2026-10-11,2026-10-10T13:01:34.619418+00:00
woolworths,634918,Woolworths White Wrap 8 pack,Woolworths,8 pack,2.2,2.2,0.61,100G,False,2,wraps 8 pack,bakery,2026-10-11,2026-10-10T13:01:34.619418+00:00
woolworths,182138,Helga's Traditional White Wraps 8 pack,Helga's,8 pack,5.5,5.5,1.08,100G,False,3,wraps 8 pack,bakery,2026-10-11,2026-10-10T13:01:34.619418+00:00
woolworths,182092,Helga's Traditional Wholemeal Wraps 8 pack,Helga's,8 pack,5.5,5.5,1.08,100G,False,4,wraps 8 pack,bakery,2026-10-11,2026-10-10T13:01:34.619418+00:00
woolworths,389402,Mission Mini Wholegrain Wraps 8 pack,Mission,8 pack,4.5,5.6,1.17,100G,True,5,wraps 8 pack,bakery,2026-10-11,2026-10-10T13:01:34.619418+00:00
woolworths,118406,Mountain Bread Natural Light Wraps 8 pack,Mountain Bread,8 pack,4.9,4.9,2.45,100G,False,6,wraps 8 pack,bakery,2026-10-11,2026-10-10T13:01:34.619418+00:00
woolworths,390253,Simson's Pantry Mixed Wholegrain Wraps 8 pack,Simson's Pantry,8 pack,3.3,5.5,0.63,100G,True,7,wraps 8 pack,bakery,2026-10-11,2026-10-10T13:01:34.619418+00:00
woolworths,389889,Simson's Pantry Premium White Large Wraps 8 pack,Simson's Pantry,8 pack,3.3,5.5,0.63,100G,True,8,wraps 8 pack,bakery,2026-10-11,2026-10-10T13:01:34.619418+00:00
woolworths,320194,Mission Wraps Original 8 pack,Mission,8 pack,5.6,5.6,0.99,100G,False,9,wraps 8 pack,bakery,2026-10-11,2026-10-10T13:01:34.619418+00:00
woolworths,182005,Helga's Wraps Mixed Grain 8 pack,Helga's,8 pack,5.5,5.5,1.08,100G,False,10,wraps 8 pack,bakery,2026-10-11,2026-10-10T13:01:34.619418+00:00
coles,9280325,Mountain Bread Natural Wraps 8 Pack,Mountain Bread,200g,4,,2,100g,False,1,wraps 8 pack,bakery,2026-10-11,2026-10-10T13:01:34.619418+00:00
coles,5213790,Mountain Bread Rye Wraps 8 Pack,Mountain Bread,200g,4,,2,100g,False,2,wraps 8 pack,bakery,2026-10-11,2026-10-10T13:01:34.619418+00:00
coles,8636359,Mission Lite Wrap 8 Pack,Mission,567g,5.5,,0.97,100g,False,3,wraps 8 pack,bakery,2026-10-11,2026-10-10T13:01:34.619418+00:00
coles,4461821,Helga's Wholemeal Wraps 8 Pack,Helga's,508g,2.75,5.5,0.54,100g,False,4,wraps 8 pack,bakery,2026-10-11,2026-10-10T13:01:34.619418+00:00
coles,4461810,Helga's White Wraps 8 Pack,Helga's,508g,2.75,5.5,0.54,100g,False,5,wraps 8 pack,bakery,2026-10-11,2026-10-10T13:01:34.619418+00:00
coles,7863592,Mission Original  Mini Wraps 8 Pack,Mission,384g,4.5,5.5,1.17,100g,False,6,wraps 8 pack,bakery,2026-10-11,2026-10-10T13:01:34.619418+00:00
coles,4461785,Helga's Mixed Grain Wraps 8 Pack,Helga's,508g,2.75,5.5,0.54,100g,False,7,wraps 8 pack,bakery,2026-10-11,2026-10-10T13:01:34.619418+00:00
coles,5862588,Mission Mini Wrap Wholegrain 8 Pack,Mission,384g,4.5,5.5,1.17,100g,False,8,wraps 8 pack,bakery,2026-10-11,2026-10-10T13:01:34.619418+00:00
coles,7863606,Mission Whole Wheat Mini Wraps 8 Pack,Mission,384g,4.5,5.5,1.17,100g,False,9,wraps 8 pack,bakery,2026-10-11,2026-10-10T13:01:34.619418+00:00
coles,3731705,Coles Simply Soft White Wraps 8 Pack,Coles Simply,360g,2.2,,0.61,100g,False,10,wraps 8 pack,bakery,2026-10-11,2026-10-10T13:01:34.619418+00:00
coles,3731716,Coles Simply Soft Wholemeal & Grain Wraps 8 Pack,Coles Simply,360g,2.2,,0.61,100g,False,11,wraps 8 pack,bakery,2026-10-11,2026-10-10T13:01:34.619418+00:00
coles,4317483,Coles White Large Jumbo Wraps 8 Pack,Coles,560g,4,,0.71,100g,False,12,wraps 8 pack,bakery,2026-10-11,2026-10-10T13:01:34.619418+00:00
coles,6955662,Mission Original Wraps 8 Pack,Mission,567g,5.5,,0.97,100g,False,13,wraps 8 pack,bakery,2026-10-11,2026-10-10T13:01:34.619418+00:00
coles,7863480,Mission Wholegrain Wraps 8 Pack,Mission,567g,5.5,,0.97,100g,False,14,wraps 8 pack,bakery,2026-10-11,2026-10-10T13:01:34.619418+00:00
coles,3639597,Mission Salt Reduced Wraps 8 pack,Mission,567g,5.5,,0.97,100g,False,15,wraps 8 pack,bakery,2026-10-11,2026-10-10T13:01:34.619418+00:00
coles,7620921,Mission Spinach & Herb Wraps 8 Pack,Mission,567g,5.5,,0.97,100g,False,16,wraps 8 pack,bakery,2026-10-11,2026-10-10T13:01:34.619418+00:00
coles,6955673,Mission Roasted Garlic Wraps 8 Pack,Mission,567g,5.5,,0.97,100g,False,17,wraps 8 pack,bakery,2026-10-11,2026-10-10T13:01:34.619418+00:00
coles,5202080,Simson's Pantry Preservative Free Premium White Large Wraps 8 Pack,Simson's Pantry,528g,5.5,,1.04,100g,False,18,wraps 8 pack,bakery,2026-10-11,2026-10-10T13:01:34.619418+00:00
coles,5202104,Simson's Pantry Preservative Free Mixed Wholegrain Large Wraps 8 Pack,Simson's Pantry,528g,5.5,,1.04,100g,False,19,wraps 8 pack,bakery,2026-10-11,2026-10-10T13:01:34.619418+00:00
coles,8074441,La Tortilleria Corn Tortillas 8 Pack,La Tortilleria,220g,6.5,,2.95,100g,False,20,wraps 8 pack,bakery,2026-10-11,2026-10-10T13:01:34.619418+00:00
coles,6826590,Simson's Pantry Nap Mini Wraps Value Pack 12 Pack,Simson's Pantry,336g,5.5,,1.64,100g,False,21,wraps 8 pack,bakery,2026-10-11,2026-10-10T13:01:34.619418+00:00
coles,3340730,MEB Foods Fresh Pockets White Pita,MEB Foods,250g,2.6,,1.04,100g,False,22,wraps 8 pack,bakery,2026-10-11,2026-10-10T13:01:34.619418+00:00
coles,3340763,MEB Foods Pockets Wholemeal Pita,MEB Foods,250g,2.6,,1.04,100g,False,23,wraps 8 pack,bakery,2026-10-11,2026-10-10T13:01:34.619418+00:00
woolworths,710953,Woolworths RSPCA Approved Chicken Breast Fillet per 350g,Woolworths,per 350g,9.5,12,9.5,1KG,False,1,chicken breast fillets,meat,2026-10-11,2026-10-10T13:01:44.537896+00:00
woolworths,6078623,Woolworths RSPCA Approved Chicken Breast Fillets 650g,Woolworths,650g,9.4,9.4,14.46,1KG,False,2,chicken breast fillets,meat,2026-10-11,2026-10-10T13:01:44.537896+00:00
woolworths,969723,Woolworths RSPCA Approved Chicken Breast Fillet 1.5kg - 2.2kg,Woolworths,1.5kg - 2.2kg,24.2,24.2,11,1KG,False,3,chicken breast fillets,meat,2026-10-11,2026-10-10T13:01:44.537896+00:00
woolworths,700228,Macro Free Range Chicken Breast Fillets 1.1kg - 1.7kg,Macro,1.1kg - 1.7kg,23.29,23.29,13.7,1KG,False,4,chicken breast fillets,meat,2026-10-11,2026-10-10T13:01:44.537896+00:00
woolworths,902837,The Bare Bird Free Range Chicken Breast Fillets 600g,The Bare Bird,600g,13.5,13.5,22.5,1KG,False,5,chicken breast fillets,meat,2026-10-11,2026-10-10T13:01:44.537896+00:00
woolworths,6078662,Macro Free Range Chicken Breast Fillets 650g,Macro,650g,11.7,11.7,18,1KG,False,6,chicken breast fillets,meat,2026-10-11,2026-10-10T13:01:44.537896+00:00
woolworths,1106154515,Blackdog 1kg Naturally Good Pet/Dog Chicken Breast Fillets Healthy Treats/Food,Blackdog,1KG,62.9,62.9,6.29,100G,False,7,chicken breast fillets,meat,2026-10-11,2026-10-10T13:01:44.537896+00:00
woolworths,1116116229,Blackdog Dog Treats Chicken Breast Fillet - 120g,Blackdog,1EA,9.99,9.99,8.33,100G,False,8,chicken breast fillets,meat,2026-10-11,2026-10-10T13:01:44.537896+00:00
woolworths,1106154679,Blackdog 120g Naturally Good Pet/Dog Chicken Breast Fillets Healthy Treats/Food,Blackdog,120G,12.05,12.05,10.04,100G,False,9,chicken breast fillets,meat,2026-10-11,2026-10-10T13:01:44.537896+00:00
coles,2263179,Coles RSPCA Approved Chicken Breast Fillets Large Pack,Coles,approx. 1.4kg,15.4,,11,1kg,False,1,chicken breast fillets,meat,2026-10-11,2026-10-10T13:01:44.537896+00:00
coles,8409186,Lilydale Free Range Chicken Breast Fillet,Lilydale,600g,13,,21.67,1kg,False,2,chicken breast fillets,meat,2026-10-11,2026-10-10T13:01:44.537896+00:00
coles,2263168,Coles RSPCA Approved Chicken Breast Fillets Small Pack,Coles,approx. 600g,8.7,,14.5,1g,False,3,chicken breast fillets,meat,2026-10-11,2026-10-10T13:01:44.537896+00:00
coles,7362270,The Bare Bird Chicken Breast Fillet,The Bare Bird,600g,13.5,,22.5,1kg,False,4,chicken breast fillets,meat,2026-10-11,2026-10-10T13:01:44.537896+00:00
coles,1898460,Coles Free Range RSPCA Approved Chicken Breast Fillet,Coles,600g,11,,18.33,1kg,False,5,chicken breast fillets,meat,2026-10-11,2026-10-10T13:01:44.537896+00:00
coles,1403013,Coles RSPCA Approved Chicken Breast Fillet Value Pack,Coles,approx. 2Kg,17,,8.5,1kg,False,6,chicken breast fillets,meat,2026-10-11,2026-10-10T13:01:44.537896+00:00
coles,2303750,Lilydale Free Range Chicken Breast Fillets Bulk,Lilydale,approx. 1kg,17.5,,17.5,1g,False,7,chicken breast fillets,meat,2026-10-11,2026-10-10T13:01:44.537896+00:00
coles,8407646,Coles Free Range RSPCA Chicken Sweet Mustard Breast Fillet,Coles,500g,12,,24,1kg,False,8,chicken breast fillets,meat,2026-10-11,2026-10-10T13:01:44.537896+00:00
coles,2962203,El- Amin's Halal Chicken Breast Fillets Large Pack,El- Amin's,approx. 1.3kg,16.9,,13,1kg,False,9,chicken breast fillets,meat,2026-10-11,2026-10-10T13:01:44.537896+00:00
coles,3227410,Coles RSPCA Approved Free Range Chicken Breast Large Pack,Coles,approx. 1.25kg,17.13,,13.7,1kg,False,10,chicken breast fillets,meat,2026-10-11,2026-10-10T13:01:44.537896+00:00
coles,2903871,Coles RSPCA Approved Chicken Breast Fillet Crumb Sage & Rosemary,Coles,400g,10,,25,1kg,False,11,chicken breast fillets,meat,2026-10-11,2026-10-10T13:01:44.537896+00:00
coles,1331477,Inglewood Farms Free Range Organic Chicken Breast Fillets Skin Off,Inglewood Farms,approx. 488g each,16.84,,34.5,1g,False,12,chicken breast fillets,meat,2026-10-11,2026-10-10T13:01:44.537896+00:00
coles,1770841,Coles RSPCA Approved Chicken Breast Schnitzel Parmigia,Coles,600g,8,9,13.33,1kg,False,13,chicken breast fillets,meat,2026-10-11,2026-10-10T13:01:44.537896+00:00
coles,5969865,Coles RSPCA Approved Chicken Breast Schnitzel Plain Crumb,Coles,600g,8,9,13.33,1kg,False,14,chicken breast fillets,meat,2026-10-11,2026-10-10T13:01:44.537896+00:00
coles,1075912,El- Amin's Chicken Breast Small Pack,El- Amin's,approx. 600g,9,,15,1g,False,15,chicken breast fillets,meat,2026-10-11,2026-10-10T13:01:44.537896+00:00
coles,7382539,The Bare Bird Chicken Thigh Fillets,The Bare Bird,480g,13.5,,28.13,1kg,False,16,chicken breast fillets,meat,2026-10-11,2026-10-10T13:01:44.537896+00:00
coles,2829699,Lilydale Chicken Breast Schnitzels,Lilydale,400g,12,,30,1kg,False,17,chicken breast fillets,meat,2026-10-11,2026-10-10T13:01:44.537896+00:00
coles,9232956,Coles RSPCA Approved Chicken Breast Schnitzel Garlic & Herb Crumb,Coles,600g,9,,,1kg,False,18,chicken breast fillets,meat,2026-10-11,2026-10-10T13:01:44.537896+00:00
coles,1770896,Coles X Gami Fried Chicken With Korean Sweet Chilli Sauce,Coles,430g,12,,27.91,1kg,False,19,chicken breast fillets,meat,2026-10-11,2026-10-10T13:01:44.537896+00:00
coles,1770910,Coles X Gami Fried Chicken With Korean Soy Garlic Sauce,Coles,430g,12,,27.91,1kg,False,20,chicken breast fillets,meat,2026-10-11,2026-10-10T13:01:44.537896+00:00
coles,1770852,Coles RSPCA Approved Chicken Tenders Buffalo,Coles,400g,8,,20,1kg,False,21,chicken breast fillets,meat,2026-10-11,2026-10-10T13:01:44.537896+00:00
coles,1770998,Coles Simply RSPCA Approved Chicken Tenders,Coles Simply,600g,10,,16.67,1kg,False,22,chicken breast fillets,meat,2026-10-11,2026-10-10T13:01:44.537896+00:00
coles,2904193,Coles Simply RSPCA Approved Chicken Schnitzel Plain Crumb,Coles Simply,1.2Kg,11.2,,9.33,1kg,False,23,chicken breast fillets,meat,2026-10-11,2026-10-10T13:01:44.537896+00:00
coles,1770874,Lilydale Free Range Chicken Honey & Sriracha Wing Nibbles,Lilydale,500g,10,,20,1kg,False,24,chicken breast fillets,meat,2026-10-11,2026-10-10T13:01:44.537896+00:00
coles,1770932,Coles Pork Schnitzel Crumbed,Coles,340g,9,,27.27,1kg,False,25,chicken breast fillets,meat,2026-10-11,2026-10-10T13:01:44.537896+00:00
coles,1770863,Steggles Turkey Schnitzel Wholemeal & Quinoa Crumb,Steggles,300g,8,,26.67,1kg,False,26,chicken breast fillets,meat,2026-10-11,2026-10-10T13:01:44.537896+00:00
woolworths,577863,Woolworths Beef Mince 500g,Woolworths,500g,7.7,7.7,15.4,1KG,False,1,beef mince 500g,meat,2026-10-11,2026-10-10T13:02:17.510090+00:00
woolworths,577861,Woolworths Lean Beef Mince 500g,Woolworths,500g,9.8,10,19.6,1KG,False,2,beef mince 500g,meat,2026-10-11,2026-10-10T13:02:17.510090+00:00
woolworths,577860,Woolworths Heart Smart Extra Lean Beef Mince 500g,Woolworths,500g,9.8,10,19.6,1KG,False,3,beef mince 500g,meat,2026-10-11,2026-10-10T13:02:17.510090+00:00
woolworths,175570,Macro Grass Fed Australian Beef Mince 500g,Macro,500g,11.5,11.5,23,1KG,False,4,beef mince 500g,meat,2026-10-11,2026-10-10T13:02:17.510090+00:00
woolworths,672975,Macro Organic Lean Beef Mince 500g,Macro,500g,15.5,15.5,31,1KG,False,5,beef mince 500g,meat,2026-10-11,2026-10-10T13:02:17.510090+00:00
woolworths,239598,Woolworths Pork & Beef Mince 500g,Woolworths,500g,6.25,6.25,12.5,1KG,False,6,beef mince 500g,meat,2026-10-11,2026-10-10T13:02:17.510090+00:00
woolworths,321551,Macro Organic Extra Lean Beef Mince 500g,Macro,500g,16.5,16.5,33,1KG,False,7,beef mince 500g,meat,2026-10-11,2026-10-10T13:02:17.510090+00:00
woolworths,236845,Macro Grass Fed Lean Beef Mince 500g,Macro,500g,12,12,24,1KG,False,8,beef mince 500g,meat,2026-10-11,2026-10-10T13:02:17.510090+00:00
woolworths,582608,Woolworths Lean Pork Mince 500g,Woolworths,500g,7.5,7.5,15,1KG,False,9,beef mince 500g,meat,2026-10-11,2026-10-10T13:02:17.510090+00:00
woolworths,577864,Woolworths Beef Mince 1kg,Woolworths,1kg,15,15,15,1KG,False,10,beef mince 500g,meat,2026-10-11,2026-10-10T13:02:17.510090+00:00
coles,9012814,Coles No Added Hormone Beef Regular Mince,Coles,500g,7.7,,15.4,1kg,False,1,beef mince 500g,meat,2026-10-11,2026-10-10T13:02:17.510090+00:00
coles,8112799,Coles No Added Hormone Beef Extra Lean Mince,Coles,500g,9.8,,19.6,1kg,False,2,beef mince 500g,meat,2026-10-11,2026-10-10T13:02:17.510090+00:00
coles,8112449,Coles Australian No Added Hormones Beef Mince Lean,Coles,500g,9.8,,19.6,1kg,False,3,beef mince 500g,meat,2026-10-11,2026-10-10T13:02:17.510090+00:00
coles,8782237,Coles Pork & Beef 3 Star Regular Mince Bolognese,Coles,500g,6.25,,12.5,1kg,False,4,beef mince 500g,meat,2026-10-11,2026-10-10T13:02:17.510090+00:00
coles,2820606,Coles Graze Grass Fed No Added Hormone Beef Mince,Coles,500g,11.5,,23,1kg,False,5,beef mince 500g,meat,2026-10-11,2026-10-10T13:02:17.510090+00:00
coles,9224255,Cleaver's Organic Grass-Fed Premium Beef Mince,Cleaver's Organic,500g,13.5,15.5,27,1kg,False,6,beef mince 500g,meat,2026-10-11,2026-10-10T13:02:17.510090+00:00
coles,1062670,Coles Pork Stir Fry,Coles,500g,8.5,,17,1kg,False,7,beef mince 500g,meat,2026-10-11,2026-10-10T13:02:17.510090+00:00
coles,6123116,El-Amin's Beef Lean Mince,El-Amin's,500g,12.5,,25,1kg,False,8,beef mince 500g,meat,2026-10-11,2026-10-10T13:02:17.510090+00:00
coles,9223332,Cleaver's Organic Grass-fed Extra Lean Beef Mince,Cleaver's Organic,500g,16.5,,33,1kg,False,9,beef mince 500g,meat,2026-10-11,2026-10-10T13:02:17.510090+00:00
coles,6869141,Coles Simply Sausage Mince,Coles Simply,500g,5.5,,11,1kg,False,10,beef mince 500g,meat,2026-10-11,2026-10-10T13:02:17.510090+00:00
coles,1093073,Drovers Choice Beef Stir Fry,Drovers Choice,500g,11.5,,23,1kg,False,11,beef mince 500g,meat,2026-10-11,2026-10-10T13:02:17.510090+00:00
coles,6339590,El- Amin's Halal Lamb Mince,El- Amin's,500g,9,,18,1kg,False,12,beef mince 500g,meat,2026-10-11,2026-10-10T13:02:17.510090+00:00
coles,7437200,El-Amin's Beef Stir Fry,El-Amin's,500g,12,,24,1kg,False,13,beef mince 500g,meat,2026-10-11,2026-10-10T13:02:17.510090+00:00
woolworths,714680,Hans Middle Bacon Rashers From the Deli per 170g,Hans,per 170g,19,19,19,1KG,False,1,bacon rashers 250g,meat,2026-10-11,2026-10-10T13:02:29.260442+00:00
woolworths,380578,Primo Middle Rindless Bacon 250g,Primo,250g,5.5,6.8,22,1KG,True,2,bacon rashers 250g,meat,2026-10-11,2026-10-10T13:02:29.260442+00:00
woolworths,387331,Don Middle Bacon Rindless 250g,Don,250g,4.4,5.5,17.6,1KG,True,3,bacon rashers 250g,meat,2026-10-11,2026-10-10T13:02:29.260442+00:00
woolworths,266794,Woolworths Middle Bacon 250g,Woolworths,250g,4.4,4.4,17.6,1KG,False,4,bacon rashers 250g,meat,2026-10-11,2026-10-10T13:02:29.260442+00:00
woolworths,6073149,Fresh Menu Pea & Bacon Potato Salad 250g,Fresh Menu,250g,7,7,2.8,100G,False,5,bacon rashers 250g,meat,2026-10-11,2026-10-10T13:02:29.260442+00:00
woolworths,226351,Cracker Barrel Vintage Cheddar Cheese Slices Extra Sharp 250g,Cracker Barrel,250g,7.7,9.7,30.8,1KG,True,6,bacon rashers 250g,meat,2026-10-11,2026-10-10T13:02:29.260442+00:00
woolworths,48070,Cracker Barrel Vintage Cheddar Cheese Block Extra Sharp 250g,Cracker Barrel,250g,7.7,9.7,30.8,1KG,True,7,bacon rashers 250g,meat,2026-10-11,2026-10-10T13:02:29.260442+00:00
woolworths,6040705,Woolworths Cheese Burger Slices 250g,Woolworths,250g,5.2,5.2,20.8,1KG,False,8,bacon rashers 250g,meat,2026-10-11,2026-10-10T13:02:29.260442+00:00
woolworths,140658,Primo Middle Bacon 750g,Primo,750g,16.8,16.8,22.4,1KG,False,9,bacon rashers 250g,meat,2026-10-11,2026-10-10T13:02:29.260442+00:00
woolworths,48115,Kraft Cheddar Sandwich Slices 250g,Kraft,250g,5.7,5.7,22.8,1KG,False,10,bacon rashers 250g,meat,2026-10-11,2026-10-10T13:02:29.260442+00:00
coles,1026702,Thomson's Deli Middle Bacon,Thomson's Deli,250g,4.4,,17.6,1kg,False,1,bacon rashers 250g,meat,2026-10-11,2026-10-10T13:02:29.260442+00:00
coles,4259897,Primo Rindless Middle Bacon,Primo,250g,6.8,,27.2,1kg,False,2,bacon rashers 250g,meat,2026-10-11,2026-10-10T13:02:29.260442+00:00
coles,3766415,Coles Slow Cooked Pulled Chicken,Coles,250g,7.5,,30,1kg,False,3,bacon rashers 250g,meat,2026-10-11,2026-10-10T13:02:29.260442+00:00
coles,3766346,Coles Slow Cooked Pulled Pork,Coles,250g,7.5,,30,1kg,False,4,bacon rashers 250g,meat,2026-10-11,2026-10-10T13:02:29.260442+00:00
woolworths,901649,Woolworths 10 Pack Beef Sausages 550g,Woolworths,550g,6.5,6.5,11.82,1KG,False,1,sausages beef,meat,2026-10-11,2026-10-10T13:02:31.214152+00:00
woolworths,901505,Woolworths 10 Pack Herb & Garlic Beef Sausages 550g,Woolworths,550g,6.5,6.5,11.82,1KG,False,2,sausages beef,meat,2026-10-11,2026-10-10T13:02:31.214152+00:00
woolworths,901506,Woolworths 10 Pack Honey Beef Sausages 550g,Woolworths,550g,6.5,6.5,11.82,1KG,False,3,sausages beef,meat,2026-10-11,2026-10-10T13:02:31.214152+00:00
woolworths,357418,Woolworths 6 Pack Classic Angus Beef Sausages 450g,Woolworths,450g,9,9,20,1KG,False,4,sausages beef,meat,2026-10-11,2026-10-10T13:02:31.214152+00:00
woolworths,901719,Market Value 26 Pack Thin BBQ Sausages 1.8kg,Market Value,1.8kg,10.5,10.5,5.83,1KG,False,5,sausages beef,meat,2026-10-11,2026-10-10T13:02:31.214152+00:00
woolworths,260669,Woolworths 6 Pack Angus Beef & Caramelised Onion Sausages 450g,Woolworths,450g,9,9,20,1KG,False,6,sausages beef,meat,2026-10-11,2026-10-10T13:02:31.214152+00:00
woolworths,178143,Peppercorn 7 Pack Extra Lean Beef Sausages 450g,Peppercorn,450g,10,11.5,22.22,1KG,True,7,sausages beef,meat,2026-10-11,2026-10-10T13:02:31.214152+00:00
woolworths,175566,Macro 6 Pack Grass Fed Australian Beef Sausages 500g,Macro,500g,8.5,8.5,17,1KG,False,8,sausages beef,meat,2026-10-11,2026-10-10T13:02:31.214152+00:00
woolworths,133861,Macro Australian Organic 6 Beef Sausage 450g,Macro,450g,9.5,11.5,21.11,1KG,True,9,sausages beef,meat,2026-10-11,2026-10-10T13:02:31.214152+00:00
woolworths,901683,Woolworths 16 Pack Beef Chipolatas 550g,Woolworths,550g,6.5,6.5,11.82,1KG,False,10,sausages beef,meat,2026-10-11,2026-10-10T13:02:31.214152+00:00
coles,3923626,Coles The Original Beef Sausages,Coles,550g,6.5,,11.82,1kg,False,1,sausages beef,meat,2026-10-11,2026-10-10T13:02:31.214152+00:00
coles,3923681,Coles Beef Garlic & Herb Sausages,Coles,550g,6.5,,11.82,1kg,False,2,sausages beef,meat,2026-10-11,2026-10-10T13:02:31.214152+00:00
coles,8888307,Peppercorn Extra Lean Beef Sausages,Peppercorn,450g,10,11.5,22.22,1kg,False,3,sausages beef,meat,2026-10-11,2026-10-10T13:02:31.214152+00:00
coles,6028603,British Sausage Co. Beef Eater Sausage,British Sausage Co.,1kg,14,,14,1kg,False,4,sausages beef,meat,2026-10-11,2026-10-10T13:02:31.214152+00:00
coles,2951397,Coles Graze Grassfed Beef Sausages,Coles,500g,8.5,,17,1kg,False,5,sausages beef,meat,2026-10-11,2026-10-10T13:02:31.214152+00:00
coles,7346171,Coles Finest Sausages Beef Garlic Parsley,Coles Finest,500g,10,,20,1kg,False,6,sausages beef,meat,2026-10-11,2026-10-10T13:02:31.214152+00:00
coles,3496343,The British Sausage Co. Premium Angus Beef & Caramelised Onion Sausages 6 Pack,The British Sausage Co.,450g,9.5,,21.11,1kg,False,7,sausages beef,meat,2026-10-11,2026-10-10T13:02:31.214152+00:00
coles,5926669,Coles Finest Beef And Margaret River Shiraz Sausages,Coles Finest,500g,10,,20,1kg,False,8,sausages beef,meat,2026-10-11,2026-10-10T13:02:31.214152+00:00
coles,2900636,Herbert Adams Frozen King Island Frozen Beef Sausage Rolls 12 Pack,Herbert Adams,420g,9.6,12,2.29,100g,False,9,sausages beef,meat,2026-10-11,2026-10-10T13:02:31.214152+00:00
coles,3233617,Fettayleh Beef Sausage,Fettayleh,500g,11.5,,,1kg,False,10,sausages beef,meat,2026-10-11,2026-10-10T13:02:31.214152+00:00
coles,5100240,Coles I'm Free From Beef Sausage Roll,Coles I'm Free From,320g,7.5,,2.34,100g,False,11,sausages beef,meat,2026-10-11,2026-10-10T13:02:31.214152+00:00
coles,2598520,Cleaver's Organic Grass-fed Beef Sausages Gluten Free,Cleaver's Organic,450g,11,,24.44,1kg,False,12,sausages beef,meat,2026-10-11,2026-10-10T13:02:31.214152+00:00
coles,7645616,Coles Finest Australian Pork & Beef Chorizo Sausages,Coles Finest,500g,10,,20,1kg,False,13,sausages beef,meat,2026-10-11,2026-10-10T13:02:31.214152+00:00
coles,3169959,Coles Beef & Onion Party Sausage Roll,Coles,450g,6.9,,1.53,100g,False,14,sausages beef,meat,2026-10-11,2026-10-10T13:02:31.214152+00:00
coles,7866105,Foxes Den Wagyu Beef Sausage With Mash,Foxes Den,400g,14.9,,3.72,100g,False,15,sausages beef,meat,2026-10-11,2026-10-10T13:02:31.214152+00:00
coles,3923739,Coles Beef Chipolatas,Coles,550g,6.5,,11.82,1kg,False,16,sausages beef,meat,2026-10-11,2026-10-10T13:02:31.214152+00:00
coles,4224644,National Pies Mixed Little Beef Pies & Little Sausage Rolls 12 Pack,National Pies,720g,12,,1.67,100g,False,17,sausages beef,meat,2026-10-11,2026-10-10T13:02:31.214152+00:00
coles,1001209,Core Powerfoods Curried Sausages,Core Powerfoods,350g,6.5,9.5,1.86,100g,False,18,sausages beef,meat,2026-10-11,2026-10-10T13:02:31.214152+00:00
coles,8799524,Coles Finest Selection Pack Sausages,Coles Finest,500g,10,,20,1kg,False,19,sausages beef,meat,2026-10-11,2026-10-10T13:02:31.214152+00:00
coles,1754754,V2 Plant Protein Sausage 4 Pack,V2,400g,7.5,8.5,1.88,100g,False,20,sausages beef,meat,2026-10-11,2026-10-10T13:02:31.214152+00:00
coles,1324835,Coles Entertaining Beef Burger Sliders,Coles,500g,9,,18,1kg,False,21,sausages beef,meat,2026-10-11,2026-10-10T13:02:31.214152+00:00
coles,8894423,Peppercorn Extra Lean Beef Burger,Peppercorn,500g,10,11.5,20,1kg,False,22,sausages beef,meat,2026-10-11,2026-10-10T13:02:31.214152+00:00
coles,1164706,Grill'd Signature Beef Burger 2 Pack,Grill'd,270g,8.5,10,31.48,1kg,False,23,sausages beef,meat,2026-10-11,2026-10-10T13:02:31.214152+00:00
coles,3034960,Coles Beef Chevap,Coles,400g,7.5,,18.75,1kg,False,24,sausages beef,meat,2026-10-11,2026-10-10T13:02:31.214152+00:00
coles,4469970,Coles Beef Kebabs,Coles,450g,8.5,,18.89,1kg,False,25,sausages beef,meat,2026-10-11,2026-10-10T13:02:31.214152+00:00
coles,1164761,Grill'd Signature Beef Burger 4 Pack,Grill'd,460g,15,,32.61,1kg,False,26,sausages beef,meat,2026-10-11,2026-10-10T13:02:31.214152+00:00
coles,3034235,Coles Finest Beef Brisket Burgers,Coles Finest,600g,11.5,,19.17,1kg,False,27,sausages beef,meat,2026-10-11,2026-10-10T13:02:31.214152+00:00
coles,3569447,Coles Beef & Pork Meatballs,Coles,560g,8,,14.29,1kg,False,28,sausages beef,meat,2026-10-11,2026-10-10T13:02:31.214152+00:00
coles,2010050,Coles Beef Cheeseburger Sliders,Coles,375g,4.5,9,,1kg,True,29,sausages beef,meat,2026-10-11,2026-10-10T13:02:31.214152+00:00
coles,3898948,Coles Classic Beef Burgers,Coles,500g,8.5,,17,1kg,False,30,sausages beef,meat,2026-10-11,2026-10-10T13:02:31.214152+00:00
coles,1327877,Coles Finest Angus Beef Burgers,Coles Finest,300g,9,,30,1kg,False,31,sausages beef,meat,2026-10-11,2026-10-10T13:02:31.214152+00:00
coles,1048046,Coles Made Easy Beef And Gravy Puff Pastry Parcel,Coles Made Easy,350g,8,,,1kg,False,32,sausages beef,meat,2026-10-11,2026-10-10T13:02:31.214152+00:00
coles,3034348,Coles Beef And Thyme Burger,Coles,500g,8.5,,17,1kg,False,33,sausages beef,meat,2026-10-11,2026-10-10T13:02:31.214152+00:00
coles,2728057,Coles Beef Rissoles 6 Pack,Coles,440g,7.5,,17.05,1kg,False,34,sausages beef,meat,2026-10-11,2026-10-10T13:02:31.214152+00:00
coles,1863975,Coles Beef Smash Burgers 6 Pack,Coles,450g,8.5,,18.89,1kg,False,35,sausages beef,meat,2026-10-11,2026-10-10T13:02:31.214152+00:00
coles,1863079,Coles Stacker Beef Burger 6 Pack,Coles,500g,8.5,,17,1kg,False,36,sausages beef,meat,2026-10-11,2026-10-10T13:02:31.214152+00:00
coles,2814953,Coles Simply Beef BBQ Burgers 10 Pack,Coles Simply,1Kg,10.5,,10.5,1kg,False,37,sausages beef,meat,2026-10-11,2026-10-10T13:02:31.214152+00:00
coles,2725456,Coles Graze Grass Fed Beef Meatballs,Coles,420g,7.5,,17.86,1kg,False,38,sausages beef,meat,2026-10-11,2026-10-10T13:02:31.214152+00:00
coles,5110731,National Pies Little Classic Beef Pies 12 Pack,National Pies,720g,12,,1.67,100g,False,39,sausages beef,meat,2026-10-11,2026-10-10T13:02:31.214152+00:00
coles,5132676,Coles Finest Thick & Juicy Beef Burger 2 Pack,Coles Finest,300g,10,,33.33,1kg,False,40,sausages beef,meat,2026-10-11,2026-10-10T13:02:31.214152+00:00
coles,1836520,Coles Simply Beef Meatballs 35 Pack,Coles Simply,700g,8.5,,12.14,1kg,False,41,sausages beef,meat,2026-10-11,2026-10-10T13:02:31.214152+00:00
coles,2814749,British Sausage Co. Thin Pork Sausages,British Sausage Co.,500g,9.5,,19,1kg,False,42,sausages beef,meat,2026-10-11,2026-10-10T13:02:31.214152+00:00
coles,3305570,Cleaver's Organic Grass Fed Beef Burger Chuck & Brisket,Cleaver's Organic,450g,11.5,,25.56,1kg,False,43,sausages beef,meat,2026-10-11,2026-10-10T13:02:31.214152+00:00
coles,9242869,Cleaver's Organic Grass-fed Beef Meatballs,Cleaver's Organic,380g,11.5,,30.26,1kg,False,44,sausages beef,meat,2026-10-11,2026-10-10T13:02:31.214152+00:00
coles,3050945,Cleaver's Organic Grass-fed Beef Hotdogs Gluten Free,Cleaver's Organic,275g,11,,40,1kg,False,45,sausages beef,meat,2026-10-11,2026-10-10T13:02:31.214152+00:00
coles,3269410,Coles Simply BBQ Pack,Coles Simply,1Kg,11,,11,1kg,False,46,sausages beef,meat,2026-10-11,2026-10-10T13:02:31.214152+00:00
coles,2529470,Coles Graze Grass Fed Oregano And Parsley Gluten Free Burgers,Coles,500g,10,,20,1kg,False,47,sausages beef,meat,2026-10-11,2026-10-10T13:02:31.214152+00:00
woolworths,95171,Fresh Tasmanian Atlantic Skin On Salmon Fillets per 200g,Woolworths,per 200g,30,38,30,1KG,True,1,salmon fillets,meat,2026-10-11,2026-10-10T13:02:33.328207+00:00
woolworths,126497,Fresh Tasmanian Atlantic Salmon Fillets per 200g,,per 200g,48,48,48,1KG,False,2,salmon fillets,meat,2026-10-11,2026-10-10T13:02:33.328207+00:00
woolworths,259832,Woolworths Frozen Salmon Fillets Skin On 250g,Woolworths,250g,8.5,8.5,34,1KG,False,3,salmon fillets,meat,2026-10-11,2026-10-10T13:02:33.328207+00:00
woolworths,245544,Just Caught Classic Crumbed Whiting Fillets 800g,Just Caught,800g,9.8,14,12.25,1KG,True,4,salmon fillets,meat,2026-10-11,2026-10-10T13:02:33.328207+00:00
woolworths,157054,Woolworths 4 Pack Salmon Portions Skin On 460g,Woolworths,460g,17.5,19.5,38.04,1KG,True,5,salmon fillets,meat,2026-10-11,2026-10-10T13:02:33.328207+00:00
woolworths,6024243,Sealord Gluten Free Hoki Fillets Crumbed 280g,Sealord,280g,10.4,10.4,37.14,1KG,False,6,salmon fillets,meat,2026-10-11,2026-10-10T13:02:33.328207+00:00
woolworths,289214,Woolworths Cook Salmon Fillets With Miso & Maple Marinade 320g,Woolworths,320g,17,17,53.13,1KG,False,7,salmon fillets,meat,2026-10-11,2026-10-10T13:02:33.328207+00:00
woolworths,917982,Woolworths COOK Tasmanian Salmon Fillets With Lemon Butter 270g,Woolworths,270g,14,14,51.85,1KG,False,8,salmon fillets,meat,2026-10-11,2026-10-10T13:02:33.328207+00:00
woolworths,6018091,Fast Fuel Air Fry Poached Atlantic Salmon Fillet 400g,Fast Fuel,400g,17,17,4.25,100G,False,9,salmon fillets,meat,2026-10-11,2026-10-10T13:02:33.328207+00:00
woolworths,237480,Applaws Tuna Fillet With Salmon Wet Cat Food 70g,Applaws,70g,2.4,2.4,3.43,100G,False,10,salmon fillets,meat,2026-10-11,2026-10-10T13:02:33.328207+00:00
coles,1600706,Coles Frozen Salmon Fillets,Coles,750g,26,,34.67,1kg,False,1,salmon fillets,meat,2026-10-11,2026-10-10T13:02:33.328207+00:00
coles,7207299,Birds Eye Atlantic Salmon Fillet Natural,Birds Eye,250g,14,,56,1kg,False,2,salmon fillets,meat,2026-10-11,2026-10-10T13:02:33.328207+00:00
coles,3580246,I&J The Finest Frozen Salmon Portions Skin Off,I&J,500g,20,26,40,1kg,False,3,salmon fillets,meat,2026-10-11,2026-10-10T13:02:33.328207+00:00
coles,3580213,I&J Salmon Skin On,I&J,500g,20,26,40,1kg,False,4,salmon fillets,meat,2026-10-11,2026-10-10T13:02:33.328207+00:00
coles,8124619,KB's Salmon Skin On Portions,KB's,1kg,30,,30,1kg,False,5,salmon fillets,meat,2026-10-11,2026-10-10T13:02:33.328207+00:00
coles,3477892,Tassal Hot Smoked Salmon Natural,Tassal,150g,10,13,66.67,1kg,False,6,salmon fillets,meat,2026-10-11,2026-10-10T13:02:33.328207+00:00
coles,3477360,Tassal Hot Smoked Salmon Cracked Peppercorn,Tassal,150g,10,13,66.67,1kg,False,7,salmon fillets,meat,2026-10-11,2026-10-10T13:02:33.328207+00:00
coles,4660373,KB's Salmon Skin Off,KB's,1kg,35,,35,1kg,False,8,salmon fillets,meat,2026-10-11,2026-10-10T13:02:33.328207+00:00
coles,84452,Birds Eye Frozen Fish Fillets With Original  Crumb Oven Bake 6 Pack,Birds Eye,425g,9,13,21.18,1kg,False,9,salmon fillets,meat,2026-10-11,2026-10-10T13:02:33.328207+00:00
coles,1897875,Birds Eye Steamfresh Fish Lemon Pepper Butter,Birds Eye,380g,11,,28.95,1kg,False,10,salmon fillets,meat,2026-10-11,2026-10-10T13:02:33.328207+00:00
coles,5020515,Birds Eye Southern Blue Whiting Fillets,Birds Eye,1kg,19,,19,1kg,False,11,salmon fillets,meat,2026-10-11,2026-10-10T13:02:33.328207+00:00
woolworths,133211,Cavendish Bananas each,,each,0.67,0.67,0.67,1EA,False,1,bananas,produce,2026-10-11,2026-10-10T13:02:35.628291+00:00
woolworths,157649,Eat Later Cavendish Bananas each,,each,0.67,0.67,0.67,1EA,False,2,bananas,produce,2026-10-11,2026-10-10T13:02:35.628291+00:00
woolworths,106218,Bananas Kids 5 pack,,5 pack,3.9,3.9,3.9,1EA,False,3,bananas,produce,2026-10-11,2026-10-10T13:02:35.628291+00:00
woolworths,306510,Macro Organic Banana each,Macro,each,1.2,1.2,1.2,1EA,False,4,bananas,produce,2026-10-11,2026-10-10T13:02:35.628291+00:00
woolworths,180148,Banana Red Tipped each,,each,1.11,1.11,1.11,1EA,False,5,bananas,produce,2026-10-11,2026-10-10T13:02:35.628291+00:00
woolworths,133390,Banana Lady Finger each,,each,1.44,1.44,1.44,1EA,False,6,bananas,produce,2026-10-11,2026-10-10T13:02:35.628291+00:00
woolworths,532199,Creative Gourmet Frozen Banana Chunks 500g,Creative Gourmet,500g,4.5,5,9,1KG,True,7,bananas,produce,2026-10-11,2026-10-10T13:02:35.628291+00:00
woolworths,726361,Woolworths Banana Chips 300g,Woolworths,300g,3.3,3.3,11,1KG,False,8,bananas,produce,2026-10-11,2026-10-10T13:02:35.628291+00:00
woolworths,256597,Life Savers Bananas Lollies 160g,Life Savers,160g,2.5,5,1.56,100G,True,9,bananas,produce,2026-10-11,2026-10-10T13:02:35.628291+00:00
woolworths,921669,Woolworths Banana Loaf 550g,Woolworths,550g,5.3,5.9,0.96,100G,True,10,bananas,produce,2026-10-11,2026-10-10T13:02:35.628291+00:00
coles,409499,Coles Bananas,Coles,approx. 170g,0.66,,3.9,1g,False,1,bananas,produce,2026-10-11,2026-10-10T13:02:35.628291+00:00
coles,2511791,Coles Bananas Mini Pack,Coles,750g,3.9,,5.2,1kg,False,2,bananas,produce,2026-10-11,2026-10-10T13:02:35.628291+00:00
coles,5556581,Life Savers Bananas,Life Savers,160g,5,,3.13,100g,False,3,bananas,produce,2026-10-11,2026-10-10T13:02:35.628291+00:00
coles,1039770,Coles Organic Banana,Coles,approx. 170g,1.11,,6.5,1g,False,4,bananas,produce,2026-10-11,2026-10-10T13:02:35.628291+00:00
coles,3987844,Oob Organic Frozen Banana,Oob,450g,8,,17.78,1kg,False,5,bananas,produce,2026-10-11,2026-10-10T13:02:35.628291+00:00
coles,3034279,Big M Banana Flavoured Milk,Big M,600mL,3.45,3.9,5.75,1l,False,6,bananas,produce,2026-10-11,2026-10-10T13:02:35.628291+00:00
coles,1170480,Youfoodz Banana Mango Smoothie,Youfoodz,350mL,4.5,5,12.86,1l,False,7,bananas,produce,2026-10-11,2026-10-10T13:02:35.628291+00:00
coles,1608027,Oak Esl Banana Flavoured Milk,Oak,750mL,4.4,5.4,5.87,1l,False,8,bananas,produce,2026-10-11,2026-10-10T13:02:35.628291+00:00
coles,1785077,The Natural Confectionery Co Raspberry & Bananas,The Natural Confectionery Co,200g,5,,2.5,100g,False,9,bananas,produce,2026-10-11,2026-10-10T13:02:35.628291+00:00
coles,1054617,Dairy Farmers Protein Smoothie Drink Banana Honey,Dairy Farmers,400mL,3.3,4.55,8.25,1l,False,10,bananas,produce,2026-10-11,2026-10-10T13:02:35.628291+00:00
coles,3840595,Streets Paddle Pop Banana Sticks 8 Pack,Streets,544mL,6,10,1.1,100ml,False,11,bananas,produce,2026-10-11,2026-10-10T13:02:35.628291+00:00
coles,6569240,Yoplait Petit Miam Squeezie Banana Yoghurt Pouch,Yoplait,70g,0.95,1.4,1.36,100g,False,12,bananas,produce,2026-10-11,2026-10-10T13:02:35.628291+00:00
coles,3539526,Tamar Valley Kids Greek Style Pouch Yoghurt Banana,Tamar Valley,110g,2.55,,2.32,100g,False,13,bananas,produce,2026-10-11,2026-10-10T13:02:35.628291+00:00
coles,1338680,Peters Drumstick Banana Caramel Cones 4 Pack,Peters,475mL,5.9,9.9,1.24,100ml,False,14,bananas,produce,2026-10-11,2026-10-10T13:02:35.628291+00:00
coles,6601310,Farmers Union No Added Sugar Kids Yogurt Pouch Banana,Farmers Union,130g,1.45,2.9,1.12,100g,False,15,bananas,produce,2026-10-11,2026-10-10T13:02:35.628291+00:00
coles,1846706,Little Bellies Organic Blueberry & Banana Nibblers,Little Bellies,20g,4,5,20,100g,False,16,bananas,produce,2026-10-11,2026-10-10T13:02:35.628291+00:00
coles,1752974,The Healthy Baker Protein Banana Bread Mix,The Healthy Baker,400g,6,,1.5,100g,False,17,bananas,produce,2026-10-11,2026-10-10T13:02:35.628291+00:00
coles,8419350,Little Bellies Organic Strawberry & Banana Yoghurt Melts,Little Bellies,20g,5.2,6.5,26,100g,False,18,bananas,produce,2026-10-11,2026-10-10T13:02:35.628291+00:00
coles,8419372,Little Bellies Organic Mango & Banana Coconut Melts,Little Bellies,20g,5.2,6.5,26,100g,False,19,bananas,produce,2026-10-11,2026-10-10T13:02:35.628291+00:00
coles,8421170,Little Bellies Organic Banana Bread Oaty Bars,Little Bellies,150g,1.66,6.65,,100g,True,20,bananas,produce,2026-10-11,2026-10-10T13:02:35.628291+00:00
coles,4754648,Golden Circle 100% Apple Mango Banana Juice,Golden Circle,2L,4.8,,2.4,1l,False,21,bananas,produce,2026-10-11,2026-10-10T13:02:35.628291+00:00
coles,5077691,Muscle Nation Custardplant Protein  Bar Banana Toffee,Muscle Nation,50g,4.5,,9,100g,False,22,bananas,produce,2026-10-11,2026-10-10T13:02:35.628291+00:00
coles,7736664,BSc Soft Protein Bar Banana Chocolate,BSc,55g,5,,9.09,100g,False,23,bananas,produce,2026-10-11,2026-10-10T13:02:35.628291+00:00
coles,1854409,Rafferty's Garden Banana & Vanilla Porridge 12 Months,Rafferty's Garden,200g,5.4,6,2.7,100g,False,24,bananas,produce,2026-10-11,2026-10-10T13:02:35.628291+00:00
coles,1746767,BSc High Protein Mellow Bar Banana,BSc,50g,3,4.5,6,100g,False,25,bananas,produce,2026-10-11,2026-10-10T13:02:35.628291+00:00
coles,1115303,Rafferty's Garden Happy Tummies Banana Prune & Oats 12m+,Rafferty's Garden,120g,2.85,,2.38,100g,False,26,bananas,produce,2026-10-11,2026-10-10T13:02:35.628291+00:00
coles,1115325,Rafferty's Garden Smart Start Banana Blueberry & Spinach 12m+,Rafferty's Garden,120g,2.85,,2.38,100g,False,27,bananas,produce,2026-10-11,2026-10-10T13:02:35.628291+00:00
coles,8953850,Baby Mum-Mum Rice Rusks Banana +8 Months,Baby,36g,2.85,3.85,7.92,100g,False,28,bananas,produce,2026-10-11,2026-10-10T13:02:35.628291+00:00
coles,5046632,Rafferty's Garden Blueberry & Banana No Added Sugar Custard 6+ Months,Rafferty's Garden,120g,2,2.3,1.67,100g,False,29,bananas,produce,2026-10-11,2026-10-10T13:02:35.628291+00:00
coles,4159145,Rafferty's Garden Banana & Mango No Added Sugar Custard 6+ Months,Rafferty's Garden,120g,2,2.3,1.67,100g,False,30,bananas,produce,2026-10-11,2026-10-10T13:02:35.628291+00:00
coles,1819725,Only Organic Snack Bandits Banana Vanilla & Yoghurt Smoothie 3+ Years,Only Organic,120g,2,2.85,1.67,100g,False,31,bananas,produce,2026-10-11,2026-10-10T13:02:35.628291+00:00
coles,6027178,Rafferty's Garden Banana Pear & Mango Baby Food Puree Pouch 4+ Months,Rafferty's Garden,120g,2,2.3,1.67,100g,False,32,bananas,produce,2026-10-11,2026-10-10T13:02:35.628291+00:00
coles,3609789,Rafferty's Garden Banana Pear & Mango Porridge Baby Food Pouch 6+ Months,Rafferty's Garden,120g,2,2.3,1.67,100g,False,33,bananas,produce,2026-10-11,2026-10-10T13:02:35.628291+00:00
coles,5046600,Rafferty's Garden Blueberry Banana & Pear Yoghurt Brekkie Baby Food Pouch 6+ Months,Rafferty's Garden,120g,2,2.3,1.67,100g,False,34,bananas,produce,2026-10-11,2026-10-10T13:02:35.628291+00:00
coles,9161348,Karumba Msc Frozen Raw Banana Prawns,Karumba,1kg,18,22,18,1kg,False,35,bananas,produce,2026-10-11,2026-10-10T13:02:35.628291+00:00
coles,6027167,Rafferty's Garden Blueberries Banana & Apple And Nothing Else Baby Food Puree Pouch 4+ Months,Rafferty's Garden,120g,2,2.3,1.67,100g,False,36,bananas,produce,2026-10-11,2026-10-10T13:02:35.628291+00:00
coles,8971885,Rafferty's Garden Apple Banana & Peach And Nothing Else Baby Food Puree Pouch 4+ Months,Rafferty's Garden,120g,2,2.3,1.67,100g,False,37,bananas,produce,2026-10-11,2026-10-10T13:02:35.628291+00:00
coles,3059972,Creative Gourmet Frozen Banana Chunks,Creative Gourmet,500g,5,,10,1kg,False,38,bananas,produce,2026-10-11,2026-10-10T13:02:35.628291+00:00
coles,7730840,Rafferty's Garden Rice Cereal Pear Banana & Milk No Added Sugar Baby Food Pouch 4+ Months,Rafferty's Garden,120g,2,2.3,1.67,100g,False,39,bananas,produce,2026-10-11,2026-10-10T13:02:35.628291+00:00
coles,1013493,Coles Squeezie Banana Yoghurt Pouch,Coles,70g,0.8,,1.14,100g,False,40,bananas,produce,2026-10-11,2026-10-10T13:02:35.628291+00:00
coles,2800711,Little Bellies Softcorn Banana,Little Bellies,8g,2.15,,26.88,100g,False,41,bananas,produce,2026-10-11,2026-10-10T13:02:35.628291+00:00
coles,1032035,Town Bus Banana Chips,Town Bus,170g,4,,2.35,100g,False,42,bananas,produce,2026-10-11,2026-10-10T13:02:35.628291+00:00
coles,4868319,Creative Gourmet Banana Mango Pineapple,Creative Gourmet,400g,5.65,,14.13,1kg,False,43,bananas,produce,2026-10-11,2026-10-10T13:02:35.628291+00:00
coles,1154892,The Yoghurt Shop Banana Toffee Pod,The Yoghurt Shop,170g,5.25,,3.09,100g,False,44,bananas,produce,2026-10-11,2026-10-10T13:02:35.628291+00:00
coles,9120090,Coles Banana Bread,Coles,550g,5.9,,1.07,100g,False,45,bananas,produce,2026-10-11,2026-10-10T13:02:35.628291+00:00
coles,3017655,Coles Banana Chips,Coles,200g,3.4,,17,1kg,False,46,bananas,produce,2026-10-11,2026-10-10T13:02:35.628291+00:00
coles,4494060,Wicked Sister High Protein Banana Pudding,Wicked,170g,3.5,,2.06,100g,False,47,bananas,produce,2026-10-11,2026-10-10T13:02:35.628291+00:00
woolworths,105919,Fresh Pink Lady Apples each,,each,1.31,1.31,1.31,1EA,False,1,apples pink lady,produce,2026-10-11,2026-10-10T13:02:37.730621+00:00
woolworths,310968,Woolworths Fresh Pink Lady Apples Punnet 1kg,Woolworths,1kg,7.5,7.5,7.5,1KG,False,2,apples pink lady,produce,2026-10-11,2026-10-10T13:02:37.730621+00:00
woolworths,160888,Macro Organic Pink Lady Apple Punnet 1kg,Macro,1kg,9,9,9,1KG,False,3,apples pink lady,produce,2026-10-11,2026-10-10T13:02:37.730621+00:00
woolworths,317953,Preshafruit Cold Pressed Pink Lady Apple Juice 350mL,Preshafruit,350mL,3.8,3.8,10.86,1L,False,4,apples pink lady,produce,2026-10-11,2026-10-10T13:02:37.730621+00:00
woolworths,6007213,Woolworths Custard & Pink Lady Apple Scrolls 2 pack,Woolworths,2 pack,4.1,4.1,2.05,1EA,False,5,apples pink lady,produce,2026-10-11,2026-10-10T13:02:37.730621+00:00
woolworths,6054860,Sam's Pantry Granola Pink Lady Apple & Cinnamon 700g,Sam's Pantry,700g,5.9,7.6,0.84,100G,True,6,apples pink lady,produce,2026-10-11,2026-10-10T13:02:37.730621+00:00
woolworths,1126083149,Tough On iPhone 16 Pro Max Case Magnetic Detachable Leather Butterfly Pink Lady,,,44.99,44.99,,,False,7,apples pink lady,produce,2026-10-11,2026-10-10T13:02:37.730621+00:00
coles,4438477,Coles Pink Lady Apples,Coles,1kg,7.5,,7.5,1kg,False,1,apples pink lady,produce,2026-10-11,2026-10-10T13:02:37.730621+00:00
coles,5111654,Coles Pink Lady Apples Medium,Coles,approx. 200g each,1.5,,7.5,1g,False,2,apples pink lady,produce,2026-10-11,2026-10-10T13:02:37.730621+00:00
coles,3957821,Summer Snow Sparkling Pink Lady Apple Juice,Summer Snow,750mL,4.9,6,6.53,1l,False,3,apples pink lady,produce,2026-10-11,2026-10-10T13:02:37.730621+00:00
coles,4678233,Coles Organic Pink Lady Apple,Coles Organic,1kg,8.9,,8.9,1kg,False,4,apples pink lady,produce,2026-10-11,2026-10-10T13:02:37.730621+00:00
coles,1297073,Preshafruit Cold Pressed Pink Lady Apple Juice,Preshafruit,1.5L,6.7,,4.47,1l,False,5,apples pink lady,produce,2026-10-11,2026-10-10T13:02:37.730621+00:00
coles,2022580,Fresh Grab N Glow Pink Lady,Fresh,6 Pack,7.5,,1.25,1ea,False,6,apples pink lady,produce,2026-10-11,2026-10-10T13:02:37.730621+00:00
woolworths,135369,Woolworths Australian Grown Carrots 1kg,Woolworths,1kg,2,2,2,1KG,False,1,carrots 1kg,produce,2026-10-11,2026-10-10T13:02:39.836579+00:00
woolworths,288440,The Odd Bunch Carrots 1.5kg,The Odd Bunch,1.5kg,2.4,2.4,1.6,1KG,False,2,carrots 1kg,produce,2026-10-11,2026-10-10T13:02:39.836579+00:00
woolworths,768569,Woolworths Frozen Australian Carrots Peas & Corn 1kg,Woolworths,1kg,5.5,5.5,5.5,1KG,False,3,carrots 1kg,produce,2026-10-11,2026-10-10T13:02:39.836579+00:00
woolworths,217969,Birds Eye Frozen Carrot Cauliflower & Broccoli 1kg,Birds Eye,1kg,6.9,6.9,6.9,1KG,False,4,carrots 1kg,produce,2026-10-11,2026-10-10T13:02:39.836579+00:00
woolworths,289348,Bell Farms Frozen Carrots Peas & Corn 1kg,Bell Farms,1kg,3.6,3.6,3.6,1KG,False,5,carrots 1kg,produce,2026-10-11,2026-10-10T13:02:39.836579+00:00
woolworths,255445,Birds Eye Frozen Carrot Peas & Corn 1kg,Birds Eye,1kg,6.9,6.9,6.9,1KG,False,6,carrots 1kg,produce,2026-10-11,2026-10-10T13:02:39.836579+00:00
woolworths,143989,Woolworths Carrot Cake 1.5kg,Woolworths,1.5kg,30,30,2,100G,False,7,carrots 1kg,produce,2026-10-11,2026-10-10T13:02:39.836579+00:00
woolworths,218900,Woolworths Whole Baby Carrots 410g,Woolworths,410g,1.8,1.8,4.39,1KG,False,8,carrots 1kg,produce,2026-10-11,2026-10-10T13:02:39.836579+00:00
woolworths,117381,Macro Organic Carrots 750g,Macro,750g,4.6,4.6,6.13,1KG,False,9,carrots 1kg,produce,2026-10-11,2026-10-10T13:02:39.836579+00:00
woolworths,85794,Woolworths Snackable Snacking Carrot 250g,Woolworths,250g,3,3,12,1KG,False,10,carrots 1kg,produce,2026-10-11,2026-10-10T13:02:39.836579+00:00
coles,9006560,Coles Carrots,Coles,1Kg,1.7,,1.7,1kg,False,1,carrots 1kg,produce,2026-10-11,2026-10-10T13:02:39.836579+00:00
coles,3609392,Coles I'm Perfect Carrots Prepacked,Coles,1.5kg,2,,1.33,1kg,False,2,carrots 1kg,produce,2026-10-11,2026-10-10T13:02:39.836579+00:00
coles,5016904,Coles Organic Carrots,Coles Organic,1kg,5.8,,5.8,1kg,False,3,carrots 1kg,produce,2026-10-11,2026-10-10T13:02:39.836579+00:00
coles,6309511,Coles Snacking Carrots,Coles,250g,3.5,,14,1kg,False,4,carrots 1kg,produce,2026-10-11,2026-10-10T13:02:39.836579+00:00
coles,1935351,"McCain Mixed Vegetables Peas, Corn, Carrots",McCain,1Kg,6.4,7.3,6.4,1kg,False,5,carrots 1kg,produce,2026-10-11,2026-10-10T13:02:39.836579+00:00
coles,7644770,Coles Frozen Peas Carrots Cauliflower,Coles,1kg,4.2,,4.2,1kg,False,6,carrots 1kg,produce,2026-10-11,2026-10-10T13:02:39.836579+00:00
coles,4525844,Birds Eye Frozen Mixed Vegetables Carrot Cauliflower & Broccoli,Birds Eye,1Kg,5.5,6.9,5.5,1kg,False,7,carrots 1kg,produce,2026-10-11,2026-10-10T13:02:39.836579+00:00
coles,7644872,Coles Frozen Carrot Corn & Peas,Coles,1kg,4.2,,4.2,1kg,False,8,carrots 1kg,produce,2026-10-11,2026-10-10T13:02:39.836579+00:00
coles,2313448,Coles Kitchen Carrot Sticks,Coles Kitchen,150g,2.2,,14.67,1kg,False,9,carrots 1kg,produce,2026-10-11,2026-10-10T13:02:39.836579+00:00
coles,2470424,Coles Kitchen Shredded Carrot,Coles Kitchen,200g,2.2,,11,1kg,False,10,carrots 1kg,produce,2026-10-11,2026-10-10T13:02:39.836579+00:00
coles,4223335,Coles Carrots Loose,Coles,approx. 170g,0.44,,2.6,1g,False,11,carrots 1kg,produce,2026-10-11,2026-10-10T13:02:39.836579+00:00
coles,4995826,Coles Organic Carrots Juicing,Coles Organic,2kg,6.5,,3.25,1kg,False,12,carrots 1kg,produce,2026-10-11,2026-10-10T13:02:39.836579+00:00
coles,5072778,Birds Eye Frozen Mixed Vegetables Peas & Corn,Birds Eye,1Kg,5.5,6.9,5.5,1kg,False,13,carrots 1kg,produce,2026-10-11,2026-10-10T13:02:39.836579+00:00
coles,2743254,Birds Eye Frozen Mixed Winter Vegetables Green Beans Cauliflower & Broccoli,Birds Eye,1Kg,5.5,6.9,5.5,1kg,False,14,carrots 1kg,produce,2026-10-11,2026-10-10T13:02:39.836579+00:00
coles,8407668,Only Organic Mango Carrot Coconut Milk & Tumeric 1y + Pouch,Only Organic,100g,2.85,,,100g,False,15,carrots 1kg,produce,2026-10-11,2026-10-10T13:02:39.836579+00:00
coles,7852111,My Dog Chicken Mince With Rice Carrots & Spinach Puppy Wet Dog Food,My Dog,100g,1.8,,1.8,100g,False,16,carrots 1kg,produce,2026-10-11,2026-10-10T13:02:39.836579+00:00
woolworths,246566,Potato Brushed each,,each,1.18,1.18,1.18,1EA,False,1,potatoes brushed,produce,2026-10-11,2026-10-10T13:02:41.862411+00:00
woolworths,244637,Woolworths Brushed Potatoes Bag 2kg,Woolworths,2kg,7.7,7.7,3.85,1KG,False,2,potatoes brushed,produce,2026-10-11,2026-10-10T13:02:41.862411+00:00
woolworths,124831,Woolworths Brushed Potatoes Bag 4kg,Woolworths,4kg,10,10,2.5,1KG,False,3,potatoes brushed,produce,2026-10-11,2026-10-10T13:02:41.862411+00:00
woolworths,1126424361,6 Pcs Vegetable Brush Scrubber Fruits Cleaning Brush Scrubber Potato Brush,,,26.95,26.95,,,False,4,potatoes brushed,produce,2026-10-11,2026-10-10T13:02:41.862411+00:00
woolworths,1124434485,"Potato Brush with Peeler 3 in 1 Brush, Peeler and Eye Remover for Potatoes and Other Fruits and Vegetables",,1EA,48.88,48.88,,,False,5,potatoes brushed,produce,2026-10-11,2026-10-10T13:02:41.862411+00:00
woolworths,1129395849,Joie Potato Brush Root Vegetables Dirt Remover Kitchen Scrubber Green 15x5x4cm,Joie,,12.95,12.95,,,False,6,potatoes brushed,produce,2026-10-11,2026-10-10T13:02:41.862411+00:00
woolworths,1124437023,2Pcs Multifunctional Fruit Brush Home Kitchen Clean Brush Potato Removal Brush,,1EA,22.94,22.94,,,False,7,potatoes brushed,produce,2026-10-11,2026-10-10T13:02:41.862411+00:00
woolworths,1115967731,2Pcs Multifunctional Fruit Brush Home Kitchen Clean Brush Potato Removal Brush,,1EA,20.95,20.95,,,False,8,potatoes brushed,produce,2026-10-11,2026-10-10T13:02:41.862411+00:00
woolworths,1125074513,JOYBUY 2Pcs Multifunctional Fruit Brush Home Kitchen Clean Brush Potato Removal Brush,,1EA,23.04,23.04,,,False,9,potatoes brushed,produce,2026-10-11,2026-10-10T13:02:41.862411+00:00
woolworths,1125258061,Nevenka 2 Pcs Vegetable Brushes Bendable Quick Cleaning Potato Carrots,Nevenka,1EA,20.89,20.89,,,False,10,potatoes brushed,produce,2026-10-11,2026-10-10T13:02:41.862411+00:00
coles,3958573,Coles Brushed Potatoes,Coles,2Kg,4.5,,2.25,1kg,False,1,potatoes brushed,produce,2026-10-11,2026-10-10T13:02:41.862411+00:00
coles,1022610,Coles Potatoes Creme Royale Brushed,Coles,approx. 200g,0.86,,4.3,1g,False,2,potatoes brushed,produce,2026-10-11,2026-10-10T13:02:41.862411+00:00
coles,3958530,Coles Brushed Potatoes,Coles,4Kg,12,,3,1kg,False,3,potatoes brushed,produce,2026-10-11,2026-10-10T13:02:41.862411+00:00
coles,5024866,Coles Organic Potatoes Brushed,Coles Organic,2Kg,11.9,,5.95,1kg,False,4,potatoes brushed,produce,2026-10-11,2026-10-10T13:02:41.862411+00:00
coles,2488485,Coles Baby Washed Potatoes,Coles,1Kg,4.5,,4.5,1kg,False,5,potatoes brushed,produce,2026-10-11,2026-10-10T13:02:41.862411+00:00
coles,1632451,Coles Growers Selection Roasting Potatoes,Coles,1.5Kg,7.5,,5,1kg,False,6,potatoes brushed,produce,2026-10-11,2026-10-10T13:02:41.862411+00:00
woolworths,134034,Gourmet Tomato each,,each,0.98,0.98,0.98,1EA,False,1,tomatoes,produce,2026-10-11,2026-10-10T13:02:43.794541+00:00
woolworths,169438,Truss Tomatoes each,,each,0.97,0.97,0.97,1EA,False,2,tomatoes,produce,2026-10-11,2026-10-10T13:02:43.794541+00:00
woolworths,149864,Tomato Roma Red each,,each,0.8,0.8,0.8,1EA,False,3,tomatoes,produce,2026-10-11,2026-10-10T13:02:43.794541+00:00
woolworths,727144,Woolworths Sweet Solanato Tomato Punnet 200g,Woolworths,200g,3,3,15,1KG,False,4,tomatoes,produce,2026-10-11,2026-10-10T13:02:43.794541+00:00
woolworths,149620,Woolworths Cherry Tomatoes Punnet 250g,Woolworths,250g,3.2,3.2,12.8,1KG,False,5,tomatoes,produce,2026-10-11,2026-10-10T13:02:43.794541+00:00
woolworths,747009,Woolworths Truss Cocktail Tomato Punnet 250g,Woolworths,250g,4.5,4.5,18,1KG,False,6,tomatoes,produce,2026-10-11,2026-10-10T13:02:43.794541+00:00
woolworths,166144,Mini-Roma Tomato Punnet 250g,Mini-Roma,250g,3.5,3.5,14,1KG,False,7,tomatoes,produce,2026-10-11,2026-10-10T13:02:43.794541+00:00
woolworths,196442,Woolworths Tomato Truss Punnet 500g,Woolworths,500g,5.9,5.9,11.8,1KG,False,8,tomatoes,produce,2026-10-11,2026-10-10T13:02:43.794541+00:00
woolworths,6055511,Tinyberry Tomatoes 125g,,125g,3,3,24,1KG,False,9,tomatoes,produce,2026-10-11,2026-10-10T13:02:43.794541+00:00
woolworths,143730,Woolworths Gourmet Tomatoes Punnet 1kg,Woolworths,1kg,8.7,8.7,8.7,1KG,False,10,tomatoes,produce,2026-10-11,2026-10-10T13:02:43.794541+00:00
coles,4597109,Coles Tomatoes Gourmet,Coles,approx. 130g,0.64,,4.9,1g,False,1,tomatoes,produce,2026-10-11,2026-10-10T13:02:43.794541+00:00
coles,4628676,Coles Tomatoes Greenhouse Truss,Coles,approx. 130g,1.16,,8.9,1g,False,2,tomatoes,produce,2026-10-11,2026-10-10T13:02:43.794541+00:00
coles,7265535,Coles Perino Red Grape Tomatoes,Coles,200g,4.5,,22.5,1kg,False,3,tomatoes,produce,2026-10-11,2026-10-10T13:02:43.794541+00:00
coles,4640831,Coles Gourmet Field Tomatoes,Coles,1Kg,4.9,,4.9,1kg,False,4,tomatoes,produce,2026-10-11,2026-10-10T13:02:43.794541+00:00
coles,4834736,Coles Cherry Tomatoes,Coles,250g,3.7,,14.8,1kg,False,5,tomatoes,produce,2026-10-11,2026-10-10T13:02:43.794541+00:00
coles,4835171,Coles Vine Ripened Tomatoes,Coles,500g,5.9,,11.8,1kg,False,6,tomatoes,produce,2026-10-11,2026-10-10T13:02:43.794541+00:00
coles,9129094,Coles Perino Tomatoes Entertainer Medley,Coles,350g,5.5,,15.71,1kg,False,7,tomatoes,produce,2026-10-11,2026-10-10T13:02:43.794541+00:00
coles,7511416,Coles Grandma's Heirloom Tomatoes Red,Coles,approx. 250g,2.98,,11.9,1g,False,8,tomatoes,produce,2026-10-11,2026-10-10T13:02:43.794541+00:00
coles,4594712,Coles Roma Tomatoes Loose,Coles,approx. 70g,0.69,,9.9,1g,False,9,tomatoes,produce,2026-10-11,2026-10-10T13:02:43.794541+00:00
coles,4498173,Coles Glasshouse Grape Tomatoes,Coles,200g,4.2,,21,1kg,False,10,tomatoes,produce,2026-10-11,2026-10-10T13:02:43.794541+00:00
coles,3088176,Coles Cocktail Truss Tomatoes,Coles,250g,4.9,,19.6,1kg,False,11,tomatoes,produce,2026-10-11,2026-10-10T13:02:43.794541+00:00
coles,7511380,Coles Grandma's Heirloom Tomatoes Black,Coles,approx. 200g,2.38,,11.9,1g,False,12,tomatoes,produce,2026-10-11,2026-10-10T13:02:43.794541+00:00
coles,7513036,Coles Grandma's Heirloom Tomatoes Yellow,Coles,approx. 300g,3.57,,11.9,1g,False,13,tomatoes,produce,2026-10-11,2026-10-10T13:02:43.794541+00:00
coles,8003851,Coles Tomatoes Cherry Vine Ripened,Coles,200g,4,,20,1kg,False,14,tomatoes,produce,2026-10-11,2026-10-10T13:02:43.794541+00:00
coles,4488464,Coles Mini Tomatoes,Coles,125g,4.9,,39.2,1kg,False,15,tomatoes,produce,2026-10-11,2026-10-10T13:02:43.794541+00:00
coles,3997189,Coles Roma Tomatoes,Coles,480g,6.9,,14.38,1kg,False,16,tomatoes,produce,2026-10-11,2026-10-10T13:02:43.794541+00:00
coles,5079482,Coles Perino Noir Grape Tomatoes,Coles,200g,4.5,,22.5,1kg,False,17,tomatoes,produce,2026-10-11,2026-10-10T13:02:43.794541+00:00
coles,5043066,Coles Organic Tomatoes,Coles Organic,500g,7.5,,15,1kg,False,18,tomatoes,produce,2026-10-11,2026-10-10T13:02:43.794541+00:00
coles,5069434,Coles Perino Entertainer Red Grape Tomatoes,Coles,350g,6.9,,19.71,1kg,False,19,tomatoes,produce,2026-10-11,2026-10-10T13:02:43.794541+00:00
coles,4558967,Ardmona Diced Tomatoes,Ardmona,400g,1.4,1.8,3.5,1kg,False,20,tomatoes,produce,2026-10-11,2026-10-10T13:02:43.794541+00:00
coles,4687074,Ardmona Crushed Tomatoes,Ardmona,410g,1.4,1.8,3.41,1kg,False,21,tomatoes,produce,2026-10-11,2026-10-10T13:02:43.794541+00:00
coles,2612959,Mutti Peeled Tomatoes Whole,Mutti,400g,1.8,2.3,4.5,1kg,False,22,tomatoes,produce,2026-10-11,2026-10-10T13:02:43.794541+00:00
coles,3835890,Coles Mix-a-mato Grape Tomatoes,Coles,300g,5.9,,19.67,1kg,False,23,tomatoes,produce,2026-10-11,2026-10-10T13:02:43.794541+00:00
coles,2747765,Always Fresh Sundried Tomatoes Strips,Always Fresh,220g,4,5,18.18,1kg,False,24,tomatoes,produce,2026-10-11,2026-10-10T13:02:43.794541+00:00
coles,6311127,Mutti Polpa Finely Chopped Tomatoes,Mutti,400g,1.8,2.3,4.5,1kg,False,25,tomatoes,produce,2026-10-11,2026-10-10T13:02:43.794541+00:00
coles,8412726,Coles Organic Snacking Tomatoes,Coles Organic,200g,6.5,,32.5,1kg,False,26,tomatoes,produce,2026-10-11,2026-10-10T13:02:43.794541+00:00
coles,5777897,Sandhurst Sundried Tomatoes In Vegetable Oil,Sandhurst,270g,4.2,5,15.56,1kg,False,27,tomatoes,produce,2026-10-11,2026-10-10T13:02:43.794541+00:00
coles,5469680,Sandhurst Sun Dried Tomatoes Fat Free,Sandhurst,125g,4.2,5,33.6,1kg,False,28,tomatoes,produce,2026-10-11,2026-10-10T13:02:43.794541+00:00
coles,5063008,Dari's Tomato Soup,Dari's,550g,7.5,,1.36,100g,True,29,tomatoes,produce,2026-10-11,2026-10-10T13:02:43.794541+00:00
coles,126235,Leggo's Tomato Puree,Leggo's,410g,2,2.5,0.49,100g,False,30,tomatoes,produce,2026-10-11,2026-10-10T13:02:43.794541+00:00
coles,3903458,Coles Kitchen Pesto And Sundried Tomato Gnocchi,Coles Kitchen,350g,8,,2.29,100g,False,31,tomatoes,produce,2026-10-11,2026-10-10T13:02:43.794541+00:00
coles,5328995,Heinz Ketchup Tomato Sauce,Heinz,500mL,4,5.2,0.8,100ml,False,32,tomatoes,produce,2026-10-11,2026-10-10T13:02:43.794541+00:00
coles,7717331,MasterFoods Squeezy Sauce Tomato,MasterFoods,500mL,4.2,,0.84,100ml,False,33,tomatoes,produce,2026-10-11,2026-10-10T13:02:43.794541+00:00
coles,200156,Leggo's Tomato Paste Jar,Leggo's,500g,4.3,4.8,0.86,100g,False,34,tomatoes,produce,2026-10-11,2026-10-10T13:02:43.794541+00:00
coles,1809266,Mutti Passata Tomato Puree,Mutti,700g,3.8,4.8,0.54,100g,False,35,tomatoes,produce,2026-10-11,2026-10-10T13:02:43.794541+00:00
coles,9954600,Latina Tomato & Garlic Pasta Sauce,Latina,250g,4.5,5.5,1.8,100g,False,36,tomatoes,produce,2026-10-11,2026-10-10T13:02:43.794541+00:00
coles,9990637,On The Menu Fresh Creamy Tomato Sauce,On The Menu,425g,3.75,7.5,0.88,100g,False,37,tomatoes,produce,2026-10-11,2026-10-10T13:02:43.794541+00:00
coles,3866522,Lean Cuisine Sundried Tomato & Chicken Pasta,Lean Cuisine,375g,5,7.5,1.33,100g,False,38,tomatoes,produce,2026-10-11,2026-10-10T13:02:43.794541+00:00
coles,1134851,Pickers Tomato Mozzarella Risotto Melters,Pickers,230g,7.8,,3.39,100g,False,39,tomatoes,produce,2026-10-11,2026-10-10T13:02:43.794541+00:00
coles,8855476,Carmelina Peeled Tomatoes,Carmelina,400g,1.5,,3.75,1kg,False,40,tomatoes,produce,2026-10-11,2026-10-10T13:02:43.794541+00:00
coles,9164313,Leggos Gourmet Rich Tomato Passata,Leggos,690g,3.8,4.8,0.55,100g,False,41,tomatoes,produce,2026-10-11,2026-10-10T13:02:43.794541+00:00
coles,1809277,Mutti Tomato Passata With Basil,Mutti,700g,3.8,4.8,0.54,100g,False,42,tomatoes,produce,2026-10-11,2026-10-10T13:02:43.794541+00:00
coles,8855443,Carmelina Diced Tomatoes,Carmelina,400g,1.5,,3.75,1kg,False,43,tomatoes,produce,2026-10-11,2026-10-10T13:02:43.794541+00:00
coles,9954644,Latina Creamy Sun Dried Tomato Sauce,Latina,250g,4.5,5.5,1.8,100g,False,44,tomatoes,produce,2026-10-11,2026-10-10T13:02:43.794541+00:00
coles,8482641,Black Swan Crafted Sundried Tomato & Parmesan Dip,Black Swan,170g,4,5,2.35,100g,False,45,tomatoes,produce,2026-10-11,2026-10-10T13:02:43.794541+00:00
coles,4457019,Coles Australian Diced Tomatoes,Coles,400g,1.3,,3.25,1kg,False,46,tomatoes,produce,2026-10-11,2026-10-10T13:02:43.794541+00:00
coles,25180,Leggo's Regular Tomato Paste 2 Pack,Leggo's,140g,3.5,,1.25,100g,False,47,tomatoes,produce,2026-10-11,2026-10-10T13:02:43.794541+00:00
coles,1138681,Heinz Tomato Ketchup Sauce 8ml Portion,Heinz,300 Pack,21,42,0.88,100ml,True,48,tomatoes,produce,2026-10-11,2026-10-10T13:02:43.794541+00:00
woolworths,134681,Fresh Broccoli each,,each,1.95,1.95,1.95,1EA,False,1,broccoli,produce,2026-10-11,2026-10-10T13:02:45.812389+00:00
woolworths,187314,Woolworths Broccolini Bunch each,Woolworths,each,3.7,3.7,3.7,1EA,False,2,broccoli,produce,2026-10-11,2026-10-10T13:02:45.812389+00:00
woolworths,768559,Woolworths Frozen Australian Broccoli Florets 500g,Woolworths,500g,4,4,8,1KG,False,3,broccoli,produce,2026-10-11,2026-10-10T13:02:45.812389+00:00
woolworths,120139,Bell Farms Frozen Broccoli Florets 500g,Bell Farms,500g,2.8,2.8,5.6,1KG,False,4,broccoli,produce,2026-10-11,2026-10-10T13:02:45.812389+00:00
woolworths,768561,Woolworths Frozen Australian Broccoli & Cauliflower 500g,Woolworths,500g,4.5,4.5,9,1KG,False,5,broccoli,produce,2026-10-11,2026-10-10T13:02:45.812389+00:00
woolworths,217969,Birds Eye Frozen Carrot Cauliflower & Broccoli 1kg,Birds Eye,1kg,6.9,6.9,6.9,1KG,False,6,broccoli,produce,2026-10-11,2026-10-10T13:02:45.812389+00:00
woolworths,117518,Birds Eye Frozen Veggie Rice Carrot Cauliflower & Broccoli 500g,Birds Eye,500g,5.8,5.8,11.6,1KG,False,7,broccoli,produce,2026-10-11,2026-10-10T13:02:45.812389+00:00
woolworths,180752,Birds Eye Steamfresh Frozen Carrot Cauliflower & Broccoli 750g,Birds Eye,750g,6.2,6.2,8.27,1KG,False,8,broccoli,produce,2026-10-11,2026-10-10T13:02:45.812389+00:00
woolworths,782977,Birds Eye Steamfresh Frozen Peas Beans Corn & Broccoli 750g,Birds Eye,750g,6.2,6.2,8.27,1KG,False,9,broccoli,produce,2026-10-11,2026-10-10T13:02:45.812389+00:00
woolworths,249382,Birds Eye Frozen Garden Vegetable Mix 1kg,Birds Eye,1kg,6.9,6.9,6.9,1KG,False,10,broccoli,produce,2026-10-11,2026-10-10T13:02:45.812389+00:00
coles,407755,Coles Broccoli Medium,Coles,approx. 340g,2.21,,6.5,1g,False,1,broccoli,produce,2026-10-11,2026-10-10T13:02:45.812389+00:00
coles,5982477,Coles Baby Broccoli,Coles,1 Bunch,2,,2,1ea,False,2,broccoli,produce,2026-10-11,2026-10-10T13:02:45.812389+00:00
coles,8161557,Mccain Broccoli,Mccain,500g,5.5,,11,1kg,False,3,broccoli,produce,2026-10-11,2026-10-10T13:02:45.812389+00:00
coles,5341010,Coles Frozen Broccoli Florets,Coles,500g,4,,8,1kg,False,4,broccoli,produce,2026-10-11,2026-10-10T13:02:45.812389+00:00
coles,3048820,Coles Organic Broccoli,Coles Organic,500g,8.9,,17.8,1kg,False,5,broccoli,produce,2026-10-11,2026-10-10T13:02:45.812389+00:00
coles,2310971,Coles Kitchen Broccoli Florets,Coles Kitchen,150g,2.2,,14.67,1kg,False,6,broccoli,produce,2026-10-11,2026-10-10T13:02:45.812389+00:00
coles,4525844,Birds Eye Frozen Mixed Vegetables Carrot Cauliflower & Broccoli,Birds Eye,1Kg,5.5,6.9,5.5,1kg,False,7,broccoli,produce,2026-10-11,2026-10-10T13:02:45.812389+00:00
coles,2310111,Coles Kitchen Broccoli & Cauliflower Florets,Coles Kitchen,150g,2.2,,14.67,1kg,False,8,broccoli,produce,2026-10-11,2026-10-10T13:02:45.812389+00:00
coles,2674650,Coles Kitchen Carrot & Broccoli Florets,Coles Kitchen,150g,2.2,,14.67,1kg,False,9,broccoli,produce,2026-10-11,2026-10-10T13:02:45.812389+00:00
coles,9189256,Birds Eye Seasoned Sides Frozen Garlic Herb Broccoli,Birds Eye,500g,7,,14,1kg,False,10,broccoli,produce,2026-10-11,2026-10-10T13:02:45.812389+00:00
coles,1843027,Birds Eye Steam Fresh Baby Potato Broccoli Carrot Peas,Birds Eye,400g,6.9,,17.25,1kg,True,11,broccoli,produce,2026-10-11,2026-10-10T13:02:45.812389+00:00
coles,2743254,Birds Eye Frozen Mixed Winter Vegetables Green Beans Cauliflower & Broccoli,Birds Eye,1Kg,5.5,6.9,5.5,1kg,False,12,broccoli,produce,2026-10-11,2026-10-10T13:02:45.812389+00:00
coles,8009279,Prime Pantry Grainfree Soy Free Chicken With Broccoli & Apple Dog Roll Dog Food,Prime Pantry,1.7kg,10,13.3,0.59,100g,False,13,broccoli,produce,2026-10-11,2026-10-10T13:02:45.812389+00:00
coles,8686801,Coles Organic Baby Broccoli,Coles Organic,1 Bunch,5.5,,5.5,1ea,False,14,broccoli,produce,2026-10-11,2026-10-10T13:02:45.812389+00:00
coles,4569216,Coles Asian Choy Chinese Broccoli,Coles,1 each,2.9,,2.9,1ea,False,15,broccoli,produce,2026-10-11,2026-10-10T13:02:45.812389+00:00
coles,7645117,Coles Frozen Cauliflower & Broccoli,Coles,500g,3,,6,1kg,False,16,broccoli,produce,2026-10-11,2026-10-10T13:02:45.812389+00:00
coles,3716224,Continental Sensation Cheesy Broccoli & Potato Soup Serves 2,Continental,56g,3.8,,6.79,100g,False,17,broccoli,produce,2026-10-11,2026-10-10T13:02:45.812389+00:00
coles,6027076,Rafferty's Garden Spinach Apple Broccoli & Pea And Nothing Else Baby Food Puree Pouch 4+ Months,Rafferty's Garden,120g,2,2.3,1.67,100g,False,18,broccoli,produce,2026-10-11,2026-10-10T13:02:45.812389+00:00
coles,3766798,Coles Kitchen Broccoli Cauliflower & Parmesan Soup,Coles Kitchen,300g,4.7,,1.57,100g,False,19,broccoli,produce,2026-10-11,2026-10-10T13:02:45.812389+00:00
coles,6261313,Youfoodz Creamy Garlic Chicken Kyiv With Chips & Broccoli,Youfoodz,312g,12,,3.85,100g,False,20,broccoli,produce,2026-10-11,2026-10-10T13:02:45.812389+00:00
coles,1843038,Birds Eye Steam Fresh Broccoli Cauliflower Carrot Cheese Sauce,Birds Eye,400g,6.9,,17.25,1kg,False,21,broccoli,produce,2026-10-11,2026-10-10T13:02:45.812389+00:00
coles,1756556,Youfoodz Nourish 5 Veggie Bolognese With Broccoli & Peas,Youfoodz,320g,12,,3.75,100g,False,22,broccoli,produce,2026-10-11,2026-10-10T13:02:45.812389+00:00
coles,2740041,Birds Eye Steam Fresh Beans Carrot & Broccoli Frozen Mixed Vegetables,Birds Eye,450g,4.5,,10,1kg,False,23,broccoli,produce,2026-10-11,2026-10-10T13:02:45.812389+00:00
coles,1777261,Birds Eye Steam Fresh Peas Beans Corn & Broccoli Frozen Mixed Vegetables,Birds Eye,450g,4.5,,10,1kg,False,24,broccoli,produce,2026-10-11,2026-10-10T13:02:45.812389+00:00
coles,2741011,Birds Eye Steam Fresh Carrot Broccoli & Corn Frozen Mixed Veg Value Pack,Birds Eye,750g,6.2,,8.27,1kg,False,25,broccoli,produce,2026-10-11,2026-10-10T13:02:45.812389+00:00
coles,2740052,Birds Eye Steam Fresh Beans Broccoli & Sugar Snap Peas Frozen Mixed Vegetables,Birds Eye,450g,4.5,,10,1kg,False,26,broccoli,produce,2026-10-11,2026-10-10T13:02:45.812389+00:00
coles,2740085,Birds Eye Steam Fresh Cauliflower Carrot & Broccoli Frozen Mixed Veg Value Pack,Birds Eye,750g,6.2,,8.27,1kg,False,27,broccoli,produce,2026-10-11,2026-10-10T13:02:45.812389+00:00
coles,8145798,Birds Eye Stir Fry Chinese Carrot Broccoli Green Beans Onion & Baby Corn Frozen Mixed Veg,Birds Eye,850g,6.2,,7.29,1kg,False,28,broccoli,produce,2026-10-11,2026-10-10T13:02:45.812389+00:00
coles,9730385,Birds Eye Stir Fry Shanghai Carrot Broccoli Water Chestnuts Capsicum Sugar Snap Peas Frozen Mixed Veg,Birds Eye,500g,5,,10,1kg,False,29,broccoli,produce,2026-10-11,2026-10-10T13:02:45.812389+00:00
coles,9160946,Heinz Eat Well Pea & Broccoli Soup Pouch,Heinz,380g,4.7,,1.24,100g,False,30,broccoli,produce,2026-10-11,2026-10-10T13:02:45.812389+00:00
coles,4601320,Coles Cauliflower Half,Coles,1 each,2.9,,2.9,1ea,False,31,broccoli,produce,2026-10-11,2026-10-10T13:02:45.812389+00:00
coles,1719072,CUB Apple Pea Broccoli Pear & Spinach Baby Food Pouch 6+ Months,CUB,120g,1,,0.83,100g,False,32,broccoli,produce,2026-10-11,2026-10-10T13:02:45.812389+00:00
coles,4601603,Coles Cauliflower Medium,Coles,1 Each,4.5,,4.5,1ea,False,33,broccoli,produce,2026-10-11,2026-10-10T13:02:45.812389+00:00
coles,4841775,Coles Family Broccolini,Coles,1 each,6,,6,1ea,False,34,broccoli,produce,2026-10-11,2026-10-10T13:02:45.812389+00:00
coles,4982948,Coles Organic Cauliflower,Coles Organic,1 Each,6.9,,6.9,1ea,False,35,broccoli,produce,2026-10-11,2026-10-10T13:02:45.812389+00:00
coles,6879123,"Birds Eye Stir Fry Thai Carrot Green Beans Broc, Baby Corn & Bamboo Shoots Frozen Mixed Veg",Birds Eye,500g,5,,10,1kg,False,36,broccoli,produce,2026-10-11,2026-10-10T13:02:45.812389+00:00
woolworths,144329,Onion Brown each,,each,0.63,0.63,0.63,1EA,False,1,brown onions,produce,2026-10-11,2026-10-10T13:02:47.779661+00:00
woolworths,144336,Woolworths Onion Brown Bag 1kg,Woolworths,1kg,3,3,3,1KG,False,2,brown onions,produce,2026-10-11,2026-10-10T13:02:47.779661+00:00
woolworths,144427,Woolworths Brown Onions Bag 2kg,Woolworths,2kg,5.5,5.5,2.75,1KG,False,3,brown onions,produce,2026-10-11,2026-10-10T13:02:47.779661+00:00
woolworths,144497,Onion Red each,,each,0.83,0.83,0.83,1EA,False,4,brown onions,produce,2026-10-11,2026-10-10T13:02:47.779661+00:00
woolworths,147603,Spring Onion Bunch each,,each,2.5,2.5,2.5,1EA,False,5,brown onions,produce,2026-10-11,2026-10-10T13:02:47.779661+00:00
woolworths,124751,Woolworths Red Onions Bag 1kg,Woolworths,1kg,3.9,3.9,3.9,1KG,False,6,brown onions,produce,2026-10-11,2026-10-10T13:02:47.779661+00:00
woolworths,250673,Woolworths Brown Onion Instant Gravy 120g,Woolworths,120g,2.1,2.1,1.75,100G,False,7,brown onions,produce,2026-10-11,2026-10-10T13:02:47.779661+00:00
woolworths,222992,Gravox Brown Onion Liquid Gravy Pouch 165g,Gravox,165g,3.7,3.7,2.24,100G,False,8,brown onions,produce,2026-10-11,2026-10-10T13:02:47.779661+00:00
woolworths,38904,Gravox Brown Onion Gravy Mix Tin 120g,Gravox,120g,5.2,5.2,0.43,10G,False,9,brown onions,produce,2026-10-11,2026-10-10T13:02:47.779661+00:00
woolworths,1127635959,Mr Fothergill's Hunter River Brown Onion Vegetable Seeds,,,8.55,8.55,,,False,10,brown onions,produce,2026-10-11,2026-10-10T13:02:47.779661+00:00
coles,4803991,Coles Brown Onions,Coles,1kg,4,,4,1kg,False,1,brown onions,produce,2026-10-11,2026-10-10T13:02:47.779661+00:00
coles,4239517,Coles Loose Brown Onions,Coles,approx. 200g,0.84,,4.2,1g,False,2,brown onions,produce,2026-10-11,2026-10-10T13:02:47.779661+00:00
coles,5076305,Coles Organic Brown Onions,Coles Organic,1Kg,6.9,,6.9,1kg,False,3,brown onions,produce,2026-10-11,2026-10-10T13:02:47.779661+00:00
coles,5134809,Coles Brown Onion Shallots Loose,Coles,approx. 35g each,0.46,,13,1g,False,4,brown onions,produce,2026-10-11,2026-10-10T13:02:47.779661+00:00
coles,289149,Fehlbergs Brown Pickled Onions,Fehlbergs,500g,3.2,4,6.4,1kg,False,5,brown onions,produce,2026-10-11,2026-10-10T13:02:47.779661+00:00
coles,9442880,Blue Banner Pickled Onions Brown Chilli,Blue Banner,525g,6,7,11.43,1kg,False,6,brown onions,produce,2026-10-11,2026-10-10T13:02:47.779661+00:00
coles,9964284,Coles I'm Perfect Onions Prepack,Coles,2Kg,4.5,,2.25,1kg,False,7,brown onions,produce,2026-10-11,2026-10-10T13:02:47.779661+00:00
coles,6046864,Gravox Brown Onion Gravy Mix Tin,Gravox,120g,5.2,,0.43,10g,False,8,brown onions,produce,2026-10-11,2026-10-10T13:02:47.779661+00:00
coles,4443579,Gravox Brown Onion Liquid Gravy Pouch,Gravox,165g,3.7,,2.24,100g,False,9,brown onions,produce,2026-10-11,2026-10-10T13:02:47.779661+00:00
coles,197233,Blue Banner Pickled Onions,Blue Banner,525g,6,7,11.43,1kg,False,10,brown onions,produce,2026-10-11,2026-10-10T13:02:47.779661+00:00
coles,5610712,Three Threes Old Style Pickled Onions,Three Threes,500g,4.65,5.25,9.3,1kg,False,11,brown onions,produce,2026-10-11,2026-10-10T13:02:47.779661+00:00
woolworths,215448,Macro Organic Penne Pasta 500g,Macro,500g,1.95,1.95,0.39,100G,False,1,penne pasta 500g,pantry,2026-10-11,2026-10-10T13:02:49.849484+00:00
woolworths,6026650,La Gina Penne Pasta 500g,La Gina,500g,2.8,2.8,0.56,100G,False,2,penne pasta 500g,pantry,2026-10-11,2026-10-10T13:02:49.849484+00:00
woolworths,904775,Free From Gluten Penne Pasta 500g,Free From Gluten,500g,2.5,2.5,0.5,100G,False,3,penne pasta 500g,pantry,2026-10-11,2026-10-10T13:02:49.849484+00:00
woolworths,346831,Woolworths Pasta Penne Rigate 500g,Woolworths,500g,1,1,0.2,100G,False,4,penne pasta 500g,pantry,2026-10-11,2026-10-10T13:02:49.849484+00:00
woolworths,83764,Barilla Pasta Penne Rigate 500g,Barilla,500g,2.45,3.5,0.49,100G,True,5,penne pasta 500g,pantry,2026-10-11,2026-10-10T13:02:49.849484+00:00
woolworths,188800,Woolworths Essentials Pasta Penne 500g,Woolworths Essentials,500g,0.9,0.9,0.18,100G,False,6,penne pasta 500g,pantry,2026-10-11,2026-10-10T13:02:49.849484+00:00
woolworths,35742,San Remo Penne Pasta No 18 500g,San Remo,500g,2.95,2.95,0.59,100G,False,7,penne pasta 500g,pantry,2026-10-11,2026-10-10T13:02:49.849484+00:00
woolworths,68345,Macro Organic Wholemeal Penne 500g,Macro,500g,1.95,1.95,0.39,100G,False,8,penne pasta 500g,pantry,2026-10-11,2026-10-10T13:02:49.849484+00:00
woolworths,9010,Zafarelli Pennette Rigate Pasta No 18 500g,Zafarelli,500g,2,2,0.4,100G,False,9,penne pasta 500g,pantry,2026-10-11,2026-10-10T13:02:49.849484+00:00
woolworths,340965,Pastificio Liguori Penne 500g,Pastificio Liguori,500g,5,5,1,100G,False,10,penne pasta 500g,pantry,2026-10-11,2026-10-10T13:02:49.849484+00:00
coles,3380451,Cucina Matese Penne Rigate No.118 Italian Pasta,Cucina Matese,500g,2.8,,0.56,100g,False,1,penne pasta 500g,pantry,2026-10-11,2026-10-10T13:02:49.849484+00:00
coles,170838,San Remo Penne Rigate Pasta No 18,San Remo,500g,2.95,,0.59,100g,False,2,penne pasta 500g,pantry,2026-10-11,2026-10-10T13:02:49.849484+00:00
coles,3329104,Coles Simply Penne,Coles Simply,500g,0.9,,0.18,100g,False,3,penne pasta 500g,pantry,2026-10-11,2026-10-10T13:02:49.849484+00:00
coles,404021,San Remo Penne Pasta,San Remo,750g,3.6,,0.48,100g,False,4,penne pasta 500g,pantry,2026-10-11,2026-10-10T13:02:49.849484+00:00
coles,3944579,Coles I'm Free From Penne Pasta,Coles I'm Free From,500g,1.75,2.5,0.5,100g,True,5,penne pasta 500g,pantry,2026-10-11,2026-10-10T13:02:49.849484+00:00
coles,469912,Barilla Pasta Penne Rigate,Barilla,500g,2.8,3.5,0.56,100g,False,6,penne pasta 500g,pantry,2026-10-11,2026-10-10T13:02:49.849484+00:00
coles,3797281,Vetta Pasta Penne,Vetta,500g,1.2,1.4,0.24,100g,True,7,penne pasta 500g,pantry,2026-10-11,2026-10-10T13:02:49.849484+00:00
coles,3329046,Coles Durum Wheat Pasta Penne Rigate,Coles,500g,1,,0.2,100g,False,8,penne pasta 500g,pantry,2026-10-11,2026-10-10T13:02:49.849484+00:00
coles,9477432,Coles Organic Penne Pasta,Coles Organic,500g,1.95,,0.39,100g,False,9,penne pasta 500g,pantry,2026-10-11,2026-10-10T13:02:49.849484+00:00
coles,5173243,San Remo Penne Zita Pasta No 20,San Remo,500g,2.95,,0.59,100g,False,10,penne pasta 500g,pantry,2026-10-11,2026-10-10T13:02:49.849484+00:00
coles,9185357,Barilla Al Bronzo Pasta Penne,Barilla,500g,4.3,,0.86,100g,False,11,penne pasta 500g,pantry,2026-10-11,2026-10-10T13:02:49.849484+00:00
coles,4409592,La Molisana Pasta Penne Lisce No. 18,La Molisana Pasta,500g,3.7,,0.74,100g,False,12,penne pasta 500g,pantry,2026-10-11,2026-10-10T13:02:49.849484+00:00
coles,1691086,Vetta Smart Fibre Penne Pasta,Vetta,500g,2.35,,0.47,100g,False,13,penne pasta 500g,pantry,2026-10-11,2026-10-10T13:02:49.849484+00:00
coles,8436735,Cucina Matese Ditali Pasta,Cucina Matese,500g,2.8,,0.56,100g,False,14,penne pasta 500g,pantry,2026-10-11,2026-10-10T13:02:49.849484+00:00
coles,9019030,Barilla Chifferi Elbow Pasta,Barilla,500g,2.8,3.5,0.56,100g,False,15,penne pasta 500g,pantry,2026-10-11,2026-10-10T13:02:49.849484+00:00
coles,8649690,Barilla Pasta Pipe Rigate,Barilla,500g,2.8,3.5,0.56,100g,False,16,penne pasta 500g,pantry,2026-10-11,2026-10-10T13:02:49.849484+00:00
coles,4370690,Barilla Rigatoni Pasta,Barilla,500g,2.8,3.5,0.56,100g,False,17,penne pasta 500g,pantry,2026-10-11,2026-10-10T13:02:49.849484+00:00
coles,9423808,Barilla Pasta Risoni,Barilla,500g,2.8,3.5,0.56,100g,False,18,penne pasta 500g,pantry,2026-10-11,2026-10-10T13:02:49.849484+00:00
coles,5010453,Barilla Pasta Fusilli,Barilla,500g,2.8,3.5,0.56,100g,False,19,penne pasta 500g,pantry,2026-10-11,2026-10-10T13:02:49.849484+00:00
coles,3380462,Cucina Matese Rigatoni No.117 Italian Pasta,Cucina Matese,500g,2.8,,0.56,100g,False,20,penne pasta 500g,pantry,2026-10-11,2026-10-10T13:02:49.849484+00:00
coles,3380484,Cucina Matese Spaghetti No.113 Italian Pasta,Cucina Matese,500g,2.8,,0.56,100g,False,21,penne pasta 500g,pantry,2026-10-11,2026-10-10T13:02:49.849484+00:00
coles,3380430,Cucina Matese Orecchiette No.119 Italian Pasta,Cucina Matese,500g,2.8,,0.56,100g,False,22,penne pasta 500g,pantry,2026-10-11,2026-10-10T13:02:49.849484+00:00
coles,3380495,Cucina Matese Fusilli No.114 Italian Pasta,Cucina Matese,500g,2.8,,0.56,100g,False,23,penne pasta 500g,pantry,2026-10-11,2026-10-10T13:02:49.849484+00:00
coles,3380473,Cucina Matese Conchiglie Rigate Italian Pasta No 116,Cucina Matese,500g,2.8,,0.56,100g,False,24,penne pasta 500g,pantry,2026-10-11,2026-10-10T13:02:49.849484+00:00
coles,3380440,Cucina Matese Farfalle Rigate No.121 Italian Pasta,Cucina Matese,500g,2.8,,0.56,100g,False,25,penne pasta 500g,pantry,2026-10-11,2026-10-10T13:02:49.849484+00:00
coles,7216697,Pastificio Liguori Penne Rigate,Pastificio,500g,5,,1,100g,False,26,penne pasta 500g,pantry,2026-10-11,2026-10-10T13:02:49.849484+00:00
coles,5048740,Divella Pasta Zite Rigate No. 27,Divella,500g,1.8,2.6,,1kg,True,27,penne pasta 500g,pantry,2026-10-11,2026-10-10T13:02:49.849484+00:00
coles,1566346,Guzzi's Egg Pasta Fettuccine,Guzzi's,500g,7.1,,1.42,100g,False,28,penne pasta 500g,pantry,2026-10-11,2026-10-10T13:02:49.849484+00:00
coles,3329126,Coles Simply Pasta Spirals,Coles Simply,500g,0.9,,0.18,100g,False,29,penne pasta 500g,pantry,2026-10-11,2026-10-10T13:02:49.849484+00:00
coles,3329115,Coles Simply Pasta Spaghetti,Coles Simply,500g,0.9,,0.18,100g,False,30,penne pasta 500g,pantry,2026-10-11,2026-10-10T13:02:49.849484+00:00
coles,9423885,Barilla Collezione Pasta Casarecce,Barilla,500g,4.5,,0.9,100g,False,31,penne pasta 500g,pantry,2026-10-11,2026-10-10T13:02:49.849484+00:00
coles,9185186,Barilla Al Bronzo Pasta Fusilli,Barilla,500g,4.3,,0.86,100g,False,32,penne pasta 500g,pantry,2026-10-11,2026-10-10T13:02:49.849484+00:00
coles,9579895,San Remo Curly Fettuccine Pasta No 80,San Remo,500g,2.95,,0.59,100g,False,33,penne pasta 500g,pantry,2026-10-11,2026-10-10T13:02:49.849484+00:00
coles,4514983,Coles Durum Wheat Pasta Bowties,Coles,500g,1,,,100g,False,34,penne pasta 500g,pantry,2026-10-11,2026-10-10T13:02:49.849484+00:00
coles,4515283,Coles Durum Wheat Pasta Rigatoni,Coles,500g,1,,0.2,100g,False,35,penne pasta 500g,pantry,2026-10-11,2026-10-10T13:02:49.849484+00:00
coles,3329137,Coles Durum Wheat Pasta Macaroni,Coles,500g,1,,0.2,100g,False,36,penne pasta 500g,pantry,2026-10-11,2026-10-10T13:02:49.849484+00:00
coles,3329035,Coles Durum Wheat Pasta Large Spirals,Coles,500g,1,,0.2,100g,False,37,penne pasta 500g,pantry,2026-10-11,2026-10-10T13:02:49.849484+00:00
coles,3329057,Coles Durum Wheat Pasta Shells Large,Coles,500g,1,,0.2,100g,False,38,penne pasta 500g,pantry,2026-10-11,2026-10-10T13:02:49.849484+00:00
coles,6825102,La Molisana Pasta Casareccia,La Molisana,500g,3.7,,0.74,100g,False,39,penne pasta 500g,pantry,2026-10-11,2026-10-10T13:02:49.849484+00:00
coles,207825,San Remo Plain Fettuccine Pasta,San Remo,500g,2.95,,0.59,100g,False,40,penne pasta 500g,pantry,2026-10-11,2026-10-10T13:02:49.849484+00:00
coles,242407,San Remo Pasta Thin Spaghetti,San Remo,500g,2.95,,0.59,100g,False,41,penne pasta 500g,pantry,2026-10-11,2026-10-10T13:02:49.849484+00:00
coles,296392,San Remo Pasta Instant Spaghetti,San Remo,500g,2.95,,0.59,100g,False,42,penne pasta 500g,pantry,2026-10-11,2026-10-10T13:02:49.849484+00:00
coles,1211340,Barilla Collezione Pasta Orecchiette,Barilla,500g,4.5,,0.9,100g,False,43,penne pasta 500g,pantry,2026-10-11,2026-10-10T13:02:49.849484+00:00
coles,8947858,Zafarelli Spirali Pasta No 56,Zafarelli,500g,2,,0.4,100g,False,44,penne pasta 500g,pantry,2026-10-11,2026-10-10T13:02:49.849484+00:00
coles,6990878,San Remo Linguine Pasta No 1,San Remo,500g,2.95,,0.59,100g,False,45,penne pasta 500g,pantry,2026-10-11,2026-10-10T13:02:49.849484+00:00
coles,5714650,La Molisana Farfalle Pasta No 66,La Molisana,500g,3.7,,0.74,100g,False,46,penne pasta 500g,pantry,2026-10-11,2026-10-10T13:02:49.849484+00:00
coles,278164,Zafarelli Pennette Rigate No18 Pasta,Zafarelli,500g,2,,0.4,100g,False,47,penne pasta 500g,pantry,2026-10-11,2026-10-10T13:02:49.849484+00:00
coles,278153,Zafarelli Fusilli Pasta No 17,Zafarelli,500g,2,,0.4,100g,False,48,penne pasta 500g,pantry,2026-10-11,2026-10-10T13:02:49.849484+00:00
woolworths,758286,Dolmio Extra Bolognese Tomato Pasta Sauce 500g,Dolmio,500g,4.6,4.6,0.92,100G,False,1,pasta sauce 500g,pantry,2026-10-11,2026-10-10T13:02:52.134128+00:00
woolworths,758299,Dolmio Extra Spicy Peppers Tomato Pasta Sauce 500g,Dolmio,500g,4.6,4.6,0.92,100G,False,2,pasta sauce 500g,pantry,2026-10-11,2026-10-10T13:02:52.134128+00:00
woolworths,758342,Dolmio Extra Tomato Onion & Roast Garlic Pasta Sauce 500g,Dolmio,500g,4.6,4.6,0.92,100G,False,3,pasta sauce 500g,pantry,2026-10-11,2026-10-10T13:02:52.134128+00:00
woolworths,452031,Leggo's Tuna Bake Pasta Sauce 500g,Leggo's,500g,4.3,4.3,0.86,100G,False,4,pasta sauce 500g,pantry,2026-10-11,2026-10-10T13:02:52.134128+00:00
woolworths,451923,Leggo's Roasted Garlic Chunky Tomato & Onion Pasta Sauce 500g,Leggo's,500g,3.3,3.3,0.66,100G,False,5,pasta sauce 500g,pantry,2026-10-11,2026-10-10T13:02:52.134128+00:00
woolworths,758377,Dolmio Classic Tomato With Basil Pasta Sauce 500g,Dolmio,500g,2.5,2.5,0.5,100G,False,6,pasta sauce 500g,pantry,2026-10-11,2026-10-10T13:02:52.134128+00:00
woolworths,6058442,Leggo's Beef Ragu with Chunky Tomato Garlic & Herbs Pasta Sauce 500g,Leggo's,500g,3.3,3.3,0.66,100G,False,7,pasta sauce 500g,pantry,2026-10-11,2026-10-10T13:02:52.134128+00:00
woolworths,952665,Woolworths Bechamel Cheese Lasagne Bake Sauce 500g,Woolworths,500g,3.3,3.3,0.66,100G,False,8,pasta sauce 500g,pantry,2026-10-11,2026-10-10T13:02:52.134128+00:00
woolworths,450687,Leggo's Bolognese Chunky Tomato Garlic & Herbs Pasta Sauce 500g,Leggo's,500g,3.3,3.3,0.66,100G,False,9,pasta sauce 500g,pantry,2026-10-11,2026-10-10T13:02:52.134128+00:00
woolworths,6058426,Leggo's Marry Me Chicken Pasta Bake Sauce 500g,Leggo's,500g,4.3,4.3,0.86,100G,False,10,pasta sauce 500g,pantry,2026-10-11,2026-10-10T13:02:52.134128+00:00
coles,1386311,Lucias Napoletana Pasta Sauce,Lucias,500g,7,8,1.4,100g,False,1,pasta sauce 500g,pantry,2026-10-11,2026-10-10T13:02:52.134128+00:00
coles,1386242,Lucias Tomato And Basil Pasta Sauce,Lucias,500g,7,8,1.4,100g,False,2,pasta sauce 500g,pantry,2026-10-11,2026-10-10T13:02:52.134128+00:00
coles,3508680,Coles Mum's Sause Bolognese,Coles,500g,3.5,,0.7,100g,False,3,pasta sauce 500g,pantry,2026-10-11,2026-10-10T13:02:52.134128+00:00
coles,8413842,Cucina Matese Norma Pasta Sauce,Cucina Matese,550g,4.4,,,100g,False,4,pasta sauce 500g,pantry,2026-10-11,2026-10-10T13:02:52.134128+00:00
coles,8154380,Rare Bear Roasted Capsicum & Kalamata Olive Pasta Sauce,Rare Bear,450g,13.5,,3,100g,False,5,pasta sauce 500g,pantry,2026-10-11,2026-10-10T13:02:52.134128+00:00
coles,8591013,Siena Sugo Presto Al Basilico Pasta Sauce,Siena,680g,3.6,4.5,,100g,True,6,pasta sauce 500g,pantry,2026-10-11,2026-10-10T13:02:52.134128+00:00
coles,8436735,Cucina Matese Ditali Pasta,Cucina Matese,500g,2.8,,0.56,100g,False,7,pasta sauce 500g,pantry,2026-10-11,2026-10-10T13:02:52.134128+00:00
coles,3869779,Dolmio Hidden Vegetable Extra Pasta Sauce,Dolmio,500g,4.6,,0.92,100g,False,8,pasta sauce 500g,pantry,2026-10-11,2026-10-10T13:02:52.134128+00:00
coles,1274373,Dolmio Extra Pasta Sauce Bolognese,Dolmio,500g,4.6,,0.92,100g,False,9,pasta sauce 500g,pantry,2026-10-11,2026-10-10T13:02:52.134128+00:00
coles,1274453,Dolmio Extra Pasta Sauce Spicy Pepper,Dolmio,500g,4.6,,0.92,100g,False,10,pasta sauce 500g,pantry,2026-10-11,2026-10-10T13:02:52.134128+00:00
coles,1274384,Dolmio Extra Pasta Sauce Four Cheese,Dolmio,500g,4.6,,0.92,100g,False,11,pasta sauce 500g,pantry,2026-10-11,2026-10-10T13:02:52.134128+00:00
coles,1274410,Dolmio Extra Pasta Sauce Garden Vegetables,Dolmio,500g,4.6,,0.92,100g,False,12,pasta sauce 500g,pantry,2026-10-11,2026-10-10T13:02:52.134128+00:00
coles,1274420,Dolmio Extra Italian Herb Pasta Sauce,Dolmio,500g,4.6,,0.92,100g,False,13,pasta sauce 500g,pantry,2026-10-11,2026-10-10T13:02:52.134128+00:00
coles,1274442,Dolmio Extra Pasta Sauce Red Wine & Italian Herb,Dolmio,500g,4.6,,0.92,100g,False,14,pasta sauce 500g,pantry,2026-10-11,2026-10-10T13:02:52.134128+00:00
coles,1274464,Dolmio Extra Pasta Sauce Tomato Onion & Roast Garlic,Dolmio,500g,4.6,,0.92,100g,False,15,pasta sauce 500g,pantry,2026-10-11,2026-10-10T13:02:52.134128+00:00
coles,1279402,Dolmio Tomato Onion & Roast Garlic Salt Reduced Pasta Sauce,Dolmio,500g,4.6,,0.92,100g,False,16,pasta sauce 500g,pantry,2026-10-11,2026-10-10T13:02:52.134128+00:00
coles,2683833,Leggos Tuna Bake Pasta Sauce,Leggos,500g,4.3,,0.86,100g,False,17,pasta sauce 500g,pantry,2026-10-11,2026-10-10T13:02:52.134128+00:00
coles,1268144,Dolmio Classic Tomato Pasta Sauce,Dolmio,500g,2.7,,,100g,False,18,pasta sauce 500g,pantry,2026-10-11,2026-10-10T13:02:52.134128+00:00
coles,8069420,Island Pasta Company Salsa Di Pomodoro,Island Pasta Company,500g,11,,2.2,100g,False,19,pasta sauce 500g,pantry,2026-10-11,2026-10-10T13:02:52.134128+00:00
coles,3258607,Don Antonio Basil Tomato Sauce,Don,500g,7,,1.4,100g,False,20,pasta sauce 500g,pantry,2026-10-11,2026-10-10T13:02:52.134128+00:00
coles,3837615,Don Antonio Pasta Sauce Porcini Mushrooms,Don,500g,7.7,,1.54,100g,False,21,pasta sauce 500g,pantry,2026-10-11,2026-10-10T13:02:52.134128+00:00
coles,3837433,Don Antonio Organic Pasta Sauce Napolitana,Don,500g,8.5,,1.7,100g,False,22,pasta sauce 500g,pantry,2026-10-11,2026-10-10T13:02:52.134128+00:00
coles,3837411,Don Antonio Organic Traditional Pasta Sauce,Don,500g,8.5,,1.7,100g,False,23,pasta sauce 500g,pantry,2026-10-11,2026-10-10T13:02:52.134128+00:00
coles,3927310,Don Antonio Tartufo Truffle Pasta Sauce,Don,500g,7.7,,1.54,100g,False,24,pasta sauce 500g,pantry,2026-10-11,2026-10-10T13:02:52.134128+00:00
coles,3837375,Don Antonio Organic Pasta Sauce Basil,Don,500g,8.5,,1.7,100g,False,25,pasta sauce 500g,pantry,2026-10-11,2026-10-10T13:02:52.134128+00:00
coles,3837422,Don Antonio Organic Pasta Sauce Spicy Arrabbiata,Don,500g,8.5,,1.7,100g,False,26,pasta sauce 500g,pantry,2026-10-11,2026-10-10T13:02:52.134128+00:00
coles,2683844,Leggo's Creamy Tomato & Mozzarella Pasta Bake Sauce,Leggo's,500g,4.3,,0.86,100g,False,27,pasta sauce 500g,pantry,2026-10-11,2026-10-10T13:02:52.134128+00:00
coles,2683855,Leggo's Creamy Sundried Tomato & Garlic Pasta Bake Sauce,Leggo's,500g,4.3,,0.86,100g,False,28,pasta sauce 500g,pantry,2026-10-11,2026-10-10T13:02:52.134128+00:00
coles,3837580,Don Antonio Pasta Sauce With Basil And Pecorino Cheese,Don,500g,7.7,,1.54,100g,False,29,pasta sauce 500g,pantry,2026-10-11,2026-10-10T13:02:52.134128+00:00
coles,1072404,Dolmio Extra Pasta Sauce Meatballs,Dolmio Extra Pasta Sauce,500g,4.6,,0.92,100g,False,30,pasta sauce 500g,pantry,2026-10-11,2026-10-10T13:02:52.134128+00:00
coles,8070688,Island Pasta Company Puttanesca,Island Pasta Company,500g,11,,2.2,100g,False,31,pasta sauce 500g,pantry,2026-10-11,2026-10-10T13:02:52.134128+00:00
coles,8070190,Island Pasta Company Sugo Ai Piselli,Island Pasta Company,500g,11,,2.2,100g,False,32,pasta sauce 500g,pantry,2026-10-11,2026-10-10T13:02:52.134128+00:00
coles,1566346,Guzzi's Egg Pasta Fettuccine,Guzzi's,500g,7.1,,1.42,100g,False,33,pasta sauce 500g,pantry,2026-10-11,2026-10-10T13:02:52.134128+00:00
coles,5048784,Divella Spaghetti Ristorante No 8 Pasta,Divella,500g,2.6,,0.52,100g,False,34,pasta sauce 500g,pantry,2026-10-11,2026-10-10T13:02:52.134128+00:00
coles,3258618,Don Antonio Napoletana Tomato Sauce,Don Antonio,500g,7.5,,1.5,100g,False,35,pasta sauce 500g,pantry,2026-10-11,2026-10-10T13:02:52.134128+00:00
coles,3258629,Don Antonio Tomato Sauce With Vodka,Don,500g,7.7,,1.54,100g,False,36,pasta sauce 500g,pantry,2026-10-11,2026-10-10T13:02:52.134128+00:00
coles,1835110,Leggos Pasta Bake Marry Me Chicken,Leggos,500g,4.3,,0.86,100g,False,37,pasta sauce 500g,pantry,2026-10-11,2026-10-10T13:02:52.134128+00:00
coles,200156,Leggo's Tomato Paste Jar,Leggo's,500g,4.3,4.8,0.86,100g,False,38,pasta sauce 500g,pantry,2026-10-11,2026-10-10T13:02:52.134128+00:00
coles,3167363,Coles Kitchen Potato Gnocchi,Coles Kitchen,500g,6.5,,1.3,100g,False,39,pasta sauce 500g,pantry,2026-10-11,2026-10-10T13:02:52.134128+00:00
coles,3258844,Don Antonio Arrabbiata Spicy Tomato Sauce,Don,500g,7.5,,1.5,100g,False,40,pasta sauce 500g,pantry,2026-10-11,2026-10-10T13:02:52.134128+00:00
coles,3837626,Don Antonio Pizza Sauce,Don,500g,7.7,,1.54,100g,False,41,pasta sauce 500g,pantry,2026-10-11,2026-10-10T13:02:52.134128+00:00
coles,3927296,Don Antonio Tomato Sauce Passata,Don,500g,7.5,,1.5,100g,False,42,pasta sauce 500g,pantry,2026-10-11,2026-10-10T13:02:52.134128+00:00
coles,9958420,Rana Gnocchi,Rana,500g,7.5,,1.5,100g,False,43,pasta sauce 500g,pantry,2026-10-11,2026-10-10T13:02:52.134128+00:00
coles,8080284,Lello Fresh Potato Gnocchi,Lello,500g,13,,2.6,100g,False,44,pasta sauce 500g,pantry,2026-10-11,2026-10-10T13:02:52.134128+00:00
coles,7718990,Coles Italian Tomato Paste,Coles,500g,3,,0.6,100g,False,45,pasta sauce 500g,pantry,2026-10-11,2026-10-10T13:02:52.134128+00:00
coles,5375565,Coles Simply Tomato Paste,Coles Simply,500g,1.4,,0.28,100g,False,46,pasta sauce 500g,pantry,2026-10-11,2026-10-10T13:02:52.134128+00:00
coles,7831440,Australian Organic Food Co Passata,Australian Organic Food Co,500g,4.4,,0.88,100g,False,47,pasta sauce 500g,pantry,2026-10-11,2026-10-10T13:02:52.134128+00:00
coles,3508690,Coles Mum's Sause Garden Veg,Coles,500g,3.5,,0.7,100g,False,48,pasta sauce 500g,pantry,2026-10-11,2026-10-10T13:02:52.134128+00:00
woolworths,601342,Woolworths Jasmine Rice 1kg,Woolworths,1kg,3.2,3.2,0.32,100G,False,1,jasmine rice 1kg,pantry,2026-10-11,2026-10-10T13:02:54.556380+00:00
woolworths,267557,Sunrice Rice Jasmine 1kg,Sunrice,1kg,4.5,4.5,0.45,100G,False,2,jasmine rice 1kg,pantry,2026-10-11,2026-10-10T13:02:54.556380+00:00
woolworths,109277,Sunrice Jasmine Rice 2kg,Sunrice,2kg,6.8,6.8,0.34,100G,False,3,jasmine rice 1kg,pantry,2026-10-11,2026-10-10T13:02:54.556380+00:00
woolworths,601343,Woolworths Jasmine Rice 5kg,Woolworths,5kg,13.5,13.5,0.27,100G,False,4,jasmine rice 1kg,pantry,2026-10-11,2026-10-10T13:02:54.556380+00:00
woolworths,803520,Sunrice Jasmine Fragrant Rice 5kg,Sunrice,5kg,27,27,0.54,100G,False,5,jasmine rice 1kg,pantry,2026-10-11,2026-10-10T13:02:54.556380+00:00
woolworths,755971,Macro Organic Jasmine Rice 750g,Macro,750g,4.8,4.8,0.64,100G,False,6,jasmine rice 1kg,pantry,2026-10-11,2026-10-10T13:02:54.556380+00:00
woolworths,6039185,Sunrice Premium Thai Hom Mali Jasmine Rice 5kg,Sunrice,5kg,17.5,35,0.35,100G,True,7,jasmine rice 1kg,pantry,2026-10-11,2026-10-10T13:02:54.556380+00:00
woolworths,102760,Royal Feast Jasmine Rice 10kg,Royal Feast,10kg,48,48,0.48,100G,False,8,jasmine rice 1kg,pantry,2026-10-11,2026-10-10T13:02:54.556380+00:00
woolworths,528193,Woolworths Family Size Jasmine Rice 450g,Woolworths,450g,2.75,2.75,0.61,100G,False,9,jasmine rice 1kg,pantry,2026-10-11,2026-10-10T13:02:54.556380+00:00
coles,7499660,Nice Rice Australian Jasmine Rice,Nice Rice Australian,1Kg,4.5,,0.45,100g,False,1,jasmine rice 1kg,pantry,2026-10-11,2026-10-10T13:02:54.556380+00:00
coles,8703004,Coles Jasmine Rice,Coles,1kg,3.2,,0.32,100g,False,2,jasmine rice 1kg,pantry,2026-10-11,2026-10-10T13:02:54.556380+00:00
coles,4685294,Sungrow Rice Jasmine,Sungrow,1 kg,3.25,,0.33,100g,False,3,jasmine rice 1kg,pantry,2026-10-11,2026-10-10T13:02:54.556380+00:00
coles,5963814,Sunrice Jasmine Rice,Sunrice,1kg,3.35,4.5,0.34,100g,False,4,jasmine rice 1kg,pantry,2026-10-11,2026-10-10T13:02:54.556380+00:00
coles,2599420,Coles Jasmine Rice,Coles,5kg,13.5,,0.27,100g,False,5,jasmine rice 1kg,pantry,2026-10-11,2026-10-10T13:02:54.556380+00:00
coles,9540299,Coles Jasmine Rice,Coles,2kg,5.5,,0.27,100g,False,6,jasmine rice 1kg,pantry,2026-10-11,2026-10-10T13:02:54.556380+00:00
coles,7639464,Dragon Jasmine Rice,Dragon,5kg,23,,0.46,100g,False,7,jasmine rice 1kg,pantry,2026-10-11,2026-10-10T13:02:54.556380+00:00
coles,1135184,Fortune Fragrant Jasmine Rice,Fortune,10Kg,34,,0.34,100g,False,8,jasmine rice 1kg,pantry,2026-10-11,2026-10-10T13:02:54.556380+00:00
coles,1135140,Fortune Everyday Jasmine Rice,Fortune,10kg,30,,0.3,100g,False,9,jasmine rice 1kg,pantry,2026-10-11,2026-10-10T13:02:54.556380+00:00
coles,1155068,Kroya Fragrant Jasmine Rice,Kroya,2Kg,8,,0.4,100g,False,10,jasmine rice 1kg,pantry,2026-10-11,2026-10-10T13:02:54.556380+00:00
coles,7639293,Thai Moon Hom Mali Jasmine Rice,Thai Moon,5kg,27,,0.54,100g,False,11,jasmine rice 1kg,pantry,2026-10-11,2026-10-10T13:02:54.556380+00:00
coles,1302005,Kroya Fragrant Purple Jasmine Rice,Kroya,5kg,18,,3.6,1kg,False,12,jasmine rice 1kg,pantry,2026-10-11,2026-10-10T13:02:54.556380+00:00
coles,8739056,Sunrice Premium Jasmine,Sunrice,1Kg,7.5,,0.75,100g,False,13,jasmine rice 1kg,pantry,2026-10-11,2026-10-10T13:02:54.556380+00:00
woolworths,793114,Weet-Bix Breakfast Cereal 575g,Weet-Bix,575g,5,5,0.87,100G,False,1,weet-bix 575g,pantry,2026-10-11,2026-10-10T13:02:56.717344+00:00
woolworths,245169,Weet-Bix Blends Multi Grain+ Breakfast Cereal 575g,Weet-Bix,575g,6.5,6.5,1.13,100G,False,2,weet-bix 575g,pantry,2026-10-11,2026-10-10T13:02:56.717344+00:00
woolworths,200695,Weet-Bix Breakfast Cereal 1.2kg,Weet-Bix,1.2kg,7,7,0.58,100G,False,3,weet-bix 575g,pantry,2026-10-11,2026-10-10T13:02:56.717344+00:00
woolworths,142976,Weet-Bix Little Kids Breakfast Cereal 400g,Weet-Bix,400g,5,5,1.25,100G,False,4,weet-bix 575g,pantry,2026-10-11,2026-10-10T13:02:56.717344+00:00
woolworths,199796,Weet-Bix Honey & Golden Oats 450g,Weet-Bix,450g,6.5,6.5,1.44,100G,False,5,weet-bix 575g,pantry,2026-10-11,2026-10-10T13:02:56.717344+00:00
woolworths,658537,Weet-Bix Cholesterol Lowering Breakfast Cereal 440g,Weet-Bix,440g,7.5,7.5,1.7,100G,False,6,weet-bix 575g,pantry,2026-10-11,2026-10-10T13:02:56.717344+00:00
woolworths,319430,Weet-Bix Bites Apricot Breakfast Cereal 500g,Weet-Bix,500g,3.25,6.5,0.65,100G,True,7,weet-bix 575g,pantry,2026-10-11,2026-10-10T13:02:56.717344+00:00
woolworths,476928,Weet-Bix Gluten Free Coconut & Cinnamon Breakfast Cereal 400g,Weet-Bix,400g,5.5,5.5,1.38,100G,False,8,weet-bix 575g,pantry,2026-10-11,2026-10-10T13:02:56.717344+00:00
woolworths,794875,Weet-Bix Gluten Free Breakfast Cereal 375g,Weet-Bix,375g,5,5,1.33,100G,False,9,weet-bix 575g,pantry,2026-10-11,2026-10-10T13:02:56.717344+00:00
woolworths,33021,Weet-Bix Breakfast Cereal 375g,Weet-Bix,375g,4,4,1.07,100G,False,10,weet-bix 575g,pantry,2026-10-11,2026-10-10T13:02:56.717344+00:00
coles,2001784,Sanitarium Weet-bix Breakfast Cereal,Sanitarium,575g,5,,0.87,100g,False,1,weet-bix 575g,pantry,2026-10-11,2026-10-10T13:02:56.717344+00:00
coles,429612,Sanitarium Weet-bix Multi-grain Breakfast Cereal,Sanitarium,575g,5,6.5,0.87,100g,False,2,weet-bix 575g,pantry,2026-10-11,2026-10-10T13:02:56.717344+00:00
coles,1870880,Weet-Bix Wildberry Bites,Weet-Bix,900g,9,,1,100g,False,3,weet-bix 575g,pantry,2026-10-11,2026-10-10T13:02:56.717344+00:00
coles,1870904,Weet-Bix Bites Honey,Weet-Bix,900g,9,,1,100g,False,4,weet-bix 575g,pantry,2026-10-11,2026-10-10T13:02:56.717344+00:00
coles,5002998,Sanitarium Weet-bix Honey & Golden Oats Breakfast Cereal,Sanitarium,450g,5,6.5,1.11,100g,False,5,weet-bix 575g,pantry,2026-10-11,2026-10-10T13:02:56.717344+00:00
coles,4951398,Sanitarium Weet-bix Bites Wild Berry Breakfast Cereal,Sanitarium,500g,6.5,,1.3,100g,False,6,weet-bix 575g,pantry,2026-10-11,2026-10-10T13:02:56.717344+00:00
coles,8127832,Sanitarium Weet-bix Bites Coco Crunch Breakfast Cereal,Sanitarium,500g,6.5,,1.3,100g,False,7,weet-bix 575g,pantry,2026-10-11,2026-10-10T13:02:56.717344+00:00
coles,1556047,Sanitarium Weet-bix Protein Bites Caramel Crunch,Sanitarium,510g,8,,1.57,100g,False,8,weet-bix 575g,pantry,2026-10-11,2026-10-10T13:02:56.717344+00:00
coles,9393015,Sanitarium Weet-bix Cereal,Sanitarium,1.2kg,7,,0.58,100g,False,9,weet-bix 575g,pantry,2026-10-11,2026-10-10T13:02:56.717344+00:00
coles,2001365,Sanitarium Weet-bix Gluten Free Breakfast Cereal,Sanitarium,375g,5,,1.33,100g,False,10,weet-bix 575g,pantry,2026-10-11,2026-10-10T13:02:56.717344+00:00
coles,133117,Sanitarium Weet-bix Breakfast Cereal,Sanitarium,375g,4,,1.07,100g,False,11,weet-bix 575g,pantry,2026-10-11,2026-10-10T13:02:56.717344+00:00
woolworths,321220,Woolworths Rolled Traditional Oats 750g,Woolworths,750g,1.7,1.7,0.23,100G,False,1,rolled oats 750g,pantry,2026-10-11,2026-10-10T13:02:58.915320+00:00
woolworths,321222,Woolworths Quick Oats 750g,Woolworths,750g,1.7,1.7,0.23,100G,False,2,rolled oats 750g,pantry,2026-10-11,2026-10-10T13:02:58.915320+00:00
woolworths,700524,Macro Organic Rolled Oats 500g,Macro,500g,3.1,3.1,0.62,100G,False,3,rolled oats 750g,pantry,2026-10-11,2026-10-10T13:02:58.915320+00:00
woolworths,664723,Macro Organic Oats Rolled Unstabilised 500g,Macro,500g,3.8,3.8,0.76,100G,False,4,rolled oats 750g,pantry,2026-10-11,2026-10-10T13:02:58.915320+00:00
woolworths,37678,Uncle Tobys Rolled Oats Traditional Porridge 500g,Uncle Tobys,500g,4.5,4.5,0.9,100G,False,5,rolled oats 750g,pantry,2026-10-11,2026-10-10T13:02:58.915320+00:00
woolworths,430908,Red Tractor Protein Creamy Style Instant Oats Original 750g,Red Tractor,750g,7.7,7.7,1.03,100G,False,6,rolled oats 750g,pantry,2026-10-11,2026-10-10T13:02:58.915320+00:00
woolworths,31129,Uncle Tobys Rolled Oats Quick Porridge 500g,Uncle Tobys,500g,4.5,4.5,0.9,100G,False,7,rolled oats 750g,pantry,2026-10-11,2026-10-10T13:02:58.915320+00:00
woolworths,196293,Woolworths Australian Rolled Oats 1.5kg,Woolworths,1.5kg,3.2,3.2,0.21,100G,False,8,rolled oats 750g,pantry,2026-10-11,2026-10-10T13:02:58.915320+00:00
woolworths,609556,Jordans Simply Crunchy Oat Granola Honey 750g,Jordans,750g,7,7,0.93,100G,False,9,rolled oats 750g,pantry,2026-10-11,2026-10-10T13:02:58.915320+00:00
woolworths,913389,Macro Organic Australian Rolled Oats 1kg,Macro,1kg,5.8,5.8,0.58,100G,False,10,rolled oats 750g,pantry,2026-10-11,2026-10-10T13:02:58.915320+00:00
coles,1838876,Coles Simply Rolled Oats,Coles Simply,750g,1.7,,0.23,100g,False,1,rolled oats 750g,pantry,2026-10-11,2026-10-10T13:02:58.915320+00:00
coles,3970820,Coles Organic Rolled Oats,Coles Organic,500g,3.1,,0.62,100g,False,2,rolled oats 750g,pantry,2026-10-11,2026-10-10T13:02:58.915320+00:00
coles,4972693,Coles Simply Rolled Oats,Coles Simply,1.8Kg,3.5,,0.19,100g,False,3,rolled oats 750g,pantry,2026-10-11,2026-10-10T13:02:58.915320+00:00
coles,3185310,Red Tractor Australian Rolled Oats,Red Tractor,1kg,6,,0.6,100g,False,4,rolled oats 750g,pantry,2026-10-11,2026-10-10T13:02:58.915320+00:00
coles,3185296,Red Tractor Organic Rolled Oats,Red Tractor,1kg,8,,0.8,100g,False,5,rolled oats 750g,pantry,2026-10-11,2026-10-10T13:02:58.915320+00:00
coles,3897399,Red Tractor Wheat Free Rolled Oats,Red Tractor,600g,7,,1.17,100g,False,6,rolled oats 750g,pantry,2026-10-11,2026-10-10T13:02:58.915320+00:00
coles,1838887,Coles Simply Quick Oats,Coles Simply,750g,1.7,,0.23,100g,False,7,rolled oats 750g,pantry,2026-10-11,2026-10-10T13:02:58.915320+00:00
coles,3185300,Red Tractor Organic Instant Oats,Red Tractor,1kg,8,,0.8,100g,False,8,rolled oats 750g,pantry,2026-10-11,2026-10-10T13:02:58.915320+00:00
woolworths,233925,Woolworths Crunchy Peanut Butter 500g,Woolworths,500g,3.2,3.2,0.64,100G,False,1,peanut butter 500g,pantry,2026-10-11,2026-10-10T13:03:01.052302+00:00
woolworths,233922,Woolworths Smooth Peanut Butter 500g,Woolworths,500g,3.2,3.2,0.64,100G,False,2,peanut butter 500g,pantry,2026-10-11,2026-10-10T13:03:01.052302+00:00
woolworths,1123912237,Protein Supplies Australia Whey Protein Isolate Peanut Butter 500g,Protein Supplies Australia,500G,53.5,56.65,10.7,100G,True,3,peanut butter 500g,pantry,2026-10-11,2026-10-10T13:03:01.052302+00:00
woolworths,1125895867,Protein Supplies Australia Whey Protein Powder Choc Peanut Butter 500g,Protein Supplies Australia,500G,40.11,42.47,8.02,100G,True,4,peanut butter 500g,pantry,2026-10-11,2026-10-10T13:03:01.052302+00:00
woolworths,6057018,Schmackos Strapz Dog Treats Temptin' Peanut Butter 500g,Schmackos,500g,17,17,3.4,100G,False,5,peanut butter 500g,pantry,2026-10-11,2026-10-10T13:03:01.052302+00:00
woolworths,6016172,Baxter's Dog Treats Jerky Sticks Peanut Butter Flavour 500g,Baxter's,500g,8,8,1.6,100G,False,6,peanut butter 500g,pantry,2026-10-11,2026-10-10T13:03:01.052302+00:00
woolworths,160116,Mayver's Dark Roasted Peanut Butter Crunchy 750g,Mayver's,750g,10.6,10.6,1.41,100G,False,7,peanut butter 500g,pantry,2026-10-11,2026-10-10T13:03:01.052302+00:00
woolworths,165365,Woolworths Peanuts In Shell 500g,Woolworths,500g,6,6,12,1KG,False,8,peanut butter 500g,pantry,2026-10-11,2026-10-10T13:03:01.052302+00:00
woolworths,127012,Mayver's Smooth Peanut Butter 750g,Mayver's,750g,10.6,10.6,1.41,100G,False,9,peanut butter 500g,pantry,2026-10-11,2026-10-10T13:03:01.052302+00:00
woolworths,126650,Mayver's Crunchy Peanut Butter 750g,Mayver's,750g,10.6,10.6,1.41,100G,False,10,peanut butter 500g,pantry,2026-10-11,2026-10-10T13:03:01.052302+00:00
coles,3851183,Mayvers Dark Roasted Extra Crunchy Natural Peanut Butter,Mayvers,375g,5,6.3,1.33,100g,False,1,peanut butter 500g,pantry,2026-10-11,2026-10-10T13:03:01.052302+00:00
coles,1614813,Schmackos Strapz Peanut Butter Dog Treats,Schmackos,500g,13.6,17,2.72,100g,False,2,peanut butter 500g,pantry,2026-10-11,2026-10-10T13:03:01.052302+00:00
coles,8100621,Coles Peanut Butter Smooth,Coles,500g,3.4,,0.68,100g,False,3,peanut butter 500g,pantry,2026-10-11,2026-10-10T13:03:01.052302+00:00
coles,8100632,Coles Peanut Butter Crunchy,Coles,500g,3.4,,0.68,100g,False,4,peanut butter 500g,pantry,2026-10-11,2026-10-10T13:03:01.052302+00:00
coles,5459530,Mayver's Smooth Peanut Butter,Mayver's,750g,10.6,,1.41,100g,False,5,peanut butter 500g,pantry,2026-10-11,2026-10-10T13:03:01.052302+00:00
coles,5459552,Mayver's Crunchy Peanut Butter,Mayver's,750g,10.6,,1.41,100g,False,6,peanut butter 500g,pantry,2026-10-11,2026-10-10T13:03:01.052302+00:00
coles,1473052,M&m Peanut Butter Std,M&m,46.2g,5.5,,11.9,100g,False,7,peanut butter 500g,pantry,2026-10-11,2026-10-10T13:03:01.052302+00:00
coles,1050343,Mayver's Smunchy  Protein+ Peanut Butter,Mayver's,750g,11.6,,1.55,100g,False,8,peanut butter 500g,pantry,2026-10-11,2026-10-10T13:03:01.052302+00:00
coles,2621643,Mayver's Smooth Natural Peanut Butter,Mayver's,375g,6.3,,1.68,100g,False,9,peanut butter 500g,pantry,2026-10-11,2026-10-10T13:03:01.052302+00:00
coles,2621632,Mayver's Crunchy Natural Peanut Butter,Mayver's,375g,6.3,,1.68,100g,False,10,peanut butter 500g,pantry,2026-10-11,2026-10-10T13:03:01.052302+00:00
coles,7024175,Mayvers Smooth Chocolate Protein+ Peanut Butter,Mayvers,375g,7.3,,1.95,100g,False,11,peanut butter 500g,pantry,2026-10-11,2026-10-10T13:03:01.052302+00:00
coles,9024019,Tablelands Dairy Free Spread,Tablelands,500g,3.2,,0.64,100g,False,12,peanut butter 500g,pantry,2026-10-11,2026-10-10T13:03:01.052302+00:00
woolworths,796439,Vegemite Spread 380g,Vegemite,380g,7.7,7.7,2.03,100G,False,1,vegemite 380g,pantry,2026-10-11,2026-10-10T13:03:03.441544+00:00
woolworths,280512,Vegemite Spread 560g,Vegemite,560g,9.9,9.9,1.77,100G,False,2,vegemite 380g,pantry,2026-10-11,2026-10-10T13:03:03.441544+00:00
woolworths,97722,Vegemite 40% Less Salt 235g,Vegemite,235g,5.7,5.7,2.43,100G,False,3,vegemite 380g,pantry,2026-10-11,2026-10-10T13:03:03.441544+00:00
woolworths,281263,Vegemite Spread 150g,Vegemite,150g,4.2,4.2,2.8,100G,False,4,vegemite 380g,pantry,2026-10-11,2026-10-10T13:03:03.441544+00:00
woolworths,840274,Vegemite Gluten Free Spread 235g,Vegemite,235g,5.7,5.7,2.43,100G,False,5,vegemite 380g,pantry,2026-10-11,2026-10-10T13:03:03.441544+00:00
woolworths,333060,Vegemite Cheesy Bite Spread 270g,Vegemite,270g,5.1,5.1,1.89,100G,False,6,vegemite 380g,pantry,2026-10-11,2026-10-10T13:03:03.441544+00:00
woolworths,812783,Arnott's Shapes Vegemite & Cheese Cracker Biscuits 165g,Arnott's,165g,4,4,2.42,100G,False,7,vegemite 380g,pantry,2026-10-11,2026-10-10T13:03:03.441544+00:00
woolworths,105557,Vegemite Squeezy 350g,Vegemite,350g,6.8,6.8,1.94,100G,False,8,vegemite 380g,pantry,2026-10-11,2026-10-10T13:03:03.441544+00:00
woolworths,62842,Vege Chips Natural 100g,Vege Chips,100g,4.9,4.9,4.9,100G,False,9,vegemite 380g,pantry,2026-10-11,2026-10-10T13:03:03.441544+00:00
woolworths,812784,Arnott's Shapes Cracker Biscuits Vegemite & Cheese 8 pack,Arnott's,8 pack,3.5,5,1.75,100G,True,10,vegemite 380g,pantry,2026-10-11,2026-10-10T13:03:03.441544+00:00
coles,1819827,Vegemite Kids Spread,Vegemite,220g,2.85,5.7,1.3,100g,False,1,vegemite 380g,pantry,2026-10-11,2026-10-10T13:03:03.441544+00:00
coles,5998852,Vegemite Spread,Vegemite,380g,7.7,,2.03,100g,False,2,vegemite 380g,pantry,2026-10-11,2026-10-10T13:03:03.441544+00:00
coles,3852630,Vegemite Squeeze,Vegemite,350g,6.8,,1.94,100g,False,3,vegemite 380g,pantry,2026-10-11,2026-10-10T13:03:03.441544+00:00
coles,1150927,Vegemite Portions 90 Pack,Vegemite,432g,25,,5.79,100g,False,4,vegemite 380g,pantry,2026-10-11,2026-10-10T13:03:03.441544+00:00
coles,5903696,Vegie Delights Plant Based Vegie Roast,Vegie Delights,480g,9.5,,1.98,100g,False,5,vegemite 380g,pantry,2026-10-11,2026-10-10T13:03:03.441544+00:00
woolworths,698956,Woolworths Spanish Extra Virgin Olive Oil 500mL,Woolworths,500mL,9,9,1.8,100ML,False,1,olive oil 500ml,pantry,2026-10-11,2026-10-10T13:03:05.549983+00:00
woolworths,698866,Woolworths Mediterranean Mellow Olive Oil 500mL,Woolworths,500mL,9,9,1.8,100ML,False,2,olive oil 500ml,pantry,2026-10-11,2026-10-10T13:03:05.549983+00:00
woolworths,248084,Woolworths Extra Virgin Olive Oil 500mL,Woolworths,500mL,11,11,2.2,100ML,False,3,olive oil 500ml,pantry,2026-10-11,2026-10-10T13:03:05.549983+00:00
woolworths,49301,Moro Tradicional Mild Taste Olive Oil 500mL,Moro,500mL,16,16,3.2,100ML,False,4,olive oil 500ml,pantry,2026-10-11,2026-10-10T13:03:05.549983+00:00
woolworths,807200,Monini Organic Extra Virgin Olive Oil 500mL,Monini,500mL,17.5,17.5,3.5,100ML,False,5,olive oil 500ml,pantry,2026-10-11,2026-10-10T13:03:05.549983+00:00
woolworths,49304,Moro Delicado Light Taste Olive Oil 500mL,Moro,500mL,16,16,3.2,100ML,False,6,olive oil 500ml,pantry,2026-10-11,2026-10-10T13:03:05.549983+00:00
woolworths,6079345,Moro Organico Extra Virgin Olive Oil 500mL,Moro,500mL,17.5,17.5,3.5,100ML,False,7,olive oil 500ml,pantry,2026-10-11,2026-10-10T13:03:05.549983+00:00
woolworths,25065,Moro Primero Extra Virgin Olive Oil 500mL,Moro,500mL,16,16,3.2,100ML,False,8,olive oil 500ml,pantry,2026-10-11,2026-10-10T13:03:05.549983+00:00
woolworths,1120429671,Glass Cooking Olive Oil 500ml 4 Pack Dispenser Bottles for Kitchen,,1EA,99.95,99.95,,,False,9,olive oil 500ml,pantry,2026-10-11,2026-10-10T13:03:05.549983+00:00
coles,5833943,La Espanola Extra Virgin Olive Oil,La Espanola,500mL,8,16,1.6,100ml,False,1,olive oil 500ml,pantry,2026-10-11,2026-10-10T13:03:05.549983+00:00
coles,5449504,Coles Extra Virgin Olive Oil,Coles,500mL,9,,1.8,100ml,False,2,olive oil 500ml,pantry,2026-10-11,2026-10-10T13:03:05.549983+00:00
coles,5118132,Moro Primero Extra Virgin Olive Oil,Moro,500mL,16,,3.2,100ml,False,3,olive oil 500ml,pantry,2026-10-11,2026-10-10T13:03:05.549983+00:00
coles,5295524,Coles Classic Olive Oil,Coles,500mL,9,,1.8,100ml,False,4,olive oil 500ml,pantry,2026-10-11,2026-10-10T13:03:05.549983+00:00
coles,6108531,Coles Organic Extra Virgin Olive Oil,Coles Organic,500mL,9,,1.8,100ml,False,5,olive oil 500ml,pantry,2026-10-11,2026-10-10T13:03:05.549983+00:00
coles,5118143,Moro Delicado Light Taste Olive Oil,Moro,500mL,16,,3.2,100ml,False,6,olive oil 500ml,pantry,2026-10-11,2026-10-10T13:03:05.549983+00:00
coles,5833477,La Espanola Mild & Light Olive Oil,La Espanola,500mL,8,16,1.6,100ml,False,7,olive oil 500ml,pantry,2026-10-11,2026-10-10T13:03:05.549983+00:00
coles,1327935,Moro Squeeze Bottle Evoo,Moro,500mL,16,,3.2,100ml,False,8,olive oil 500ml,pantry,2026-10-11,2026-10-10T13:03:05.549983+00:00
coles,4689954,Cobram Estate Garlic Infused Extra Virgin Olive Oil,Cobram Estate,500mL,16,19.5,3.2,100ml,False,9,olive oil 500ml,pantry,2026-10-11,2026-10-10T13:03:05.549983+00:00
coles,5295546,Coles Extra Mild Olive Oil,Coles,500mL,9,,1.8,100ml,False,10,olive oil 500ml,pantry,2026-10-11,2026-10-10T13:03:05.549983+00:00
coles,4982450,Monini Organic Premium Selection Extra Virgin Olive Oil,Monini,500mL,17.5,,3.5,100ml,False,11,olive oil 500ml,pantry,2026-10-11,2026-10-10T13:03:05.549983+00:00
coles,2107479,Squeaky Gate Australian Extra Virgin Olive Oil All Rounder,Squeaky Gate,750mL,20,,2.67,100ml,False,12,olive oil 500ml,pantry,2026-10-11,2026-10-10T13:03:05.549983+00:00
coles,4485229,Red Island Extra Virgin Olive Oil,Red Island,500mL,13,,2.6,100ml,False,13,olive oil 500ml,pantry,2026-10-11,2026-10-10T13:03:05.549983+00:00
coles,6749354,Cobram Estate Ultra Premium Coratina Extra Virgin Olive Oil,Cobram Estate,500mL,30,,6,100ml,False,14,olive oil 500ml,pantry,2026-10-11,2026-10-10T13:03:05.549983+00:00
coles,6749536,Cobram Estate Ultra Premium Hojiblanca Extra Virgin Olive Oil,Cobram Estate,500mL,30,,6,100ml,False,15,olive oil 500ml,pantry,2026-10-11,2026-10-10T13:03:05.549983+00:00
coles,6749445,Cobram Ultra Premium Picual Extra Virgin Olive Oil,Cobram,500mL,30,,6,100ml,False,16,olive oil 500ml,pantry,2026-10-11,2026-10-10T13:03:05.549983+00:00
coles,1862983,Cherry Creek Estate Pure Avocado Oil,Cherry Creek Estate,500mL,15.95,,3.19,100ml,False,17,olive oil 500ml,pantry,2026-10-11,2026-10-10T13:03:05.549983+00:00
coles,1402655,La Espanola Squeeze Evoo,La Espanola,500mL,16,,3.2,100ml,False,18,olive oil 500ml,pantry,2026-10-11,2026-10-10T13:03:05.549983+00:00
coles,1750968,Melrose Mct Oil Kickstart,Melrose,500mL,29,,5.8,100ml,False,19,olive oil 500ml,pantry,2026-10-11,2026-10-10T13:03:05.549983+00:00
woolworths,33282,Woolworths Essentials Plain Flour 1kg,Woolworths Essentials,1kg,1.3,1.3,1.3,1KG,False,1,plain flour 1kg,pantry,2026-10-11,2026-10-10T13:03:07.889446+00:00
woolworths,215462,Macro Organic Plain Flour 1kg,Macro,1kg,4.7,4.7,4.7,1KG,False,2,plain flour 1kg,pantry,2026-10-11,2026-10-10T13:03:07.889446+00:00
woolworths,535605,Woolworths Wholemeal Plain Flour 1kg,Woolworths,1kg,2.2,2.2,2.2,1KG,False,3,plain flour 1kg,pantry,2026-10-11,2026-10-10T13:03:07.889446+00:00
woolworths,33064,White Wings Plain Flour 1kg,White Wings,1kg,3.4,3.4,3.4,1KG,False,4,plain flour 1kg,pantry,2026-10-11,2026-10-10T13:03:07.889446+00:00
woolworths,262665,Lighthouse Bread & Pizza Plain Flour 1kg,Lighthouse,1kg,3.2,4,3.2,1KG,True,5,plain flour 1kg,pantry,2026-10-11,2026-10-10T13:03:07.889446+00:00
woolworths,262660,Lighthouse Biscuit Pastry & Cake Plain Flour 1kg,Lighthouse,1kg,3.2,4,3.2,1KG,True,6,plain flour 1kg,pantry,2026-10-11,2026-10-10T13:03:07.889446+00:00
woolworths,142314,Vetta Smart Protein Plain Flour 1kg,Vetta,1kg,4.5,4.5,4.5,1KG,False,7,plain flour 1kg,pantry,2026-10-11,2026-10-10T13:03:07.889446+00:00
woolworths,228764,White Wings Plain Flour Wholemeal 1kg,White Wings,1kg,3.4,3.4,3.4,1KG,False,8,plain flour 1kg,pantry,2026-10-11,2026-10-10T13:03:07.889446+00:00
woolworths,180265,Macro Organic Australian Wholemeal Plain Flour Unbleached 1kg,Macro,1kg,4.7,4.7,4.7,1KG,False,9,plain flour 1kg,pantry,2026-10-11,2026-10-10T13:03:07.889446+00:00
woolworths,230949,The Healthy Baker Plain Flour Easy Store 1kg,The Healthy Baker,1kg,3,3.5,3,1KG,True,10,plain flour 1kg,pantry,2026-10-11,2026-10-10T13:03:07.889446+00:00
coles,5881232,Coles Simply Plain Flour,Coles Simply,1Kg,1.3,,1.3,1kg,False,1,plain flour 1kg,pantry,2026-10-11,2026-10-10T13:03:07.889446+00:00
coles,6480918,The Healthy Baker Plain Flour,The Healthy Baker,1Kg,2.75,3.25,2.75,1kg,False,2,plain flour 1kg,pantry,2026-10-11,2026-10-10T13:03:07.889446+00:00
coles,3236262,Lo-fo Pantry Low Fodmap Plain Flour,Lo-fo Pantry,1 kg,4.5,5,4.5,1kg,False,3,plain flour 1kg,pantry,2026-10-11,2026-10-10T13:03:07.889446+00:00
coles,119455,White Wings Plain Flour,White Wings,1Kg,3.4,,3.4,1kg,False,4,plain flour 1kg,pantry,2026-10-11,2026-10-10T13:03:07.889446+00:00
coles,5880841,Coles Simply Plain Flour,Coles Simply,2Kg,2.4,,1.2,1kg,False,5,plain flour 1kg,pantry,2026-10-11,2026-10-10T13:03:07.889446+00:00
coles,5880943,Coles Simply Wholemeal Plain Flour,Coles Simply,1Kg,2.2,,2.2,1kg,False,6,plain flour 1kg,pantry,2026-10-11,2026-10-10T13:03:07.889446+00:00
coles,9651019,Coles Organic Plain Flour,Coles,1kg,4.7,,4.7,1kg,False,7,plain flour 1kg,pantry,2026-10-11,2026-10-10T13:03:07.889446+00:00
coles,1135366,Goodman Fielder Plain Flour,Goodman Fielder,12.5Kg,17.5,,1.4,1kg,False,8,plain flour 1kg,pantry,2026-10-11,2026-10-10T13:03:07.889446+00:00
coles,5895930,Lighthouse Plain Flour Bread & Pizza,Lighthouse,1Kg,4,,4,1kg,False,9,plain flour 1kg,pantry,2026-10-11,2026-10-10T13:03:07.889446+00:00
coles,5895893,Lighthouse Flour Plain Cake Biscuit And Pastry,Lighthouse,1Kg,4,,4,1kg,False,10,plain flour 1kg,pantry,2026-10-11,2026-10-10T13:03:07.889446+00:00
coles,4418899,White Wings Wholemeal Plain Flour,White Wings,1kg,3.6,,3.6,1kg,False,11,plain flour 1kg,pantry,2026-10-11,2026-10-10T13:03:07.889446+00:00
coles,119535,White Wings Self Raising Flour,White Wings,1kg,3.4,,3.4,1kg,False,12,plain flour 1kg,pantry,2026-10-11,2026-10-10T13:03:07.889446+00:00
coles,6542673,Cucina Matese Semolina Pure Durum Wheat,Cucina,1kg,3.6,,3.6,1kg,False,13,plain flour 1kg,pantry,2026-10-11,2026-10-10T13:03:07.889446+00:00
woolworths,58537,Woolworths Essentials White Sugar 1kg,Woolworths Essentials,1kg,1.8,1.8,0.18,100G,False,1,white sugar 1kg,pantry,2026-10-11,2026-10-10T13:03:10.011081+00:00
woolworths,33156,CSR White Sugar 1kg,CSR,1kg,2.3,2.3,0.23,100G,False,2,white sugar 1kg,pantry,2026-10-11,2026-10-10T13:03:10.011081+00:00
woolworths,1111987349,Aqua Naturals Sugar White 9kg,Aqua Natural,1EA,53.96,53.96,,,False,3,white sugar 1kg,pantry,2026-10-11,2026-10-10T13:03:10.011081+00:00
woolworths,33157,CSR White Sugar 2kg,CSR,2kg,3.5,3.5,0.18,100G,False,4,white sugar 1kg,pantry,2026-10-11,2026-10-10T13:03:10.011081+00:00
woolworths,91869,Woolworths Essentials White Sugar 3kg,Woolworths Essentials,3kg,3.85,3.85,0.13,100G,False,5,white sugar 1kg,pantry,2026-10-11,2026-10-10T13:03:10.011081+00:00
woolworths,5743,Woolworths Essentials White Sugar 2kg,Woolworths Essentials,2kg,2.6,2.6,0.13,100G,False,6,white sugar 1kg,pantry,2026-10-11,2026-10-10T13:03:10.011081+00:00
woolworths,335936,CSR White Sugar 500g,CSR,500g,1.95,1.95,0.39,100G,False,7,white sugar 1kg,pantry,2026-10-11,2026-10-10T13:03:10.011081+00:00
woolworths,36630,CSR Raw Sugar 1kg,CSR,1kg,2.9,2.9,0.29,100G,False,8,white sugar 1kg,pantry,2026-10-11,2026-10-10T13:03:10.011081+00:00
woolworths,38022,CSR Caster Sugar 1kg,CSR,1kg,3.15,3.15,0.32,100G,False,9,white sugar 1kg,pantry,2026-10-11,2026-10-10T13:03:10.011081+00:00
woolworths,37736,CSR Brown Sugar Dark 1kg,CSR,1kg,4.6,4.6,0.46,100G,False,10,white sugar 1kg,pantry,2026-10-11,2026-10-10T13:03:10.011081+00:00
coles,5422530,Coles Simply Australian White Sugar,Coles Simply,1Kg,1.8,,0.18,100g,False,1,white sugar 1kg,pantry,2026-10-11,2026-10-10T13:03:10.011081+00:00
coles,120104,CSR White Sugar,CSR,1kg,2.3,,0.23,100g,False,2,white sugar 1kg,pantry,2026-10-11,2026-10-10T13:03:10.011081+00:00
coles,384740,CSR White Sugar,CSR,2kg,3.5,,0.18,100g,False,3,white sugar 1kg,pantry,2026-10-11,2026-10-10T13:03:10.011081+00:00
coles,5422541,Coles Simply White Sugar,Coles Simply,2Kg,2.6,,0.13,100g,False,4,white sugar 1kg,pantry,2026-10-11,2026-10-10T13:03:10.011081+00:00
coles,3771903,CSR White Sugar,CSR,500g,1.95,,0.39,100g,False,5,white sugar 1kg,pantry,2026-10-11,2026-10-10T13:03:10.011081+00:00
coles,1851681,Coles Pot Set Natural Greek Style Yoghurt,Coles,1Kg,6.9,,0.69,100g,False,6,white sugar 1kg,pantry,2026-10-11,2026-10-10T13:03:10.011081+00:00
coles,2909357,Coles Caster Sugar,Coles,1Kg,2.2,,0.22,100g,False,7,white sugar 1kg,pantry,2026-10-11,2026-10-10T13:03:10.011081+00:00
coles,2603437,Coles White Rice,Coles,1kg,3,,0.3,100g,False,8,white sugar 1kg,pantry,2026-10-11,2026-10-10T13:03:10.011081+00:00
coles,120068,CSR Raw Sugar,CSR,1Kg,2.9,,0.29,100g,False,9,white sugar 1kg,pantry,2026-10-11,2026-10-10T13:03:10.011081+00:00
coles,120148,CSR Brown Sugar,CSR,1Kg,4.9,,0.49,100g,False,10,white sugar 1kg,pantry,2026-10-11,2026-10-10T13:03:10.011081+00:00
coles,1871372,Queen Ready To Roll White Fondant Icing,Queen,1Kg,8,,0.8,100g,False,11,white sugar 1kg,pantry,2026-10-11,2026-10-10T13:03:10.011081+00:00
coles,5266865,Farmers Union Greek Style Natural Yoghurt,Farmers Union,1kg,7.5,,0.75,100g,False,12,white sugar 1kg,pantry,2026-10-11,2026-10-10T13:03:10.011081+00:00
woolworths,687062,Nescafe Gold Original Soluble Instant Coffee 200g,Nescafe,200g,23,23,11.5,100G,False,1,instant coffee 200g,pantry,2026-10-11,2026-10-10T13:03:12.166868+00:00
woolworths,687036,Nescafe Gold Intense Soluble Instant Coffee 200g,Nescafe,200g,23,23,11.5,100G,False,2,instant coffee 200g,pantry,2026-10-11,2026-10-10T13:03:12.166868+00:00
woolworths,17950,Woolworths Essentials Instant Coffee Granulated 200g,Woolworths Essentials,200g,6.5,6.5,3.25,100G,False,3,instant coffee 200g,pantry,2026-10-11,2026-10-10T13:03:12.166868+00:00
woolworths,92393,Moccona Freeze Dried Instant Coffee Indulgence Dark 200g,Moccona,200g,23.6,23.6,11.8,100G,False,4,instant coffee 200g,pantry,2026-10-11,2026-10-10T13:03:12.166868+00:00
woolworths,35681,Moccona Freeze Dried Instant Coffee Classic Medium Roast 200g,Moccona,200g,14,23.6,7,100G,True,5,instant coffee 200g,pantry,2026-10-11,2026-10-10T13:03:12.166868+00:00
woolworths,371037,Moccona Freeze Dried Instant Coffee Specialty Blend Rich 200g,Moccona,200g,23.6,23.6,11.8,100G,False,6,instant coffee 200g,pantry,2026-10-11,2026-10-10T13:03:12.166868+00:00
woolworths,248699,Robert Timms Premium Full-Bodied Granulated Coffee 200g,Robert Timms,200g,15,15,7.5,100G,False,7,instant coffee 200g,pantry,2026-10-11,2026-10-10T13:03:12.166868+00:00
woolworths,17605,Moccona Freeze Dried Instant Coffee Specialty Blend Indulgence 200g,Moccona,200g,23.6,23.6,11.8,100G,False,8,instant coffee 200g,pantry,2026-10-11,2026-10-10T13:03:12.166868+00:00
woolworths,248520,Moccona Freeze Dried Instant Coffee Classic Dark Roast 200g,Moccona,200g,14,23.6,7,100G,True,9,instant coffee 200g,pantry,2026-10-11,2026-10-10T13:03:12.166868+00:00
woolworths,341164,Moccona Freeze Dried Instant Coffee Mocha Kenya Style 200g,Moccona,200g,14,23.6,7,100G,True,10,instant coffee 200g,pantry,2026-10-11,2026-10-10T13:03:12.166868+00:00
coles,5892498,Coles Classic Granulated Coffee,Coles,200g,6.5,,3.25,100g,False,1,instant coffee 200g,pantry,2026-10-11,2026-10-10T13:03:12.166868+00:00
coles,8009246,Vittoria Freeze Dried Oro Nero Instant Coffee,Vittoria,200g,23,,11.5,100g,False,2,instant coffee 200g,pantry,2026-10-11,2026-10-10T13:03:12.166868+00:00
coles,7479335,Moccona Mocha Kenya Style Rich & Exotic Instant Coffee,Moccona,200g,14,23.6,7,100g,False,3,instant coffee 200g,pantry,2026-10-11,2026-10-10T13:03:12.166868+00:00
coles,231251,Moccona Classic Medium Roast Instant Coffee,Moccona,200g,14,23.6,7,100g,False,4,instant coffee 200g,pantry,2026-10-11,2026-10-10T13:03:12.166868+00:00
coles,8009337,Vittoria Freeze Dried Brazil Rex Instant Coffee,Vittoria,200g,23,,11.5,100g,False,5,instant coffee 200g,pantry,2026-10-11,2026-10-10T13:03:12.166868+00:00
coles,8009202,Vittoria Freeze Dried Instant Espresso Coffee No 3,Vittoria,200g,23,,11.5,100g,False,6,instant coffee 200g,pantry,2026-10-11,2026-10-10T13:03:12.166868+00:00
coles,7647688,Urban Coffee Culture Freeze Dried Instant Coffee,Urban Coffee Culture,100g,5,,5,100g,False,7,instant coffee 200g,pantry,2026-10-11,2026-10-10T13:03:12.166868+00:00
coles,8048033,Nescafe Gold Original Instant Coffee Jar,Nescafe,200g,16,23,8,100g,False,8,instant coffee 200g,pantry,2026-10-11,2026-10-10T13:03:12.166868+00:00
coles,3232465,Moccona Indulgence Specialty Blend Instant Coffee,Moccona,200g,17,23.6,8.5,100g,False,9,instant coffee 200g,pantry,2026-10-11,2026-10-10T13:03:12.166868+00:00
coles,3512654,Moccona Ristretto Specialty Blend Instant Coffee,Moccona,200g,17,23.6,8.5,100g,False,10,instant coffee 200g,pantry,2026-10-11,2026-10-10T13:03:12.166868+00:00
coles,1857101,BRU Original Instant Coffee Jar,BRU,200g,13,,6.5,100g,False,11,instant coffee 200g,pantry,2026-10-11,2026-10-10T13:03:12.166868+00:00
coles,5018863,Moccona Classic Dark Roast Instant Coffee,Moccona,200g,14,23.6,7,100g,False,12,instant coffee 200g,pantry,2026-10-11,2026-10-10T13:03:12.166868+00:00
coles,7479324,Moccona French Style Smooth & Rounded Instant Coffee,Moccona,200g,14,23.6,7,100g,False,13,instant coffee 200g,pantry,2026-10-11,2026-10-10T13:03:12.166868+00:00
coles,7479357,Moccona Espresso Style Bold & Intense Instant Coffee,Moccona,200g,14,23.6,7,100g,False,14,instant coffee 200g,pantry,2026-10-11,2026-10-10T13:03:12.166868+00:00
coles,5334660,Coles Simply Decaf Instant Coffee Granulated,Coles Simply,100g,5,,5,100g,False,15,instant coffee 200g,pantry,2026-10-11,2026-10-10T13:03:12.166868+00:00
coles,3232476,Moccona Rich Specialty Blend Instant Coffee,Moccona,200g,23.6,,,100g,False,16,instant coffee 200g,pantry,2026-10-11,2026-10-10T13:03:12.166868+00:00
coles,4715373,Bru Pure Instant Coffee Jar,Bru,100g,8.5,,8.5,100g,False,17,instant coffee 200g,pantry,2026-10-11,2026-10-10T13:03:12.166868+00:00
coles,116402,Nescafe Blend 43 Instant Coffee,Nescafe,250g,23,,9.2,100g,False,18,instant coffee 200g,pantry,2026-10-11,2026-10-10T13:03:12.166868+00:00
coles,3208198,Nescafe Gold Intense Coffee,Nescafe,200g,16,23,8,100g,False,19,instant coffee 200g,pantry,2026-10-11,2026-10-10T13:03:12.166868+00:00
coles,5992652,Daley Street Decaf Ground Coffee,Daley Street,200g,9.5,12,4.75,100g,False,20,instant coffee 200g,pantry,2026-10-11,2026-10-10T13:03:12.166868+00:00
coles,8456958,Bushells Classic Gourmet Instant Coffee,Bushells,200g,10,,5,100g,False,21,instant coffee 200g,pantry,2026-10-11,2026-10-10T13:03:12.166868+00:00
coles,4965712,Robert Timms Premium Full Bodied Granulated Coffee,Robert Timms,200g,10,15,5,100g,False,22,instant coffee 200g,pantry,2026-10-11,2026-10-10T13:03:12.166868+00:00
coles,8639925,Robert Timms Premium Espresso Extra Dark Roasted Granulated Coffee,Robert Timms,200g,10,15,5,100g,False,23,instant coffee 200g,pantry,2026-10-11,2026-10-10T13:03:12.166868+00:00
coles,1032239,Caffe Ducale Signature Blend Ground Coffee,Caffe Ducale,200g,13,,6.5,100g,False,24,instant coffee 200g,pantry,2026-10-11,2026-10-10T13:03:12.166868+00:00
woolworths,574821,Tetley Tea Bags 100 pack,Tetley,100 pack,4.3,4.3,0.04,1EA,False,1,tea bags 100 pack,pantry,2026-10-11,2026-10-10T13:03:14.602528+00:00
woolworths,574769,Tetley Tagless Tea Bags 100 pack,Tetley,100 pack,3.8,3.8,0.04,1EA,False,2,tea bags 100 pack,pantry,2026-10-11,2026-10-10T13:03:14.602528+00:00
woolworths,76493,Nerada Tea Bags 100 pack,Nerada,100 pack,4.6,5.6,0.05,1EA,True,3,tea bags 100 pack,pantry,2026-10-11,2026-10-10T13:03:14.602528+00:00
woolworths,574823,Tetley Extra Strong Tea Bags 100 pack,Tetley,100 pack,5.2,5.2,0.05,1EA,False,4,tea bags 100 pack,pantry,2026-10-11,2026-10-10T13:03:14.602528+00:00
woolworths,587911,Lipton Quality Black Tea Bags 100 pack,Lipton,100 pack,7,7,0.07,1EA,False,5,tea bags 100 pack,pantry,2026-10-11,2026-10-10T13:03:14.602528+00:00
woolworths,156690,Tetley Decaffeinated Tea Bags 100 pack,Tetley,100 pack,6.9,6.9,0.07,1EA,False,6,tea bags 100 pack,pantry,2026-10-11,2026-10-10T13:03:14.602528+00:00
woolworths,6025450,Zoetic Green Tea Bags 100 pack,Zoetic,100 pack,7,7,0.07,1EA,False,7,tea bags 100 pack,pantry,2026-10-11,2026-10-10T13:03:14.602528+00:00
woolworths,1119530093,Ahmad Tea Cardamom Tea Bags 100 Pack,,,19,19,19,100EA,False,8,tea bags 100 pack,pantry,2026-10-11,2026-10-10T13:03:14.602528+00:00
woolworths,55696,Madura Premium Blend Tea Bags 100 pack,Madura,100 pack,10.8,10.8,0.11,1EA,False,9,tea bags 100 pack,pantry,2026-10-11,2026-10-10T13:03:14.602528+00:00
coles,304752,Twinings English Breakfast Tea Bags 100 Pack,Twinings,200g,6.75,13.5,0.07,1ea,False,1,tea bags 100 pack,pantry,2026-10-11,2026-10-10T13:03:14.602528+00:00
coles,199523,Tetley Tea Bags 100 Pack,Tetley,180g,4.3,,0.04,1ea,False,2,tea bags 100 pack,pantry,2026-10-11,2026-10-10T13:03:14.602528+00:00
coles,9505163,Dilmah Pure Ceylon Extra Strength Tea Bags 100 Pack,Dilmah,240g,6,8.8,0.06,1ea,False,3,tea bags 100 pack,pantry,2026-10-11,2026-10-10T13:03:14.602528+00:00
coles,490012,Dilmah Pure Ceylon Premium Tea Bags 100 Pack,Dilmah,200g,5,7.2,0.05,1ea,False,4,tea bags 100 pack,pantry,2026-10-11,2026-10-10T13:03:14.602528+00:00
coles,304763,Twinings Earl Grey Tea Bags 100 Pack,Twinings,200g,6.75,13.5,0.07,1ea,False,5,tea bags 100 pack,pantry,2026-10-11,2026-10-10T13:03:14.602528+00:00
coles,83584,Twinings Irish Breakfast Tea Bags 100 Pack,Twinings,200g,6.75,13.5,0.07,1ea,False,6,tea bags 100 pack,pantry,2026-10-11,2026-10-10T13:03:14.602528+00:00
coles,8959948,Tetley Decaffeinated Black Tea Bags 100 pack,Tetley,185g,6.9,,0.07,1ea,False,7,tea bags 100 pack,pantry,2026-10-11,2026-10-10T13:03:14.602528+00:00
coles,6816666,Twinings Pure Green Tea Bags 100 Pack,Twinings,150g,6.75,13.5,0.07,1ea,False,8,tea bags 100 pack,pantry,2026-10-11,2026-10-10T13:03:14.602528+00:00
coles,116989,Lipton Black Tea Bags,Lipton,100 Pack,7,,0.07,1ea,False,9,tea bags 100 pack,pantry,2026-10-11,2026-10-10T13:03:14.602528+00:00
coles,1417368,Taylors of Harrogate Yorkshire Black Tea Bags 100 Pack,Taylors of Harrogate,220g,7.5,,0.08,1ea,False,10,tea bags 100 pack,pantry,2026-10-11,2026-10-10T13:03:14.602528+00:00
coles,3984766,Queen Victoria English Breakfast Extra Strong Tea Bags,Queen Victoria,100 Pack,6,12,0.06,1ea,False,11,tea bags 100 pack,pantry,2026-10-11,2026-10-10T13:03:14.602528+00:00
coles,1684954,Coles Simply Quality Black Tea Bags,Coles Simply,100 Pack,1.75,,0.02,1ea,False,12,tea bags 100 pack,pantry,2026-10-11,2026-10-10T13:03:14.602528+00:00
coles,7752194,Tetley Extra Strong Black Tea Bags,Tetley,100 Pack,5.2,,0.05,1ea,False,13,tea bags 100 pack,pantry,2026-10-11,2026-10-10T13:03:14.602528+00:00
coles,7752060,Tetley All Rounder Pure Black Tea Bags 200 pack,Tetley,400g,6.9,,0.03,1ea,False,14,tea bags 100 pack,pantry,2026-10-11,2026-10-10T13:03:14.602528+00:00
coles,6059243,Madura Premium Blend Tea Bags 100 Pack,Madura,200g,10.8,,0.11,1ea,False,15,tea bags 100 pack,pantry,2026-10-11,2026-10-10T13:03:14.602528+00:00
coles,3984755,Queen Victoria English Breakfast Tea Bags,Queen Victoria,100 Pack,6,12,0.06,1ea,False,16,tea bags 100 pack,pantry,2026-10-11,2026-10-10T13:03:14.602528+00:00
coles,3081315,Lipton English Breakfast Black Tea Bags,Lipton,100 Pack,7,,0.07,1ea,False,17,tea bags 100 pack,pantry,2026-10-11,2026-10-10T13:03:14.602528+00:00
coles,3984802,Queen Victoria Green Tea Bags,Queen Victoria,100 Pack,6,12,0.06,1ea,False,18,tea bags 100 pack,pantry,2026-10-11,2026-10-10T13:03:14.602528+00:00
coles,496507,Nerada English Breakfast Tea Bags Teacup,Nerada,100 Pack,5.6,,0.06,1ea,False,19,tea bags 100 pack,pantry,2026-10-11,2026-10-10T13:03:14.602528+00:00
coles,3984824,Queen Victoria Vanilla Chai Tea Bags,Queen Victoria,100 Pack,6,12,0.06,1ea,False,20,tea bags 100 pack,pantry,2026-10-11,2026-10-10T13:03:14.602528+00:00
coles,1306764,AL Chai Cardamom Tea Bags,AL Chai,100 Pack,6,7.5,6,100ea,False,21,tea bags 100 pack,pantry,2026-10-11,2026-10-10T13:03:14.602528+00:00
coles,1304940,Al Chai Black Tea Bags,Al Chai,100 Pack,6,7.5,6,100ea,False,22,tea bags 100 pack,pantry,2026-10-11,2026-10-10T13:03:14.602528+00:00
coles,6369740,Tetley Decaffeinated Green Tea Bags 50 Pack,Tetley,87.5g,4.7,,0.09,1ea,False,23,tea bags 100 pack,pantry,2026-10-11,2026-10-10T13:03:14.602528+00:00
coles,3984799,Queen Victoria Peppermint Tea Bags,Queen Victoria,100 Pack,6,12,0.06,1ea,False,24,tea bags 100 pack,pantry,2026-10-11,2026-10-10T13:03:14.602528+00:00
coles,2374216,Coles Simply Tea Pot Bags,Coles Simply,100 Pack,1.75,,0.02,1ea,False,25,tea bags 100 pack,pantry,2026-10-11,2026-10-10T13:03:14.602528+00:00
coles,8930039,Twinings Australian Afternoon Tea Bags,Twinings,100 Pack,6.75,13.5,0.07,1ea,False,26,tea bags 100 pack,pantry,2026-10-11,2026-10-10T13:03:14.602528+00:00
coles,5051734,Twinings Lady Grey Tea Bags,Twinings,100 Pack,6.75,13.5,0.07,1ea,False,27,tea bags 100 pack,pantry,2026-10-11,2026-10-10T13:03:14.602528+00:00
coles,3984813,Queen Victoria Lemon & Ginger Tea Bags,Queen Victoria,100 Pack,6,12,0.06,1ea,False,28,tea bags 100 pack,pantry,2026-10-11,2026-10-10T13:03:14.602528+00:00
coles,3984777,Queen Victoria Earl Grey Tea Bags,Queen Victoria,100 Pack,6,12,0.06,1ea,False,29,tea bags 100 pack,pantry,2026-10-11,2026-10-10T13:03:14.602528+00:00
coles,3638958,Taylors Of Harrogate Yorkshire Gold Tea Bags,Taylors Of Harrogate,100 Pack,9.5,,0.1,1ea,False,30,tea bags 100 pack,pantry,2026-10-11,2026-10-10T13:03:14.602528+00:00
coles,4700547,Wagh Bakri Masala Chai Tea Bags 200g,Wagh Bakri,100 Pack,8.5,,0.09,1ea,False,31,tea bags 100 pack,pantry,2026-10-11,2026-10-10T13:03:14.602528+00:00
coles,4678029,Lipton Intense Extra Strong Black Tea Bags,Lipton,100 Pack,8,,0.08,1ea,False,32,tea bags 100 pack,pantry,2026-10-11,2026-10-10T13:03:14.602528+00:00
woolworths,230392,Ardmona Crushed Vine Ripened Tomatoes 400g,Ardmona,400g,1.8,1.8,4.39,1KG,False,1,tinned tomatoes 400g,pantry,2026-10-11,2026-10-10T13:03:17.378289+00:00
woolworths,58895,Macro Organic Peeled Italian Tomatoes 400g,Macro,400g,1.6,1.6,4,1KG,False,2,tinned tomatoes 400g,pantry,2026-10-11,2026-10-10T13:03:17.378289+00:00
woolworths,37810,Annalisa Tomatoes Peeled 400g,Annalisa,400g,1.35,1.5,3.38,1KG,True,3,tinned tomatoes 400g,pantry,2026-10-11,2026-10-10T13:03:17.378289+00:00
woolworths,38153,Annalisa Tomatoes Diced 400g,Annalisa,400g,1.35,1.5,3.38,1KG,True,4,tinned tomatoes 400g,pantry,2026-10-11,2026-10-10T13:03:17.378289+00:00
woolworths,576220,Woolworths Diced Australian Tomatoes 400g,Woolworths,400g,1.3,1.3,3.25,1KG,False,5,tinned tomatoes 400g,pantry,2026-10-11,2026-10-10T13:03:17.378289+00:00
woolworths,795621,Mutti Whole Peeled Tomatoes 400g,Mutti,400g,2.3,2.3,5.75,1KG,False,6,tinned tomatoes 400g,pantry,2026-10-11,2026-10-10T13:03:17.378289+00:00
woolworths,290300,Mutti Whole Cherry Tomatoes 400g,Mutti,400g,2.7,2.7,6.75,1KG,False,7,tinned tomatoes 400g,pantry,2026-10-11,2026-10-10T13:03:17.378289+00:00
woolworths,770320,Woolworths Diced Italian Tomatoes 400g,Woolworths,400g,1.1,1.1,2.75,1KG,False,8,tinned tomatoes 400g,pantry,2026-10-11,2026-10-10T13:03:17.378289+00:00
woolworths,700642,Macro Organic Tomatoes Diced 400g,Macro,400g,1.6,1.6,4,1KG,False,9,tinned tomatoes 400g,pantry,2026-10-11,2026-10-10T13:03:17.378289+00:00
woolworths,235198,Ardmona Whole Peeled Vine Ripened Tomatoes 400g,Ardmona,400g,1.8,1.8,4.5,1KG,False,10,tinned tomatoes 400g,pantry,2026-10-11,2026-10-10T13:03:17.378289+00:00
coles,8855443,Carmelina Diced Tomatoes,Carmelina,400g,1.5,,3.75,1kg,False,1,tinned tomatoes 400g,pantry,2026-10-11,2026-10-10T13:03:17.378289+00:00
coles,4218380,Coles Simply Chopped Tomatoes Canned,Coles Simply,400g,0.95,,2.37,1kg,False,2,tinned tomatoes 400g,pantry,2026-10-11,2026-10-10T13:03:17.378289+00:00
coles,2612959,Mutti Peeled Tomatoes Whole,Mutti,400g,1.8,2.3,4.5,1kg,False,3,tinned tomatoes 400g,pantry,2026-10-11,2026-10-10T13:03:17.378289+00:00
coles,9132532,La Zuppa Soup Pouch Creamy Tomato,La Zuppa,400g,3,4.7,0.75,100g,False,4,tinned tomatoes 400g,pantry,2026-10-11,2026-10-10T13:03:17.378289+00:00
coles,4558967,Ardmona Diced Tomatoes,Ardmona,400g,1.4,1.8,3.5,1kg,False,5,tinned tomatoes 400g,pantry,2026-10-11,2026-10-10T13:03:17.378289+00:00
coles,6311127,Mutti Polpa Finely Chopped Tomatoes,Mutti,400g,1.8,2.3,4.5,1kg,False,6,tinned tomatoes 400g,pantry,2026-10-11,2026-10-10T13:03:17.378289+00:00
coles,4488464,Coles Mini Tomatoes,Coles,125g,4.9,,39.2,1kg,False,7,tinned tomatoes 400g,pantry,2026-10-11,2026-10-10T13:03:17.378289+00:00
coles,1632699,Coles Diced Tomatoes Sofrito Style,Coles,400g,1.3,,3.25,1kg,False,8,tinned tomatoes 400g,pantry,2026-10-11,2026-10-10T13:03:17.378289+00:00
coles,4837111,Cucina Matese Diced Tomato,Cucina Matese,400g,1.4,,,1kg,False,9,tinned tomatoes 400g,pantry,2026-10-11,2026-10-10T13:03:17.378289+00:00
coles,8855476,Carmelina Peeled Tomatoes,Carmelina,400g,1.5,,3.75,1kg,False,10,tinned tomatoes 400g,pantry,2026-10-11,2026-10-10T13:03:17.378289+00:00
coles,9388660,Coles Organic Tomatoes Ita Diced,Coles Organic,400g,1.6,,4,1kg,False,11,tinned tomatoes 400g,pantry,2026-10-11,2026-10-10T13:03:17.378289+00:00
coles,4837122,Cucina Matese Whole Peeled Tomatoes,Cucina Matese,400g,1.4,,3,1kg,False,12,tinned tomatoes 400g,pantry,2026-10-11,2026-10-10T13:03:17.378289+00:00
coles,5548754,Coles Italian Diced Tomatoes,Coles,400g,1.1,,2.75,1kg,False,13,tinned tomatoes 400g,pantry,2026-10-11,2026-10-10T13:03:17.378289+00:00
coles,8675667,Coles Basil Oregano Crushed Tomatoes,Coles,400g,1.3,,3.25,1kg,False,14,tinned tomatoes 400g,pantry,2026-10-11,2026-10-10T13:03:17.378289+00:00
coles,8675678,Coles Mixed Herb Crushed Tomatoes,Coles,400g,1.3,,3.25,1kg,False,15,tinned tomatoes 400g,pantry,2026-10-11,2026-10-10T13:03:17.378289+00:00
coles,9093215,Coles Whole Peeled Italian Tomatoes,Coles,400g,1.1,,2.75,1kg,False,16,tinned tomatoes 400g,pantry,2026-10-11,2026-10-10T13:03:17.378289+00:00
coles,9388650,Coles Organic Tomatoes Ita Whole Peeled,Coles Organic,400g,1.6,,4,1kg,False,17,tinned tomatoes 400g,pantry,2026-10-11,2026-10-10T13:03:17.378289+00:00
coles,1632644,Coles Crushed Tomatoes With Onion Garlic & Basil,Coles,400g,1.3,,3.25,1kg,False,18,tinned tomatoes 400g,pantry,2026-10-11,2026-10-10T13:03:17.378289+00:00
coles,1419920,Coles Blood Limes,Coles,400g,6.9,,,1kg,False,19,tinned tomatoes 400g,pantry,2026-10-11,2026-10-10T13:03:17.378289+00:00
coles,4457019,Coles Australian Diced Tomatoes,Coles,400g,1.3,,3.25,1kg,False,20,tinned tomatoes 400g,pantry,2026-10-11,2026-10-10T13:03:17.378289+00:00
coles,2612948,Mutti Cherry Tomatoes Whole,Mutti,400g,2.7,,6.75,1kg,False,21,tinned tomatoes 400g,pantry,2026-10-11,2026-10-10T13:03:17.378289+00:00
coles,1437900,Leggos Australian Diced Tomatoes,Leggos,400g,1.8,,4.5,1kg,False,22,tinned tomatoes 400g,pantry,2026-10-11,2026-10-10T13:03:17.378289+00:00
coles,1025142,Mutti Baby Roma Tomatoes Whole,Mutti,400g,2.7,,6.75,1kg,False,23,tinned tomatoes 400g,pantry,2026-10-11,2026-10-10T13:03:17.378289+00:00
coles,1324722,Mutti San Marzano Peeled Tomatoes Whole,Mutti,400g,4.8,,1.2,100g,False,24,tinned tomatoes 400g,pantry,2026-10-11,2026-10-10T13:03:17.378289+00:00
coles,5071480,Mutti Polpa Finely Chopped Tomatoes With Basil,Mutti,400g,2.75,,6.88,1kg,False,25,tinned tomatoes 400g,pantry,2026-10-11,2026-10-10T13:03:17.378289+00:00
coles,5109619,Mutti Polpa Finely Chopped Tomatoes With Garlic,Mutti,400g,2.75,,6.88,1kg,False,26,tinned tomatoes 400g,pantry,2026-10-11,2026-10-10T13:03:17.378289+00:00
coles,1324733,Mutti Polpa Finely Chopped Tomatoes With Herb,Mutti,400g,2.75,,0.69,100g,False,27,tinned tomatoes 400g,pantry,2026-10-11,2026-10-10T13:03:17.378289+00:00
coles,3883871,Mutti Organic Polpa Finely Chopped Tomatoes,Mutti,400g,2.95,,7.38,1kg,False,28,tinned tomatoes 400g,pantry,2026-10-11,2026-10-10T13:03:17.378289+00:00
coles,8855567,Carmelina Lentils,Carmelina,400g,1.9,,4.75,1kg,False,29,tinned tomatoes 400g,pantry,2026-10-11,2026-10-10T13:03:17.378289+00:00
woolworths,476700,Woolworths Tuna In Springwater 95g,Woolworths,95g,1,1,10.53,1KG,False,1,tuna in springwater 95g,pantry,2026-10-11,2026-10-10T13:03:19.751086+00:00
woolworths,144821,Sirena Tuna In Springwater 95g,Sirena,95g,2.95,2.95,31.05,1KG,False,2,tuna in springwater 95g,pantry,2026-10-11,2026-10-10T13:03:19.751086+00:00
woolworths,941583,Woolworths Yellowfin Tuna In Springwater 95g,Woolworths,95g,1.4,1.4,14.74,1KG,False,3,tuna in springwater 95g,pantry,2026-10-11,2026-10-10T13:03:19.751086+00:00
woolworths,331060,Sirena Tuna In Springwater & Lemon 95g,Sirena,95g,2.95,2.95,31.05,1KG,False,4,tuna in springwater 95g,pantry,2026-10-11,2026-10-10T13:03:19.751086+00:00
woolworths,340411,John West Tuna Chunks In Springwater 95g,John West,95g,2.9,2.9,30.53,1KG,False,5,tuna in springwater 95g,pantry,2026-10-11,2026-10-10T13:03:19.751086+00:00
woolworths,6079352,John West Tuna In Springwater Value 95g x 6 pack,John West,95g x 6 pack,9.8,9.8,17.19,1KG,False,6,tuna in springwater 95g,pantry,2026-10-11,2026-10-10T13:03:19.751086+00:00
woolworths,44011,John West Tuna Chunks In Springwater Value 95g x 12 pack,John West,95g x 12 pack,18,18,15.79,1KG,False,7,tuna in springwater 95g,pantry,2026-10-11,2026-10-10T13:03:19.751086+00:00
woolworths,19736,John West Tuna Chunks In Springwater 425g,John West,425g,5,6.3,11.76,1KG,True,8,tuna in springwater 95g,pantry,2026-10-11,2026-10-10T13:03:19.751086+00:00
woolworths,6082947,Safcol Wild Caught Tuna Springwater 95g,Safcol,95g,1.7,1.7,17.89,1KG,False,9,tuna in springwater 95g,pantry,2026-10-11,2026-10-10T13:03:19.751086+00:00
coles,1838366,Coles Simply Tuna Chunks In Springwater,Coles Simply,95g,1,,10.53,1kg,False,1,tuna in springwater 95g,pantry,2026-10-11,2026-10-10T13:03:19.751086+00:00
coles,8675281,Coles Tuna Chunks in Springwater,Coles,95g,1.1,,11.58,1kg,False,2,tuna in springwater 95g,pantry,2026-10-11,2026-10-10T13:03:19.751086+00:00
coles,8085266,John West Tempters Tuna Multipack Springwater 4x95g,John West,380g,6.8,,17.89,1kg,False,3,tuna in springwater 95g,pantry,2026-10-11,2026-10-10T13:03:19.751086+00:00
coles,7532777,John West Tuna Chunky Style In Springwater,John West,95g,2.9,,30.53,1kg,False,4,tuna in springwater 95g,pantry,2026-10-11,2026-10-10T13:03:19.751086+00:00
coles,3294815,Wild Tides Tuna Springwater,Wild Tides,95g,1.3,1.7,13.68,1kg,False,5,tuna in springwater 95g,pantry,2026-10-11,2026-10-10T13:03:19.751086+00:00
coles,1153991,John West Yellowfin Tuna Springwater,John West,90g,2.3,2.9,25.56,1kg,False,6,tuna in springwater 95g,pantry,2026-10-11,2026-10-10T13:03:19.751086+00:00
coles,2902438,Coles Simply Tuna Springwater,Coles Simply,425g,3.3,,7.76,1kg,False,7,tuna in springwater 95g,pantry,2026-10-11,2026-10-10T13:03:19.751086+00:00
coles,7392565,Sirena Tuna in Springwater,Sirena,185g,4.7,,25.41,1kg,False,8,tuna in springwater 95g,pantry,2026-10-11,2026-10-10T13:03:19.751086+00:00
coles,8975570,John West Tuna Springwater Value Pack,John West,1.14Kg,18,,15.79,1kg,False,9,tuna in springwater 95g,pantry,2026-10-11,2026-10-10T13:03:19.751086+00:00
coles,5079802,John West Chunk Style Tuna in Springwater,John West,425g,6.3,,14.82,1kg,False,10,tuna in springwater 95g,pantry,2026-10-11,2026-10-10T13:03:19.751086+00:00
coles,6022516,John West Tuna Slices in Springwater,John West,125g,3.95,,31.6,1kg,False,11,tuna in springwater 95g,pantry,2026-10-11,2026-10-10T13:03:19.751086+00:00
coles,9668066,Sirena Tuna Springwater & Lemon,Sirena,95g,2.95,,31.05,1kg,False,12,tuna in springwater 95g,pantry,2026-10-11,2026-10-10T13:03:19.751086+00:00
coles,3614010,Coles Pacific Yellowfin Tuna Chunks In Springwater,Coles,95g,1.4,,14.74,1kg,False,13,tuna in springwater 95g,pantry,2026-10-11,2026-10-10T13:03:19.751086+00:00
coles,8890138,Sirena Tuna In Springwater,Sirena,95g,2.95,,31.05,1kg,False,14,tuna in springwater 95g,pantry,2026-10-11,2026-10-10T13:03:19.751086+00:00
woolworths,32731,Coca-Cola Classic  Soft Drink Bottle 1.25L,Coca-Cola,1.25L,4.5,4.5,3.6,1L,False,1,coca cola 1.25l,drinks,2026-10-11,2026-10-10T13:03:21.928437+00:00
woolworths,94493,Coca-Cola Diet Soft Drink Bottle 1.25L,Coca-Cola,1.25L,4.5,4.5,3.6,1L,False,2,coca cola 1.25l,drinks,2026-10-11,2026-10-10T13:03:21.928437+00:00
woolworths,180941,Coca-Cola Vanilla  Soft Drink Bottle 1.25L,Coca-Cola,1.25L,4.5,4.5,3.6,1L,False,3,coca cola 1.25l,drinks,2026-10-11,2026-10-10T13:03:21.928437+00:00
woolworths,623034,Coca-Cola Zero Sugar Soft Drink Bottle 1.25L,Coca-Cola,1.25L,4.5,4.5,3.6,1L,False,4,coca cola 1.25l,drinks,2026-10-11,2026-10-10T13:03:21.928437+00:00
woolworths,803078,Coca-Cola Vanilla Zero Sugar Soft Drink Bottle 1.25L,Coca-Cola,1.25L,4.5,4.5,3.6,1L,False,5,coca cola 1.25l,drinks,2026-10-11,2026-10-10T13:03:21.928437+00:00
woolworths,137848,Coca-Cola Caffeine Free Zero Sugar Soft Drink Bottle 1.25L,Coca-Cola,1.25L,4.5,4.5,3.6,1L,False,6,coca cola 1.25l,drinks,2026-10-11,2026-10-10T13:03:21.928437+00:00
woolworths,6033188,Pepsi Soft Drink Cola Bottle 1.25L,Pepsi,1.25L,2.4,4,1.92,1L,True,7,coca cola 1.25l,drinks,2026-10-11,2026-10-10T13:03:21.928437+00:00
woolworths,40895,Pepsi Caffeine Free No Sugar Cola Cola Soft Drink Bottle 1.25L,Pepsi,1.25L,2.4,4,1.92,1L,True,8,coca cola 1.25l,drinks,2026-10-11,2026-10-10T13:03:21.928437+00:00
woolworths,756022,Woolworths Cola Bottle 1.25L,Woolworths,1.25L,1.15,1.15,0.92,1L,False,9,coca cola 1.25l,drinks,2026-10-11,2026-10-10T13:03:21.928437+00:00
woolworths,7985,Pepsi Max Cola No Sugar Soft Drink Bottle 1.25L,Pepsi,1.25L,2.4,4,1.92,1L,True,10,coca cola 1.25l,drinks,2026-10-11,2026-10-10T13:03:21.928437+00:00
coles,123011,Coca-Cola Classic Soft Drink Bottle,Coca-Cola,1.25L,2.25,4.5,1.8,1l,False,1,coca cola 1.25l,drinks,2026-10-11,2026-10-10T13:03:21.928437+00:00
coles,2993706,Coca-Cola Zero Sugar Soft Drink Bottle,Coca-Cola,1.25L,2.25,4.5,1.8,1l,False,2,coca cola 1.25l,drinks,2026-10-11,2026-10-10T13:03:21.928437+00:00
coles,9391600,Coca-Cola Vanilla Soft Drink Bottle,Coca-Cola,1.25L,2.25,4.5,1.8,1l,False,3,coca cola 1.25l,drinks,2026-10-11,2026-10-10T13:03:21.928437+00:00
coles,3989555,Coca-Cola Zero Sugar Zero Caffeine Soft Drink Bottle,Coca-Cola,1.25L,2.25,4.5,1.8,1l,False,4,coca cola 1.25l,drinks,2026-10-11,2026-10-10T13:03:21.928437+00:00
coles,419211,Coca-Cola Diet Soft Drink Bottle,Coca-Cola,1.25L,2.25,4.5,1.8,1l,False,5,coca cola 1.25l,drinks,2026-10-11,2026-10-10T13:03:21.928437+00:00
coles,3271060,Coca-Cola Vanilla Zero Sugar Soft Drink Bottle,Coca-Cola,1.25L,2.25,4.5,1.8,1l,False,6,coca cola 1.25l,drinks,2026-10-11,2026-10-10T13:03:21.928437+00:00
coles,3243541,Que Cola Soft Drink,Que,1.25L,1.15,,0.92,1l,False,7,coca cola 1.25l,drinks,2026-10-11,2026-10-10T13:03:21.928437+00:00
coles,3243563,Que Cola No Sugar Cola,Que Cola,1.25L,1.15,,0.92,1l,False,8,coca cola 1.25l,drinks,2026-10-11,2026-10-10T13:03:21.928437+00:00
coles,5179181,Coles Pineapple Drink,Coles,1.25L,1.15,,0.92,1l,False,9,coca cola 1.25l,drinks,2026-10-11,2026-10-10T13:03:21.928437+00:00
coles,5235227,Coles Passionfruit Soft Drink,Coles,1.25L,1.15,,0.92,1l,False,10,coca cola 1.25l,drinks,2026-10-11,2026-10-10T13:03:21.928437+00:00
coles,5180340,Coles Mixer Dry Ginger Ale,Coles,1.25L,1.15,,0.92,1l,False,11,coca cola 1.25l,drinks,2026-10-11,2026-10-10T13:03:21.928437+00:00
coles,5179148,Coles Soft Drink Orange,Coles,1.25L,1.15,,0.92,1l,False,12,coca cola 1.25l,drinks,2026-10-11,2026-10-10T13:03:21.928437+00:00
woolworths,825528,Woolworths Orange Juice 2L,Woolworths,2L,4.2,4.2,2.1,1L,False,1,orange juice 2l,drinks,2026-10-11,2026-10-10T13:03:24.348044+00:00
woolworths,359118,Nudie Nothing But Oranges With Pulp 2L,Nudie,2L,8.5,9.5,4.25,1L,True,2,orange juice 2l,drinks,2026-10-11,2026-10-10T13:03:24.348044+00:00
woolworths,804347,Woolworths Orange Juice Pulp Free 2L,Woolworths,2L,5.5,5.5,2.75,1L,False,3,orange juice 2l,drinks,2026-10-11,2026-10-10T13:03:24.348044+00:00
woolworths,6033180,Woolworths Orange Juice 2L,Woolworths,2L,5.5,5.5,2.75,1L,False,4,orange juice 2l,drinks,2026-10-11,2026-10-10T13:03:24.348044+00:00
woolworths,67056,Golden Circle Orange Fruit Juice 2L,Golden Circle,2L,5.4,6.5,2.7,1L,True,5,orange juice 2l,drinks,2026-10-11,2026-10-10T13:03:24.348044+00:00
woolworths,787165,Golden Circle Orange & Mango Fruit Juice 2L,Golden Circle,2L,5.4,6.5,2.7,1L,True,6,orange juice 2l,drinks,2026-10-11,2026-10-10T13:03:24.348044+00:00
woolworths,104407,Golden Circle Pine Orange Fruit Juice 2L,Golden Circle,2L,4.8,4.8,2.4,1L,False,7,orange juice 2l,drinks,2026-10-11,2026-10-10T13:03:24.348044+00:00
woolworths,104255,Juice Lovers Orange With Pulp 2L,Juice Lovers,2L,6.8,6.8,3.4,1L,False,8,orange juice 2l,drinks,2026-10-11,2026-10-10T13:03:24.348044+00:00
woolworths,104086,Juice Lovers Orange Low Pulp 2L,Juice Lovers,2L,6.8,6.8,3.4,1L,False,9,orange juice 2l,drinks,2026-10-11,2026-10-10T13:03:24.348044+00:00
woolworths,938274,Eastcoast Orange & Passionfruit 2L,Eastcoast,2L,6.8,7.5,3.4,1L,False,10,orange juice 2l,drinks,2026-10-11,2026-10-10T13:03:24.348044+00:00
coles,2531551,Coles Juice Orange,Coles,2L,4.2,,2.1,1l,False,1,orange juice 2l,drinks,2026-10-11,2026-10-10T13:03:24.348044+00:00
coles,5129900,Daily Juice No Added Sugar Orange Juice,Daily Juice,2L,5.95,,2.98,1l,False,2,orange juice 2l,drinks,2026-10-11,2026-10-10T13:03:24.348044+00:00
coles,5738160,Daily Juice Pulp Free No Added Sugar Orange Juice,Daily Juice,2L,5.95,,2.98,1l,False,3,orange juice 2l,drinks,2026-10-11,2026-10-10T13:03:24.348044+00:00
coles,1419363,Coles Red Tab Fresh Pulp Orange Juice,Coles,2L,5.5,,2.75,1l,False,4,orange juice 2l,drinks,2026-10-11,2026-10-10T13:03:24.348044+00:00
coles,5487445,Golden Circle 100% Juice Orange,Golden Circle,2L,5.2,6.5,2.6,1l,False,5,orange juice 2l,drinks,2026-10-11,2026-10-10T13:03:24.348044+00:00
coles,2690908,Coles Finest Orange Juice,Coles Finest,2L,6.5,,3.25,1l,False,6,orange juice 2l,drinks,2026-10-11,2026-10-10T13:03:24.348044+00:00
coles,8818094,Original Juice Co. Black Label Chilled Orange Juice,Original Juice Co.,600mL,3.75,4.2,6.25,1l,False,7,orange juice 2l,drinks,2026-10-11,2026-10-10T13:03:24.348044+00:00
coles,8190089,Original Juice Co. Black Label Chilled Orange Juice,Original Juice Co.,1.5L,6.25,6.95,4.17,1l,False,8,orange juice 2l,drinks,2026-10-11,2026-10-10T13:03:24.348044+00:00
coles,2690920,Coles Finest Orange Juice Pulp Free,Coles Finest,2L,6.5,,3.25,1l,False,9,orange juice 2l,drinks,2026-10-11,2026-10-10T13:03:24.348044+00:00
coles,7074311,Nippy's Orange Juice Unsweetened Chilled,Nippy's,2L,6.5,8,3.25,1l,False,10,orange juice 2l,drinks,2026-10-11,2026-10-10T13:03:24.348044+00:00
coles,1423101,Nudie Nothing But Juice Apple Mango & Orange,Nudie,2L,8.8,9.8,4.4,1l,False,11,orange juice 2l,drinks,2026-10-11,2026-10-10T13:03:24.348044+00:00
coles,5001281,Just Juice 100% Juice Orange 6x200ml,Just Juice,1.2L,6.5,,5.42,1l,False,12,orange juice 2l,drinks,2026-10-11,2026-10-10T13:03:24.348044+00:00
coles,4845620,Impressed Essentials Orange Juice Pulp Free,Impressed,1L,5,,5,1l,False,13,orange juice 2l,drinks,2026-10-11,2026-10-10T13:03:24.348044+00:00
coles,1419320,Coles Red Tab Fresh Pulp Free Orange Juice,Coles,2L,5.5,,2.75,1l,False,14,orange juice 2l,drinks,2026-10-11,2026-10-10T13:03:24.348044+00:00
coles,3956636,Eastcoast Orange Mango Papaya Juice,Eastcoast,2L,7.5,,3.75,1l,False,15,orange juice 2l,drinks,2026-10-11,2026-10-10T13:03:24.348044+00:00
coles,1866973,Coles Prepacked Oranges,Coles,2Kg,4.5,,2.25,1kg,False,16,orange juice 2l,drinks,2026-10-11,2026-10-10T13:03:24.348044+00:00
coles,6684973,Nippy's Orange Mango Juice,Nippy's,2L,8,,4,1l,False,17,orange juice 2l,drinks,2026-10-11,2026-10-10T13:03:24.348044+00:00
coles,7895759,Nudie Nothing But Juice Orange,Nudie,2L,9.5,,4.75,1l,False,18,orange juice 2l,drinks,2026-10-11,2026-10-10T13:03:24.348044+00:00
coles,8738439,Nudie Nothing But 100% Juice Orange Pulp Free,Nudie,2L,9.5,,4.75,1l,False,19,orange juice 2l,drinks,2026-10-11,2026-10-10T13:03:24.348044+00:00
coles,2802921,Nudie Nothing But 100% Juice Orange Double Pulp,Nudie,2L,9.5,,4.75,1l,False,20,orange juice 2l,drinks,2026-10-11,2026-10-10T13:03:24.348044+00:00
coles,3118313,Nudie Nothing But Carrot Apple Orange & Ginger,Nudie,2L,9.8,,4.9,1l,False,21,orange juice 2l,drinks,2026-10-11,2026-10-10T13:03:24.348044+00:00
coles,8147137,Golden Circle 100% Pine Orange,Golden Circle,2L,4.8,,2.4,1l,False,22,orange juice 2l,drinks,2026-10-11,2026-10-10T13:03:24.348044+00:00
woolworths,799638,Woolworths Sparkling Mineral Water 1.25L,Woolworths,1.25L,1.1,1.1,0.88,1L,False,1,sparkling mineral water 1.25l,drinks,2026-10-11,2026-10-10T13:03:26.514222+00:00
woolworths,332730,Mount Franklin Lightly Sparkling Water Natural Bottle 1.25L,Mount Franklin,1.25L,2,2,1.6,1L,False,2,sparkling mineral water 1.25l,drinks,2026-10-11,2026-10-10T13:03:26.514222+00:00
woolworths,725866,Mount Franklin Lightly Sparkling Water Lime Bottle 1.25L,Mount Franklin,1.25L,2,2,1.6,1L,False,3,sparkling mineral water 1.25l,drinks,2026-10-11,2026-10-10T13:03:26.514222+00:00
woolworths,332732,Mount Franklin Lightly Sparkling Water Lemon Bottle 1.25L,Mount Franklin,1.25L,2,2,1.6,1L,False,4,sparkling mineral water 1.25l,drinks,2026-10-11,2026-10-10T13:03:26.514222+00:00
woolworths,925726,Mount Franklin Lightly Sparkling Water Pineapple 1.25L,Mount Franklin,1.25L,2,2,1.6,1L,False,5,sparkling mineral water 1.25l,drinks,2026-10-11,2026-10-10T13:03:26.514222+00:00
woolworths,178132,Mount Franklin Lightly Sparkling Water Raspberry 1.25L,Mount Franklin,1.25L,2,2,1.6,1L,False,6,sparkling mineral water 1.25l,drinks,2026-10-11,2026-10-10T13:03:26.514222+00:00
woolworths,221494,Mount Franklin Lightly Sparkling Water Passionfruit 1.25L,Mount Franklin,1.25L,2,2,1.6,1L,False,7,sparkling mineral water 1.25l,drinks,2026-10-11,2026-10-10T13:03:26.514222+00:00
woolworths,634292,Schweppes Natural Mineral Sparkling Water 1.1L,Schweppes,1.1L,1.95,3.3,1.77,1L,True,8,sparkling mineral water 1.25l,drinks,2026-10-11,2026-10-10T13:03:26.514222+00:00
woolworths,6023707,Schweppes Zero Sugar Lime & Lemon Sparkling Mineral Water 1.1L,Schweppes,1.1L,1.95,3.3,1.77,1L,True,9,sparkling mineral water 1.25l,drinks,2026-10-11,2026-10-10T13:03:26.514222+00:00
woolworths,357252,San Pellegrino Sparkling Mineral Water 1L,San Pellegrino,1L,4.15,4.15,4.15,1L,False,10,sparkling mineral water 1.25l,drinks,2026-10-11,2026-10-10T13:03:26.514222+00:00
coles,9886657,Mount Franklin Lightly Sparkling Water Lime Bottle,Mount Franklin,1.25L,2,,1.6,1l,False,1,sparkling mineral water 1.25l,drinks,2026-10-11,2026-10-10T13:03:26.514222+00:00
coles,3342044,Sanpellegrino Sparkling Mineral Water Bottle,Sanpellegrino,750mL,3.7,,4.93,1l,False,2,sparkling mineral water 1.25l,drinks,2026-10-11,2026-10-10T13:03:26.514222+00:00
coles,8973472,Pump Spring Water Bottle,Pump,1.25L,3.45,,2.76,1l,False,3,sparkling mineral water 1.25l,drinks,2026-10-11,2026-10-10T13:03:26.514222+00:00
coles,3014974,Schweppes Natural Mineral Water Bottle,Schweppes,1.1L,3.3,,3,1l,False,4,sparkling mineral water 1.25l,drinks,2026-10-11,2026-10-10T13:03:26.514222+00:00
coles,1924661,Schweppes Infused Mineral Water Pineapple Coconut,Schweppes,1.1L,3.3,,3,1l,False,5,sparkling mineral water 1.25l,drinks,2026-10-11,2026-10-10T13:03:26.514222+00:00
coles,3498509,Sanpellegrino Pet Sparkling Mineral Water Bottle,Sanpellegrino,1L,4.15,,4.15,1l,False,6,sparkling mineral water 1.25l,drinks,2026-10-11,2026-10-10T13:03:26.514222+00:00
coles,1056554,Schweppes Mineral Water Infused Lemon Lime,Schweppes,1.1L,3.3,,3,1l,False,7,sparkling mineral water 1.25l,drinks,2026-10-11,2026-10-10T13:03:26.514222+00:00
coles,3014952,Schweppes Mineral Water Lemon Lime,Schweppes,1.1L,1.95,3.3,1.77,1l,False,8,sparkling mineral water 1.25l,drinks,2026-10-11,2026-10-10T13:03:26.514222+00:00
coles,1924606,Mount Franklin Lightly Sparkling Water Lime 24x375ml,Mount Franklin,9L,45,,5,1l,False,9,sparkling mineral water 1.25l,drinks,2026-10-11,2026-10-10T13:03:26.514222+00:00
coles,5180522,Coles Natural Mineral Water,Coles,1.25L,1.1,,0.88,1l,False,10,sparkling mineral water 1.25l,drinks,2026-10-11,2026-10-10T13:03:26.514222+00:00
coles,7081180,Mount Franklin Lightly Sparkling Water Pineapple,Mount Franklin,1.25L,2,,1.6,1l,False,11,sparkling mineral water 1.25l,drinks,2026-10-11,2026-10-10T13:03:26.514222+00:00
coles,2778066,Coles Lightly Sparkling Natural Water,Coles,1.25L,1.25,,1,1l,False,12,sparkling mineral water 1.25l,drinks,2026-10-11,2026-10-10T13:03:26.514222+00:00
coles,7910670,Mount Franklin Lightly Sparkling Water Lemon Bottle,Mount Franklin,1.25L,2,,1.6,1l,False,13,sparkling mineral water 1.25l,drinks,2026-10-11,2026-10-10T13:03:26.514222+00:00
coles,5088392,Mount Franklin Lightly Sparkling Water Passionfruit Bottle,Mount Franklin,1.25L,2,,1.6,1l,False,14,sparkling mineral water 1.25l,drinks,2026-10-11,2026-10-10T13:03:26.514222+00:00
coles,4678109,Mount Franklin Lightly Sparkling Water Raspberry Bottle,Mount Franklin,1.25L,2,,1.6,1l,False,15,sparkling mineral water 1.25l,drinks,2026-10-11,2026-10-10T13:03:26.514222+00:00
coles,324385,Mount Franklin Lightly Sparkling Water Natural Bottle,Mount Franklin,1.25L,2,,1.6,1l,False,16,sparkling mineral water 1.25l,drinks,2026-10-11,2026-10-10T13:03:26.514222+00:00
woolworths,36066,Arnott's Tim Tam Original Chocolate Biscuits 200g,Arnott's,200g,6,6,3,100G,False,1,tim tams,snacks,2026-10-11,2026-10-10T13:03:28.626686+00:00
woolworths,32257,Arnott's Tim Tam Double Chocolate Biscuits 200g,Arnott's,200g,6,6,3,100G,False,2,tim tams,snacks,2026-10-11,2026-10-10T13:03:28.626686+00:00
woolworths,84628,Arnott's Tim Tam Original Family Pack Chocolate Biscuits 365g,Arnott's,365g,6.4,8,1.75,100G,True,3,tim tams,snacks,2026-10-11,2026-10-10T13:03:28.626686+00:00
woolworths,117833,Arnott's Tim Tam Chewy Caramel Chocolate Biscuits 175g,Arnott's,175g,6,6,3.43,100G,False,4,tim tams,snacks,2026-10-11,2026-10-10T13:03:28.626686+00:00
woolworths,332047,Arnott's Tim Tam White Chocolate Biscuits 165g,Arnott's,165g,6,6,3.64,100G,False,5,tim tams,snacks,2026-10-11,2026-10-10T13:03:28.626686+00:00
woolworths,89972,Arnott's Tim Tam Dark Chocolate Biscuits 200g,Arnott's,200g,6,6,3,100G,False,6,tim tams,snacks,2026-10-11,2026-10-10T13:03:28.626686+00:00
woolworths,6063767,Arnott's Tim Tam Choc Mint Biscuits 165g,Arnott's,165g,6,6,3.64,100G,False,7,tim tams,snacks,2026-10-11,2026-10-10T13:03:28.626686+00:00
woolworths,393671,Arnott's Gluten Free Tim Tam Biscuits 150g,Arnott's,150g,5.5,5.5,3.67,100G,False,8,tim tams,snacks,2026-10-11,2026-10-10T13:03:28.626686+00:00
woolworths,6049855,Arnott's Tim Tam Mangoes & Cream Biscuits 165g,Arnott's,165g,6,6,3.64,100G,False,9,tim tams,snacks,2026-10-11,2026-10-10T13:03:28.626686+00:00
woolworths,197288,Arnott's Tim Tam Deluxe Salted Caramel Brownie Chocolate Biscuits 175g,Arnott's,175g,5,6.5,2.86,100G,True,10,tim tams,snacks,2026-10-11,2026-10-10T13:03:28.626686+00:00
coles,329607,Arnott's Tim Tam Chocolate Biscuits Original,Arnott's,200g,3.6,6,1.8,100g,False,1,tim tams,snacks,2026-10-11,2026-10-10T13:03:28.626686+00:00
coles,7029292,Arnott's Tim Tam Chocolate Biscuits Double Coat,Arnott's,200g,3.6,6,1.8,100g,False,2,tim tams,snacks,2026-10-11,2026-10-10T13:03:28.626686+00:00
coles,8655375,Arnott's Tim Tam Chocolate Biscuits Caramel,Arnott's,175g,3.6,6,2.06,100g,False,3,tim tams,snacks,2026-10-11,2026-10-10T13:03:28.626686+00:00
coles,1714910,Arnott's Tim Tam Iced Vovo Biscuits,Arnott's,175g,3.6,6,2.06,100g,False,4,tim tams,snacks,2026-10-11,2026-10-10T13:03:28.626686+00:00
coles,7862884,Arnott's Tim Tam Jatz Biscuits,Arnott's,165g,3.6,6,2.18,100g,False,5,tim tams,snacks,2026-10-11,2026-10-10T13:03:28.626686+00:00
coles,7243805,Arnott's Tim Tam White Chocolate Biscuits,Arnott's,165g,3.6,6,2.18,100g,False,6,tim tams,snacks,2026-10-11,2026-10-10T13:03:28.626686+00:00
coles,6025536,Arnott's Tim Tam Chocolate Biscuits Dark,Arnott's,200g,3.6,6,1.8,100g,False,7,tim tams,snacks,2026-10-11,2026-10-10T13:03:28.626686+00:00
coles,6634760,Arnott's Tim Tam Original Chocolate Biscuit Large Pack,Arnott's,365g,8,,2.19,100g,False,8,tim tams,snacks,2026-10-11,2026-10-10T13:03:28.626686+00:00
coles,4964378,Arnott's Tim Tam Deluxe Chocolate Biscuits Triple Choc,Arnott's,175g,5,,2.86,100g,False,9,tim tams,snacks,2026-10-11,2026-10-10T13:03:28.626686+00:00
coles,4964414,Arnott's Tim Tam Deluxe Chocolate Biscuits Salted Caramel Brownie,Arnott's,175g,5,,2.86,100g,False,10,tim tams,snacks,2026-10-11,2026-10-10T13:03:28.626686+00:00
coles,4964389,Arnott's Tim Tam Deluxe Chocolate Biscuits Dark Dark Mint,Arnott's,175g,5,,2.86,100g,False,11,tim tams,snacks,2026-10-11,2026-10-10T13:03:28.626686+00:00
coles,6845799,Arnott's Gluten Free Tim Tam Original Biscuits,Arnott's,150g,5.5,,3.67,100g,False,12,tim tams,snacks,2026-10-11,2026-10-10T13:03:28.626686+00:00
woolworths,319969,Thins Sour Cream & Chives Potato Chips 175g,Thins,175g,5,5,2.86,100G,False,1,potato chips 175g,snacks,2026-10-11,2026-10-10T13:03:30.482123+00:00
woolworths,396254,Woolworths Sea Salt Deli Style Potato Chips 175g,Woolworths,175g,3,3,1.71,100G,False,2,potato chips 175g,snacks,2026-10-11,2026-10-10T13:03:30.482123+00:00
woolworths,339134,Smith's Thinly Cut Potato Chips Share Pack Original 175g,Smith's,175g,2.5,2.5,1.43,100G,False,3,potato chips 175g,snacks,2026-10-11,2026-10-10T13:03:30.482123+00:00
woolworths,339137,Smith's Thinly Cut Potato Chips Share Pack Salt & Vinegar 175g,Smith's,175g,2.5,2.5,1.43,100G,False,4,potato chips 175g,snacks,2026-10-11,2026-10-10T13:03:30.482123+00:00
woolworths,387119,Smith's Thinly Cut Potato Chips Share Pack Lightly Tangy 175g,Smith's,175g,2.5,2.5,1.43,100G,False,5,potato chips 175g,snacks,2026-10-11,2026-10-10T13:03:30.482123+00:00
woolworths,707181,Smith's Thinly Cut Potato Chips Roast Chicken & Thyme 175g,Smith's,175g,2.5,2.5,1.43,100G,False,6,potato chips 175g,snacks,2026-10-11,2026-10-10T13:03:30.482123+00:00
woolworths,6002706,Woolworths Deli Style Potato Chips Sea Salt & Balsamic Vinegar 175g,Woolworths,175g,3,3,1.71,100G,False,7,potato chips 175g,snacks,2026-10-11,2026-10-10T13:03:30.482123+00:00
woolworths,6001632,Woolworths Deli Style Potato Chips Sweet Chilli & Sour Cream 175g,Woolworths,175g,3,3,1.71,100G,False,8,potato chips 175g,snacks,2026-10-11,2026-10-10T13:03:30.482123+00:00
woolworths,332426,Smith's Thinly Cut Potato Chips Share Pack Sour Cream & Onion 175g,Smith's,175g,2.5,2.5,1.43,100G,False,9,potato chips 175g,snacks,2026-10-11,2026-10-10T13:03:30.482123+00:00
woolworths,528441,Smith's Thinly Cut Potato Chips Share Pack Sweet Chilli & Sour Cream 175g,Smith's,175g,2.5,2.5,1.43,100G,False,10,potato chips 175g,snacks,2026-10-11,2026-10-10T13:03:30.482123+00:00
coles,5706254,Smith's Thinly Cut Potato Chips Share Pack Salt & Vinegar,Smith's,175g,2.5,,1.43,100g,False,1,potato chips 175g,snacks,2026-10-11,2026-10-10T13:03:30.482123+00:00
coles,5706276,Smith's Thinly Cut Potato Chips Share Pack Sour Cream & Onion,Smith's,175g,2.5,,1.43,100g,False,2,potato chips 175g,snacks,2026-10-11,2026-10-10T13:03:30.482123+00:00
coles,1260335,Natural Chip Co. Honey Soy Chicken Potato Chips,Natural Chip Co.,175g,5,,2.86,100g,False,3,potato chips 175g,snacks,2026-10-11,2026-10-10T13:03:30.482123+00:00
coles,7117775,French Fries Original Potato Chips,French Fries,175g,5,,2.86,100g,False,4,potato chips 175g,snacks,2026-10-11,2026-10-10T13:03:30.482123+00:00
coles,1786150,Red Rock Deli Potato Chips Sea Salt,Red Rock Deli,165g,4.75,6,2.88,100g,False,5,potato chips 175g,snacks,2026-10-11,2026-10-10T13:03:30.482123+00:00
coles,9065854,Coles Deli Style Potato Chips Sour Cream Sweet,Coles,175g,3,,1.71,100g,False,6,potato chips 175g,snacks,2026-10-11,2026-10-10T13:03:30.482123+00:00
coles,4843850,Top 20 Variety Potato Chips 20 Pack,Top 20,375g,7.5,,2,100g,False,7,potato chips 175g,snacks,2026-10-11,2026-10-10T13:03:30.482123+00:00
coles,7533893,Coles Deli Style Potato Chips Sea Salt,Coles Deli,175g,3,,1.71,100g,False,8,potato chips 175g,snacks,2026-10-11,2026-10-10T13:03:30.482123+00:00
coles,6989493,Coles Simply Original Crinkle Cut Chips,Coles Simply,175g,2,,1.14,100g,False,9,potato chips 175g,snacks,2026-10-11,2026-10-10T13:03:30.482123+00:00
coles,5706221,Smith's Thinly Cut Potato Chips Share Pack Original,Smith's,175g,2.5,,1.43,100g,False,10,potato chips 175g,snacks,2026-10-11,2026-10-10T13:03:30.482123+00:00
coles,1649760,Smith's Thinly Cut Potato Chips Tzatziki,Smith's,175g,2.4,2.5,,100g,True,11,potato chips 175g,snacks,2026-10-11,2026-10-10T13:03:30.482123+00:00
coles,2845957,Smith's Thinly Cut Potato Chips Share Pack Sweet Chilli & Sour Cream,Smith's,175g,2.5,,1.43,100g,False,12,potato chips 175g,snacks,2026-10-11,2026-10-10T13:03:30.482123+00:00
coles,6833950,Thins Chicken Potato Chips,Thins,175g,5,,2.86,100g,False,13,potato chips 175g,snacks,2026-10-11,2026-10-10T13:03:30.482123+00:00
coles,6833891,Thins Original Potato Chips,Thins,175g,5,,2.86,100g,False,14,potato chips 175g,snacks,2026-10-11,2026-10-10T13:03:30.482123+00:00
coles,6833949,Thins Salt & Vinegar Potato Chips,Thins,175g,5,,2.86,100g,False,15,potato chips 175g,snacks,2026-10-11,2026-10-10T13:03:30.482123+00:00
coles,6833927,Thins Light & Tangy Potato Chips,Thins,175g,5,,2.86,100g,False,16,potato chips 175g,snacks,2026-10-11,2026-10-10T13:03:30.482123+00:00
coles,1260302,Natural Chip Co. Sea Salt Potato Chips,Natural Chip Co.,175g,5,,2.86,100g,False,17,potato chips 175g,snacks,2026-10-11,2026-10-10T13:03:30.482123+00:00
coles,1721846,Thins Sour Cream & Chives Potato Chips,Thins,175g,5,,2.86,100g,False,18,potato chips 175g,snacks,2026-10-11,2026-10-10T13:03:30.482123+00:00
coles,1260313,Natural Chip Co. Sea Salt & Vinegar Potato Chips,Natural Chip Co.,175g,5,,2.86,100g,False,19,potato chips 175g,snacks,2026-10-11,2026-10-10T13:03:30.482123+00:00
coles,1674065,Natural Chip Co. Chips Sour Cream & Chives,Natural Chip Co.,175g,5,,,100g,False,20,potato chips 175g,snacks,2026-10-11,2026-10-10T13:03:30.482123+00:00
coles,6209244,The Good Crisp Co Potato Crisps Original,The Good Crisp Co,160g,4.5,,2.81,100g,False,21,potato chips 175g,snacks,2026-10-11,2026-10-10T13:03:30.482123+00:00
coles,6989438,Coles Simply Chicken Crinkle Cut Chips,Coles Simply,175g,2,,1.14,100g,False,22,potato chips 175g,snacks,2026-10-11,2026-10-10T13:03:30.482123+00:00
coles,6989529,Coles Simply Salt & Vinegar Crinkle Cut Chips,Coles Simply,175g,2,,1.14,100g,False,23,potato chips 175g,snacks,2026-10-11,2026-10-10T13:03:30.482123+00:00
woolworths,280467,Smarties Milk Chocolate Block 180g,Smarties,180g,5,7.5,2.78,100G,True,1,milk chocolate block 180g,snacks,2026-10-11,2026-10-10T13:03:32.982044+00:00
woolworths,814479,Cadbury Dairy Milk Chocolate Block 180g,Cadbury,180g,8,8,4.44,100G,False,2,milk chocolate block 180g,snacks,2026-10-11,2026-10-10T13:03:32.982044+00:00
woolworths,813865,Cadbury Baking Milk Chocolate Block 180g,Cadbury,180g,5.25,7.5,2.92,100G,True,3,milk chocolate block 180g,snacks,2026-10-11,2026-10-10T13:03:32.982044+00:00
woolworths,6076079,Woolworths Milk Chocolate Block 180g,Woolworths,180g,3.5,3.5,1.94,100G,False,4,milk chocolate block 180g,snacks,2026-10-11,2026-10-10T13:03:32.982044+00:00
woolworths,814478,Cadbury Dairy Milk Peppermint Chocolate Block 180g,Cadbury,180g,8,8,4.44,100G,False,5,milk chocolate block 180g,snacks,2026-10-11,2026-10-10T13:03:32.982044+00:00
woolworths,814559,Cadbury Dairy Milk Fruit & Nut Chocolate Block 180g,Cadbury,180g,8,8,4.44,100G,False,6,milk chocolate block 180g,snacks,2026-10-11,2026-10-10T13:03:32.982044+00:00
woolworths,814621,Cadbury Dairy Milk Roast Almond Chocolate Block 180g,Cadbury,180g,8,8,4.44,100G,False,7,milk chocolate block 180g,snacks,2026-10-11,2026-10-10T13:03:32.982044+00:00
woolworths,814622,Cadbury Dairy Milk Caramel Chocolate Caramello Block 180g,Cadbury,180g,8,8,4.44,100G,False,8,milk chocolate block 180g,snacks,2026-10-11,2026-10-10T13:03:32.982044+00:00
woolworths,815196,Cadbury Dairy Milk Tropical Pineapple Chocolate Block 180g,Cadbury,180g,8,8,4.44,100G,False,9,milk chocolate block 180g,snacks,2026-10-11,2026-10-10T13:03:32.982044+00:00
woolworths,815197,Cadbury Dairy Milk Coconut Rough Chocolate Block 180g,Cadbury,180g,8,8,4.44,100G,False,10,milk chocolate block 180g,snacks,2026-10-11,2026-10-10T13:03:32.982044+00:00
coles,2770235,Cadbury Dairy Milk Tropical Pineapple Chocolate Block,Cadbury,180g,4,8,2.22,100g,False,1,milk chocolate block 180g,snacks,2026-10-11,2026-10-10T13:03:32.982044+00:00
coles,2351630,Cadbury Dairy Milk Roast Almond Chocolate Block,Cadbury,180g,4,8,2.22,100g,False,2,milk chocolate block 180g,snacks,2026-10-11,2026-10-10T13:03:32.982044+00:00
coles,2351651,Cadbury Dairy Milk Fruit And Nut Chocolate Block,Cadbury,180g,4,8,2.22,100g,False,3,milk chocolate block 180g,snacks,2026-10-11,2026-10-10T13:03:32.982044+00:00
coles,2351709,Cadbury Dairy Milk Chocolate Block,Cadbury,180g,4,8,2.22,100g,False,4,milk chocolate block 180g,snacks,2026-10-11,2026-10-10T13:03:32.982044+00:00
coles,2351720,Cadbury Dairy Milk Hazelnut Chocolate Block,Cadbury,180g,4,8,2.22,100g,False,5,milk chocolate block 180g,snacks,2026-10-11,2026-10-10T13:03:32.982044+00:00
coles,3618564,Cadbury Dairy Milk Coconut Rough Chocolate Block,Cadbury,180g,4,8,2.22,100g,False,6,milk chocolate block 180g,snacks,2026-10-11,2026-10-10T13:03:32.982044+00:00
coles,2351607,Cadbury Dairy Milk Top Deck Chocolate Block,Cadbury,180g,4,8,2.22,100g,False,7,milk chocolate block 180g,snacks,2026-10-11,2026-10-10T13:03:32.982044+00:00
coles,2351593,Cadbury Dairy Milk Turkish Delight Chocolate Block,Cadbury,180g,4,8,2.22,100g,False,8,milk chocolate block 180g,snacks,2026-10-11,2026-10-10T13:03:32.982044+00:00
coles,5249221,Nestle Plaistowe Baking Milk Chocolate Block,Nestle,180g,6.4,8,3.56,100g,False,9,milk chocolate block 180g,snacks,2026-10-11,2026-10-10T13:03:32.982044+00:00
coles,2313700,Cadbury Milk Chocolate Baking Block,Cadbury,180g,7.5,,4.17,100g,False,10,milk chocolate block 180g,snacks,2026-10-11,2026-10-10T13:03:32.982044+00:00
coles,4402185,Cadbury Dairy Milk Breakaway Chocolate Block,Cadbury,180g,4,8,2.22,100g,False,11,milk chocolate block 180g,snacks,2026-10-11,2026-10-10T13:03:32.982044+00:00
coles,2351618,Cadbury Dairy Milk Snack Chocolate Block,Cadbury,180g,4,8,2.22,100g,False,12,milk chocolate block 180g,snacks,2026-10-11,2026-10-10T13:03:32.982044+00:00
coles,2351662,Cadbury Dairy Milk Caramello Chocolate Block,Cadbury,180g,4,8,2.22,100g,False,13,milk chocolate block 180g,snacks,2026-10-11,2026-10-10T13:03:32.982044+00:00
coles,2351673,Cadbury Dairy Milk Black Forest Chocolate Block,Cadbury,180g,4,8,2.22,100g,False,14,milk chocolate block 180g,snacks,2026-10-11,2026-10-10T13:03:32.982044+00:00
coles,2086798,Allen's Block Party Milk Choc Block,Allen's,170g,7.5,,4.41,100g,False,15,milk chocolate block 180g,snacks,2026-10-11,2026-10-10T13:03:32.982044+00:00
coles,2086801,Allen's Sherbert Fizz Milk Choc Block,Allen's,170g,7.5,,4.41,100g,False,16,milk chocolate block 180g,snacks,2026-10-11,2026-10-10T13:03:32.982044+00:00
coles,1650850,Coles Simply Milk Chocolate Block,Coles Simply,180g,3.5,,1.94,100g,False,17,milk chocolate block 180g,snacks,2026-10-11,2026-10-10T13:03:32.982044+00:00
coles,6040755,Smarties Milk Chocolate Block,Smarties,180g,7.5,,4.17,100g,False,18,milk chocolate block 180g,snacks,2026-10-11,2026-10-10T13:03:32.982044+00:00
coles,1651015,Coles Milk Chocolate Toffee Caramel Brownie Block,Coles,180g,4.5,,2.5,100g,False,19,milk chocolate block 180g,snacks,2026-10-11,2026-10-10T13:03:32.982044+00:00
coles,1650985,Coles Milk Chocolate Salted Caramel Pretzel Block,Coles,180g,4.5,,2.5,100g,False,20,milk chocolate block 180g,snacks,2026-10-11,2026-10-10T13:03:32.982044+00:00
coles,1651048,Coles Milk Chocolate Fruit And Nut Block,Coles,180g,4.5,,2.5,100g,False,21,milk chocolate block 180g,snacks,2026-10-11,2026-10-10T13:03:32.982044+00:00
coles,1650941,Coles Milk Chocolate Raspberry Popping Crunch Block,Coles,180g,4.5,,2.5,100g,False,22,milk chocolate block 180g,snacks,2026-10-11,2026-10-10T13:03:32.982044+00:00
coles,5750642,Tony's Chocolonely Milk Chocolate 32%,Tony's Chocolonely,180g,8.95,9.95,4.97,100g,False,23,milk chocolate block 180g,snacks,2026-10-11,2026-10-10T13:03:32.982044+00:00
coles,5751124,Tony's Chocolonely Milk Chocolate Hazelnut,Tony's Chocolonely,180g,8.95,9.95,4.97,100g,False,24,milk chocolate block 180g,snacks,2026-10-11,2026-10-10T13:03:32.982044+00:00
coles,5750653,Tony's Chocolonely Milk Chocolate Caramel Sea Salt,Tony's Chocolonely,180g,8.95,9.95,4.97,100g,False,25,milk chocolate block 180g,snacks,2026-10-11,2026-10-10T13:03:32.982044+00:00
coles,2313685,Cadbury Baking White Chocolate Block,Cadbury,180g,7.5,,4.17,100g,False,26,milk chocolate block 180g,snacks,2026-10-11,2026-10-10T13:03:32.982044+00:00
woolworths,96215,McCain Frozen Peas 1kg,McCain,1kg,6,6,6,1KG,False,1,frozen peas 1kg,frozen,2026-10-11,2026-10-10T13:03:35.257803+00:00
woolworths,96845,Woolworths Essentials Frozen Peas 1kg,Woolworths Essentials,1kg,2.5,2.5,2.5,1KG,False,2,frozen peas 1kg,frozen,2026-10-11,2026-10-10T13:03:35.257803+00:00
woolworths,754169,Woolworths Frozen Australian Peas 1kg,Woolworths,1kg,4.5,4.5,4.5,1KG,False,3,frozen peas 1kg,frozen,2026-10-11,2026-10-10T13:03:35.257803+00:00
woolworths,754181,Woolworths Frozen Australian Baby Peas 1kg,Woolworths,1kg,5.5,5.5,5.5,1KG,False,4,frozen peas 1kg,frozen,2026-10-11,2026-10-10T13:03:35.257803+00:00
woolworths,93371,McCain Frozen Baby Peas 1kg,McCain,1kg,6.9,6.9,6.9,1KG,False,5,frozen peas 1kg,frozen,2026-10-11,2026-10-10T13:03:35.257803+00:00
woolworths,95871,McCain Frozen Peas & Super Juicy Corn 1kg,McCain,1kg,7.3,7.3,7.3,1KG,False,6,frozen peas 1kg,frozen,2026-10-11,2026-10-10T13:03:35.257803+00:00
woolworths,768569,Woolworths Frozen Australian Carrots Peas & Corn 1kg,Woolworths,1kg,5.5,5.5,5.5,1KG,False,7,frozen peas 1kg,frozen,2026-10-11,2026-10-10T13:03:35.257803+00:00
woolworths,705677,Birds Eye Frozen Australian Peas & Corn 1kg,Birds Eye,1kg,6.9,6.9,6.9,1KG,False,8,frozen peas 1kg,frozen,2026-10-11,2026-10-10T13:03:35.257803+00:00
woolworths,255445,Birds Eye Frozen Carrot Peas & Corn 1kg,Birds Eye,1kg,6.9,6.9,6.9,1KG,False,9,frozen peas 1kg,frozen,2026-10-11,2026-10-10T13:03:35.257803+00:00
woolworths,289348,Bell Farms Frozen Carrots Peas & Corn 1kg,Bell Farms,1kg,3.6,3.6,3.6,1KG,False,10,frozen peas 1kg,frozen,2026-10-11,2026-10-10T13:03:35.257803+00:00
coles,399067,Coles Simply Peas Snap Frozen,Coles Simply,1Kg,2.5,,2.5,1kg,False,1,frozen peas 1kg,frozen,2026-10-11,2026-10-10T13:03:35.257803+00:00
coles,9054790,Coles Frozen Garden Peas,Coles,1Kg,4.5,,4.5,1kg,False,2,frozen peas 1kg,frozen,2026-10-11,2026-10-10T13:03:35.257803+00:00
coles,8161535,Mccain Garden Peas,Mccain,1kg,6,,6,1kg,False,3,frozen peas 1kg,frozen,2026-10-11,2026-10-10T13:03:35.257803+00:00
coles,5072790,Birds Eye Frozen Mixed Vegetables Peas & Corn,Birds Eye,1Kg,5.5,6.9,5.5,1kg,False,4,frozen peas 1kg,frozen,2026-10-11,2026-10-10T13:03:35.257803+00:00
coles,7644840,Coles Frozen Baby Peas,Coles,1kg,4.4,,4.4,1kg,False,5,frozen peas 1kg,frozen,2026-10-11,2026-10-10T13:03:35.257803+00:00
coles,5072778,Birds Eye Frozen Mixed Vegetables Peas & Corn,Birds Eye,1Kg,5.5,6.9,5.5,1kg,False,6,frozen peas 1kg,frozen,2026-10-11,2026-10-10T13:03:35.257803+00:00
coles,7644872,Coles Frozen Carrot Corn & Peas,Coles,1kg,4.2,,4.2,1kg,False,7,frozen peas 1kg,frozen,2026-10-11,2026-10-10T13:03:35.257803+00:00
coles,7644770,Coles Frozen Peas Carrots Cauliflower,Coles,1kg,4.2,,4.2,1kg,False,8,frozen peas 1kg,frozen,2026-10-11,2026-10-10T13:03:35.257803+00:00
coles,338856,McCain Frozen Peas,McCain,500g,3.7,,,1kg,False,9,frozen peas 1kg,frozen,2026-10-11,2026-10-10T13:03:35.257803+00:00
coles,1935351,"McCain Mixed Vegetables Peas, Corn, Carrots",McCain,1Kg,6.4,7.3,6.4,1kg,False,10,frozen peas 1kg,frozen,2026-10-11,2026-10-10T13:03:35.257803+00:00
coles,5181729,Coles Frozen Meat Pies 4 Pack,Coles,700g,6.25,,0.89,100g,False,11,frozen peas 1kg,frozen,2026-10-11,2026-10-10T13:03:35.257803+00:00
coles,6447413,Coles Chicken & Vegetables Pies 4 Pack,Coles,700g,6.25,,0.89,100g,False,12,frozen peas 1kg,frozen,2026-10-11,2026-10-10T13:03:35.257803+00:00
woolworths,40518,Peters Original Vanilla Ice Cream 2L,Peters,2L,5.95,5.95,0.3,100ML,False,1,vanilla ice cream 2l,frozen,2026-10-11,2026-10-10T13:03:37.432409+00:00
woolworths,42620,Bulla Vanilla Ice Cream 2L,Bulla,2L,6,6,0.3,100ML,False,2,vanilla ice cream 2l,frozen,2026-10-11,2026-10-10T13:03:37.432409+00:00
woolworths,191043,Bulla Creamy Classics Ice Cream Vanilla 2L,Bulla,2L,7,7,0.35,100ML,False,3,vanilla ice cream 2l,frozen,2026-10-11,2026-10-10T13:03:37.432409+00:00
woolworths,574618,Bulla Creamy Classics Ice Cream Vanilla & Boysenberry 2L,Bulla,2L,7,7,0.35,100ML,False,4,vanilla ice cream 2l,frozen,2026-10-11,2026-10-10T13:03:37.432409+00:00
woolworths,281393,Woolworths Essential Reduced Fat Ice Cream Vanilla 2L,Woolworths,2L,4.5,4.5,0.23,100ML,False,5,vanilla ice cream 2l,frozen,2026-10-11,2026-10-10T13:03:37.432409+00:00
woolworths,40568,Blue Ribbon Classic Vanilla Tub 2L,Blue Ribbon,2L,6.5,6.5,0.33,100ML,False,6,vanilla ice cream 2l,frozen,2026-10-11,2026-10-10T13:03:37.432409+00:00
woolworths,684,Blue Ribbon Light Vanilla Tub 2L,Blue Ribbon,2L,6.5,6.5,0.33,100ML,False,7,vanilla ice cream 2l,frozen,2026-10-11,2026-10-10T13:03:37.432409+00:00
woolworths,34673,Peters Original Vanilla 4L,Peters,4L,10.9,10.9,0.27,100ML,False,8,vanilla ice cream 2l,frozen,2026-10-11,2026-10-10T13:03:37.432409+00:00
woolworths,86412,Bulla Ice Cream Vanilla Tub 4L,Bulla,4L,10.5,10.5,0.26,100ML,False,9,vanilla ice cream 2l,frozen,2026-10-11,2026-10-10T13:03:37.432409+00:00
woolworths,228345,Woolworths Ice Cream Vanilla Bean 1L,Woolworths,1L,6,6,0.6,100ML,False,10,vanilla ice cream 2l,frozen,2026-10-11,2026-10-10T13:03:37.432409+00:00
coles,239785,Peters Original Vanilla Ice Cream,Peters,2L,5.95,,0.3,100ml,False,1,vanilla ice cream 2l,frozen,2026-10-11,2026-10-10T13:03:37.432409+00:00
coles,9486590,Bulla Creamy Classics Vanilla Ice Cream,Bulla,2L,12,,0.6,100ml,False,2,vanilla ice cream 2l,frozen,2026-10-11,2026-10-10T13:03:37.432409+00:00
coles,5901329,Peters Original Vanilla Ice Cream,Peters,4L,8.7,10.9,0.22,100ml,False,3,vanilla ice cream 2l,frozen,2026-10-11,2026-10-10T13:03:37.432409+00:00
coles,207971,Coles Simply Vanilla Flavoured Frozen Dessert Tub,Coles Simply,2L,4.5,,0.22,100ml,False,4,vanilla ice cream 2l,frozen,2026-10-11,2026-10-10T13:03:37.432409+00:00
coles,207938,Streets Blue Ribbon Vanilla,Streets,2L,6.5,,0.33,100ml,False,5,vanilla ice cream 2l,frozen,2026-10-11,2026-10-10T13:03:37.432409+00:00
coles,3880487,Peters No Sugar Added Vanilla Ice Cream,Peters,1.2L,9.5,,0.79,100ml,False,6,vanilla ice cream 2l,frozen,2026-10-11,2026-10-10T13:03:37.432409+00:00
coles,4811832,Peters Light & Creamy Vanilla Slices Ice Cream 12 Pack,Peters,1.2L,9,,0.75,100ml,False,7,vanilla ice cream 2l,frozen,2026-10-11,2026-10-10T13:03:37.432409+00:00
coles,7082852,Skinny Cow Vanilla Caramel & Double Chocolate Ice Cream Sundaes 4 Pack,Skinny Cow,640mL,7.9,,1.23,100ml,False,8,vanilla ice cream 2l,frozen,2026-10-11,2026-10-10T13:03:37.432409+00:00
coles,3880512,Peters Lactose Free Vanilla Ice Cream,Peters,1.2L,9.5,,0.79,100ml,False,9,vanilla ice cream 2l,frozen,2026-10-11,2026-10-10T13:03:37.432409+00:00
coles,4477377,Peters Original Twin Pole Vanilla Chocolate Ice Cream 8 Pack,Peters,592mL,8,,1.36,100ml,False,10,vanilla ice cream 2l,frozen,2026-10-11,2026-10-10T13:03:37.432409+00:00
coles,1532355,Bulla Creamy Classics Vanilla Choc Chip Supreme Ice Cream Sundae Cones 4 Pack,Bulla,580mL,12.5,,2.16,100ml,False,11,vanilla ice cream 2l,frozen,2026-10-11,2026-10-10T13:03:37.432409+00:00
coles,8577963,Streets Blue Ribbon Plant Vanilla,Streets,2L,6.5,,0.33,100ml,False,12,vanilla ice cream 2l,frozen,2026-10-11,2026-10-10T13:03:37.432409+00:00
coles,7206977,Peters Light & Creamy Classic Vanlla Ice Cream,Peters,1.8L,6.5,,0.36,100ml,False,13,vanilla ice cream 2l,frozen,2026-10-11,2026-10-10T13:03:37.432409+00:00
coles,8264200,So Good Frozen Dessert Vanilla Bliss,So Good,1L,9.5,,0.95,100ml,False,14,vanilla ice cream 2l,frozen,2026-10-11,2026-10-10T13:03:37.432409+00:00
coles,5171270,Streets Blue Ribbon Light Vanilla,Streets,2L,6.5,,0.33,100ml,False,15,vanilla ice cream 2l,frozen,2026-10-11,2026-10-10T13:03:37.432409+00:00
woolworths,705420,Dr. Oetker Ristorante Pizza Pepperoni 310g,Dr. Oetker,310g,9.5,9.5,3.06,100G,False,1,frozen pizza,frozen,2026-10-11,2026-10-10T13:03:39.714526+00:00
woolworths,112352,McCain Pizza Slice Snacks Cheese & Bacon 2 pack,McCain,2 pack,9.8,9.8,1.63,100G,False,2,frozen pizza,frozen,2026-10-11,2026-10-10T13:03:39.714526+00:00
woolworths,112492,McCain Pizza Slice Snacks Meatlovers 2 pack,McCain,2 pack,9.8,9.8,1.63,100G,False,3,frozen pizza,frozen,2026-10-11,2026-10-10T13:03:39.714526+00:00
woolworths,6042407,Buonissimo Pizza BBQ Meatlovers 500g,Buonissimo,500g,4.5,4.5,0.9,100G,False,4,frozen pizza,frozen,2026-10-11,2026-10-10T13:03:39.714526+00:00
woolworths,252640,McCain Pizza Meatlovers BBQ 500g,McCain,500g,8.8,8.8,1.76,100G,False,5,frozen pizza,frozen,2026-10-11,2026-10-10T13:03:39.714526+00:00
woolworths,3496,McCain Pizza Slice Snacks Ham & Pineapple 2 pack,McCain,2 pack,9.8,9.8,1.63,100G,False,6,frozen pizza,frozen,2026-10-11,2026-10-10T13:03:39.714526+00:00
woolworths,6043796,Buonissimo Pizza Ham & Pineapple 500g,Buonissimo,500g,4.5,4.5,0.9,100G,False,7,frozen pizza,frozen,2026-10-11,2026-10-10T13:03:39.714526+00:00
woolworths,6002090,Woolworths Double Pepperoni Stone-Baked Thin Crust Pizza 310g,Woolworths,310g,5.5,6,1.77,100G,True,8,frozen pizza,frozen,2026-10-11,2026-10-10T13:03:39.714526+00:00
woolworths,93831,McCain Pizza Cheese & Bacon 500g,McCain,500g,8.8,8.8,1.76,100G,False,9,frozen pizza,frozen,2026-10-11,2026-10-10T13:03:39.714526+00:00
woolworths,296606,Dr. Oetker Ristorante Pizza Mozzarella 355g,Dr. Oetker,355g,9.5,9.5,2.68,100G,False,10,frozen pizza,frozen,2026-10-11,2026-10-10T13:03:39.714526+00:00
coles,7010250,McCain Frozen BBQ Meatlovers Family Pizza,McCain,500g,8.8,,1.76,100g,False,1,frozen pizza,frozen,2026-10-11,2026-10-10T13:03:39.714526+00:00
coles,7866499,Destination Italy Woodfired Margherita Pizza,Destination Italy,380g,12.5,,3.29,100g,False,2,frozen pizza,frozen,2026-10-11,2026-10-10T13:03:39.714526+00:00
coles,8634943,Dr. Oetker Frozen Ristorante Pepperoni Pizza,Dr. Oetker,310g,7,9.5,2.26,100g,False,3,frozen pizza,frozen,2026-10-11,2026-10-10T13:03:39.714526+00:00
coles,9289160,McCain Family Margherita Frozen Pizza,McCain,500g,8.8,,1.76,100g,False,4,frozen pizza,frozen,2026-10-11,2026-10-10T13:03:39.714526+00:00
coles,403765,McCain Frozen Ham & Pineapple Family Pizza,McCain,500g,8.8,,1.76,100g,False,5,frozen pizza,frozen,2026-10-11,2026-10-10T13:03:39.714526+00:00
coles,251124,McCain Frozen Supreme Family Pizza,McCain,500g,8.8,,1.76,100g,False,6,frozen pizza,frozen,2026-10-11,2026-10-10T13:03:39.714526+00:00
coles,8634954,Dr. Oetker Frozen Ristorante Hawaii Pizza,Dr. Oetker,355g,7,9.5,1.97,100g,False,7,frozen pizza,frozen,2026-10-11,2026-10-10T13:03:39.714526+00:00
coles,181572,McCain Frozen Cheese & Bacon Family Pizza,McCain,500g,8.8,,1.76,100g,False,8,frozen pizza,frozen,2026-10-11,2026-10-10T13:03:39.714526+00:00
coles,6545434,Dr Oetker Ristorante Mozzarella Pizza,Dr Oetker,355g,7,9.5,1.97,100g,False,9,frozen pizza,frozen,2026-10-11,2026-10-10T13:03:39.714526+00:00
coles,7308048,Dr. Oetker Frozen Ristorante Spinaci (spinach) Pizza,Dr. Oetker,390g,7,9.5,1.79,100g,False,10,frozen pizza,frozen,2026-10-11,2026-10-10T13:03:39.714526+00:00
coles,7817904,Dr. Oetker Frozen Ristorante Quattro Formaggi Pizza,Dr. Oetker,340g,7,9.5,2.06,100g,False,11,frozen pizza,frozen,2026-10-11,2026-10-10T13:03:39.714526+00:00
coles,1862371,Della Rosa Woodfire Italian Salami Pizza,Della Rosa,420g,11,,2.62,100g,False,12,frozen pizza,frozen,2026-10-11,2026-10-10T13:03:39.714526+00:00
coles,1862350,Della Rosa Woodfire Trio Of Meats Pizza,Della Rosa,420g,11,,2.62,100g,False,13,frozen pizza,frozen,2026-10-11,2026-10-10T13:03:39.714526+00:00
coles,1852538,Della Rosa Woodfire Chargrill Chicken Pizza,Della Rosa,420g,11,,2.62,100g,False,14,frozen pizza,frozen,2026-10-11,2026-10-10T13:03:39.714526+00:00
coles,1116044,Della Rosa Thin & Crispy Meatlovers Pizza,Della Rosa,350g,5.99,,1.71,100g,False,15,frozen pizza,frozen,2026-10-11,2026-10-10T13:03:39.714526+00:00
coles,2632162,Coles Simply Hawaiian Pizza,Coles Simply,500g,4.2,,0.84,100g,False,16,frozen pizza,frozen,2026-10-11,2026-10-10T13:03:39.714526+00:00
coles,4655475,McCain Family Pizza Pepperoni,McCain,490g,8.8,,1.8,100g,False,17,frozen pizza,frozen,2026-10-11,2026-10-10T13:03:39.714526+00:00
coles,8697604,McCain Frozen Cheese & Bacon Pizza Pockets,McCain,400g,8.5,,2.13,100g,False,18,frozen pizza,frozen,2026-10-11,2026-10-10T13:03:39.714526+00:00
coles,2662196,Coles Simply Margherita Pizza,Coles Simply,470g,4.2,,0.89,100g,False,19,frozen pizza,frozen,2026-10-11,2026-10-10T13:03:39.714526+00:00
coles,5188353,McCain Lil Pizzas Ham & Cheese 4 Pack,McCain,400g,7.8,,1.95,100g,False,20,frozen pizza,frozen,2026-10-11,2026-10-10T13:03:39.714526+00:00
coles,8544829,McCain Cheese & Bacon Pizza Slices 2 Pack,McCain,600g,9.8,,1.63,100g,False,21,frozen pizza,frozen,2026-10-11,2026-10-10T13:03:39.714526+00:00
coles,9258439,Papa Giuseppi's Frozen Pizza Pies Snack Pepperoni 2 Pack,Papa Giuseppi's,326g,7,,2.15,100g,False,22,frozen pizza,frozen,2026-10-11,2026-10-10T13:03:39.714526+00:00
coles,9258224,Papa Giuseppi's Frozen Pizza Pies Snack Mega Meaty 2 Pack,Papa Giuseppi's,320g,7,,2.19,100g,False,23,frozen pizza,frozen,2026-10-11,2026-10-10T13:03:39.714526+00:00
coles,4654280,McCain Lil Pizza Cheesy Margherita,McCain,380g,7.8,,2.05,100g,False,24,frozen pizza,frozen,2026-10-11,2026-10-10T13:03:39.714526+00:00
coles,5179501,McCain Hawaiian Pizza Slices,McCain,600g,9.8,,1.63,100g,False,25,frozen pizza,frozen,2026-10-11,2026-10-10T13:03:39.714526+00:00
coles,1852822,Della Rosa Cheese & Bacon Pizza Slices 2 Pack,Della Rosa,600g,6.5,,1.08,100g,False,26,frozen pizza,frozen,2026-10-11,2026-10-10T13:03:39.714526+00:00
coles,1840470,Dr. Oetker Ristorante Speciale Pizza,Dr. Oetker,345g,7,9.5,2.03,100g,False,27,frozen pizza,frozen,2026-10-11,2026-10-10T13:03:39.714526+00:00
coles,7866524,Dr Oetker Ristorante Pomodori Vegan Pizza,Dr Oetker,340g,7,9.5,2.06,100g,False,28,frozen pizza,frozen,2026-10-11,2026-10-10T13:03:39.714526+00:00
coles,1851739,Fropro Protein Pizza Chicken Bacon,Fropro,325g,10,12.95,3.08,100g,False,29,frozen pizza,frozen,2026-10-11,2026-10-10T13:03:39.714526+00:00
coles,1142011,Fropro Protein Pizza BBQ Meatlovers,Fropro,325g,10,12.95,3.08,100g,False,30,frozen pizza,frozen,2026-10-11,2026-10-10T13:03:39.714526+00:00
coles,9073976,Farro Organic Spelt Pizza Salami 10in,Farro,440g,12.5,,2.84,100g,False,31,frozen pizza,frozen,2026-10-11,2026-10-10T13:03:39.714526+00:00
coles,9073932,Farro Organic Spelt Pizza Margherita 10in,Farro,380g,12.5,,3.29,100g,False,32,frozen pizza,frozen,2026-10-11,2026-10-10T13:03:39.714526+00:00
coles,9073998,Farro Organic Spelt Pizza Veggie 10in,Farro,440g,12.5,,2.84,100g,False,33,frozen pizza,frozen,2026-10-11,2026-10-10T13:03:39.714526+00:00
coles,1050456,Farro Organic Spelt Pizza Capricciosa 10in,Farro,460g,12.5,,2.72,100g,False,34,frozen pizza,frozen,2026-10-11,2026-10-10T13:03:39.714526+00:00
coles,1100306,Senza Gluten Free Meatlovers Pizza,Senza,380g,8.5,9.9,2.24,100g,False,35,frozen pizza,frozen,2026-10-11,2026-10-10T13:03:39.714526+00:00
coles,2126826,Dr Oetker Ristorante Gluten Free Mozzarella Pizza,Dr Oetker,370g,8.4,10.5,2.27,100g,False,36,frozen pizza,frozen,2026-10-11,2026-10-10T13:03:39.714526+00:00
coles,1851626,Destination Italy Salame Pizza,Destination Italy,380g,12.5,,3.29,100g,False,37,frozen pizza,frozen,2026-10-11,2026-10-10T13:03:39.714526+00:00
coles,1116102,Della Rosa Thin & Crispy Pepperoni Pizza,Della Rosa,350g,5.99,,1.71,100g,False,38,frozen pizza,frozen,2026-10-11,2026-10-10T13:03:39.714526+00:00
coles,1852844,Della Rosa Cheese Pizza 2 Pack,Della Rosa,850g,8,,0.94,100g,False,39,frozen pizza,frozen,2026-10-11,2026-10-10T13:03:39.714526+00:00
coles,1851660,Destination Italy Puttanesca Pizza,Destination Italy,425g,12.5,,2.94,100g,False,40,frozen pizza,frozen,2026-10-11,2026-10-10T13:03:39.714526+00:00
coles,5991525,Fropro Protein Buffalo Chicken Pizza,Fropro,325g,12.95,,,100g,False,41,frozen pizza,frozen,2026-10-11,2026-10-10T13:03:39.714526+00:00
coles,1750538,Destination Italy Woodfired Mushroom & Truffle Pizza,Destination Italy,400g,12.5,,3.13,100g,False,42,frozen pizza,frozen,2026-10-11,2026-10-10T13:03:39.714526+00:00
coles,1840572,Gourmet Saba Premium Protein Pepperoni Pizza,Gourmet Saba,500g,15.9,,3,100g,False,43,frozen pizza,frozen,2026-10-11,2026-10-10T13:03:39.714526+00:00
coles,1050423,Farro Organic Spelt Pizza Base 10in,Farro Organic,312g,7.5,,2.4,100g,False,44,frozen pizza,frozen,2026-10-11,2026-10-10T13:03:39.714526+00:00
coles,5179498,McCain Supreme Pizza Slices 2 Pack,McCain,600g,9.8,,1.63,100g,False,45,frozen pizza,frozen,2026-10-11,2026-10-10T13:03:39.714526+00:00
coles,1852550,Della Rosa Pepperoni Pizza Slices 2 Pack,Della Rosa,600g,6.5,,1.08,100g,False,46,frozen pizza,frozen,2026-10-11,2026-10-10T13:03:39.714526+00:00
coles,1142022,Fropro Protein Pizza Slices Beef Lasagne,Fropro,360g,10,12.95,,100g,True,47,frozen pizza,frozen,2026-10-11,2026-10-10T13:03:39.714526+00:00
coles,5446200,McCain Lil Pizzas Ham & Pineapple 4 Pack,McCain,400g,7.8,,1.95,100g,False,48,frozen pizza,frozen,2026-10-11,2026-10-10T13:03:39.714526+00:00
woolworths,722,Kleenex Complete Clean Double Length Toilet Paper 12 pack,Kleenex,12 pack,13.5,13.5,0.31,100 sheets,False,1,toilet paper 12 pack,household,2026-10-11,2026-10-10T13:03:42.207496+00:00
woolworths,1128532857,"Toilet Roll Storage,Toilet Paper Storage,Toilet Paper Organizer Basket for 12 Pcs Rolls",,,43.32,43.32,,,False,2,toilet paper 12 pack,household,2026-10-11,2026-10-10T13:03:42.207496+00:00
woolworths,473213,Quilton Gold 4 Ply Toilet Paper 12 pack,Quilton,12 pack,9,10.3,0.54,100 sheets,True,3,toilet paper 12 pack,household,2026-10-11,2026-10-10T13:03:42.207496+00:00
woolworths,171303,Vevelle White 2 Ply Toilet Tissue 12 pack,Vevelle,12 pack,6,6,0.19,100 sheets,False,4,toilet paper 12 pack,household,2026-10-11,2026-10-10T13:03:42.207496+00:00
woolworths,173155,Naturale 100% Recycled 3 Ply Toilet Tissue 12 pack,Naturale,12 pack,4.9,6,0.23,100 sheets,True,5,toilet paper 12 pack,household,2026-10-11,2026-10-10T13:03:42.207496+00:00
woolworths,1125423073,12x 10pc Quilton 180-Sheet Softness Tissue Roll 3-Ply White Toilet Paper,Quilton,,106.25,106.25,0.49,100 sheets,False,6,toilet paper 12 pack,household,2026-10-11,2026-10-10T13:03:42.207496+00:00
woolworths,1127630937,"CARLA HOME 2 Pack Toilet Paper Storage Basket, Holds 12 Rolls, Bamboo Lid, Black",Carla Home,,69.28,69.28,,,False,7,toilet paper 12 pack,household,2026-10-11,2026-10-10T13:03:42.207496+00:00
woolworths,1127781973,"CARLA HOME 2 Pack Toilet Paper Storage Basket, Holds 12 Rolls, Bamboo Lid, Grey",Carla Home,,69.28,69.28,,,False,8,toilet paper 12 pack,household,2026-10-11,2026-10-10T13:03:42.207496+00:00
woolworths,1122142351,Tork SmartOne Mini Toilet Roll 2Ply Advanced T9 White 12 Rolls (193),Tork,7440SS,87.93,87.93,1.18,100 sheets,False,9,toilet paper 12 pack,household,2026-10-11,2026-10-10T13:03:42.207496+00:00
woolworths,1124255265,5x 12pc Quilton 3 Ply Toilet Paper Tissue Towel Pack 180 Sheets 11x10cm White,Quilton,10800SS,67.95,67.95,0.63,100 sheets,False,10,toilet paper 12 pack,household,2026-10-11,2026-10-10T13:03:42.207496+00:00
coles,5034134,Quilton 3 Ply Unscented White Toilet Paper,Quilton,12 Pack,8.5,,0.39,100ea,False,1,toilet paper 12 pack,household,2026-10-11,2026-10-10T13:03:42.207496+00:00
coles,1710748,Coles Simply Toilet Tissue 3ply,Coles Simply,24 Pack,8.95,,0.2,100ea,False,2,toilet paper 12 pack,household,2026-10-11,2026-10-10T13:03:42.207496+00:00
coles,3517115,Kleenex Complete Clean Double Length Toilet Paper,Kleenex,12 Pack,11.5,13.5,0.27,100ea,False,3,toilet paper 12 pack,household,2026-10-11,2026-10-10T13:03:42.207496+00:00
coles,1710792,Coles Simply 3-ply Double Length Toilet Paper 4 Pack,Coles Simply,1520 Sheet,4,,0.26,100ea,False,4,toilet paper 12 pack,household,2026-10-11,2026-10-10T13:03:42.207496+00:00
coles,1836622,Coles So Soft 4-ply Toilet Paper,Coles,12 Pack,9.5,,0.57,100ea,False,5,toilet paper 12 pack,household,2026-10-11,2026-10-10T13:03:42.207496+00:00
coles,9152405,Coles Simply 2-ply White Toilet Paper,Coles Simply,18 Pack,9,,,100ea,False,6,toilet paper 12 pack,household,2026-10-11,2026-10-10T13:03:42.207496+00:00
coles,8685092,Icare 100% Recycled Toilet Tissue,Icare,8 Pack,6,8,0.42,100ea,False,7,toilet paper 12 pack,household,2026-10-11,2026-10-10T13:03:42.207496+00:00
coles,1145440,Sorbent 3-ply Double Length White Toilet Paper,Sorbent,18 Pack,17.6,,0.27,100ea,False,8,toilet paper 12 pack,household,2026-10-11,2026-10-10T13:03:42.207496+00:00
coles,9161472,Coles Simply 2-ply Paper Towel,Coles Simply,160 Sheet,2.2,,1.38,100ea,False,9,toilet paper 12 pack,household,2026-10-11,2026-10-10T13:03:42.207496+00:00
coles,9161508,Coles Ultra 3- Ply White Double Length Paper Towel,Coles Ultra,3 Pack,4.9,,1.36,100ea,False,10,toilet paper 12 pack,household,2026-10-11,2026-10-10T13:03:42.207496+00:00
woolworths,252037,Handee Ultra Paper Towel 3 x 60 pack,Handee,3 x 60 pack,5,5,2.78,100 sheets,False,1,paper towel,household,2026-10-11,2026-10-10T13:03:44.506891+00:00
woolworths,167699,Strike Pro 3 Ply Paper Towel 3 x 60 pack,Strike,3 x 60 pack,2.5,2.5,1.39,100 sheets,False,2,paper towel,household,2026-10-11,2026-10-10T13:03:44.506891+00:00
woolworths,249921,Viva White Paper Towel 3 x 60 pack,Viva,3 x 60 pack,3,5,1.67,100 sheets,True,3,paper towel,household,2026-10-11,2026-10-10T13:03:44.506891+00:00
woolworths,573468,Viva White Paper Towel 6 x 60 pack,Viva,6 x 60 pack,8,8,2.22,100 sheets,False,4,paper towel,household,2026-10-11,2026-10-10T13:03:44.506891+00:00
woolworths,212842,Handee Ultra Double Length White Paper Towel 2 x 120 pack,Handee,2 x 120 pack,5.25,5.25,2.19,100 sheets,False,5,paper towel,household,2026-10-11,2026-10-10T13:03:44.506891+00:00
woolworths,171164,Strike 2 Ply Paper Towel 2 x 80 pack,Strike,2 x 80 pack,2.2,2.2,1.38,100 sheets,False,6,paper towel,household,2026-10-11,2026-10-10T13:03:44.506891+00:00
woolworths,752113,Handee Ultra Double Length Paper Towel 3 x 120 pack,Handee,3 x 120 pack,9,9,2.5,100 sheets,False,7,paper towel,household,2026-10-11,2026-10-10T13:03:44.506891+00:00
woolworths,435065,Strike Pro Double Length 3 Ply Paper Towel 3 x 120 pack,Strike,3 x 120 pack,4.5,4.5,1.25,100 sheets,False,8,paper towel,household,2026-10-11,2026-10-10T13:03:44.506891+00:00
woolworths,156865,icare Wipex Absorbent Recycled Pick A Size Paper Towel 3 x 100 pack,icare,3 x 100 pack,5,5,1.67,100 sheets,False,9,paper towel,household,2026-10-11,2026-10-10T13:03:44.506891+00:00
woolworths,99245,Viva Select-A-Size Paper Towel 3 x 90 pack,Viva,3 x 90 pack,3,5,1.11,100 sheets,True,10,paper towel,household,2026-10-11,2026-10-10T13:03:44.506891+00:00
coles,9546921,Handee Ultra Paper Towels White,Handee,3 Pack,5,,2.78,100ea,False,1,paper towel,household,2026-10-11,2026-10-10T13:03:44.506891+00:00
coles,9333523,Viva Paper Towel White,Viva,2 Pack,2.25,4.5,1.88,100ea,False,2,paper towel,household,2026-10-11,2026-10-10T13:03:44.506891+00:00
coles,9161483,Coles Ultra 3-ply White Paper Towel,Coles Ultra,3 Pack,2.5,,1.39,100ea,False,3,paper towel,household,2026-10-11,2026-10-10T13:03:44.506891+00:00
coles,5294180,Handee Ultra Paper Towels Crisp White,Handee,2 Pack,3.15,4.5,2.63,100ea,False,4,paper towel,household,2026-10-11,2026-10-10T13:03:44.506891+00:00
coles,3798342,Icare 100% Recycled Paper Towel,Icare,2 Pack,2.5,3.85,2.08,100ea,False,5,paper towel,household,2026-10-11,2026-10-10T13:03:44.506891+00:00
coles,2915338,Viva Paper Towel Double Length White,Viva,3 Pack,7.2,9,2,100ea,False,6,paper towel,household,2026-10-11,2026-10-10T13:03:44.506891+00:00
coles,9161472,Coles Simply 2-ply Paper Towel,Coles Simply,160 Sheet,2.2,,1.38,100ea,False,7,paper towel,household,2026-10-11,2026-10-10T13:03:44.506891+00:00
coles,9102145,Handee Ultra Triple Length Paper Towel,Handee,2 Pack,6.75,9,1.88,100ea,False,8,paper towel,household,2026-10-11,2026-10-10T13:03:44.506891+00:00
coles,7316589,Handee Ultra Paper Towel,Handee,4 Pack,6.6,,2.75,100ea,False,9,paper towel,household,2026-10-11,2026-10-10T13:03:44.506891+00:00
coles,9161508,Coles Ultra 3- Ply White Double Length Paper Towel,Coles Ultra,3 Pack,4.9,,1.36,100ea,False,10,paper towel,household,2026-10-11,2026-10-10T13:03:44.506891+00:00
coles,5048219,Viva Paper Towel White 180 Sheets,Viva,3 Pack,5,,2.78,100ea,False,11,paper towel,household,2026-10-11,2026-10-10T13:03:44.506891+00:00
coles,7489689,Viva White Paper Towel,Viva,8 Pack,8,,1.67,100ea,False,12,paper towel,household,2026-10-11,2026-10-10T13:03:44.506891+00:00
coles,3424251,Viva Paper Towel White 360 Sheets,Viva,6 Pack,9,,2.5,100ea,False,13,paper towel,household,2026-10-11,2026-10-10T13:03:44.506891+00:00
coles,2918256,Viva Double Length  Paper Towel 2 Pack,Viva,240 Sheet,6,,2.5,100ea,False,14,paper towel,household,2026-10-11,2026-10-10T13:03:44.506891+00:00
coles,1619566,Handee Thick & Large Paper Towel,Handee,2 Pack,5,,4.17,100ea,False,15,paper towel,household,2026-10-11,2026-10-10T13:03:44.506891+00:00
coles,5031045,Handee Ultra Double Length Paper Towel Crisp White,Handee,2 Pack,5.25,,2.19,100ea,False,16,paper towel,household,2026-10-11,2026-10-10T13:03:44.506891+00:00
coles,1145428,Sorbent 3-ply Soft & Strong Toilet Paper 45 Pack,Sorbent,8100 Sheet,19,,0.23,100ea,False,17,paper towel,household,2026-10-11,2026-10-10T13:03:44.506891+00:00
coles,1145440,Sorbent 3-ply Double Length White Toilet Paper,Sorbent,18 Pack,17.6,,0.27,100ea,False,18,paper towel,household,2026-10-11,2026-10-10T13:03:44.506891+00:00
coles,3974730,Sorbent Hypo Allergenic Flushable Wipes Toilet Tissue,Sorbent,40 Pack,3.8,,0.1,1ea,False,19,paper towel,household,2026-10-11,2026-10-10T13:03:44.506891+00:00
coles,9102065,Sorbent Intimate Flushable Toilet Wipes,Sorbent,40 Pack,3.8,,0.1,1ea,False,20,paper towel,household,2026-10-11,2026-10-10T13:03:44.506891+00:00
coles,5032605,Sorbent Clean & Fresh Silky White Flushable Wipes Soft Pack,Sorbent,40 Pack,3.8,,0.1,1ea,False,21,paper towel,household,2026-10-11,2026-10-10T13:03:44.506891+00:00
woolworths,753871,Earth Choice Dishwashing Liquid 900mL,Earth Choice,900mL,4.95,6,0.55,100ML,True,1,dishwashing liquid 900ml,household,2026-10-11,2026-10-10T13:03:46.483291+00:00
woolworths,282626,Morning Fresh Summer Berries Dishwashing Liquid Washing Up Dish Wash 900mL,Morning Fresh,900mL,5,10,0.56,100ML,True,2,dishwashing liquid 900ml,household,2026-10-11,2026-10-10T13:03:46.483291+00:00
woolworths,6052264,Earthwise Plant Powered Dish Liquid Orange & Eucalyptus 900mL,Earthwise,900mL,5.75,5.75,0.64,100ML,False,3,dishwashing liquid 900ml,household,2026-10-11,2026-10-10T13:03:46.483291+00:00
woolworths,159342,Undo This Mess Mint & Lime Time Dish Liquid 900mL,Undo This Mess,900mL,9,9,1,100ML,False,4,dishwashing liquid 900ml,household,2026-10-11,2026-10-10T13:03:46.483291+00:00
woolworths,208112,Morning Fresh Dishwashing Liquid Original 900mL,Morning Fresh,900mL,5,10,0.56,100ML,True,5,dishwashing liquid 900ml,household,2026-10-11,2026-10-10T13:03:46.483291+00:00
woolworths,208111,Morning Fresh Dishwashing Liquid Lemon 900mL,Morning Fresh,900mL,5,10,0.56,100ML,True,6,dishwashing liquid 900ml,household,2026-10-11,2026-10-10T13:03:46.483291+00:00
woolworths,280546,Morning Fresh Dishwashing Liquid Lime 900mL,Morning Fresh,900mL,5,10,0.56,100ML,True,7,dishwashing liquid 900ml,household,2026-10-11,2026-10-10T13:03:46.483291+00:00
woolworths,183864,Shine Ultra Dishwashing Liquid Antibacterial Lemon 900mL,Shine,900mL,3,3,0.33,100ML,False,8,dishwashing liquid 900ml,household,2026-10-11,2026-10-10T13:03:46.483291+00:00
woolworths,588994,Morning Fresh Dishwashing Liquid Raspberry & Crisp Apple 900mL,Morning Fresh,900mL,5,10,0.56,100ML,True,9,dishwashing liquid 900ml,household,2026-10-11,2026-10-10T13:03:46.483291+00:00
woolworths,158605,Earth Choice Ultra Concentrate Dishwashing Liquid Red Apple 900mL,Earth Choice,900mL,4.95,6,0.55,100ML,True,10,dishwashing liquid 900ml,household,2026-10-11,2026-10-10T13:03:46.483291+00:00
coles,2225384,Morning Fresh Limited Edition Dishwashing Liquid,Morning Fresh,400mL,3,6,0.75,100ml,False,1,dishwashing liquid 900ml,household,2026-10-11,2026-10-10T13:03:46.483291+00:00
coles,3863808,Coles Ultra Dishwashing Liquid Lychee & Lime Blossom,Coles Ultra,900mL,3,,0.33,100ml,False,2,dishwashing liquid 900ml,household,2026-10-11,2026-10-10T13:03:46.483291+00:00
coles,3208890,Morning Fresh Raspberry & Crisp Apple Dishwashing Liquid,Morning Fresh,900mL,10,,1.11,100ml,False,3,dishwashing liquid 900ml,household,2026-10-11,2026-10-10T13:03:46.483291+00:00
coles,5091513,Morning Fresh Lime Dishwashing Liquid,Morning Fresh,900mL,10,,1.11,100ml,False,4,dishwashing liquid 900ml,household,2026-10-11,2026-10-10T13:03:46.483291+00:00
coles,6318192,Morning Fresh Summer Berries Dishwashing Liquid,Morning Fresh,900mL,10,,1.11,100ml,False,5,dishwashing liquid 900ml,household,2026-10-11,2026-10-10T13:03:46.483291+00:00
coles,2225329,Morning Fresh Lime Dishwashing Liquid,Morning Fresh,400mL,3,6,0.75,100ml,False,6,dishwashing liquid 900ml,household,2026-10-11,2026-10-10T13:03:46.483291+00:00
coles,1633658,Morning Fresh Easy Squeeze Lemon Dishwashing Liquid,Morning Fresh,600mL,5,10,0.83,100ml,False,7,dishwashing liquid 900ml,household,2026-10-11,2026-10-10T13:03:46.483291+00:00
coles,3733019,Morning Fresh Strawberry And Guava Dishwashing Liquid,Morning Fresh,400mL,3,6,0.75,100ml,False,8,dishwashing liquid 900ml,household,2026-10-11,2026-10-10T13:03:46.483291+00:00
coles,3193545,Earth Choice Dish Wash Concentrate Liquid Green Tea & Lime,Earth Choice,900mL,6,,0.67,100ml,False,9,dishwashing liquid 900ml,household,2026-10-11,2026-10-10T13:03:46.483291+00:00
coles,9735935,Morning Fresh Lemon Dishwashing Liquid,Morning Fresh,900mL,10,,1.11,100ml,False,10,dishwashing liquid 900ml,household,2026-10-11,2026-10-10T13:03:46.483291+00:00
coles,3224296,Coles Ultra Dishwashing Liquid Lemon,Coles Ultra,900mL,3,,0.33,100ml,False,11,dishwashing liquid 900ml,household,2026-10-11,2026-10-10T13:03:46.483291+00:00
coles,9736075,Morning Fresh Original Dishwashing Liquid,Morning Fresh,900mL,10,,1.11,100ml,False,12,dishwashing liquid 900ml,household,2026-10-11,2026-10-10T13:03:46.483291+00:00
coles,2376652,Coles Ultra Concentrate Dishwashing Liquid Limited Edition Lychee & Lime Blossom,Coles Ultra,450mL,1.9,,0.42,100ml,False,13,dishwashing liquid 900ml,household,2026-10-11,2026-10-10T13:03:46.483291+00:00
coles,5000799,Palmolive Ultra Strength Concentrate Dishwashing Liquid Original,Palmolive,950mL,9.5,,1,100ml,False,14,dishwashing liquid 900ml,household,2026-10-11,2026-10-10T13:03:46.483291+00:00
woolworths,6039878,Bosisto's Sensitive Laundry Liquid 2L,Bosisto's,2L,21.5,21.5,10.75,1L,False,1,laundry liquid 2l,household,2026-10-11,2026-10-10T13:03:48.657015+00:00
woolworths,468552,OMO Sensitive Laundry Liquid 2L,OMO,2L,15,30,7.5,1L,True,2,laundry liquid 2l,household,2026-10-11,2026-10-10T13:03:48.657015+00:00
woolworths,88870,Purity Sensitive Laundry Liquid 2L,Purity,2L,7.3,7.3,3.65,1L,False,3,laundry liquid 2l,household,2026-10-11,2026-10-10T13:03:48.657015+00:00
woolworths,6039262,Bosisto's Power Plus Laundry Liquid 2L,Bosisto's,2L,13.8,23,6.9,1L,True,4,laundry liquid 2l,household,2026-10-11,2026-10-10T13:03:48.657015+00:00
woolworths,88334,Cold Power Sensitive Clean Laundry Liquid 2L,Cold Power,2L,13,26,6.5,1L,True,5,laundry liquid 2l,household,2026-10-11,2026-10-10T13:03:48.657015+00:00
woolworths,88163,Cold Power Advanced Clean Laundry Liquid 2L,Cold Power,2L,13,26,6.5,1L,True,6,laundry liquid 2l,household,2026-10-11,2026-10-10T13:03:48.657015+00:00
woolworths,87848,Cold Power Advanced Clean Lemon Laundry Liquid 2L,Cold Power,2L,13,26,6.5,1L,True,7,laundry liquid 2l,household,2026-10-11,2026-10-10T13:03:48.657015+00:00
woolworths,385987,Cold Power Plus Extreme Clean Laundry Liquid 2L,Cold Power,2L,13,26,6.5,1L,True,8,laundry liquid 2l,household,2026-10-11,2026-10-10T13:03:48.657015+00:00
woolworths,269084,Undo This Mess Gold Standard Laundry Liquid 2L,Undo This Mess,2L,20,20,10,1L,False,9,laundry liquid 2l,household,2026-10-11,2026-10-10T13:03:48.657015+00:00
woolworths,386082,Cold Power Plus Odour Fighter Laundry Liquid 2L,Cold Power,2L,13,26,6.5,1L,True,10,laundry liquid 2l,household,2026-10-11,2026-10-10T13:03:48.657015+00:00
coles,7035670,Dynamo Professional Clean & Fresh Machine Laundry Liquid,Dynamo,2L,14.5,29,7.25,1l,False,1,laundry liquid 2l,household,2026-10-11,2026-10-10T13:03:48.657015+00:00
coles,3774606,Cold Power Laundry Liquid Sensitive,Cold Power,2L,26,,13,1l,False,2,laundry liquid 2l,household,2026-10-11,2026-10-10T13:03:48.657015+00:00
coles,7035626,Dynamo Professional Odour Eliminating Laundry Liquid,Dynamo,2L,14.5,29,7.25,1l,False,3,laundry liquid 2l,household,2026-10-11,2026-10-10T13:03:48.657015+00:00
coles,3787969,Purity Concentrate Laundry Liquid,Purity,2L,7.3,,3.65,1l,False,4,laundry liquid 2l,household,2026-10-11,2026-10-10T13:03:48.657015+00:00
coles,1388805,Coles Simply Cotton Fresh Laundry Liquid,Coles Simply,2L,2,,1,1l,False,5,laundry liquid 2l,household,2026-10-11,2026-10-10T13:03:48.657015+00:00
coles,3888117,Coles Ultra Infusions Indulgent Escape Laundry Liquid,Coles,2L,6,,3,1l,False,6,laundry liquid 2l,household,2026-10-11,2026-10-10T13:03:48.657015+00:00
coles,8020293,Earthwise Laundry Liquid Sensitive,Earthwise,2L,20,,10,1l,False,7,laundry liquid 2l,household,2026-10-11,2026-10-10T13:03:48.657015+00:00
coles,2731030,OMO Laundry Liquid Detergent Sensitive 40 Washes,OMO,2L,30,,15,1l,False,8,laundry liquid 2l,household,2026-10-11,2026-10-10T13:03:48.657015+00:00
coles,2910232,Coles Ultra Infusions Tropical Paradise Laundry Liquid Top & Front,Coles Ultra,2L,6,,3,1l,False,9,laundry liquid 2l,household,2026-10-11,2026-10-10T13:03:48.657015+00:00
coles,2900534,OMO Touch Of Comfort Laundry Liquid Detergent 40 Washes,OMO,2L,30,,15,1l,False,10,laundry liquid 2l,household,2026-10-11,2026-10-10T13:03:48.657015+00:00
coles,7035648,Dynamo Professional Oxi Plus Laundry Liquid,Dynamo,2L,14.5,29,7.25,1l,False,11,laundry liquid 2l,household,2026-10-11,2026-10-10T13:03:48.657015+00:00
coles,7035604,Dynamo Professional Laundry 7 In 1 Liquid,Dynamo,2L,14.5,29,7.25,1l,False,12,laundry liquid 2l,household,2026-10-11,2026-10-10T13:03:48.657015+00:00
coles,4144352,Radiant Laundry Liquid Brightens Whites Or Colours,Radiant,2L,11,22,5.5,1l,False,13,laundry liquid 2l,household,2026-10-11,2026-10-10T13:03:48.657015+00:00
coles,4144250,Radiant Laundry Liquid All-in-one Mixed Colours,Radiant,2L,11,22,5.5,1l,False,14,laundry liquid 2l,household,2026-10-11,2026-10-10T13:03:48.657015+00:00
coles,3919888,Coles Ultra Laundry Liquid Concentrate Front & Top Loader,Coles Ultra,2L,10.5,,5.25,1l,False,15,laundry liquid 2l,household,2026-10-11,2026-10-10T13:03:48.657015+00:00
coles,8050410,One 4 In 1 Laundry Liquid Fresh Scent,One,2L,9,,4.5,1l,False,16,laundry liquid 2l,household,2026-10-11,2026-10-10T13:03:48.657015+00:00
coles,3888048,Coles Ultra Laundry Liquid Sensitive,Coles Ultra,2L,10.5,,5.25,1l,False,17,laundry liquid 2l,household,2026-10-11,2026-10-10T13:03:48.657015+00:00
coles,1388780,Bosisto's Power + Laundry Liquid,Bosisto's,2L,23,,11.5,1l,False,18,laundry liquid 2l,household,2026-10-11,2026-10-10T13:03:48.657015+00:00
coles,1388791,Bosisto's Sensitive Laundry Liquid,Bosisto's,2L,21.5,,10.75,1l,False,19,laundry liquid 2l,household,2026-10-11,2026-10-10T13:03:48.657015+00:00
coles,5004891,OMO Ultimate Laundry Liquid Detergent 40 Washes,OMO,2L,36,,18,1l,False,20,laundry liquid 2l,household,2026-10-11,2026-10-10T13:03:48.657015+00:00
coles,3524358,Surf Laundry Liquid Detergent Tropical 40 Washes,Surf,2L,9,,4.5,1l,False,21,laundry liquid 2l,household,2026-10-11,2026-10-10T13:03:48.657015+00:00
coles,8020045,Earthwise Laundry Liquid Orange & Eucalyptus,Earthwise,2L,20,,10,1l,False,22,laundry liquid 2l,household,2026-10-11,2026-10-10T13:03:48.657015+00:00
coles,3774581,Cold Power Laundry Liquid Advanced Clean,Cold Power,2L,26,,13,1l,False,23,laundry liquid 2l,household,2026-10-11,2026-10-10T13:03:48.657015+00:00
coles,3774592,Cold Power Laundry Liquid Lemon Fresh,Cold Power,2L,26,,13,1l,False,24,laundry liquid 2l,household,2026-10-11,2026-10-10T13:03:48.657015+00:00
coles,7035375,Cold Power Laundry Liquid Extreme Clean,Cold Power,2L,26,,13,1l,False,25,laundry liquid 2l,household,2026-10-11,2026-10-10T13:03:48.657015+00:00
coles,7035218,Cold Power Laundry Liquid Odour Fighter,Cold Power,2L,26,,13,1l,False,26,laundry liquid 2l,household,2026-10-11,2026-10-10T13:03:48.657015+00:00
coles,1745888,Earthwise Laundry Liquid Frangipani,Earthwise,2L,20,,10,1l,False,27,laundry liquid 2l,household,2026-10-11,2026-10-10T13:03:48.657015+00:00
coles,2688214,Biozet Attack Regular Liquid,Biozet Attack,2L,12,24,6,1l,False,28,laundry liquid 2l,household,2026-10-11,2026-10-10T13:03:48.657015+00:00
coles,2731007,OMO Laundry Liquid Detergent Active Clean 40 Washes,OMO,2L,30,,15,1l,False,29,laundry liquid 2l,household,2026-10-11,2026-10-10T13:03:48.657015+00:00
coles,5091660,OMO Expert Odour Eliminator Laundry Liquid Detergent 40 Wash,OMO,2L,36,,18,1l,False,30,laundry liquid 2l,household,2026-10-11,2026-10-10T13:03:48.657015+00:00
coles,7035353,Cold Power Laundry Liquid With A Touch Of Fabric Softener,Cold Power,2L,26,,13,1l,False,31,laundry liquid 2l,household,2026-10-11,2026-10-10T13:03:48.657015+00:00
coles,5486577,OMO Scents Laundry Liquid Floral Indulgence,OMO,2L,30,,7.5,1l,False,32,laundry liquid 2l,household,2026-10-11,2026-10-10T13:03:48.657015+00:00
coles,2899785,FAB Frangipani Front & Top Loader Laundry Liquid,FAB,2L,9,,4.5,1l,False,33,laundry liquid 2l,household,2026-10-11,2026-10-10T13:03:48.657015+00:00
coles,3199010,Surf Laundry Liquid Detergent Coastal Luxury 40 Washes,Surf,2L,9,,4.5,1l,False,34,laundry liquid 2l,household,2026-10-11,2026-10-10T13:03:48.657015+00:00
coles,5091637,OMO Ultimate Laundry Liquid Detergent Sensitive 40 Washes,OMO,2L,36,,18,1l,False,35,laundry liquid 2l,household,2026-10-11,2026-10-10T13:03:48.657015+00:00
coles,8053521,Earth Choice Ultra Concentrate Laundry Liquid Detergent Top & Front Loader,Earth Choice,2L,14,,7,1l,False,36,laundry liquid 2l,household,2026-10-11,2026-10-10T13:03:48.657015+00:00
coles,324137,Coles Simply Disinfectant Lavender,Coles Simply,2L,1.5,,0.08,100ml,False,37,laundry liquid 2l,household,2026-10-11,2026-10-10T13:03:48.657015+00:00
coles,3465157,Biozet Attack Liquid Plus Eliminator,Biozet Attack,2L,28,,14,1l,False,38,laundry liquid 2l,household,2026-10-11,2026-10-10T13:03:48.657015+00:00
coles,3196430,Biozet Attack Liquid Plus Softener,Biozet Attack,2L,28,,14,1l,False,39,laundry liquid 2l,household,2026-10-11,2026-10-10T13:03:48.657015+00:00
coles,6335260,Drano Bathroom Max Gel Drain Liquid,Drano,1.2L,21,,1.75,100ml,False,40,laundry liquid 2l,household,2026-10-11,2026-10-10T13:03:48.657015+00:00
coles,4242737,Dettol Antibacterial Disinfectant Liquid,Dettol,2L,24,,1.2,100ml,False,41,laundry liquid 2l,household,2026-10-11,2026-10-10T13:03:48.657015+00:00
coles,6272375,Biozet Attack Liquid Plus Sensitive,Biozet Attack,2L,28,,14,1l,False,42,laundry liquid 2l,household,2026-10-11,2026-10-10T13:03:48.657015+00:00
coles,3565424,Fluffy Concentrate Liquid Fabric Softener Conditioner Fragrance Temptations Spice Allure,Fluffy,2L,16,,8,1l,False,43,laundry liquid 2l,household,2026-10-11,2026-10-10T13:03:48.657015+00:00
coles,5095627,Biozet Attack Plus Stain Power,Biozet Attack,2L,28,,14,1l,False,44,laundry liquid 2l,household,2026-10-11,2026-10-10T13:03:48.657015+00:00
coles,3091578,Coles Eucalyptus Wool Wash,Coles,2L,4.5,,2.25,1l,False,45,laundry liquid 2l,household,2026-10-11,2026-10-10T13:03:48.657015+00:00
woolworths,822391,Colgate Total Active Prevention Original Toothpaste 200g,Colgate,200g,5.25,7.5,2.63,100G,True,1,toothpaste 200g,personal care,2026-10-11,2026-10-10T13:03:51.142713+00:00
woolworths,819777,Colgate Total Active Prevention Whitening Toothpaste 200g,Colgate,200g,11,11,5.5,100G,False,2,toothpaste 200g,personal care,2026-10-11,2026-10-10T13:03:51.142713+00:00
woolworths,197043,Colgate Advanced Whitening Toothpaste 200g,Colgate,200g,11,11,5.5,100G,False,3,toothpaste 200g,personal care,2026-10-11,2026-10-10T13:03:51.142713+00:00
woolworths,819776,Colgate Total Active Prevention Active Fresh Toothpaste 200g,Colgate,200g,11,11,5.5,100G,False,4,toothpaste 200g,personal care,2026-10-11,2026-10-10T13:03:51.142713+00:00
woolworths,6056171,Oral-B Complete Defence System Whitening Toothpaste 200g,Oral-B,200g,4.5,9,2.25,100G,True,5,toothpaste 200g,personal care,2026-10-11,2026-10-10T13:03:51.142713+00:00
woolworths,197042,Colgate Total Active Prevention Gum Care Toothpaste 200g,Colgate,200g,11,11,5.5,100G,False,6,toothpaste 200g,personal care,2026-10-11,2026-10-10T13:03:51.142713+00:00
woolworths,852237,Colgate Total Active Prevention Mint Stripe Toothpaste 200g,Colgate,200g,5.25,7.5,2.63,100G,True,7,toothpaste 200g,personal care,2026-10-11,2026-10-10T13:03:51.142713+00:00
woolworths,819778,Colgate Total Active Prevention Deep Clean Toothpaste 200g,Colgate,200g,11,11,5.5,100G,False,8,toothpaste 200g,personal care,2026-10-11,2026-10-10T13:03:51.142713+00:00
woolworths,659036,Oral-B Pro Health Complete Defense All Round Clean Toothpaste 200g,Oral-B,200g,5,12,2.5,100G,True,9,toothpaste 200g,personal care,2026-10-11,2026-10-10T13:03:51.142713+00:00
woolworths,65172,Colgate Total Active Prevention Deep Clean With Charcoal Toothpaste 200g,Colgate,200g,11,11,5.5,100G,False,10,toothpaste 200g,personal care,2026-10-11,2026-10-10T13:03:51.142713+00:00
coles,3401074,Colgate Total Active Prevention Original Toothpaste,Colgate,200g,7.5,,3.75,100g,False,1,toothpaste 200g,personal care,2026-10-11,2026-10-10T13:03:51.142713+00:00
coles,1610947,Oral B Gum & Enamel Daily Protection Clean Toothpaste,Oral B,200g,7.5,15,3.75,100g,False,2,toothpaste 200g,personal care,2026-10-11,2026-10-10T13:03:51.142713+00:00
coles,3400832,Colgate Total Active Prevention Mint Stripe Toothpaste,Colgate,200g,7.5,,3.75,100g,False,3,toothpaste 200g,personal care,2026-10-11,2026-10-10T13:03:51.142713+00:00
coles,4842450,Colgate Advanced Whitening Toothpaste And Tartar Control,Colgate,200g,5.5,11,2.75,100g,False,4,toothpaste 200g,personal care,2026-10-11,2026-10-10T13:03:51.142713+00:00
coles,1610222,Oral B Gum & Enamel Protect For Sensitive Teeth Toothpaste,Oral B,200g,15,,7.5,100g,False,5,toothpaste 200g,personal care,2026-10-11,2026-10-10T13:03:51.142713+00:00
coles,3400887,Colgate Total Active Prevention Deep Clean Toothpaste,Colgate,200g,11,,5.5,100g,False,6,toothpaste 200g,personal care,2026-10-11,2026-10-10T13:03:51.142713+00:00
coles,5059930,Colgate Max Fresh Coolmint Toothpaste,Colgate,200g,5.5,11,2.75,100g,False,7,toothpaste 200g,personal care,2026-10-11,2026-10-10T13:03:51.142713+00:00
coles,4842392,Colgate Total Active Prevention Gum Care Toothpaste,Colgate,200g,11,,5.5,100g,False,8,toothpaste 200g,personal care,2026-10-11,2026-10-10T13:03:51.142713+00:00
coles,4842439,Colgate Advanced Whitening Toothpaste,Colgate,200g,5.5,11,2.75,100g,False,9,toothpaste 200g,personal care,2026-10-11,2026-10-10T13:03:51.142713+00:00
coles,4847793,White Glo Professional Whitening Toothpaste,White Glo,205g,4.5,9,2.2,100g,False,10,toothpaste 200g,personal care,2026-10-11,2026-10-10T13:03:51.142713+00:00
coles,9061263,Colgate Optic White Toothpaste Natural Enzymes,Colgate,100g,7,10,7,100g,False,11,toothpaste 200g,personal care,2026-10-11,2026-10-10T13:03:51.142713+00:00
coles,3400956,Colgate Total Active Prevention Whitening Toothpaste,Colgate,200g,11,,5.5,100g,False,12,toothpaste 200g,personal care,2026-10-11,2026-10-10T13:03:51.142713+00:00
coles,3400912,Colgate Total Active Prevention Fresh Toothpaste,Colgate,200g,11,,5.5,100g,False,13,toothpaste 200g,personal care,2026-10-11,2026-10-10T13:03:51.142713+00:00
coles,4842417,Colgate Advanced Whitening Toothpaste,Colgate,115g,7,,6.09,100g,False,14,toothpaste 200g,personal care,2026-10-11,2026-10-10T13:03:51.142713+00:00
coles,1609824,Colgate Total Active Prevention Enamel Strength Toothpaste,Colgate,200g,11,,5.5,100g,False,15,toothpaste 200g,personal care,2026-10-11,2026-10-10T13:03:51.142713+00:00
coles,3695168,Colgate Total Active Prevention Deep Clean Charcoal Toothpaste,Colgate,200g,11,,5.5,100g,False,16,toothpaste 200g,personal care,2026-10-11,2026-10-10T13:03:51.142713+00:00
coles,1610029,Sensodyne Repair & Protect Twin Pack Toothpaste 2x100g,Sensodyne,200g,21,,10.5,100g,False,17,toothpaste 200g,personal care,2026-10-11,2026-10-10T13:03:51.142713+00:00
coles,5935070,Oral B 3dwhite Long Lasting Freshness Whitening Toothpaste,Oral B,190g,8,,4.21,100g,False,18,toothpaste 200g,personal care,2026-10-11,2026-10-10T13:03:51.142713+00:00
coles,4842406,Colgate Advanced Whitening Toothpaste And Tartar Control,Colgate,115g,7,,6.09,100g,False,19,toothpaste 200g,personal care,2026-10-11,2026-10-10T13:03:51.142713+00:00
coles,4847818,White Glo Charcoal Deep Stain Remover Whitening Toothpaste,White Glo,205g,9,,4.39,100g,False,20,toothpaste 200g,personal care,2026-10-11,2026-10-10T13:03:51.142713+00:00
woolworths,1119389347,Sunsilk Longer & Stronger Shampoo 700 mL,Dulge,700ML,21.99,21.99,3.14,100ML,False,1,shampoo 700ml,personal care,2026-10-11,2026-10-10T13:03:53.275585+00:00
woolworths,463194,Sunsilk Shampoo Soft & Smooth 700mL,Sunsilk,700mL,7.5,15,1.07,100ML,True,2,shampoo 700ml,personal care,2026-10-11,2026-10-10T13:03:53.275585+00:00
woolworths,46219,Palmolive Shampoo Naturals Intensive Moisture 700mL,Palmolive,700mL,5,10,0.71,100ML,True,3,shampoo 700ml,personal care,2026-10-11,2026-10-10T13:03:53.275585+00:00
woolworths,46233,Palmolive Shampoo Naturals Active Nourishment 700mL,Palmolive,700mL,5,10,0.71,100ML,True,4,shampoo 700ml,personal care,2026-10-11,2026-10-10T13:03:53.275585+00:00
woolworths,111461,Palmolive Shampoo Luminous Oils Argan Oil 700mL,Palmolive,700mL,11,11,1.57,100ML,False,5,shampoo 700ml,personal care,2026-10-11,2026-10-10T13:03:53.275585+00:00
woolworths,165383,Palmolive Shampoo Luminous Oils Coco Frangipani 700mL,Palmolive,700mL,11,11,1.57,100ML,False,6,shampoo 700ml,personal care,2026-10-11,2026-10-10T13:03:53.275585+00:00
woolworths,463195,Sunsilk Shampoo Longer & Stronger 700mL,Sunsilk,700mL,7.5,15,1.07,100ML,True,7,shampoo 700ml,personal care,2026-10-11,2026-10-10T13:03:53.275585+00:00
woolworths,6004126,Sunsilk Shampoo Coconut Hydration 700mL,Sunsilk,700mL,7.5,15,1.07,100ML,True,8,shampoo 700ml,personal care,2026-10-11,2026-10-10T13:03:53.275585+00:00
woolworths,463193,Sunsilk Shampoo Addictive Brilliant Shine 700mL,Sunsilk,700mL,7.5,15,1.07,100ML,True,9,shampoo 700ml,personal care,2026-10-11,2026-10-10T13:03:53.275585+00:00
woolworths,46208,Palmolive Shampoo Naturals Smooth &Shine Keratin 700mL,Palmolive,700mL,5,10,0.71,100ML,True,10,shampoo 700ml,personal care,2026-10-11,2026-10-10T13:03:53.275585+00:00
coles,5890970,Palmolive Naturals Active Nourishment Shampoo,Palmolive,700mL,10,,1.43,100ml,False,1,shampoo 700ml,personal care,2026-10-11,2026-10-10T13:03:53.275585+00:00
coles,7200959,Palmolive Naturals Moisture Intense Shampoo,Palmolive,700mL,10,,1.43,100ml,False,2,shampoo 700ml,personal care,2026-10-11,2026-10-10T13:03:53.275585+00:00
coles,7200948,Palmolive Naturals Intensive Moisture Conditioner,Palmolive,700mL,10,,1.43,100ml,False,3,shampoo 700ml,personal care,2026-10-11,2026-10-10T13:03:53.275585+00:00
coles,7465986,Head & Shoulders Anti-dandruff Shampoo + Conditioner Smooth & Silky,Head & Shoulders,750mL,27,,3.6,100ml,False,4,shampoo 700ml,personal care,2026-10-11,2026-10-10T13:03:53.275585+00:00
coles,2672214,Sunsilk Soft & Smooth Shampoo,Sunsilk,700mL,15,,2.14,100ml,False,5,shampoo 700ml,personal care,2026-10-11,2026-10-10T13:03:53.275585+00:00
coles,9972045,Sunsilk Longer & Stronger Shampoo,Sunsilk,700mL,15,,2.14,100ml,False,6,shampoo 700ml,personal care,2026-10-11,2026-10-10T13:03:53.275585+00:00
coles,1645680,Palmolive Men Deep Clean Anti-dandruff 2 In 1 Shampoo & Conditioner,Palmolive,700mL,15,,2.14,100ml,False,7,shampoo 700ml,personal care,2026-10-11,2026-10-10T13:03:53.275585+00:00
coles,1645668,Palmolive Naturals Scalp Health Anti-dandruff 2 In 1 Shampoo & Conditioner,Palmolive,700mL,15,,2.14,100ml,False,8,shampoo 700ml,personal care,2026-10-11,2026-10-10T13:03:53.275585+00:00
coles,3610926,Palmolive Luminous Oils Macadamia Argan Oil & Camellia Conditioner,Palmolive,700mL,11,,1.57,100ml,False,9,shampoo 700ml,personal care,2026-10-11,2026-10-10T13:03:53.275585+00:00
coles,5890947,Palmolive Naturals Active Nourishment Conditioner,Palmolive,700mL,10,,1.43,100ml,False,10,shampoo 700ml,personal care,2026-10-11,2026-10-10T13:03:53.275585+00:00
coles,7549576,Sunsilk Addictive Brilliant Shine Shampoo,Sunsilk,700mL,15,,2.14,100ml,False,11,shampoo 700ml,personal care,2026-10-11,2026-10-10T13:03:53.275585+00:00
coles,9102564,Sunsilk Shampoo Coconut Hydration,Sunsilk,700mL,15,,2.14,100ml,False,12,shampoo 700ml,personal care,2026-10-11,2026-10-10T13:03:53.275585+00:00
coles,3610915,Palmolive Luminous Oils Macadamia Argan Oil & Camellia Shampoo,Palmolive,700mL,11,,1.57,100ml,False,13,shampoo 700ml,personal care,2026-10-11,2026-10-10T13:03:53.275585+00:00
coles,3769479,Palmolive Kids 3 In 1 Funny Honey Shampoo Conditioner & Bodywash,Palmolive,700mL,11,,1.57,100ml,False,14,shampoo 700ml,personal care,2026-10-11,2026-10-10T13:03:53.275585+00:00
coles,9090589,Alpecin Caffeine Shampoo,Alpecin,375mL,18.9,,5.04,100ml,False,15,shampoo 700ml,personal care,2026-10-11,2026-10-10T13:03:53.275585+00:00
coles,4959957,TRESemme Moisture Rich Shampoo,TRESemme,940mL,10,,1.06,100ml,False,16,shampoo 700ml,personal care,2026-10-11,2026-10-10T13:03:53.275585+00:00
coles,9092664,Tresemme Shampoo Moisture Rich,Tresemme,350mL,9,,2.57,100ml,False,17,shampoo 700ml,personal care,2026-10-11,2026-10-10T13:03:53.275585+00:00
coles,9936187,Palmolive Kids 3 in 1 Merry Strawberry Shampoo Conditioner & Bodywash,Palmolive,700mL,11,,1.57,100ml,False,18,shampoo 700ml,personal care,2026-10-11,2026-10-10T13:03:53.275585+00:00
coles,4454065,Schwarzkopf Extra Care Liquid Silk Smoothing Shampoo,Schwarzkopf,400mL,10,,2.5,100ml,False,19,shampoo 700ml,personal care,2026-10-11,2026-10-10T13:03:53.275585+00:00
coles,9971870,Sunsilk Longer & Stronger Conditioner,Sunsilk,700mL,15,,2.14,100ml,False,20,shampoo 700ml,personal care,2026-10-11,2026-10-10T13:03:53.275585+00:00
coles,9102575,Sunsilk Conditioner Coconut Hydration,Sunsilk,700mL,15,,2.14,100ml,False,21,shampoo 700ml,personal care,2026-10-11,2026-10-10T13:03:53.275585+00:00
coles,2671878,Sunsilk Soft & Smooth Conditioner,Sunsilk,700mL,15,,2.14,100ml,False,22,shampoo 700ml,personal care,2026-10-11,2026-10-10T13:03:53.275585+00:00
coles,7549951,Sunsilk Addictive Brilliant Shine Conditioner,Sunsilk,700mL,15,,2.14,100ml,False,23,shampoo 700ml,personal care,2026-10-11,2026-10-10T13:03:53.275585+00:00
woolworths,1114100671,Sink Plunger Control Grip Plumbing Blockage Waste Drain Kitchen Unblock Plunger,,,18.09,18.09,18.09,1EA,False,1,sink plunger,household,2026-10-11,2026-10-10T13:03:55.544580+00:00
woolworths,1114442169,Plumbing Unblocker Toilet Sink Plunger Kitchen Bathroom Clog Drain,BOOMJOY,,22.8,22.8,22.8,1EA,False,2,sink plunger,household,2026-10-11,2026-10-10T13:03:55.544580+00:00
woolworths,1126886025,Jumbo Toilet Plunger Sink Drain Shower Bath Plunger Unblocker Plumbing Laundry,,,31.99,31.99,,,False,3,sink plunger,household,2026-10-11,2026-10-10T13:03:55.544580+00:00
woolworths,1128760055,Power Manual Drain Auger Snake Cleaner Plumbing Sink Pipe Unblocker Plunger,,,43.99,43.99,,,False,4,sink plunger,household,2026-10-11,2026-10-10T13:03:55.544580+00:00
woolworths,1113565969,3pc Super Plunger High Compression w/ Small & Large Sink/Toilet Attachments,,1EA,19.05,19.05,,,False,5,sink plunger,household,2026-10-11,2026-10-10T13:03:55.544580+00:00
woolworths,1124970109,JOYBUY Small Compact Plunger Powerful Ergonomic Handle Bathroom Kitchen Sink Bathtub And Shower Drain Unclog Fast & Easy Minimal Effort,,1EA,47.68,47.68,,,False,6,sink plunger,household,2026-10-11,2026-10-10T13:03:55.544580+00:00
woolworths,1112535257,3 Pack Household Sink Drain Pipe Pipeline Dredge Suction Cupportable Drain Cleaners,,,31.95,31.95,10.65,1EA,False,7,sink plunger,household,2026-10-11,2026-10-10T13:03:55.544580+00:00
woolworths,688408,Jack Hammer Plug 50Mm each,Jack Hammer,each,5.3,5.3,,0,False,8,sink plunger,household,2026-10-11,2026-10-10T13:03:55.544580+00:00
woolworths,1114229651,Home DIY Drainage Pumping Plunger Hand,Auunite,1EA,74.95,74.95,,,False,9,sink plunger,household,2026-10-11,2026-10-10T13:03:55.544580+00:00
woolworths,688453,Liquid-Plumr Urgent Clear Gel 502mL,Liquid-Plumr,502mL,9,9,1.79,100ML,False,10,sink plunger,household,2026-10-11,2026-10-10T13:03:55.544580+00:00
woolworths,183953,Strike Pro Drain Cleaner Powerful Gel 1L,Strike,1L,8,8,0.8,100ML,False,1,drain cleaner,household,2026-10-11,2026-10-10T13:03:57.852775+00:00
woolworths,714190,Strike Drain Cleaner Crystals 500g,Strike,500g,6.95,6.95,1.39,100G,False,2,drain cleaner,household,2026-10-11,2026-10-10T13:03:57.852775+00:00
woolworths,48130,Actizyme Drain Cleaner Safe Pellet Natural 450g,Actizyme,450g,16.9,16.9,3.76,100G,False,3,drain cleaner,household,2026-10-11,2026-10-10T13:03:57.852775+00:00
woolworths,688453,Liquid-Plumr Urgent Clear Gel 502mL,Liquid-Plumr,502mL,9,9,1.79,100ML,False,4,drain cleaner,household,2026-10-11,2026-10-10T13:03:57.852775+00:00
woolworths,90065,Easy-Off Bam Drain Cleaner Turbo Gel 1L,Easy-Off,1L,16.7,16.7,1.67,100ML,False,5,drain cleaner,household,2026-10-11,2026-10-10T13:03:57.852775+00:00
woolworths,6030629,Drano Universal Unblocker 1.2L,Drano,1.2L,21,21,1.75,100ML,False,6,drain cleaner,household,2026-10-11,2026-10-10T13:03:57.852775+00:00
woolworths,1118937263,24pc kemasi Heavy Duty Durable Drain Cleaner Brush Bathroom Kitchen Cleaning,Kemasi,24EA,27.05,27.05,1.13,1EA,False,7,drain cleaner,household,2026-10-11,2026-10-10T13:03:57.852775+00:00
woolworths,84606,Drano Crystals Drain Cleaner 500g,Drano,500g,15.75,15.75,3.15,100G,False,8,drain cleaner,household,2026-10-11,2026-10-10T13:03:57.852775+00:00
woolworths,1126878405,4X Wild Tornado Powerful Sink Drain Cleaner High Efficiency Clogging Cleaner,,,42.99,42.99,10.75,1EA,False,9,drain cleaner,household,2026-10-11,2026-10-10T13:03:57.852775+00:00
woolworths,151099,Drano Kitchen Max Gel Drain Cleaner 770mL,Drano,770mL,14.8,18.5,1.92,100ML,True,10,drain cleaner,household,2026-10-11,2026-10-10T13:03:57.852775+00:00
coles,1314365,Coles Ultra Drain Cleaner Gel,Coles Ultra,1L,8,,0.8,100ml,False,1,drain cleaner,household,2026-10-11,2026-10-10T13:03:57.852775+00:00
coles,4256979,Drano Bathroom Max Gel Drain Cleaner,Drano,770mL,18.5,,2.4,100ml,False,2,drain cleaner,household,2026-10-11,2026-10-10T13:03:57.852775+00:00
coles,4258624,Drano Kitchen Max Gel Drain Cleaner,Drano,770mL,18.5,,2.4,100ml,False,3,drain cleaner,household,2026-10-11,2026-10-10T13:03:57.852775+00:00
coles,6335260,Drano Bathroom Max Gel Drain Liquid,Drano,1.2L,21,,1.75,100ml,False,4,drain cleaner,household,2026-10-11,2026-10-10T13:03:57.852775+00:00
coles,8018021,Easy Off Drain Pro Gel,Easy Off,1L,22,,2.2,100ml,False,5,drain cleaner,household,2026-10-11,2026-10-10T13:03:57.852775+00:00
coles,3742020,Easy Off Drain Cleaner Bathroom Gel,Easy Off,1L,13.3,16.7,1.33,100ml,False,6,drain cleaner,household,2026-10-11,2026-10-10T13:03:57.852775+00:00
coles,1333268,Coles Ultra Drain Cleaner Crystals,Coles Ultra,500g,6.95,,1.39,100g,False,7,drain cleaner,household,2026-10-11,2026-10-10T13:03:57.852775+00:00
coles,76862,Drano Crystal Drain Cleaner,Drano,500g,15.75,,3.15,100g,False,8,drain cleaner,household,2026-10-11,2026-10-10T13:03:57.852775+00:00
coles,5673472,Actizyme Drain & Septic Cleaner,Actizyme,450g,16.9,,3.76,100g,False,9,drain cleaner,household,2026-10-11,2026-10-10T13:03:57.852775+00:00
coles,4473274,Clorox Liquid Plumr Urgent Clear,Clorox,502mL,12,,2.39,100ml,False,10,drain cleaner,household,2026-10-11,2026-10-10T13:03:57.852775+00:00
coles,8050410,One 4 In 1 Laundry Liquid Fresh Scent,One,2L,9,,4.5,1l,False,11,drain cleaner,household,2026-10-11,2026-10-10T13:03:57.852775+00:00
coles,4317508,Radiant Odour Removal Laundry Liquid Washing Detergent,Radiant,1.8L,22,,12.22,1l,False,12,drain cleaner,household,2026-10-11,2026-10-10T13:03:57.852775+00:00
woolworths,647261,Ratsak Pre-Baited Mouse Trap 2 pack,Ratsak,2 pack,9.5,9.5,4.75,1EA,False,1,mouse trap,household,2026-10-11,2026-10-10T13:04:00.032315+00:00
woolworths,1127879589,Wooden Timber Mouse Trap - 2 Pack,Wooden,,5.37,5.37,,,False,2,mouse trap,household,2026-10-11,2026-10-10T13:04:00.032315+00:00
woolworths,59833,Mortein No View No Touch Mouse Trap 2 pack,Mortein,2 pack,14,14,7,1EA,False,3,mouse trap,household,2026-10-11,2026-10-10T13:04:00.032315+00:00
woolworths,1125261419,Mouse Trap (Refresh),Hasbro Gaming,1EA,34.95,34.95,,,False,4,mouse trap,household,2026-10-11,2026-10-10T13:04:00.032315+00:00
woolworths,1127877479,RATSAK Electronic Mouse Trap,,,98.9,98.9,,,False,5,mouse trap,household,2026-10-11,2026-10-10T13:04:00.032315+00:00
woolworths,1113902547,Rodent Mouse Trap - Top Entry Mouse Trap Catch Rat Trap,,1EA,55.95,55.95,,,False,6,mouse trap,household,2026-10-11,2026-10-10T13:04:00.032315+00:00
woolworths,1999,Ratsak Rat & Mouse Baits Double Strength 350g,Ratsak,350g,9.8,9.8,2.8,100G,False,7,mouse trap,household,2026-10-11,2026-10-10T13:04:00.032315+00:00
woolworths,1099142639,AgBoss Live Multi-Catch Mouse Trap - 300100,AgBoss,1EA,27.45,27.45,,,False,8,mouse trap,household,2026-10-11,2026-10-10T13:04:00.032315+00:00
woolworths,1128020409,Mouse Trap - Caged Mouse Pop! Vinyl Figure,EB Games,,15,15,,,False,9,mouse trap,household,2026-10-11,2026-10-10T13:04:00.032315+00:00
woolworths,1099142627,AgBoss Multi-Catch Steel Mouse Trap - 300140,AgBoss,1EA,37.45,37.45,,,False,10,mouse trap,household,2026-10-11,2026-10-10T13:04:00.032315+00:00
coles,2765698,Times Up Mouse Trap Twin Pack,Times Up,2 Pack,4.5,,2.25,1ea,False,1,mouse trap,household,2026-10-11,2026-10-10T13:04:00.032315+00:00
coles,5363373,Ratsak Pre Bait Mouse Trap,Ratsak,2 Pack,9.5,,4.75,1ea,False,2,mouse trap,household,2026-10-11,2026-10-10T13:04:00.032315+00:00
woolworths,749123,Selleys Super Glue Fix N Go 3 pack,Selleys,3 pack,5.1,5.1,1.7,1EA,False,1,super glue,household,2026-10-11,2026-10-10T13:04:02.273973+00:00
woolworths,137163,UHU Super Glue Control 3g,UHU,3g,3,3,3,1EA,False,2,super glue,household,2026-10-11,2026-10-10T13:04:02.273973+00:00
woolworths,487308,Jack Hammer Super Glue 3mL x 2 pack,Jack Hammer,3mL x 2 pack,3.1,3.1,3.1,1EA,False,3,super glue,household,2026-10-11,2026-10-10T13:04:02.273973+00:00
woolworths,1124536391,Super Glue 6pk,,,1.5,1.5,0.25,1EA,False,4,super glue,household,2026-10-11,2026-10-10T13:04:02.273973+00:00
woolworths,222636,Selleys Fix & Go Super Glue 2 pack,Selleys,2 pack,6,6,6,1EA,False,5,super glue,household,2026-10-11,2026-10-10T13:04:02.273973+00:00
woolworths,77476,Selleys Adhesive Fix & Go Supa Glue 3mL,Selleys,3mL,3.1,3.1,103.33,100ML,False,6,super glue,household,2026-10-11,2026-10-10T13:04:02.273973+00:00
woolworths,383862,UHU Super Glue Minis 1mL x 3 pack,UHU,1mL x 3 pack,7.6,7.6,2.53,1EA,False,7,super glue,household,2026-10-11,2026-10-10T13:04:02.273973+00:00
woolworths,1130018819,Maxi-Cure™ Extra Thick Super Glue 1oz,,,29.95,29.95,,,False,8,super glue,household,2026-10-11,2026-10-10T13:04:02.273973+00:00
woolworths,383861,UHU Super Glue Strong & Safe 7mL,UHU,7mL,9.75,9.75,,0,False,9,super glue,household,2026-10-11,2026-10-10T13:04:02.273973+00:00
woolworths,1125346935,24PK Super Glue Universal Instant Adhesive Extra Strong Fast Drying 3g,,1EA,27.05,27.05,27.05,1EA,False,10,super glue,household,2026-10-11,2026-10-10T13:04:02.273973+00:00
coles,9040525,Maybelline Super Lock Clear Brow Glue,Maybelline,7g,9.5,19,13.57,10ml,False,1,super glue,household,2026-10-11,2026-10-10T13:04:02.273973+00:00
coles,5393840,Selleys Fix 'n' Go Supa Glue,Selleys,3mL,3.1,,,,False,2,super glue,household,2026-10-11,2026-10-10T13:04:02.273973+00:00
coles,3796267,Fix & Go Tripple Pack,Fix & Go,3 Pack,4.08,5.1,,,False,3,super glue,household,2026-10-11,2026-10-10T13:04:02.273973+00:00
coles,4230283,Fix & Go No More Mess Twin Pack,Fix & Go,2 Pack,6,,,,False,4,super glue,household,2026-10-11,2026-10-10T13:04:02.273973+00:00
woolworths,1126072907,10PCS Adjustable Picture Hooks Perlon Steel Wire Art Hanging System Hangers,Memory Tech,,50.55,50.55,,,False,1,picture hooks,household,2026-10-11,2026-10-10T13:04:04.287340+00:00
woolworths,1126796801,24PK Tool Masters Picture Hooks Brass Heavy Duty Small & Large Hanging Kit,Tool Masters,,34.04,34.04,,,False,2,picture hooks,household,2026-10-11,2026-10-10T13:04:04.287340+00:00
woolworths,1126796813,12PK Tool Masters Picture Hooks Brass Heavy Duty Small & Large Hanging Kit,Tool Masters,,24.05,24.05,,,False,3,picture hooks,household,2026-10-11,2026-10-10T13:04:04.287340+00:00
woolworths,1127871377,"Permastik Adjustable Picture Hook 2 Pack - White Self Adhesive, No Drilling",,,11.09,11.09,,,False,4,picture hooks,household,2026-10-11,2026-10-10T13:04:04.287340+00:00
woolworths,1118586783,Command Wire Backed Picture Hanging Hook,Command,,24.95,24.95,,,False,5,picture hooks,household,2026-10-11,2026-10-10T13:04:04.287340+00:00
woolworths,1127755983,Everhang Expanding Stud Wall Picture Hook 10kg Zinc Plated - 2 Pack,,,8.89,8.89,,,False,6,picture hooks,household,2026-10-11,2026-10-10T13:04:04.287340+00:00
woolworths,759850,3M Command Picture Hanging Strips Medium Value 8 pack,3M Command,8 pack,13.8,13.8,1.73,1EA,False,7,picture hooks,household,2026-10-11,2026-10-10T13:04:04.287340+00:00
woolworths,783521,3M Command Picture Hanging Strips Large Black each,3M Command,each,9.35,9.35,2.34,1EA,False,8,picture hooks,household,2026-10-11,2026-10-10T13:04:04.287340+00:00
woolworths,258224,3M Command Picture Hanging Strips Medium White 4 pack,3M Command,4 pack,8.25,8.25,2.06,1EA,False,9,picture hooks,household,2026-10-11,2026-10-10T13:04:04.287340+00:00
woolworths,374699,3M Command Picture Hanging Strips Combo Small & Medium each,3M Command,each,19.9,19.9,19.9,1EA,False,10,picture hooks,household,2026-10-11,2026-10-10T13:04:04.287340+00:00
coles,4868614,Command Large Picture General Purpose Hooks Value Pack,Command,3 Pack,15.56,,,,False,1,picture hooks,household,2026-10-11,2026-10-10T13:04:04.287340+00:00
coles,5906887,3M Command Picture Hanging Strips,3M,4 Pack,6.4,8,,,False,2,picture hooks,household,2026-10-11,2026-10-10T13:04:04.287340+00:00
coles,9894190,Command Clear Mini Hooks,Command,6 Pack,6.64,8.3,,,False,3,picture hooks,household,2026-10-11,2026-10-10T13:04:04.287340+00:00
coles,9803263,3M Command Picture Hanging Strips,3M,4 Pack,6.6,8.25,,,False,4,picture hooks,household,2026-10-11,2026-10-10T13:04:04.287340+00:00
coles,1031881,3m Hanging Strip White XL,3m,4 Pack,8.8,11,,,False,5,picture hooks,household,2026-10-11,2026-10-10T13:04:04.287340+00:00
coles,4868603,Command Large Picture Hanging Strips White,Command,4 Pack,9.35,,,,False,6,picture hooks,household,2026-10-11,2026-10-10T13:04:04.287340+00:00
coles,9893324,Command Mini Hooks Value Pack,Command,18 Pack,15.5,,,,False,7,picture hooks,household,2026-10-11,2026-10-10T13:04:04.287340+00:00
coles,4868647,Command Medium Picture Hanging Strips Value Pack,Command,8 Pack,13.8,,,,False,8,picture hooks,household,2026-10-11,2026-10-10T13:04:04.287340+00:00
coles,4230830,Command Narrow Picture Hanging Strips White 17207,Command,4 Pack,9.3,,,,False,9,picture hooks,household,2026-10-11,2026-10-10T13:04:04.287340+00:00
coles,1031892,3m Utility Hook XL,3m,1 Each,11.75,,,,False,10,picture hooks,household,2026-10-11,2026-10-10T13:04:04.287340+00:00
coles,6489457,3M Command Small & Medium Picture Hanging Strips Value Pack,3M,12 Pack,19.9,,,,False,11,picture hooks,household,2026-10-11,2026-10-10T13:04:04.287340+00:00
coles,7291626,3M Command Adhesive Hook Small,3M,2 Pack,6.7,,,,False,12,picture hooks,household,2026-10-11,2026-10-10T13:04:04.287340+00:00
coles,4460625,3M Command Medium Designer Hooks,3M,2 Pack,7.4,,,,False,13,picture hooks,household,2026-10-11,2026-10-10T13:04:04.287340+00:00
coles,4230884,Command Mixed Wall Hooks Value Pack White,Command,8 Pack,19.4,,,,False,14,picture hooks,household,2026-10-11,2026-10-10T13:04:04.287340+00:00
coles,6799283,3M Command Medium Utility Hooks,3M,2 Pack,6.5,,,,False,15,picture hooks,household,2026-10-11,2026-10-10T13:04:04.287340+00:00
coles,9894269,Command Hook Utensil Clear 17067clr,Command,3 Pack,9.15,,,,False,16,picture hooks,household,2026-10-11,2026-10-10T13:04:04.287340+00:00
coles,9894270,Command 17026clr Clips Decorator Clear,Command,20 Pack,8,,,,False,17,picture hooks,household,2026-10-11,2026-10-10T13:04:04.287340+00:00
coles,9894280,Command Large Black,Command,4 Pack,9.35,,,,False,18,picture hooks,household,2026-10-11,2026-10-10T13:04:04.287340+00:00
coles,7291637,3M Command Adhesive Hook Jumbo,3M,1 each,8.25,,,,False,19,picture hooks,household,2026-10-11,2026-10-10T13:04:04.287340+00:00
coles,6797540,3M Command Adhesive Hook Large,3M,1 each,7.3,,,,False,20,picture hooks,household,2026-10-11,2026-10-10T13:04:04.287340+00:00
coles,7630890,Command Hooks Medium Value Pack,Command,6 Pack,15.8,,,,False,21,picture hooks,household,2026-10-11,2026-10-10T13:04:04.287340+00:00
coles,9803241,3M Command Adhesive Micro Hooks,3M,3 Pack,7.6,,,,False,22,picture hooks,household,2026-10-11,2026-10-10T13:04:04.287340+00:00
coles,4230851,Command Assorted Refill Strips White,Command,16 Pack,12,,,,False,23,picture hooks,household,2026-10-11,2026-10-10T13:04:04.287340+00:00
woolworths,70613,Energizer Max AA Alkaline Batteries 10 pack,Energizer,10 pack,15,15,1.5,1EA,False,1,aa batteries,household,2026-10-11,2026-10-10T13:04:06.446037+00:00
woolworths,262173,Chevron Alkaline Aa 10 Pack,Chevron,10 pack,6,6,0.6,1EA,False,2,aa batteries,household,2026-10-11,2026-10-10T13:04:06.446037+00:00
woolworths,23597,Energizer Max AA Alkaline Batteries 16 pack,Energizer,16 pack,14.25,28.5,0.89,1EA,True,3,aa batteries,household,2026-10-11,2026-10-10T13:04:06.446037+00:00
woolworths,693102,Energizer Max Plus High Performance AA Alkaline Batteries 16 pack,Energizer,16 pack,32.2,32.2,2.01,1EA,False,4,aa batteries,household,2026-10-11,2026-10-10T13:04:06.446037+00:00
woolworths,425295,Eveready Gold AA Alkaline Batteries 16 pack,Eveready,16 pack,10,10,0.63,1EA,False,5,aa batteries,household,2026-10-11,2026-10-10T13:04:06.446037+00:00
woolworths,683404,Chevron Alkaline Aa 24 Pack,Chevron,24 pack,14,14,0.58,1EA,False,6,aa batteries,household,2026-10-11,2026-10-10T13:04:06.446037+00:00
woolworths,21016,Eveready Gold AA Alkaline Batteries 4 pack,Eveready,4 pack,6.75,6.75,1.69,1EA,False,7,aa batteries,household,2026-10-11,2026-10-10T13:04:06.446037+00:00
woolworths,11464,Energizer Max AA Alkaline Batteries 4 pack,Energizer,4 pack,8,8,2,1EA,False,8,aa batteries,household,2026-10-11,2026-10-10T13:04:06.446037+00:00
woolworths,683403,Chevron Alkaline Aaa 24 Pack,Chevron,24 pack,14,14,0.58,1EA,False,9,aa batteries,household,2026-10-11,2026-10-10T13:04:06.446037+00:00
woolworths,88647,Chevron Alkaline Aa Srt 50 Pack,Chevron,50 pack,25,25,0.5,1EA,False,10,aa batteries,household,2026-10-11,2026-10-10T13:04:06.446037+00:00
coles,7654195,Duracell Coppertop AA Alkaline Batteries,Duracell,20 Pack,30,,1.5,1ea,False,1,aa batteries,household,2026-10-11,2026-10-10T13:04:06.446037+00:00
coles,6806866,Duracell Coppertop AA Alkaline Batteries,Duracell,16 Pack,14,28,0.88,1ea,False,2,aa batteries,household,2026-10-11,2026-10-10T13:04:06.446037+00:00
coles,3858670,NRG Rechargeable Battery AA,NRG,4 Pack,12.9,16.15,3.23,1ea,False,3,aa batteries,household,2026-10-11,2026-10-10T13:04:06.446037+00:00
coles,7748470,Duracell Optimum AA Alkaline Batteries,Duracell,4 Pack,8.24,10.3,2.06,1ea,False,4,aa batteries,household,2026-10-11,2026-10-10T13:04:06.446037+00:00
coles,7654253,Duracell Coppertop AA Alkaline Batteries,Duracell,26 Pack,32,,1.23,1ea,False,5,aa batteries,household,2026-10-11,2026-10-10T13:04:06.446037+00:00
coles,7654300,Duracell Optimum AA Alkaline Batteries,Duracell,16 Pack,32,,2,1ea,False,6,aa batteries,household,2026-10-11,2026-10-10T13:04:06.446037+00:00
coles,244344,Duracell Coppertop AA Alkaline Batteries,Duracell,4 Pack,8,,2,1ea,False,7,aa batteries,household,2026-10-11,2026-10-10T13:04:06.446037+00:00
coles,7654275,Duracell Optimum AA Alkaline Batteries,Duracell,10 Pack,22.5,,2.25,1ea,False,8,aa batteries,household,2026-10-11,2026-10-10T13:04:06.446037+00:00
coles,5519982,Duracell Coppertop AA Alkaline Batteries,Duracell,10 Pack,15,,1.5,1ea,False,9,aa batteries,household,2026-10-11,2026-10-10T13:04:06.446037+00:00
coles,6313450,Duracell Everyday Alkaline AA Alkaline Batteries,Duracell,10 Pack,13,,1.3,1ea,False,10,aa batteries,household,2026-10-11,2026-10-10T13:04:06.446037+00:00
coles,7654118,Duracell Everyday Alkaline AA Alkaline Batteries,Duracell,18 Pack,18,,1,1ea,False,11,aa batteries,household,2026-10-11,2026-10-10T13:04:06.446037+00:00
coles,6878765,Coles Alkaline+ AA,Coles,10 Pack,6,,0.6,1ea,False,12,aa batteries,household,2026-10-11,2026-10-10T13:04:06.446037+00:00
coles,3858648,Coles Alkaline+ AA,Coles,24 Pack,14,,0.58,1ea,False,13,aa batteries,household,2026-10-11,2026-10-10T13:04:06.446037+00:00
coles,1014598,Duracell Recharge AA Rechargeable Batteries,Duracell,4 Pack,29,,7.25,1ea,False,14,aa batteries,household,2026-10-11,2026-10-10T13:04:06.446037+00:00
coles,3858659,NRG Super Alkaline AA,NRG,24 Pack,26.5,,1.1,1ea,False,15,aa batteries,household,2026-10-11,2026-10-10T13:04:06.446037+00:00
coles,3858615,NRG Super Alkaline AA,NRG,14 Pack,16.6,,1.19,1ea,False,16,aa batteries,household,2026-10-11,2026-10-10T13:04:06.446037+00:00
coles,3858502,NRG Super Alkaline AA,NRG,4 Pack,6.35,,1.59,1ea,False,17,aa batteries,household,2026-10-11,2026-10-10T13:04:06.446037+00:00
coles,7654344,Duracell Optimum AAA Alkaline Batteries,Duracell,16 Pack,32,,2,1ea,False,18,aa batteries,household,2026-10-11,2026-10-10T13:04:06.446037+00:00
coles,8481219,Coles Alkaline+ AAA,Coles,10 Pack,6,,0.6,1ea,False,19,aa batteries,household,2026-10-11,2026-10-10T13:04:06.446037+00:00
coles,7628050,Duracell Coppertop AAA Alkaline Batteries,Duracell,14 Pack,14,28,1,1ea,False,20,aa batteries,household,2026-10-11,2026-10-10T13:04:06.446037+00:00
coles,3858579,NRG Super Alkaline AA,NRG,10 Pack,12.5,,1.25,1ea,False,21,aa batteries,household,2026-10-11,2026-10-10T13:04:06.446037+00:00
coles,6313461,Duracell Everyday Alkaline AAA Alkaline Batteries,Duracell,10 Pack,13,,1.3,1ea,False,22,aa batteries,household,2026-10-11,2026-10-10T13:04:06.446037+00:00
coles,3309504,Duracell Specialty AAAA Alkaline Batteries,Duracell,2 Pack,12,,6,1ea,False,23,aa batteries,household,2026-10-11,2026-10-10T13:04:06.446037+00:00
woolworths,1127816399,2PK LED Light Bulb Cool White Bayonet B22 Energy Saving 11W Light Globe,SAS Electrical,,19.64,19.64,,,False,1,led light globe,household,2026-10-11,2026-10-10T13:04:08.520967+00:00
woolworths,1124266897,"Led Bulb, 25W/E27/3000K LED Reflector Flood Light Globe, 2500 lumens, 2 Pcs",,1EA,18.8,18.8,,,False,2,led light globe,household,2026-10-11,2026-10-10T13:04:08.520967+00:00
woolworths,1109455049,Philips 5.3W Hue White/Color Dimmable Globe LED Light Bulb E14 Bluetooth Control,Philips,1EA,115.28,115.28,115.28,1EA,False,3,led light globe,household,2026-10-11,2026-10-10T13:04:08.520967+00:00
woolworths,1110011133,Philips Hue 16cm Smart Light 7W/550lm LED Bulb ST72 E27 Globe w/ Bluetooth White,Philips,1EA,108.24,108.24,108.24,1EA,False,4,led light globe,household,2026-10-11,2026-10-10T13:04:08.520967+00:00
woolworths,1116539053,6pc Camelion LED Light Bulb E27 9W 240V 2700K Edison 806 Lumen Globe Warm White,Camelion,,28.05,28.05,4.68,1EA,False,5,led light globe,household,2026-10-11,2026-10-10T13:04:08.520967+00:00
woolworths,1141466748,LV Luce LED Filament T45 8W E27 6000k Day Light Globe Bulb Day Light 6000k,LV Luce,,12.95,12.95,12.95,1EA,False,6,led light globe,household,2026-10-11,2026-10-10T13:04:08.520967+00:00
woolworths,1141466680,LV Luce LED Filament T45 8W B22 6000k Day Light Globe Bulb Day Light 6000k,LV Luce,,12.95,12.95,12.95,1EA,False,7,led light globe,household,2026-10-11,2026-10-10T13:04:08.520967+00:00
woolworths,1141466334,LV Luce LED Filament G45 Dimmable 4W E14 6000k Day Light Globe Bulb Day Light 6000k,LV Luce,,17.5,17.5,17.5,1EA,False,8,led light globe,household,2026-10-11,2026-10-10T13:04:08.520967+00:00
woolworths,1141466246,LV Luce LED Filament G45 Dimmable 4W B15 6000k Day Light Globe Bulb Day Light 6000k,LV Luce,,17.5,17.5,17.5,1EA,False,9,led light globe,household,2026-10-11,2026-10-10T13:04:08.520967+00:00
woolworths,1114442199,23x Car 12v Led Festoon Interior White Light Bulb 5050 5smd Auto Dome Globe,Dats,1EA,24.31,24.31,,,False,10,led light globe,household,2026-10-11,2026-10-10T13:04:08.520967+00:00
coles,3630005,Coles Light Globes Led Gls Bc 10w 1055lum 2700k,Coles,2 Pack,12.75,,6.38,1ea,False,1,led light globe,household,2026-10-11,2026-10-10T13:04:08.520967+00:00
coles,3630049,Coles Light Globes Led Round BC 5w 470lum 2700k,Coles,2 Pack,10,,5,1ea,False,2,led light globe,household,2026-10-11,2026-10-10T13:04:08.520967+00:00
coles,3630173,Coles Light Globes Led Candle Ses 5w 470lum 2700k,Coles,2 Pack,10,,5,1ea,False,3,led light globe,household,2026-10-11,2026-10-10T13:04:08.520967+00:00
coles,4488555,Mirabella Globe LED Gls BC 14w 1500lumens Warm White,Mirabella,2 Pack,8.25,16.5,4.13,1ea,False,4,led light globe,household,2026-10-11,2026-10-10T13:04:08.520967+00:00
coles,3629979,Coles Light Globes Led Gls Bc 13w 1520lum 4000k,Coles,2 Pack,12.6,,6.3,1ea,False,5,led light globe,household,2026-10-11,2026-10-10T13:04:08.520967+00:00
coles,4488613,Mirabella Globe LED Gls Es 14w 1500lumens Cool White,Mirabella,2 Pack,8.25,16.5,4.13,1ea,False,6,led light globe,household,2026-10-11,2026-10-10T13:04:08.520967+00:00
coles,2817612,Coles Light Globes Led Mr16 500lum 2700k 5.5w,Coles,2 Pack,10.5,,5.25,1ea,False,7,led light globe,household,2026-10-11,2026-10-10T13:04:08.520967+00:00
coles,4488497,Mirabella Globe LED Gls Es 8w 800lum Warm White,Mirabella,2 Pack,6.87,13.75,3.44,1ea,False,8,led light globe,household,2026-10-11,2026-10-10T13:04:08.520967+00:00
coles,4488588,Mirabella Globe LED Gls BC 14w 1500lum Cool White,Mirabella,2 Pack,8.25,16.5,4.13,1ea,False,9,led light globe,household,2026-10-11,2026-10-10T13:04:08.520967+00:00
coles,4488602,Mirabella Globe Led Gls Es 14w 1500lum Warm White,Mirabella,2 Pack,8.25,16.5,4.13,1ea,False,10,led light globe,household,2026-10-11,2026-10-10T13:04:08.520967+00:00
coles,4488486,Mirabella Globe LED Gls BC 8w 800lumens Cool White,Mirabella,2 Pack,6.87,13.75,3.44,1ea,False,11,led light globe,household,2026-10-11,2026-10-10T13:04:08.520967+00:00
coles,6433044,Mirabella Globe Led Gls Bc 11w 1000lum Warm White,Mirabella,2 Pack,15,,7.5,1ea,False,12,led light globe,household,2026-10-11,2026-10-10T13:04:08.520967+00:00
coles,2006085,Coles Led Globes Gls Bc 5w Warm White,Coles,2 Pack,10.5,,5.25,1ea,False,13,led light globe,household,2026-10-11,2026-10-10T13:04:08.520967+00:00
coles,2005559,Coles Led Globes Gls Es 8w 805lum Warm White,Coles,2 Pack,10.5,,5.25,1ea,False,14,led light globe,household,2026-10-11,2026-10-10T13:04:08.520967+00:00
coles,2005504,Coles Led Globes Gls Bc 5w Cool White,Coles,2 Pack,12,,6,1ea,False,15,led light globe,household,2026-10-11,2026-10-10T13:04:08.520967+00:00
coles,2005490,Coles Led Globes Gls Bc 8w 805l Cool White,Coles,2 Pack,10.5,,5.25,1ea,False,16,led light globe,household,2026-10-11,2026-10-10T13:04:08.520967+00:00
coles,2005537,Coles Led Globes Gls Bc 8w 805l Warm White,Coles,2 Pack,10.5,,5.25,1ea,False,17,led light globe,household,2026-10-11,2026-10-10T13:04:08.520967+00:00
coles,2005526,Coles Globes Led Gls Es 5w Cool White,Coles,2 Pack,14,,7,1ea,False,18,led light globe,household,2026-10-11,2026-10-10T13:04:08.520967+00:00
coles,6433259,Mirabella Globe LED Gls Es 11w 1000lumens Warm White,Mirabella,2 Pack,15,,7.5,1ea,False,19,led light globe,household,2026-10-11,2026-10-10T13:04:08.520967+00:00
coles,2044460,Mirabella Globe LED Round BC 5.5w 500lumens Warm White,Mirabella,1 Each,7.25,,7.25,1ea,False,20,led light globe,household,2026-10-11,2026-10-10T13:04:08.520967+00:00
coles,3630071,Coles Light Globes Led Es 5w 470lum 2700k,Coles,2 Pack,10,,5,1ea,False,21,led light globe,household,2026-10-11,2026-10-10T13:04:08.520967+00:00
coles,2817260,Coles Light Globes Led Gu10 500lum 4000k 5w,Coles,2 Pack,10.5,,5.25,1ea,False,22,led light globe,household,2026-10-11,2026-10-10T13:04:08.520967+00:00
coles,2817259,Coles Light Globes Led Gu10 500lum 2700k 5w,Coles,2 Pack,10.5,,5.25,1ea,False,23,led light globe,household,2026-10-11,2026-10-10T13:04:08.520967+00:00
coles,3630027,Coles Light Globes Led Gls Es 10w 1055lum 4000k,Coles,2 Pack,12,,6,1ea,False,24,led light globe,household,2026-10-11,2026-10-10T13:04:08.520967+00:00
coles,3630038,Coles Light Globes Led Gls Bc 10w 1055lum 4000k,Coles,2 Pack,12.75,,6.38,1ea,False,25,led light globe,household,2026-10-11,2026-10-10T13:04:08.520967+00:00
coles,3629990,Coles Light Globes Led Gls Es 10w 1055lum 2700k,Coles,2 Pack,12,,6,1ea,False,26,led light globe,household,2026-10-11,2026-10-10T13:04:08.520967+00:00
coles,3629866,Coles Light Globes Led Gls Es 13w 1520lum 2700k,Coles,2 Pack,12,,6,1ea,False,27,led light globe,household,2026-10-11,2026-10-10T13:04:08.520967+00:00
coles,3629946,Coles Light Globes Led Gls Es 13w 1520lum 4000k,Coles,2 Pack,12.5,,6.25,1ea,False,28,led light globe,household,2026-10-11,2026-10-10T13:04:08.520967+00:00
coles,3629902,Coles Light Globes Led Gls Bc 13w 1520lum 2700k,Coles,2 Pack,12,,6,1ea,False,29,led light globe,household,2026-10-11,2026-10-10T13:04:08.520967+00:00
coles,3630118,Coles Light Globes Led Candle BC 5w 470lum 2700k,Coles,2 Pack,10,,5,1ea,False,30,led light globe,household,2026-10-11,2026-10-10T13:04:08.520967+00:00
coles,2817645,Coles Light Globes Led Mr16 500lum 4000k 5.5w,Coles,2 Pack,10.5,,5.25,1ea,False,31,led light globe,household,2026-10-11,2026-10-10T13:04:08.520967+00:00
coles,4488191,Mirabella Globe Led Gls Bc 5w 500lum Cool White,Mirabella,2 Pack,6.87,13.75,3.44,1ea,False,32,led light globe,household,2026-10-11,2026-10-10T13:04:08.520967+00:00
coles,4485615,Mirabella Globe LED Gls BC 5w 500lum Warm White,Mirabella,2 Pack,6.87,13.75,3.44,1ea,False,33,led light globe,household,2026-10-11,2026-10-10T13:04:08.520967+00:00
coles,4488442,Mirabella Globe LED Gls Es 5w 500lum Cool White,Mirabella,2 Pack,6.87,13.75,3.44,1ea,False,34,led light globe,household,2026-10-11,2026-10-10T13:04:08.520967+00:00
coles,4488453,Mirabella Globe Led Gls Bc 8w 800lum Warm White,Mirabella,2 Pack,6.87,13.75,3.44,1ea,False,35,led light globe,household,2026-10-11,2026-10-10T13:04:08.520967+00:00
coles,4488420,Mirabella Globe LED Gls Es 5w 500lumens Warm White,Mirabella,2 Pack,6.87,13.75,3.44,1ea,False,36,led light globe,household,2026-10-11,2026-10-10T13:04:08.520967+00:00
coles,4488511,Mirabella Globe Led Gls Es 8w 800lum Cool White,Mirabella,2 Pack,6.87,13.75,3.44,1ea,False,37,led light globe,household,2026-10-11,2026-10-10T13:04:08.520967+00:00
coles,6433328,Mirabella Globe LED Gls BC 11w 1000lum Cool White,Mirabella,2 Pack,15,,7.5,1ea,False,38,led light globe,household,2026-10-11,2026-10-10T13:04:08.520967+00:00
coles,3634990,Mirabella Globe LED Gls BC 14w 1500lum Cool White,Mirabella,1 Each,10.25,,10.25,1ea,False,39,led light globe,household,2026-10-11,2026-10-10T13:04:08.520967+00:00
coles,2044302,Mirabella Globe Led Gls Es 5w 500lum Warm White,Mirabella,1 Each,7.25,,7.25,1ea,False,40,led light globe,household,2026-10-11,2026-10-10T13:04:08.520967+00:00
coles,2044324,Mirabella Globe LED Gls Es 5w 500lum Cool White,Mirabella,1 Each,7.25,,7.25,1ea,False,41,led light globe,household,2026-10-11,2026-10-10T13:04:08.520967+00:00
coles,2044313,Mirabella Globe LED Gls BC 5w 500lumens Cool White,Mirabella,1 Each,7.25,,7.25,1ea,False,42,led light globe,household,2026-10-11,2026-10-10T13:04:08.520967+00:00
coles,2611901,Mirabella Globe LED Gls BC 11w 1000lumens Cool White,Mirabella,1 Each,8.25,,8.25,1ea,False,43,led light globe,household,2026-10-11,2026-10-10T13:04:08.520967+00:00
coles,2963013,Mirabella Globe LED Filament Gls BC 6.5w 800lumens Warm White,Mirabella,1 Pack,12.5,,12.5,1ea,False,44,led light globe,household,2026-10-11,2026-10-10T13:04:08.520967+00:00
coles,2005548,Coles Led Globes Es 5w Warm White,Coles,2 Pack,10.5,,5.25,1ea,False,45,led light globe,household,2026-10-11,2026-10-10T13:04:08.520967+00:00
coles,2005515,Coles Led Globes Gls Es 8w 805l Cool White,Coles,2 Pack,10.5,,5.25,1ea,False,46,led light globe,household,2026-10-11,2026-10-10T13:04:08.520967+00:00
coles,3635009,Mirabella Globe Led Gls Es 14w 1500lum Warm White,Mirabella,1 Each,10.25,,10.25,1ea,False,47,led light globe,household,2026-10-11,2026-10-10T13:04:08.520967+00:00
coles,3635010,Mirabella Globe LED Gls Es 14w 1500lumens Cool White,Mirabella,1 Each,10.25,,10.25,1ea,False,48,led light globe,household,2026-10-11,2026-10-10T13:04:08.520967+00:00
woolworths,612804,Jack Hammer Tape Measure 5 Metres Each,Jack Hammer,Each,6,6,,0,False,1,tape measure,household,2026-10-11,2026-10-10T13:04:10.850073+00:00
woolworths,101549,Korbond Tape Measure Metric & Imperial each,Korbond,each,2,2,,0,False,2,tape measure,household,2026-10-11,2026-10-10T13:04:10.850073+00:00
woolworths,1117497287,Games Workshop Tape Measure,Citadel,1EA,12.2,12.2,,,False,3,tape measure,household,2026-10-11,2026-10-10T13:04:10.850073+00:00
woolworths,1109564763,Citadel: Tools Tape Measure,Citadel,,12.6,12.6,,,False,4,tape measure,household,2026-10-11,2026-10-10T13:04:10.850073+00:00
woolworths,1128254141,OzOffer Tape Measure 3m,,,11.9,11.9,,,False,5,tape measure,household,2026-10-11,2026-10-10T13:04:10.850073+00:00
woolworths,1126565713,MEDALIST 8M / 26' Tape Measure Measuring Tape Medalist,MEDALIST,,39,39,,,False,6,tape measure,household,2026-10-11,2026-10-10T13:04:10.850073+00:00
woolworths,1118021447,"eSafety ""PRO-TAPE"" Tape Measure - 8m",,1EA,6.05,6.05,,,False,7,tape measure,household,2026-10-11,2026-10-10T13:04:10.850073+00:00
woolworths,1127437513,Stanley FatMax 5m Tape Measure,Stanley,,33.42,33.42,,,False,8,tape measure,household,2026-10-11,2026-10-10T13:04:10.850073+00:00
woolworths,1116355253,Tape Measure 5M Heavy Duty,,1EA,16.89,16.89,,,False,9,tape measure,household,2026-10-11,2026-10-10T13:04:10.850073+00:00
woolworths,1114799931,Park Tool RR-12 Tape Measure,,,24.99,24.99,,,False,10,tape measure,household,2026-10-11,2026-10-10T13:04:10.850073+00:00
coles,5323721,Korbond Tape Measure,Korbond,1 each,2.8,,,,False,1,tape measure,household,2026-10-11,2026-10-10T13:04:10.850073+00:00
coles,3974037,Korbond Retractable Tape Measure,Korbond,1 Pack,3.5,,,,False,2,tape measure,household,2026-10-11,2026-10-10T13:04:10.850073+00:00
coles,7021698,Rodara Tape Measure,Rodara,1 each,6,,,,False,3,tape measure,household,2026-10-11,2026-10-10T13:04:10.850073+00:00
woolworths,6044303,Macro Baby Food Pouch Apple & Banana With Oats 6+ Months 120g,Macro,120g,1,1,0.83,100G,False,1,baby food pouch,baby,2026-10-11,2026-10-10T13:04:13.132600+00:00
woolworths,6048119,Macro Baby Food Pouch Banana & Vanilla Custard 6+ Months 120g,Macro,120g,1,1,0.83,100G,False,2,baby food pouch,baby,2026-10-11,2026-10-10T13:04:13.132600+00:00
woolworths,6044320,Macro Baby Food Pouch Pear Banana & Mango 6m+ 120g,Macro,120g,1,1,0.83,100G,False,3,baby food pouch,baby,2026-10-11,2026-10-10T13:04:13.132600+00:00
woolworths,6043879,Macro Baby Food Pouch Apple Pear & Cinnamon 6+ Months 120g,Macro,120g,1,1,0.83,100G,False,4,baby food pouch,baby,2026-10-11,2026-10-10T13:04:13.132600+00:00
woolworths,6044311,Macro Baby Food Pouch Pumpkin Sweet Potato & Pear 120g,Macro,120g,1,1,0.83,100G,False,5,baby food pouch,baby,2026-10-11,2026-10-10T13:04:13.132600+00:00
woolworths,6047745,Macro Baby Food Pouch Pear Apple & Berries 6+ Months 120g,Macro,120g,1,1,0.83,100G,False,6,baby food pouch,baby,2026-10-11,2026-10-10T13:04:13.132600+00:00
woolworths,6043826,Macro Baby Food Pouch Beef Sweet Potato & Zucchini 6+ Months 120g,Macro,120g,1,1,0.83,100G,False,7,baby food pouch,baby,2026-10-11,2026-10-10T13:04:13.132600+00:00
woolworths,6043827,Macro Baby Food Pouch Pear Banana Blueberry & Oats 120g,Macro,120g,1,1,0.83,100G,False,8,baby food pouch,baby,2026-10-11,2026-10-10T13:04:13.132600+00:00
woolworths,6042388,Macro Baby Food Pouch Chicken Vegetables & Oregano 6+ Months 120g,Macro,120g,1,1,0.83,100G,False,9,baby food pouch,baby,2026-10-11,2026-10-10T13:04:13.132600+00:00
woolworths,63917,Rafferty's Garden Baby Food Pouch Chicken Vegetables & Rice 6+ Months 120g,Rafferty's Garden,120g,2.3,2.3,1.92,100G,False,10,baby food pouch,baby,2026-10-11,2026-10-10T13:04:13.132600+00:00
coles,1719039,CUB Chicken Veggies & Brown Rice Baby Food Pouch 6+ Months,CUB,120g,1,,0.83,100g,False,1,baby food pouch,baby,2026-10-11,2026-10-10T13:04:13.132600+00:00
coles,3609789,Rafferty's Garden Banana Pear & Mango Porridge Baby Food Pouch 6+ Months,Rafferty's Garden,120g,2,2.3,1.67,100g,False,2,baby food pouch,baby,2026-10-11,2026-10-10T13:04:13.132600+00:00
coles,4163051,Only Organic Apple Blueberry Blackberry Oat Prebiotics 8+ Months,Only Organic,120g,2.3,,1.92,100g,False,3,baby food pouch,baby,2026-10-11,2026-10-10T13:04:13.132600+00:00
coles,6027112,Rafferty's Garden Sweet Potato Carrot & Apple And Nothing Else Baby Food Puree Pouch 4+ Months,Rafferty's Garden,120g,2,2.3,1.67,100g,False,4,baby food pouch,baby,2026-10-11,2026-10-10T13:04:13.132600+00:00
coles,6027178,Rafferty's Garden Banana Pear & Mango Baby Food Puree Pouch 4+ Months,Rafferty's Garden,120g,2,2.3,1.67,100g,False,5,baby food pouch,baby,2026-10-11,2026-10-10T13:04:13.132600+00:00
coles,6027167,Rafferty's Garden Blueberries Banana & Apple And Nothing Else Baby Food Puree Pouch 4+ Months,Rafferty's Garden,120g,2,2.3,1.67,100g,False,6,baby food pouch,baby,2026-10-11,2026-10-10T13:04:13.132600+00:00
coles,2134358,Only Organic Banana Berries & Yoghurt Brekkie Baby Food Pouch 8+ Months,Only Organic,120g,2.3,,1.92,100g,False,7,baby food pouch,baby,2026-10-11,2026-10-10T13:04:13.132600+00:00
coles,5033845,Only Organic Chicken Sweetcorn & Brown Rice Baby Food Pouch 6+ Months,Only Organic,120g,2.3,,1.92,100g,False,8,baby food pouch,baby,2026-10-11,2026-10-10T13:04:13.132600+00:00
coles,8423369,Only Organic Sweet Potato & Pumpkin Pouch,Only Organic,120g,2.3,,1.92,100g,False,9,baby food pouch,baby,2026-10-11,2026-10-10T13:04:13.132600+00:00
coles,8989086,Only Organic Wild Rice Risotto & Spring Lamb 6+ Months,Only Organic,120g,2.3,,1.92,100g,False,10,baby food pouch,baby,2026-10-11,2026-10-10T13:04:13.132600+00:00
coles,1854442,Only Organic Stage 1 Carrot & Sweetcorn,Only Organic,120g,2.3,,1.92,100g,False,11,baby food pouch,baby,2026-10-11,2026-10-10T13:04:13.132600+00:00
coles,1719174,CUB Pumpkin Sweetcorn & Carrot Baby Food Pouch 6+ Months,CUB,120g,1,,0.83,100g,False,12,baby food pouch,baby,2026-10-11,2026-10-10T13:04:13.132600+00:00
coles,1719061,CUB Beef Veggies & Brown Rice Baby Food Pouch 6+ Months,CUB,120g,1,,0.83,100g,False,13,baby food pouch,baby,2026-10-11,2026-10-10T13:04:13.132600+00:00
coles,1719006,CUB Apple Pear Banana & Blueberry Baby Food Pouch 4+ Months,CUB,120g,1,,0.83,100g,False,14,baby food pouch,baby,2026-10-11,2026-10-10T13:04:13.132600+00:00
coles,1719855,CUB Banana & Strawberry Custard Baby Food Pouch 6+ Months,CUB,120g,1,,0.83,100g,False,15,baby food pouch,baby,2026-10-11,2026-10-10T13:04:13.132600+00:00
coles,1719017,CUB Pear Apple & Mango Baby Food Pouch 4+ Months,CUB,120g,1,,0.83,100g,False,16,baby food pouch,baby,2026-10-11,2026-10-10T13:04:13.132600+00:00
coles,1719844,CUB Apple Banana & Mango Porridge Baby Food Pouch 6+ Months,CUB,120g,1,,0.83,100g,False,17,baby food pouch,baby,2026-10-11,2026-10-10T13:04:13.132600+00:00
coles,1719072,CUB Apple Pea Broccoli Pear & Spinach Baby Food Pouch 6+ Months,CUB,120g,1,,0.83,100g,False,18,baby food pouch,baby,2026-10-11,2026-10-10T13:04:13.132600+00:00
coles,6295520,Heinz Pumpkin Potato & Beef Baby Food Pouch 6+ Months,Heinz,120g,1.6,,1.33,100g,False,19,baby food pouch,baby,2026-10-11,2026-10-10T13:04:13.132600+00:00
coles,6295574,Heinz Beef Bolognese & Vegetables Baby Food Pouch 6+ Months,Heinz,120g,1.6,,1.33,100g,False,20,baby food pouch,baby,2026-10-11,2026-10-10T13:04:13.132600+00:00
coles,5044069,Only Organic Pear Gold Kiwifruit & Oats Baby Food Pouch 8+ Months,Only Organic,120g,2.3,,1.92,100g,False,21,baby food pouch,baby,2026-10-11,2026-10-10T13:04:13.132600+00:00
coles,6295585,Heinz Lamb Vegetables & Polenta Baby Food Pouch 6+ Months,Heinz,120g,1.6,,1.33,100g,False,22,baby food pouch,baby,2026-10-11,2026-10-10T13:04:13.132600+00:00
coles,7761129,Only Organic Banana Raspberry & Vanilla Baby Food Pouch 8+ Months,Only Organic,120g,2.3,,1.92,100g,False,23,baby food pouch,baby,2026-10-11,2026-10-10T13:04:13.132600+00:00
coles,1719028,CUB Apple Pear & Berries Baby Food Pouch 4+ Months,CUB,120g,1,,0.83,100g,False,24,baby food pouch,baby,2026-10-11,2026-10-10T13:04:13.132600+00:00
coles,3511968,Heinz Smoothie Pear Berry & Oat + Greek Style Yoghurt Baby Food Pouch 8+ Months,Heinz,120g,1.6,,1.33,100g,False,25,baby food pouch,baby,2026-10-11,2026-10-10T13:04:13.132600+00:00
coles,1719040,CUB Apple & Blueberry With Oats Baby Food Pouch 6+ Months,CUB,120g,1,,0.83,100g,False,26,baby food pouch,baby,2026-10-11,2026-10-10T13:04:13.132600+00:00
coles,3620191,Rafferty's Garden Chickpea Corn & Carrot Baby Food Pouch 8+ Months,Rafferty's Garden,120g,2,2.3,1.67,100g,False,27,baby food pouch,baby,2026-10-11,2026-10-10T13:04:13.132600+00:00
coles,3620330,Rafferty's Garden Brown Rice Bean & Pumpkin Baby Food Pouch 8+ Months,Rafferty's Garden,120g,2,2.3,1.67,100g,False,28,baby food pouch,baby,2026-10-11,2026-10-10T13:04:13.132600+00:00
coles,3620249,Rafferty's Garden Chicken Vegetables & Rice Baby Food Protein Pouch 6+ Months,Rafferty's Garden,120g,2,2.3,1.67,100g,False,29,baby food pouch,baby,2026-10-11,2026-10-10T13:04:13.132600+00:00
coles,3766448,Rafferty's Garden Tuna & Garden Vegetables Protein Baby Food Pouch 6+ Months,Rafferty's Garden,120g,2,2.3,,100g,False,30,baby food pouch,baby,2026-10-11,2026-10-10T13:04:13.132600+00:00
coles,3766459,Rafferty's Garden Summer Fruits & Quinoa Baby Food Prebiotics Pouch 6+ Months,Rafferty's Garden,120g,2,2.3,1.67,100g,False,31,baby food pouch,baby,2026-10-11,2026-10-10T13:04:13.132600+00:00
coles,3609803,Rafferty's Garden Apple Pear & Cinnamon Porridge Baby Food Pouch 6+ Months,Rafferty's Garden,120g,2,2.3,1.67,100g,False,32,baby food pouch,baby,2026-10-11,2026-10-10T13:04:13.132600+00:00
coles,6026856,Rafferty's Garden Beef Bolognese & Macaroni Mini Meal Baby Food Pouch 10+ Months,Rafferty's Garden,170g,2.8,,1.65,100g,False,33,baby food pouch,baby,2026-10-11,2026-10-10T13:04:13.132600+00:00
coles,3620227,Rafferty's Garden Beef Sweet Potato & Parsnip Protein Baby Food Pouch 6+ Months,Rafferty's Garden,120g,2,2.3,1.67,100g,False,34,baby food pouch,baby,2026-10-11,2026-10-10T13:04:13.132600+00:00
coles,3766460,Rafferty's Garden Pumpkin & Spinach Pasta Bake Baby Food Prebiotics Pouch 6+ Months,Rafferty's Garden,120g,2,2.3,1.67,100g,False,35,baby food pouch,baby,2026-10-11,2026-10-10T13:04:13.132600+00:00
coles,5046600,Rafferty's Garden Blueberry Banana & Pear Yoghurt Brekkie Baby Food Pouch 6+ Months,Rafferty's Garden,120g,2,2.3,1.67,100g,False,36,baby food pouch,baby,2026-10-11,2026-10-10T13:04:13.132600+00:00
coles,5047090,Rafferty's Garden Lamb Vegetables & Couscous Mini Meal Baby Food Pouch 12+ Months,Rafferty's Garden,200g,3,,1.5,100g,False,37,baby food pouch,baby,2026-10-11,2026-10-10T13:04:13.132600+00:00
coles,5047103,Rafferty's Garden Chicken & Vegetable Paella Mini Meal Baby Food Pouch 12+ Months,Rafferty's Garden,200g,3,,1.5,100g,False,38,baby food pouch,baby,2026-10-11,2026-10-10T13:04:13.132600+00:00
coles,3018830,Rafferty's Garden Pear Puree And Nothing Else Baby Food Pouch 4+ Months,Rafferty's Garden,120g,2,2.3,1.67,100g,False,39,baby food pouch,baby,2026-10-11,2026-10-10T13:04:13.132600+00:00
coles,3018807,Rafferty's Garden Apple Puree And Nothing Else Baby Food Pouch 4+ Months,Rafferty's Garden,120g,2,2.3,1.67,100g,False,40,baby food pouch,baby,2026-10-11,2026-10-10T13:04:13.132600+00:00
coles,8971896,Rafferty's Garden Pear & Superberries Puree And Nothing Else Baby Food Pouch 4+ Months,Rafferty's Garden,120g,2,2.3,1.67,100g,False,41,baby food pouch,baby,2026-10-11,2026-10-10T13:04:13.132600+00:00
coles,3625082,Rafferty's Garden Pear & Prune Puree And Nothing Else Baby Food Pouch 4+ Months,Rafferty's Garden,120g,2,2.3,1.67,100g,False,42,baby food pouch,baby,2026-10-11,2026-10-10T13:04:13.132600+00:00
coles,7572126,Rafferty's Garden Pear & Apricot Puree And Nothing Else Baby Food Pouch 4+ Months,Rafferty's Garden,120g,2,2.3,1.67,100g,False,43,baby food pouch,baby,2026-10-11,2026-10-10T13:04:13.132600+00:00
coles,7730624,Rafferty's Garden Beef & Hearty Vegetable Lasagne Mini Meal Baby Food Pouch 10+ Months,Rafferty's Garden,170g,2.8,,1.65,100g,False,44,baby food pouch,baby,2026-10-11,2026-10-10T13:04:13.132600+00:00
coles,1719877,CUB Banana Choc Custard Baby Food Pouch 6+ Months,CUB,120g,1,,0.83,100g,False,45,baby food pouch,baby,2026-10-11,2026-10-10T13:04:13.132600+00:00
coles,1719866,CUB Banana & Blueberry Custard Baby Food Pouch 6+ Months,CUB,120g,1,,0.83,100g,False,46,baby food pouch,baby,2026-10-11,2026-10-10T13:04:13.132600+00:00
coles,6027189,Rafferty's Garden Apple Pear & Cinnamon And Nothing Else Baby Food Puree Pouch 4+ Months,Rafferty's Garden,120g,2,2.3,1.67,100g,False,47,baby food pouch,baby,2026-10-11,2026-10-10T13:04:13.132600+00:00
coles,6027087,Rafferty's Garden Pumpkin Apple & Sweetcorn And Nothing Else Baby Food Puree Pouch 4+ Months,Rafferty's Garden,120g,2,2.3,1.67,100g,False,48,baby food pouch,baby,2026-10-11,2026-10-10T13:04:13.132600+00:00
coles,8971885,Rafferty's Garden Apple Banana & Peach And Nothing Else Baby Food Puree Pouch 4+ Months,Rafferty's Garden,120g,2,2.3,1.67,100g,False,49,baby food pouch,baby,2026-10-11,2026-10-10T13:04:13.132600+00:00
coles,1719163,CUB Apple Pear Banana & Peach Baby Food Pouch 4+ Months,CUB,120g,1,,0.83,100g,False,50,baby food pouch,baby,2026-10-11,2026-10-10T13:04:13.132600+00:00
coles,6027076,Rafferty's Garden Spinach Apple Broccoli & Pea And Nothing Else Baby Food Puree Pouch 4+ Months,Rafferty's Garden,120g,2,2.3,1.67,100g,False,51,baby food pouch,baby,2026-10-11,2026-10-10T13:04:13.132600+00:00
coles,7730840,Rafferty's Garden Rice Cereal Pear Banana & Milk No Added Sugar Baby Food Pouch 4+ Months,Rafferty's Garden,120g,2,2.3,1.67,100g,False,52,baby food pouch,baby,2026-10-11,2026-10-10T13:04:13.132600+00:00
woolworths,1122403473,Nappy Goo Nappy Rash Cream 100g,Nappy Goo,100.0G,10.95,10.95,10.95,100G,False,1,nappy rash cream,baby,2026-10-11,2026-10-10T13:04:15.449218+00:00
woolworths,729413,Sudocrem Nappy Rash Cream 400g,Sudocrem,400g,32,38.6,8,100G,True,2,nappy rash cream,baby,2026-10-11,2026-10-10T13:04:15.449218+00:00
woolworths,140756,Sudocrem Nappy Rash Cream 125g,Sudocrem,125g,15.45,15.45,12.36,100G,False,3,nappy rash cream,baby,2026-10-11,2026-10-10T13:04:15.449218+00:00
woolworths,341157,Sudocrem Nappy Rash Cream Tube 30g,Sudocrem,30g,7.5,9,25,100G,True,4,nappy rash cream,baby,2026-10-11,2026-10-10T13:04:15.449218+00:00
woolworths,204930,Bepanthen Nappy Rash Ointment 30g,Bepanthen,30g,7.65,8.5,25.5,100G,True,5,nappy rash cream,baby,2026-10-11,2026-10-10T13:04:15.449218+00:00
woolworths,203229,Bepanthen Nappy Rash Ointment 100g,Bepanthen,100g,15.5,15.5,15.5,100G,False,6,nappy rash cream,baby,2026-10-11,2026-10-10T13:04:15.449218+00:00
woolworths,1119431269,Mustela Vitamin Barrier Cream 123 - for nappy rash - 108g,Dulge,,21.99,21.99,20.36,100G,False,7,nappy rash cream,baby,2026-10-11,2026-10-10T13:04:15.449218+00:00
woolworths,1122405407,Mustela 123 Vitamin Barrier Cream 100ml,Mustela,100ML,13.07,13.07,13.07,100ML,False,8,nappy rash cream,baby,2026-10-11,2026-10-10T13:04:15.449218+00:00
woolworths,6024268,Bunjie Baby Nappy Barrier Cream Sensitive & Fragrance Free 250g,Bunjie,250g,25,25,10,100G,False,9,nappy rash cream,baby,2026-10-11,2026-10-10T13:04:15.449218+00:00
woolworths,1123873167,Desitin Nappy Rash Barrier Ointment 100g,Desitin,100G,17.59,17.59,17.59,100G,False,10,nappy rash cream,baby,2026-10-11,2026-10-10T13:04:15.449218+00:00
coles,9767080,Bepanthen Nappy Rash Ointment,Bepanthen,100g,10.85,15.5,10.85,100g,False,1,nappy rash cream,baby,2026-10-11,2026-10-10T13:04:15.449218+00:00
coles,7087765,Bepanthen Nappy Rash Ointment,Bepanthen,30g,8.5,,28.33,100g,False,2,nappy rash cream,baby,2026-10-11,2026-10-10T13:04:15.449218+00:00
coles,1282575,Bunjie Nappy & Barrier Cream,Bunjie,250g,15,25,6,100g,False,3,nappy rash cream,baby,2026-10-11,2026-10-10T13:04:15.449218+00:00
coles,1282440,Desitin Nappy Rash Ointment,Desitin,100g,15,,15,100g,False,4,nappy rash cream,baby,2026-10-11,2026-10-10T13:04:15.449218+00:00
coles,7062946,QV Baby Barrier Cream,QV,125g,7.25,14.5,5.8,100g,False,5,nappy rash cream,baby,2026-10-11,2026-10-10T13:04:15.449218+00:00
coles,1223419,Sudocrem Healing Cream,Sudocrem,30g,9,,30,100g,False,6,nappy rash cream,baby,2026-10-11,2026-10-10T13:04:15.449218+00:00
coles,8837317,Sudocrem Healing Cream,Sudocrem,125g,15.45,,12.36,100g,False,7,nappy rash cream,baby,2026-10-11,2026-10-10T13:04:15.449218+00:00
coles,9153780,Bepanthen Antiseptic Soothing Cream,Bepanthen,100g,17.5,,17.5,100g,False,8,nappy rash cream,baby,2026-10-11,2026-10-10T13:04:15.449218+00:00
coles,7060995,Curash Baby Rash Powder With Cornstarch,Curash,100g,8.5,,8.5,100g,False,9,nappy rash cream,baby,2026-10-11,2026-10-10T13:04:15.449218+00:00
coles,3594160,Sudocrem Healing Cream Tub,Sudocrem,400g,38.6,,9.65,100g,False,10,nappy rash cream,baby,2026-10-11,2026-10-10T13:04:15.449218+00:00
woolworths,232000,Philips Avent Ultra Air Soother 6-18M Assorted 2 pack,Philips,2 pack,15,15,7.5,1EA,False,1,baby dummy,baby,2026-10-11,2026-10-10T13:04:18.213113+00:00
woolworths,1101245381,AFL Greater Western Giants TEAM Logo Infant Baby Dummy Pacifier Baby,AFL Official,,8.95,8.95,8.95,1EA,False,2,baby dummy,baby,2026-10-11,2026-10-10T13:04:18.213113+00:00
woolworths,1117904511,AFL Infant - Dummy - North Melbourne Kangaroos - Baby - Child -,Licensing Essentials,1EA,12.95,12.95,,,False,3,baby dummy,baby,2026-10-11,2026-10-10T13:04:18.213113+00:00
woolworths,1117430087,AFL Infant - Dummy - Gold Coast Suns - Baby - Child -,Licensing Essentials,,12.95,12.95,,,False,4,baby dummy,baby,2026-10-11,2026-10-10T13:04:18.213113+00:00
woolworths,1120762623,Baby Einstein Sea Dreams Soother Baby/Infant/Toddler Sleeping Soother 0m+,Baby Einstein,1EA,80.1,80.1,,,False,5,baby dummy,baby,2026-10-11,2026-10-10T13:04:18.213113+00:00
woolworths,1124979261,Baby Einstein Sea Dreams Sleep Soother,Baby Einstein,1EA,69,69,,,False,6,baby dummy,baby,2026-10-11,2026-10-10T13:04:18.213113+00:00
woolworths,1125499755,Baby Einstein Sea Dreams Soother- Baby/Infant/Toddler Sleeping Soother,,,163.9,163.9,,,False,7,baby dummy,baby,2026-10-11,2026-10-10T13:04:18.213113+00:00
woolworths,1126805261,Baby Einstein Sea Dreams Sleep Soother - Pink,Baby Einstein,,69,69,,,False,8,baby dummy,baby,2026-10-11,2026-10-10T13:04:18.213113+00:00
woolworths,1122405481,Natural Rubber Soothers Fish Teether for Baby 2 Pack,Natural Rubber Soother,2.0EA,19.9,19.9,9.95,1EA,False,9,baby dummy,baby,2026-10-11,2026-10-10T13:04:18.213113+00:00
coles,1734225,Tommee Tippee Night Time Baby Dummy 2 Pack 6-18m,Tommee Tippee,2 Pack,12,,6,1ea,False,1,baby dummy,baby,2026-10-11,2026-10-10T13:04:18.213113+00:00
coles,1143987,Tommee Tippee Ultralight Soother 0-6m,Tommee Tippee,2 Pack,15,,7.5,1ea,False,2,baby dummy,baby,2026-10-11,2026-10-10T13:04:18.213113+00:00
coles,1144028,Tommee Tippee Ultralight Night Soother 6-18m,Tommee Tippee,2 Pack,15,,7.5,1ea,False,3,baby dummy,baby,2026-10-11,2026-10-10T13:04:18.213113+00:00
coles,3478942,Tommee Tippee Night Time Baby Dummy 2 Pack 18-36m,Tommee Tippee,2 Pack,12,,6,1ea,False,4,baby dummy,baby,2026-10-11,2026-10-10T13:04:18.213113+00:00
coles,5331082,Tommee Tippee Baby Cherry Latex Dummy 2 Pack 18-36m,Tommee Tippee,2 Pack,9,,4.5,1ea,False,5,baby dummy,baby,2026-10-11,2026-10-10T13:04:18.213113+00:00
coles,1144006,Tommee Tippee Ultralight Soother 18-36m,Tommee Tippee,2 Pack,15,,7.5,1ea,False,6,baby dummy,baby,2026-10-11,2026-10-10T13:04:18.213113+00:00
coles,1143976,Tommee Tippee Breast Like Soother 6-18m,Tommee Tippee,2 Pack,15,,7.5,1ea,False,7,baby dummy,baby,2026-10-11,2026-10-10T13:04:18.213113+00:00
coles,1144356,Philips Avent Ultra Soft Soother 0-6 Months Plain Mixed,Philips Avent,2 Pack,17.95,,8.98,1ea,False,8,baby dummy,baby,2026-10-11,2026-10-10T13:04:18.213113+00:00
coles,3840562,Philips Avent Soother Air Nighttime Mix Bpa Free 0-6 Months,Philips Avent,2 Pack,14.95,,7.48,1ea,False,9,baby dummy,baby,2026-10-11,2026-10-10T13:04:18.213113+00:00
coles,1329952,Tommee Tippee Soother Comfort Clip 0m+,Tommee Tippee,1 Pack,16,,16,1ea,False,10,baby dummy,baby,2026-10-11,2026-10-10T13:04:18.213113+00:00
coles,4289640,Tommee Tippee Baby Cherry Latex Dummy 2 Pack 6-18m,Tommee Tippee,2 Pack,10,,5,1ea,False,11,baby dummy,baby,2026-10-11,2026-10-10T13:04:18.213113+00:00
coles,4289628,Tommee Tippee Baby Cherry Latex Dummy 2 Pack 0-6m,Tommee Tippee,2 Pack,10,,5,1ea,False,12,baby dummy,baby,2026-10-11,2026-10-10T13:04:18.213113+00:00
coles,1144640,B.Box Baby Soother Clip Assorted,B.Box,2 Pack,9.1,13,4.55,1ea,False,13,baby dummy,baby,2026-10-11,2026-10-10T13:04:18.213113+00:00
coles,1144345,Philips Avent Ultra Air Soother Nighttime Glow 18+ Months,Philips Avent,2 Pack,14.95,,7.48,1ea,False,14,baby dummy,baby,2026-10-11,2026-10-10T13:04:18.213113+00:00
coles,3840573,Philips Avent Soother Air Nighttime Mix Bpa Free 6-18 Months,Philips,2 Pack,14.95,,7.48,1ea,False,15,baby dummy,baby,2026-10-11,2026-10-10T13:04:18.213113+00:00
coles,1144390,Philips Avent Ultra Soft Soother 6-18 Months Plain Mixed,Philips Avent,2 Pack,17.95,,8.98,1ea,False,16,baby dummy,baby,2026-10-11,2026-10-10T13:04:18.213113+00:00
coles,1143965,Tommee Tippee Breast Like Soother 0-6m,Tommee Tippee,2 Pack,15,,7.5,1ea,False,17,baby dummy,baby,2026-10-11,2026-10-10T13:04:18.213113+00:00
coles,2930932,Philips Avent Soother Bpa Free 18 Months,Philips Avent,2 Pack,14.95,,7.48,1ea,False,18,baby dummy,baby,2026-10-11,2026-10-10T13:04:18.213113+00:00
coles,1143998,Tommee Tippee Ultralight Soother 6-18m,Tommee Tippee,2 Pack,15,,7.5,1ea,False,19,baby dummy,baby,2026-10-11,2026-10-10T13:04:18.213113+00:00
coles,1144039,Tommee Tippee Ultralight Night Soother 18-36m,Tommee Tippee,2 Pack,15,,7.5,1ea,False,20,baby dummy,baby,2026-10-11,2026-10-10T13:04:18.213113+00:00
coles,5245016,B.box Wrist Baby Teether 3+ Months,B.box,1 Each,9.1,13,9.1,1ea,False,21,baby dummy,baby,2026-10-11,2026-10-10T13:04:18.213113+00:00
coles,6846973,B.box Chill + Fill Baby Teether 3+ Months,B.box,1 Each,16.1,23,16.1,1ea,False,22,baby dummy,baby,2026-10-11,2026-10-10T13:04:18.213113+00:00
coles,8505135,Love All Ways Organic Beechwood Teether Bronze,Love All Ways,1 Pack,17,,17,1ea,False,23,baby dummy,baby,2026-10-11,2026-10-10T13:04:18.213113+00:00
coles,8505179,Love All Ways 3 Piece Silicone & Beechwood Teether Caramel,Love All Ways,1 Pack,20,,20,1ea,False,24,baby dummy,baby,2026-10-11,2026-10-10T13:04:18.213113+00:00
coles,8505157,Love All Ways 3 Piece Silicone & Beechwood Teether - Sage,Love All Ways,1 Pack,20,,20,1ea,False,25,baby dummy,baby,2026-10-11,2026-10-10T13:04:18.213113+00:00
coles,8505146,Love All Ways 3 Piece Silicone & Beechwood Teether Dove Grey,Love All Ways,1 Pack,20,,20,1ea,False,26,baby dummy,baby,2026-10-11,2026-10-10T13:04:18.213113+00:00
coles,8505124,Love All Ways Organic Beechwood Teether Grey,Love All Ways,1 Pack,17,,17,1ea,False,27,baby dummy,baby,2026-10-11,2026-10-10T13:04:18.213113+00:00
coles,8481580,Love All Ways Organic Koala Comforter Beige,Love All Ways,1 Pack,30,,30,1ea,False,28,baby dummy,baby,2026-10-11,2026-10-10T13:04:18.213113+00:00
coles,8481570,Love All Ways Organic Koala Comforter Sea Foam Green,Love All Ways,1 Pack,30,,30,1ea,False,29,baby dummy,baby,2026-10-11,2026-10-10T13:04:18.213113+00:00
coles,8481616,Love All Ways Organic Beechwood Teether Dark Pink,Love All Ways,1 Pack,17,,17,1ea,False,30,baby dummy,baby,2026-10-11,2026-10-10T13:04:18.213113+00:00
coles,8481605,Love All Ways Braided Silicone Teether Oatmeal,Love All Ways,1 Pack,13,,13,1ea,False,31,baby dummy,baby,2026-10-11,2026-10-10T13:04:18.213113+00:00
coles,8481660,Love All Ways Braided Silicone Teether Caramel,Love All Ways,1 Pack,13,,13,1ea,False,32,baby dummy,baby,2026-10-11,2026-10-10T13:04:18.213113+00:00
coles,8481730,Love All Ways 3 Piece Silicone & Beechwood Teether - Musk,Love All Ways,1 Pack,20,,20,1ea,False,33,baby dummy,baby,2026-10-11,2026-10-10T13:04:18.213113+00:00
coles,8481525,Love All Ways Organic Bunny Comforter Sea Foam Green,Love All Ways,1 Pack,30,,30,1ea,False,34,baby dummy,baby,2026-10-11,2026-10-10T13:04:18.213113+00:00
coles,8481547,Love All Ways Organic Bunny Comforter Soft Beige,Love All Ways,1 Pack,30,,30,1ea,False,35,baby dummy,baby,2026-10-11,2026-10-10T13:04:18.213113+00:00
coles,8481627,Love All Ways Braided Silicone Teether Musk,Love All Ways,1 Pack,13,,13,1ea,False,36,baby dummy,baby,2026-10-11,2026-10-10T13:04:18.213113+00:00
coles,8481638,Love All Ways Braided Teether Silicone Cloud Grey,Love All Ways,1 Pack,13,,13,1ea,False,37,baby dummy,baby,2026-10-11,2026-10-10T13:04:18.213113+00:00
coles,3839745,Malarkey Munch Mitt Teething Mitten,Malarkey,1 Pack,20,,20,1ea,False,38,baby dummy,baby,2026-10-11,2026-10-10T13:04:18.213113+00:00
woolworths,1122349469,Jack n Jill Natural Baby Teething Gel 15g,Jack N' Jill,15G,11.77,14.91,78.47,100G,True,1,teething gel,baby,2026-10-11,2026-10-10T13:04:20.658594+00:00
woolworths,390806,Brauer Teething Gel 20g,Brauer,20g,16,16,80,100G,False,2,teething gel,baby,2026-10-11,2026-10-10T13:04:20.658594+00:00
woolworths,1118201793,Jack N Jill Babies 6m+ Natural Teething Gel Vanilla Flavour 15G,Jack N' Jill,15G,14.95,14.95,99.67,100G,False,3,teething gel,baby,2026-10-11,2026-10-10T13:04:20.658594+00:00
woolworths,1102037529,Matchstick 11cm Monkey Teething Toy/Gel Applicator for Baby/Infant 6-18m Orange,Matchstick Monkey,1EA,23.05,23.05,23.05,1EA,False,4,teething gel,baby,2026-10-11,2026-10-10T13:04:20.658594+00:00
woolworths,1108002057,Matchstick 11cm Monkey Teething Toy/Gel Applicator for Baby/Infant 6-18m Pink,Matchstick Monkey,1EA,23.05,23.05,23.05,1EA,False,5,teething gel,baby,2026-10-11,2026-10-10T13:04:20.658594+00:00
woolworths,1108002077,2x Matchstick 11cm Monkey Teething Toy/Gel Applicator Baby 6-18m Orange/Pink,Matchstick Monkey,2EA,51.04,51.04,25.52,1EA,False,6,teething gel,baby,2026-10-11,2026-10-10T13:04:20.658594+00:00
woolworths,1108002073,Matchstick 11cm Monkey Teething Toy/Gel Applicator for Baby/Infant 6-18m Green,Matchstick Monkey,1EA,23.05,23.05,23.05,1EA,False,7,teething gel,baby,2026-10-11,2026-10-10T13:04:20.658594+00:00
woolworths,1128011727,Matchstick Monkey Teething Toy and Gel Applicator - Pink,Matchstick Monkey,,21,21,,,False,8,teething gel,baby,2026-10-11,2026-10-10T13:04:20.658594+00:00
woolworths,1128011711,Matchstick Monkey Teething Toy and Gel Applicator - Blue,Matchstick Monkey,,21,21,,,False,9,teething gel,baby,2026-10-11,2026-10-10T13:04:20.658594+00:00
woolworths,1128011725,Matchstick Monkey Teething Toy and Gel Applicator - Grey,Matchstick Monkey,,21,21,,,False,10,teething gel,baby,2026-10-11,2026-10-10T13:04:20.658594+00:00
coles,1838617,Jack N' Jill Natural Baby Teething Gel,Jack N' Jill,15g,15,,100,100g,False,1,teething gel,baby,2026-10-11,2026-10-10T13:04:20.658594+00:00
woolworths,1137594388,Mininor Baby Bottle Teat - 2 Pack 6 months,Mininor,,7.95,7.95,3.98,1EA,False,1,baby bottle teat,baby,2026-10-11,2026-10-10T13:04:22.762666+00:00
woolworths,1137594384,Mininor Baby Bottle Teat - 2 Pack 0 months,Mininor,,7.95,7.95,3.98,1EA,False,2,baby bottle teat,baby,2026-10-11,2026-10-10T13:04:22.762666+00:00
woolworths,1137594386,Mininor Baby Bottle Teat - 2 Pack 3 months,Mininor,,7.95,7.95,3.98,1EA,False,3,baby bottle teat,baby,2026-10-11,2026-10-10T13:04:22.762666+00:00
woolworths,1122351111,Avent Baby Bottle & Teat Cleansing Brush Blue,Avent,1.0EA,13.07,13.07,13.07,1EA,False,4,baby bottle teat,baby,2026-10-11,2026-10-10T13:04:22.762666+00:00
woolworths,1137594390,Mininor Baby Bottle Teat - 2 Pack 9 months,Mininor,,7.95,7.95,3.98,1EA,False,5,baby bottle teat,baby,2026-10-11,2026-10-10T13:04:22.762666+00:00
woolworths,309433,Philips Avent Anti Colic Baby Bottle Teats 3 Month+ 2 pack,Philips Avent,2 pack,12,12,6,1EA,False,6,baby bottle teat,baby,2026-10-11,2026-10-10T13:04:22.762666+00:00
woolworths,1123918927,Baby Bottle & Teat Brush 2 in1 26cm x 5.5cm 1pc,1st Steps,,2.99,2.99,2.99,1EA,False,7,baby bottle teat,baby,2026-10-11,2026-10-10T13:04:22.762666+00:00
woolworths,1120430307,"Baby Bottle Drying Rack - BPA Free, Grey - Stand for Bottles, Teats, Cups & Accessories",,,36.95,36.95,36.95,1EA,False,8,baby bottle teat,baby,2026-10-11,2026-10-10T13:04:22.762666+00:00
woolworths,1126538143,2pc Pigeon Softouch BPP Baby Bottle Teat S Anti-Colic Peristaltic Plus 1m+,Pigeon Australia,,19,19,9.5,1EA,False,9,baby bottle teat,baby,2026-10-11,2026-10-10T13:04:22.762666+00:00
woolworths,1126538267,4PK Pigeon Softouch BPP Baby Bottle Teat SS Anti-Colic Peristaltic Plus 0m+,Pigeon Australia,,39.99,39.99,10,1EA,False,10,baby bottle teat,baby,2026-10-11,2026-10-10T13:04:22.762666+00:00
coles,8166539,Tommee Tippee Natural Start Baby Bottle Teats Fast Flow 6months+,Tommee Tippee,2 Pack,13,,6.5,1ea,False,1,baby bottle teat,baby,2026-10-11,2026-10-10T13:04:22.762666+00:00
coles,4590733,Philips Avent Teat Fast Flow,Philips Avent,2 Pack,11.95,,5.98,1ea,False,2,baby bottle teat,baby,2026-10-11,2026-10-10T13:04:22.762666+00:00
coles,1144061,Tommee Tippee Narrow Neck Medium Flow Teat 3m+,Tommee Tippee,2 Pack,10,,5,1ea,False,3,baby bottle teat,baby,2026-10-11,2026-10-10T13:04:22.762666+00:00
coles,8166492,Tommee Tippee Natural Start Baby Bottle Teats Medium Flow 3months+,Tommee Tippee,2 Pack,13,,6.5,1ea,False,4,baby bottle teat,baby,2026-10-11,2026-10-10T13:04:22.762666+00:00
coles,4590697,Avent Medium Flow Teat 3+ Months,Avent,2 Pack,11.95,,5.98,1ea,False,5,baby bottle teat,baby,2026-10-11,2026-10-10T13:04:22.762666+00:00
coles,8161590,Pigeon Slim Neck Bottle With Flexible Teat 240ml,Pigeon,1 Pack,9.75,11.5,9.75,1ea,False,6,baby bottle teat,baby,2026-10-11,2026-10-10T13:04:22.762666+00:00
coles,8161524,Pigeon Slim Neck Pp Bottle With Flexible Teat 120ml,Pigeon,1 Pack,8.9,10.5,8.9,1ea,False,7,baby bottle teat,baby,2026-10-11,2026-10-10T13:04:22.762666+00:00
coles,8161660,Pigeon Flexible Peristaltic Teat,Pigeon,2 Pack,10.2,12,5.1,1ea,False,8,baby bottle teat,baby,2026-10-11,2026-10-10T13:04:22.762666+00:00
coles,8161615,Pigeon Flexible Peristaltic Teat,Pigeon,2 Pack,10.2,12,5.1,1ea,False,9,baby bottle teat,baby,2026-10-11,2026-10-10T13:04:22.762666+00:00
coles,3752159,CUB Feeding Bottles With Medium Flow Silicone Teats 0+ Months,CUB,3 Pack,8.8,,2.93,1ea,False,10,baby bottle teat,baby,2026-10-11,2026-10-10T13:04:22.762666+00:00
coles,1144312,Philips Avent Anti Colic Baby Bottles 330ml,Philips Avent,2 Pack,26.95,,13.48,1ea,False,11,baby bottle teat,baby,2026-10-11,2026-10-10T13:04:22.762666+00:00
coles,4145934,CUB 2 In 1 Bottle & Teat Brush With Silicone Base,CUB,1 each,8,,8,1ea,False,12,baby bottle teat,baby,2026-10-11,2026-10-10T13:04:22.762666+00:00
coles,8167327,Tommee Tippee Baby Bottles Natural Start Anti-colic Bottle 260ml 0months+,Tommee Tippee,1 each,16,,16,1ea,False,13,baby bottle teat,baby,2026-10-11,2026-10-10T13:04:22.762666+00:00
coles,1144040,Tommee Tippee Narrow Neck Bottles 0m+ 250ml,Tommee Tippee,3 Pack,20,,6.67,1ea,False,14,baby bottle teat,baby,2026-10-11,2026-10-10T13:04:22.762666+00:00
coles,1144050,Tommee Tippee Narrow Neck Bottles 0m+ 250ml,Tommee Tippee,1 Pack,10,,10,1ea,False,15,baby bottle teat,baby,2026-10-11,2026-10-10T13:04:22.762666+00:00
coles,3752239,CUB Standard Neck Silicone Teats 6+ Months,CUB,2 Pack,3.8,,1.9,1ea,False,16,baby bottle teat,baby,2026-10-11,2026-10-10T13:04:22.762666+00:00
woolworths,17194,Little One's Bottle Brush each,Little One's,each,7.75,7.75,7.75,1EA,False,1,bottle brush,baby,2026-10-11,2026-10-10T13:04:25.126169+00:00
woolworths,1115015767,Livingstone Bottle Brush with Overall Length: 320mm Bristle: 40 x 200Hmm,,,3.7,3.7,,,False,2,bottle brush,baby,2026-10-11,2026-10-10T13:04:25.126169+00:00
woolworths,1122719781,White Magic Eco Basics Bottle Brush 1Pk,White Magic,1EA,7.3,7.3,7.3,1EA,False,3,bottle brush,baby,2026-10-11,2026-10-10T13:04:25.126169+00:00
woolworths,1124436309,3Pcs Long Handle Bottle Brush Cleaner Cups Scrubber Sponge Cleaning Brush,,1EA,31.74,31.74,,,False,4,bottle brush,baby,2026-10-11,2026-10-10T13:04:25.126169+00:00
woolworths,1114100119,3Pcs Long Handle Bottle Brush Cleaner Cups Scrubber Sponge Cleaning Brush,,1EA,28.95,28.95,,,False,5,bottle brush,baby,2026-10-11,2026-10-10T13:04:25.126169+00:00
woolworths,1124447375,Eco Basics Bottle Brush,Eco Basics,,23.95,23.95,,,False,6,bottle brush,baby,2026-10-11,2026-10-10T13:04:25.126169+00:00
woolworths,1114210229,Multipurpose Bottle Brush - Ecococonut,,,9.95,9.95,,,False,7,bottle brush,baby,2026-10-11,2026-10-10T13:04:25.126169+00:00
woolworths,1124447559,Eco Basics Replaceable Bottle Brush,Eco Basics,,25.5,25.5,,,False,8,bottle brush,baby,2026-10-11,2026-10-10T13:04:25.126169+00:00
woolworths,1113960161,Long Handle Bottle Brush Cup Brush Kettle Brush Scrubbing Tool Cleaning Brushes,Party Central,1EA,18.63,18.63,,,False,9,bottle brush,baby,2026-10-11,2026-10-10T13:04:25.126169+00:00
woolworths,1117701193,"Bottle Brushes for Cleaning Small Pipe Cleaner Brush Small Brush for Cleaning,Reusable Straw Cleaner Brush",Dulge,1EA,19.99,19.99,,,False,10,bottle brush,baby,2026-10-11,2026-10-10T13:04:25.126169+00:00
coles,4145934,CUB 2 In 1 Bottle & Teat Brush With Silicone Base,CUB,1 each,8,,8,1ea,False,1,bottle brush,baby,2026-10-11,2026-10-10T13:04:25.126169+00:00
coles,4205424,B.box Cleaning Brush Set,B.box,1 Pack,9.45,13.5,9.45,1ea,False,2,bottle brush,baby,2026-10-11,2026-10-10T13:04:25.126169+00:00
woolworths,1129437675,Baby Nail Clippers Infant Easy Grip for Kids - Blue,1st Steps,,11,11,,,False,1,baby nail clippers,baby,2026-10-11,2026-10-10T13:04:27.551114+00:00
woolworths,1125509117,Bodytools Baby Nail Clippers 1 Pack,Bodytools,,5.99,5.99,5.99,1EA,False,2,baby nail clippers,baby,2026-10-11,2026-10-10T13:04:27.551114+00:00
woolworths,1125319615,Baby Nail Clippers Infant Easy Grip for Kids - Pink,1st Steps,1EA,11,11,,,False,3,baby nail clippers,baby,2026-10-11,2026-10-10T13:04:27.551114+00:00
woolworths,1119925059,Momeasy Baby Nail Clippers With Magnifier And Rounded Design For Safety BPA Free,,1EA,8.95,8.95,,,False,4,baby nail clippers,baby,2026-10-11,2026-10-10T13:04:27.551114+00:00
woolworths,1126643247,Mininor Baby Nail Clipper Set,Mininor,,14.95,14.95,14.95,1EA,False,5,baby nail clippers,baby,2026-10-11,2026-10-10T13:04:27.551114+00:00
woolworths,1127100015,Basicare Baby Nail Kit Safe Clippers File Infant Nail Care 2 Pack,,,13.95,13.95,13.95,1EA,False,6,baby nail clippers,baby,2026-10-11,2026-10-10T13:04:27.551114+00:00
woolworths,1122750145,Dreambaby Premium Nail Clippers/Cutter Baby Grooming w/ Magnifier 3x5cm White,Dreambaby,1EA,14.05,14.05,14.05,1EA,False,7,baby nail clippers,baby,2026-10-11,2026-10-10T13:04:27.551114+00:00
woolworths,1100422595,Basicare Baby Nail Kit with Safe Clippers and File for Infant Nail Care,Basic Care,,7.95,7.95,7.95,1EA,False,8,baby nail clippers,baby,2026-10-11,2026-10-10T13:04:27.551114+00:00
woolworths,1100988469,Basicare Baby Nail Kit 3 Piece Clipper File Scissors Safe Grooming Set,Basic Care,1EA,11.95,11.95,,,False,9,baby nail clippers,baby,2026-10-11,2026-10-10T13:04:27.551114+00:00
woolworths,1125321837,"Baby Nail Trimmer 21 in 1, Usage Labeled Case & 13 Extra Replacement Tools, Royal Angels Baby Electric Nail File, Baby Nail Care, Nail Clipper Newborn Toddler Toes & Fingernails Nail Kit",Dulge,,41.99,41.99,41.99,1EA,False,10,baby nail clippers,baby,2026-10-11,2026-10-10T13:04:27.551114+00:00
coles,3591934,Coles Nail Clippers,Coles,1 Pack,3.5,,3.5,1ea,False,1,baby nail clippers,baby,2026-10-11,2026-10-10T13:04:27.551114+00:00
coles,7420117,Manicare Clipper Deluxe Nail With File,Manicare,1 Pack,6.5,,6.5,1ea,False,2,baby nail clippers,baby,2026-10-11,2026-10-10T13:04:27.551114+00:00
coles,7420172,Manicare Toe Nail Clipper With File,Manicare,1 Pack,6,,6,1ea,False,3,baby nail clippers,baby,2026-10-11,2026-10-10T13:04:27.551114+00:00
coles,3591945,Coles Toe Nail Clipper,Coles,1 Pack,5.5,,5.5,1ea,False,4,baby nail clippers,baby,2026-10-11,2026-10-10T13:04:27.551114+00:00
woolworths,1122773143,Tyoub x Suki McMaster Baby Bib Stay-dry - Whales,Tyoub,1EA,20.95,20.95,,,False,1,baby bibs,baby,2026-10-11,2026-10-10T13:04:30.130604+00:00
woolworths,1121510745,"Baby Drool Bibs 6Pack Soft Square, Adjustable Baby Bandana Bibs for Unisex Girls & Boys",,1EA,29.99,29.99,,,False,2,baby bibs,baby,2026-10-11,2026-10-10T13:04:30.130604+00:00
woolworths,1118188809,Ellabella - Gerbera Baby Bib,Bon Bon Tresor,1EA,11,11,,,False,3,baby bibs,baby,2026-10-11,2026-10-10T13:04:30.130604+00:00
woolworths,1102847419,Marcus & Marcus Baby Bib - Lucas,Marcus & Marcus,1EA,17.95,17.95,,,False,4,baby bibs,baby,2026-10-11,2026-10-10T13:04:30.130604+00:00
woolworths,1102847399,Marcus & Marcus Baby Bib - Lola,Marcus & Marcus,1EA,17.95,17.95,,,False,5,baby bibs,baby,2026-10-11,2026-10-10T13:04:30.130604+00:00
woolworths,1102847295,Marcus & Marcus Baby Bib - Marcus,Marcus & Marcus,1EA,17.95,17.95,,,False,6,baby bibs,baby,2026-10-11,2026-10-10T13:04:30.130604+00:00
woolworths,378160,Little One's Bright Baby Bibs Assorted 5 pack,Little One's,5 pack,11,11,2.2,1EA,False,7,baby bibs,baby,2026-10-11,2026-10-10T13:04:30.130604+00:00
woolworths,1118188741,b.box Flat Baby Bib Retro Circles,B.Box,1EA,11,11,,,False,8,baby bibs,baby,2026-10-11,2026-10-10T13:04:30.130604+00:00
woolworths,1122773121,Baby Bib Tyoub Stay-dry - Pink Gingham,Tyoub,1EA,20.95,20.95,,,False,9,baby bibs,baby,2026-10-11,2026-10-10T13:04:30.130604+00:00
woolworths,1118188597,Alimrose Designs Sebastian Super Hero Baby Bib,Alimrose,1EA,18.15,18.15,,,False,10,baby bibs,baby,2026-10-11,2026-10-10T13:04:30.130604+00:00
coles,6861070,B.box Silicone Feeding Baby Bib,B.box,1 Each,10.5,15,10.5,1ea,False,1,baby bibs,baby,2026-10-11,2026-10-10T13:04:30.130604+00:00
coles,8842248,Bonds Stretchies Bib,Bonds Stretchies,2 Pack,15,,,,False,2,baby bibs,baby,2026-10-11,2026-10-10T13:04:30.130604+00:00
coles,8390860,Tiny Twinkle Apron Bib Infant Grey Indigo,Tiny Twinkle,2 Pack,35,,17.5,1ea,False,3,baby bibs,baby,2026-10-11,2026-10-10T13:04:30.130604+00:00
coles,8390827,Tiny Twinkle Apron Bib Infant Slate Olive,Tiny Twinkle,2 Pack,35,,17.5,1ea,False,4,baby bibs,baby,2026-10-11,2026-10-10T13:04:30.130604+00:00
coles,8390770,Tiny Twinkle Apron Bib Infant Sand Cinnamon,Tiny Twinkle,2 Pack,35,,17.5,1ea,False,5,baby bibs,baby,2026-10-11,2026-10-10T13:04:30.130604+00:00
coles,8403441,Tiny Twinkle Apron Bib Toddler Grey Indigo,Tiny Twinkle,2 Pack,37,,18.5,1ea,False,6,baby bibs,baby,2026-10-11,2026-10-10T13:04:30.130604+00:00
coles,8403656,Tiny Twinkle Apron Bib Toddler Rose & Burgundy,Tiny Twinkle,2 Pack,37,,18.5,1ea,False,7,baby bibs,baby,2026-10-11,2026-10-10T13:04:30.130604+00:00
coles,8401344,Tiny Twinkle Apron Bib Infant Rose Burgundy,Tiny Twinkle,2 Pack,35,,17.5,1ea,False,8,baby bibs,baby,2026-10-11,2026-10-10T13:04:30.130604+00:00
coles,8402697,Tiny Twinkle Apron Bib Toddler Sand Cinnamon,Tiny Twinkle,2 Pack,37,,18.5,1ea,False,9,baby bibs,baby,2026-10-11,2026-10-10T13:04:30.130604+00:00
coles,8402824,Tiny Twinkle Apron Bib Toddler Slate & Olive,Tiny Twinkle,2 Pack,37,,18.5,1ea,False,10,baby bibs,baby,2026-10-11,2026-10-10T13:04:30.130604+00:00
coles,8402595,Tiny Twinkle Long Sleeve Bib Toddler Grey Indigo,Tiny Twinkle,2 Pack,35,,17.5,1ea,False,11,baby bibs,baby,2026-10-11,2026-10-10T13:04:30.130604+00:00
coles,8402438,Tiny Twinkle Long Sleeve Bib Toddler Slate Olive,Tiny Twinkle,2 Pack,35,,17.5,1ea,False,12,baby bibs,baby,2026-10-11,2026-10-10T13:04:30.130604+00:00
coles,8402427,Tiny Twinkle Long Sleeve Bib Toddler Sand Cinnamon,Tiny Twinkle,2 Pack,35,,17.5,1ea,False,13,baby bibs,baby,2026-10-11,2026-10-10T13:04:30.130604+00:00
coles,8402405,Tiny Twinkle Long Sleeve Bib Toddler Rose Burgundy,Tiny Twinkle,2 Pack,35,,17.5,1ea,False,14,baby bibs,baby,2026-10-11,2026-10-10T13:04:30.130604+00:00
woolworths,6022271,Help@Hand Pain Relief Paracetamol Liquid Capsules 16 pack,Help@Hand,16 pack,3.5,3.5,0.22,1EA,False,1,paracetamol 500mg,health,2026-10-11,2026-10-10T13:04:32.781203+00:00
woolworths,958191,Nyal Paracetamol 500mg Tablets 16 pack,Nyal,16 pack,2.5,3,0.16,1EA,True,2,paracetamol 500mg,health,2026-10-11,2026-10-10T13:04:32.781203+00:00
woolworths,958362,Nyal Paracetamol 500mg Capsules 16 pack,Nyal,16 pack,2.8,2.8,0.18,1EA,False,3,paracetamol 500mg,health,2026-10-11,2026-10-10T13:04:32.781203+00:00
woolworths,431970,Woolworths Essentials Paracetamol 500mg Tablets 16 pack,Woolworths Essentials,16 pack,0.75,0.75,0.05,1EA,False,4,paracetamol 500mg,health,2026-10-11,2026-10-10T13:04:32.781203+00:00
woolworths,956214,Nyal Paracetamol 500mg Liquid Caps 16 pack,Nyal,16 pack,3.5,4.5,0.22,1EA,True,5,paracetamol 500mg,health,2026-10-11,2026-10-10T13:04:32.781203+00:00
woolworths,916715,Panadol Cold & Flu Plus Decongestant Paracetamol 500mg 16 pack,Panadol,16 pack,12,12,75,100EA,False,6,paracetamol 500mg,health,2026-10-11,2026-10-10T13:04:32.781203+00:00
woolworths,433260,Help@Hand For Pain Relief Paracetamol 500mg Capsules 16 pack,Help@Hand,16 pack,1,1,0.06,1EA,False,7,paracetamol 500mg,health,2026-10-11,2026-10-10T13:04:32.781203+00:00
woolworths,916717,Panadol Mini Caps For Pain Relief Paracetamol 500mg 16 pack,Panadol,16 pack,5,5,0.31,1EA,False,8,paracetamol 500mg,health,2026-10-11,2026-10-10T13:04:32.781203+00:00
woolworths,916772,Panadol Rapid For Fast Pain Relief With Paracetamol 500mg 16 pack,Panadol,16 pack,6,6,0.38,1EA,False,9,paracetamol 500mg,health,2026-10-11,2026-10-10T13:04:32.781203+00:00
woolworths,433235,Help@Hand For Pain Relief Paracetamol 500mg Rapid Release Tablets 16 pack,Help@Hand,16 pack,2,2,0.13,1EA,False,10,paracetamol 500mg,health,2026-10-11,2026-10-10T13:04:32.781203+00:00
coles,6420268,Coles Paracetamol 500mg Liquid Capsules,Coles,16 Pack,3.5,,0.22,1ea,False,1,paracetamol 500mg,health,2026-10-11,2026-10-10T13:04:32.781203+00:00
coles,7063789,Coles Paracetamol Rapid Caplets 500mg,Coles,16 Pack,2,,0.13,1ea,False,2,paracetamol 500mg,health,2026-10-11,2026-10-10T13:04:32.781203+00:00
woolworths,1116375013,Fremantle Dockers Mascot Adhesive Bandages,Fremantle Dockers,,10.95,10.95,,,False,1,adhesive bandages,health,2026-10-11,2026-10-10T13:04:34.957228+00:00
woolworths,1116374879,Western Bulldogs Mascot Adhesive Bandages,Western Bulldogs,,10.95,10.95,,,False,2,adhesive bandages,health,2026-10-11,2026-10-10T13:04:34.957228+00:00
woolworths,1116375015,Collingwood Magpies Logo Adhesive Bandages,Collingwood Magpies,,10.95,10.95,,,False,3,adhesive bandages,health,2026-10-11,2026-10-10T13:04:34.957228+00:00
woolworths,1116375009,Geelong Cats Mascot Adhesive Bandages,Geelong Cats,,10.95,10.95,,,False,4,adhesive bandages,health,2026-10-11,2026-10-10T13:04:34.957228+00:00
woolworths,1116374875,Adelaide Crows Mascot Adhesive Bandages,Adelaide Crows,,10.95,10.95,,,False,5,adhesive bandages,health,2026-10-11,2026-10-10T13:04:34.957228+00:00
woolworths,1116374945,Port Adelaide Power Mascot Adhesive Bandages,Port Adelaide Power,1EA,10.95,10.95,,,False,6,adhesive bandages,health,2026-10-11,2026-10-10T13:04:34.957228+00:00
woolworths,1116374915,St Kilda Saints Mascot Adhesive Bandages,St Kilda Saints,,10.95,10.95,,,False,7,adhesive bandages,health,2026-10-11,2026-10-10T13:04:34.957228+00:00
woolworths,1116374873,Melbourne Demons Mascot Adhesive Bandages,Melbourne Demons,,10.95,10.95,,,False,8,adhesive bandages,health,2026-10-11,2026-10-10T13:04:34.957228+00:00
woolworths,1129330295,24pc Victor Sports Pro Elastic Adhesive Bandage Support Tape 50mmx4.5m,,,265.5,265.5,,,False,9,adhesive bandages,health,2026-10-11,2026-10-10T13:04:34.957228+00:00
woolworths,1121739779,Valuwrap Cohesive Bandage Conforming Adhesive 10cm White,Value Plus,1EA,21.99,21.99,,,False,10,adhesive bandages,health,2026-10-11,2026-10-10T13:04:34.957228+00:00
coles,1388496,Barbie & Friends Bandages,Barbie & Friends,24 Pack,3,3.5,0.13,1ea,False,1,adhesive bandages,health,2026-10-11,2026-10-10T13:04:34.957228+00:00
coles,3837513,Coles Classic Dressing Adhesive Tape 2.5cm x 5m,Coles,1 each,6,,1.2,1m,False,2,adhesive bandages,health,2026-10-11,2026-10-10T13:04:34.957228+00:00
coles,3540219,Coles Heavy Duty Fabric Strips,Coles,40 Pack,3.6,,0.09,1ea,False,3,adhesive bandages,health,2026-10-11,2026-10-10T13:04:34.957228+00:00
coles,8916286,Elastoplast Extra Tough,Elastoplast,50 Pack,10,,0.2,1ea,False,4,adhesive bandages,health,2026-10-11,2026-10-10T13:04:34.957228+00:00
coles,1388500,Spidey & Friends Bandages,Spidey & Friends,24 Pack,3,3.5,0.13,1ea,False,5,adhesive bandages,health,2026-10-11,2026-10-10T13:04:34.957228+00:00
coles,3540241,Coles Heavy Duty Fabric Strips Xl,Coles,20 Pack,2.5,4,,1ea,True,6,adhesive bandages,health,2026-10-11,2026-10-10T13:04:34.957228+00:00
coles,6137766,Elastoplast Strips Kids Sensitive,Elastoplast,20 Pack,4.2,,0.21,1ea,False,7,adhesive bandages,health,2026-10-11,2026-10-10T13:04:34.957228+00:00
coles,8985609,Band-Aid Advanced Healing Hydro Seal Regular Gel Plasters,Band-Aid,10 Pack,9.35,,0.93,1ea,False,8,adhesive bandages,health,2026-10-11,2026-10-10T13:04:34.957228+00:00
coles,8414787,Coles Extra Care Hydrocolloid Medistrips Jumbo,Coles,3 Pack,8,,2.67,1ea,False,9,adhesive bandages,health,2026-10-11,2026-10-10T13:04:34.957228+00:00
coles,8415269,Coles Extra Care Hydrogel Medistrips 75x75mm,Coles,3 Pack,8,,2.67,1ea,False,10,adhesive bandages,health,2026-10-11,2026-10-10T13:04:34.957228+00:00
coles,4240618,Coles Medistrips Waterproof Strips,Coles,20 Pack,0.4,0.53,0.07,1ea,True,11,adhesive bandages,health,2026-10-11,2026-10-10T13:04:34.957228+00:00
coles,7670726,Coles Medistrips Plastic Strips,Coles,100 Pack,2,,0.02,1ea,False,12,adhesive bandages,health,2026-10-11,2026-10-10T13:04:34.957228+00:00
coles,1388543,Band Aid Waterproof Large Clear Strips,Band Aid,10 Pack,5,,0.5,1ea,False,13,adhesive bandages,health,2026-10-11,2026-10-10T13:04:34.957228+00:00
coles,5020231,Elastoplast Extra Tough Waterproof Strips,Elastoplast,16 Pack,4.85,,0.3,1ea,False,14,adhesive bandages,health,2026-10-11,2026-10-10T13:04:34.957228+00:00
coles,1218260,Elastoplast Sensitive Hypoallergenic Transparent Spots,Elastoplast,24 Pack,4,,0.17,1ea,False,15,adhesive bandages,health,2026-10-11,2026-10-10T13:04:34.957228+00:00
coles,4503998,Band-Aid Tough Strips,Band-Aid,20 Pack,3.5,,0.18,1ea,False,16,adhesive bandages,health,2026-10-11,2026-10-10T13:04:34.957228+00:00
coles,2845980,Coles Medistrips Kids,Coles,20 Pack,0.9,1,0.05,1ea,True,17,adhesive bandages,health,2026-10-11,2026-10-10T13:04:34.957228+00:00
coles,8414732,Coles Extra Care Hydrocolloid Medistrips Large,Coles,10 Pack,8,,0.8,1ea,False,18,adhesive bandages,health,2026-10-11,2026-10-10T13:04:34.957228+00:00
coles,5338401,Coles Heavy Duty Waterproof Medistrips,Coles,20 Pack,2.5,3.5,,1ea,True,19,adhesive bandages,health,2026-10-11,2026-10-10T13:04:34.957228+00:00
coles,4497057,Band Aid XL Fabric Tough Strips,Band Aid,10 Pack,3.8,,0.38,1ea,False,20,adhesive bandages,health,2026-10-11,2026-10-10T13:04:34.957228+00:00
coles,6094594,Band-Aid Tough Strips,Band-Aid,40 Pack,5.5,,0.14,1ea,False,21,adhesive bandages,health,2026-10-11,2026-10-10T13:04:34.957228+00:00
coles,9739561,Elastoplast Plastic Strips,Elastoplast,40 Pack,4.2,,0.11,1ea,False,22,adhesive bandages,health,2026-10-11,2026-10-10T13:04:34.957228+00:00
coles,7213510,Elastoplast Aqua Protect Plasters,Elastoplast,40 Pack,6,,0.15,1ea,False,23,adhesive bandages,health,2026-10-11,2026-10-10T13:04:34.957228+00:00
coles,4197304,Elastoplast Flexible Fabric Strips,Elastoplast,40 Pack,5,,0.13,1ea,False,24,adhesive bandages,health,2026-10-11,2026-10-10T13:04:34.957228+00:00
coles,8985890,Band Aid Advanced Healing Plasters Large,Band Aid,6 Pack,9.35,,1.56,1ea,False,25,adhesive bandages,health,2026-10-11,2026-10-10T13:04:34.957228+00:00
coles,3628499,Band-Aid Waterproof Tough Strips,Band-Aid,20 Pack,4.5,,0.23,1ea,False,26,adhesive bandages,health,2026-10-11,2026-10-10T13:04:34.957228+00:00
coles,2864703,Band-Aid Waterproof Aquablock Sterile Strips,Band-Aid,40 Pack,6,,0.15,1ea,False,27,adhesive bandages,health,2026-10-11,2026-10-10T13:04:34.957228+00:00
coles,3614927,Elastoplast Assorted Sensitive Strips,Elastoplast,40 Pack,6,,0.15,1ea,False,28,adhesive bandages,health,2026-10-11,2026-10-10T13:04:34.957228+00:00
coles,4195783,Elastoplast Frozen Strips Kids,Elastoplast,20 Pack,3.15,4.2,,1ea,True,29,adhesive bandages,health,2026-10-11,2026-10-10T13:04:34.957228+00:00
coles,4956937,Elastoplast Extra Tough XL Strips,Elastoplast,10 Pack,6,,0.6,1ea,False,30,adhesive bandages,health,2026-10-11,2026-10-10T13:04:34.957228+00:00
coles,8152578,Band-Aid Waterproof Tough Strips Extra Large,Band-Aid,10 Pack,4.95,,0.5,1ea,False,31,adhesive bandages,health,2026-10-11,2026-10-10T13:04:34.957228+00:00
coles,3162654,Band Aid Advanced Healing Hydro Seal Jumbo,Band Aid,3 Pack,9.35,,3.12,1ea,False,32,adhesive bandages,health,2026-10-11,2026-10-10T13:04:34.957228+00:00
coles,7958983,Band-Aid Advanced Healing Hydro Seal Blister Block,Band-Aid,4 Pack,9.35,,2.34,1ea,False,33,adhesive bandages,health,2026-10-11,2026-10-10T13:04:34.957228+00:00
woolworths,1127183071,Digital Thermometer Humidity Meter Room Temperature Indoor LCD Hygrometer,,,19.99,19.99,,,False,1,digital thermometer,health,2026-10-11,2026-10-10T13:04:37.512591+00:00
woolworths,1119938456,Digital Thermometer Humidity Meter Room Temperature Indoor LCD Hygrometer Black,,1EA,13.99,13.99,,,False,2,digital thermometer,health,2026-10-11,2026-10-10T13:04:37.512591+00:00
woolworths,1114234531,"Indoor Digital Thermometer Hygrometer, Accurate Room Temperature Gauge Humidity Monitor with Alarm Clock- Easy to Read, Max / Min Records, LCD Display",,1EA,19.5,19.5,,,False,3,digital thermometer,health,2026-10-11,2026-10-10T13:04:37.512591+00:00
woolworths,1120420915,Avanti Infrared Digital Thermometer,Avanti,1EA,89.99,89.99,,,False,4,digital thermometer,health,2026-10-11,2026-10-10T13:04:37.512591+00:00
woolworths,1115032363,Rhinowares Digital Thermometer,Rhinowares,1EA,44.9,44.9,,,False,5,digital thermometer,health,2026-10-11,2026-10-10T13:04:37.512591+00:00
woolworths,1111988107,Fluval Digital Thermometer,Fluval,1EA,28.76,30.35,,,True,6,digital thermometer,health,2026-10-11,2026-10-10T13:04:37.512591+00:00
woolworths,1129578955,Baccarat Compact Digital Thermometer,Baccarat,,79.99,79.99,,,False,7,digital thermometer,health,2026-10-11,2026-10-10T13:04:37.512591+00:00
woolworths,1122503207,Welcare Digital Thermometer Standard,Welcare,1EA,9.92,9.92,9.92,1EA,False,8,digital thermometer,health,2026-10-11,2026-10-10T13:04:37.512591+00:00
woolworths,1129578953,Baccarat Precision Pro Digital Thermometer,Baccarat,,34.99,34.99,,,False,9,digital thermometer,health,2026-10-11,2026-10-10T13:04:37.512591+00:00
woolworths,1122505555,Welcare Digital Thermometer Deluxe,Welcare,1.0EA,12.59,12.59,12.59,1EA,False,10,digital thermometer,health,2026-10-11,2026-10-10T13:04:37.512591+00:00
coles,3505772,Fisher-Price Digital Thermometer,Fisher-Price,1 each,9,,9,1ea,False,1,digital thermometer,health,2026-10-11,2026-10-10T13:04:37.512591+00:00
coles,3670994,Grillman BBQ Digital Flip Tip Thermometer,Grillman,1 each,15,,,,False,2,digital thermometer,health,2026-10-11,2026-10-10T13:04:37.512591+00:00
coles,1618020,Wiltshire Mini Digital Thermometer,Wiltshire,1 Each,15.2,,,,False,3,digital thermometer,health,2026-10-11,2026-10-10T13:04:37.512591+00:00
woolworths,6004805,All Smiles Denture Cleaning Tablets 30 pack,All Smiles,30 pack,2.2,2.2,0.07,1EA,False,1,denture cleaning tablets,health,2026-10-11,2026-10-10T13:04:40.058898+00:00
woolworths,173340,Steradent Denture Cleaning Tablets Extra Strength Intensive Whitening 30 pack,Steradent,30 pack,6,6,0.2,1EA,False,2,denture cleaning tablets,health,2026-10-11,2026-10-10T13:04:40.058898+00:00
woolworths,32512,Steradent Denture Cleansing Tablets Active Plus 48 pack,Steradent,48 pack,9,9,0.19,1EA,False,3,denture cleaning tablets,health,2026-10-11,2026-10-10T13:04:40.058898+00:00
woolworths,1117412065,Fittydent Super Denture Cleaning 32 Tablets,Fittydent,,9.99,9.99,0.31,1EA,False,4,denture cleaning tablets,health,2026-10-11,2026-10-10T13:04:40.058898+00:00
woolworths,83545,Polident 3 Minute Daily Cleanser For Dentures & Partials 66 pack,Polident,66 pack,10.9,10.9,0.17,1EA,False,5,denture cleaning tablets,health,2026-10-11,2026-10-10T13:04:40.058898+00:00
woolworths,201002,Polident 3 Minute Daily Cleanser For Dentures & Partials 36 pack,Polident,36 pack,3.9,6.6,0.11,1EA,True,6,denture cleaning tablets,health,2026-10-11,2026-10-10T13:04:40.058898+00:00
woolworths,143873,Polident Whitening Denture Cleaner For Dentures & Partials 66 pack,Polident,66 pack,10.9,10.9,0.17,1EA,False,7,denture cleaning tablets,health,2026-10-11,2026-10-10T13:04:40.058898+00:00
woolworths,267853,Polident Retainer & Mouthguard Daily Cleanser 36 pack,Polident,36 pack,3.9,6.6,0.11,1EA,True,8,denture cleaning tablets,health,2026-10-11,2026-10-10T13:04:40.058898+00:00
woolworths,6024808,Morning Fresh Advanced Clean Dishwasher Tablets Lemon 54 pack,Morning Fresh,54 pack,20,40,0.37,1EA,True,9,denture cleaning tablets,health,2026-10-11,2026-10-10T13:04:40.058898+00:00
woolworths,6067098,Morning Fresh Advanced Clean Dishwasher Tablets 72 pack,Morning Fresh,72 pack,25,50,0.35,1EA,True,10,denture cleaning tablets,health,2026-10-11,2026-10-10T13:04:40.058898+00:00
coles,1609675,Piksters Denture Tablets,Piksters,48 Pack,6,,0.13,1ea,False,1,denture cleaning tablets,health,2026-10-11,2026-10-10T13:04:40.058898+00:00
coles,8779185,Coles Denture Tablets,Coles,48 Pack,3.5,,0.07,1ea,False,2,denture cleaning tablets,health,2026-10-11,2026-10-10T13:04:40.058898+00:00
coles,9533067,Polident 3 Minute Daily Cleanser For Dentures And Partials,Polident,36 Pack,6.6,,0.18,1ea,False,3,denture cleaning tablets,health,2026-10-11,2026-10-10T13:04:40.058898+00:00
coles,3681640,Polident 3 Minute Daily Cleanser For Dentures And Partials,Polident,66 Pack,10.9,,0.17,1ea,False,4,denture cleaning tablets,health,2026-10-11,2026-10-10T13:04:40.058898+00:00
coles,5919335,Polident Tablets Retainer & Mouthguard,Polident,36 Pack,6.6,,0.18,1ea,False,5,denture cleaning tablets,health,2026-10-11,2026-10-10T13:04:40.058898+00:00
coles,1609697,Sensodyne Expert Repair Deep Clean Toothpaste,Sensodyne,100g,15,,15,100g,False,6,denture cleaning tablets,health,2026-10-11,2026-10-10T13:04:40.058898+00:00
woolworths,1115806949,Read Ezi Firenze +3.00 Reading Glasses,Read Ezi,1EA,12,12,,,False,1,reading glasses,health,2026-10-11,2026-10-10T13:04:42.339816+00:00
woolworths,1114441693,6 Pairs Mens Ladies Wayfarer Frame Magnifying Reading Glasses Nerd Spectac 2.0,,1EA,23.06,23.06,,,False,2,reading glasses,health,2026-10-11,2026-10-10T13:04:42.339816+00:00
woolworths,1125139361,Reading Glasses with Case Ladies,Ubl,,16.99,16.99,,,False,3,reading glasses,health,2026-10-11,2026-10-10T13:04:42.339816+00:00
woolworths,1126702863,Insight Fashion Readers Reading Glasses,,,26.51,26.51,,,False,4,reading glasses,health,2026-10-11,2026-10-10T13:04:42.339816+00:00
woolworths,1126699573,Insight Mens Readers Reading Glasses,,,26.22,26.22,,,False,5,reading glasses,health,2026-10-11,2026-10-10T13:04:42.339816+00:00
woolworths,1127405593,Insight Mens Reading Glasses Assorted,,,30,30,,,False,6,reading glasses,health,2026-10-11,2026-10-10T13:04:42.339816+00:00
woolworths,1126816825,GC Mens Reading Glasses +3.00,GC,,22.9,22.9,,,False,7,reading glasses,health,2026-10-11,2026-10-10T13:04:42.339816+00:00
woolworths,1124270265,Reading Glasses 3.0 Strength 3 Pack,,,16.25,16.25,,,False,8,reading glasses,health,2026-10-11,2026-10-10T13:04:42.339816+00:00
woolworths,1128504993,Deal365 Reading Glasses PARENT,,,14.75,14.75,,,False,9,reading glasses,health,2026-10-11,2026-10-10T13:04:42.339816+00:00
woolworths,1115806457,Read Ezi London +1.50 Reading Glasses,Read Ezi,1EA,12,12,,,False,10,reading glasses,health,2026-10-11,2026-10-10T13:04:42.339816+00:00
coles,9407798,Coles Reusable Wine Glass,Coles,4 Pack,6,,1.5,1ea,False,1,reading glasses,health,2026-10-11,2026-10-10T13:04:42.339816+00:00
coles,1955621,Coles Ultra Glass & Window Cleaner,Coles Ultra,750mL,1.95,,0.26,100ml,False,2,reading glasses,health,2026-10-11,2026-10-10T13:04:42.339816+00:00
coles,7741675,Cook & Dine Stemless Wine Glasses 330ml,Cook & Dine,2 Pack,10,,5,1ea,False,3,reading glasses,health,2026-10-11,2026-10-10T13:04:42.339816+00:00
coles,7717615,Cook & Dine Double Walled Coffee Glasses,Cook & Dine,2 Pack,10,,5,1ea,False,4,reading glasses,health,2026-10-11,2026-10-10T13:04:42.339816+00:00
coles,8504267,Palm Wine Glass,Palm,1 Each,4.5,,4.5,1ea,False,5,reading glasses,health,2026-10-11,2026-10-10T13:04:42.339816+00:00
coles,7824830,Cook & Dine Wine Glasses 400ml,Cook & Dine,4 Pack,17,,4.25,1ea,False,6,reading glasses,health,2026-10-11,2026-10-10T13:04:42.339816+00:00
coles,5435317,The Han Kitchen Organic Glass Noodles,The Han Kitchen,120g,2.6,3.3,2.17,100g,False,7,reading glasses,health,2026-10-11,2026-10-10T13:04:42.339816+00:00
coles,1860864,Garnier Hyaluron Glass Skin Jelly Sheet Mask,Garnier,28g,5.6,8,20,100g,False,8,reading glasses,health,2026-10-11,2026-10-10T13:04:42.339816+00:00
coles,8978873,Pyrex Simply Store Glass Round Container 2cup,Pyrex,473mL,10,,10,1ea,False,9,reading glasses,health,2026-10-11,2026-10-10T13:04:42.339816+00:00
coles,3448271,Coca-Cola Classic Soft Drink Multipack Glass Bottles 330ml,Coca-Cola,4 Pack,7.7,11,5.83,1l,False,10,reading glasses,health,2026-10-11,2026-10-10T13:04:42.339816+00:00
coles,8498812,Palm Tumbler,Palm,1 Each,4.5,,4.5,1ea,False,11,reading glasses,health,2026-10-11,2026-10-10T13:04:42.339816+00:00
coles,7351954,Schweppes Lemonade Soft Drink Bottle Glass Multipack 300ml x 4 Pack,Schweppes,4 Pack,8,,6.67,1l,False,12,reading glasses,health,2026-10-11,2026-10-10T13:04:42.339816+00:00
coles,7351965,Schweppes Soda Water Bottle Classic Mixers Glass Multipack 300ml x 4 Pack,Schweppes,4 Pack,8,,6.67,1l,False,13,reading glasses,health,2026-10-11,2026-10-10T13:04:42.339816+00:00
coles,7351976,Schweppes Indian Tonic Water Classic Mixers Glass Bottle Multipack 300ml x 4 Pack,Schweppes,4 Pack,8,,6.67,1l,False,14,reading glasses,health,2026-10-11,2026-10-10T13:04:42.339816+00:00
coles,7864030,Coles Ultra Glass & Window Biodegradable Wipes,Coles Ultra,50 Pack,2.15,,0.04,1ea,False,15,reading glasses,health,2026-10-11,2026-10-10T13:04:42.339816+00:00
coles,2791880,Decor Vent & Seal Glass Leak Proof Container,Decor,600mL,11.2,,11.2,1ea,False,16,reading glasses,health,2026-10-11,2026-10-10T13:04:42.339816+00:00
coles,110417,Windex Glass Cleaner Trigger Spray,Windex,500mL,5.5,,1.1,100ml,False,17,reading glasses,health,2026-10-11,2026-10-10T13:04:42.339816+00:00
coles,4410751,Ajax Spray N Wipe Glass Cleaner,Ajax,500mL,3.5,,0.7,100ml,False,18,reading glasses,health,2026-10-11,2026-10-10T13:04:42.339816+00:00
coles,4503546,Armor All Glass Wipes,Armor All,30 Pack,14.6,,0.49,1ea,False,19,reading glasses,health,2026-10-11,2026-10-10T13:04:42.339816+00:00
coles,6294764,Windex Glass Cleaner Trigger Spray Ammonia Free,Windex,500mL,5.5,,1.1,100ml,False,20,reading glasses,health,2026-10-11,2026-10-10T13:04:42.339816+00:00
coles,9188537,Palm Alfresco Whisky Sparkle Party Tumbler,Palm,2 Pack,10,,5,1ea,False,21,reading glasses,health,2026-10-11,2026-10-10T13:04:42.339816+00:00
coles,1421810,Licensed Essentials Double Wall Glass Mug,Licensed,1 Each,8,,8,1ea,False,22,reading glasses,health,2026-10-11,2026-10-10T13:04:42.339816+00:00
coles,8072173,Hot Topic Licensed Double Wall Glass Mug,Hot Topic,1 Each,8,,8,1ea,False,23,reading glasses,health,2026-10-11,2026-10-10T13:04:42.339816+00:00
coles,6920442,48 Hour Memorial Candle In Glass,48 Hour Memorial,1 Each,5.5,,5.5,1ea,False,24,reading glasses,health,2026-10-11,2026-10-10T13:04:42.339816+00:00
coles,5568605,Menora Memorial Candle In Glass,Menora Memorial,1 Pack,2,,2,1ea,False,25,reading glasses,health,2026-10-11,2026-10-10T13:04:42.339816+00:00
coles,1023410,Mr Clean Auto Glass Cloth,Mr Clean,1 Pack,5.5,,5.5,1ea,False,26,reading glasses,health,2026-10-11,2026-10-10T13:04:42.339816+00:00
coles,1388882,Licensed Hot Topic Globe Glass In Giftbox,Licensed,1 Each,7,,7,1ea,False,27,reading glasses,health,2026-10-11,2026-10-10T13:04:42.339816+00:00
coles,8913696,V Energy Drink Original Glass,V,350mL,3.5,,10,1l,False,28,reading glasses,health,2026-10-11,2026-10-10T13:04:42.339816+00:00
coles,3290494,Greenleaf Organic Pomegranate Juice Glass,Greenleaf,1L,7.5,,7.5,1l,False,29,reading glasses,health,2026-10-11,2026-10-10T13:04:42.339816+00:00
coles,6317065,Coca-Cola Classic Soft Drink Glass Bottle,Coca-Cola,330mL,4,,12.12,1l,False,30,reading glasses,health,2026-10-11,2026-10-10T13:04:42.339816+00:00
coles,8129204,Yaru Sparkling Mineral Water Glass Bottle,Yaru,750mL,3.6,,,,False,31,reading glasses,health,2026-10-11,2026-10-10T13:04:42.339816+00:00
coles,4735880,Waxworks Citronella Patio Glass Jar Candle,Waxworks,1 each,8,,8,1ea,False,32,reading glasses,health,2026-10-11,2026-10-10T13:04:42.339816+00:00
coles,1419975,Skin Control Glass Skin Glazing Mask Collagen,Skin Control,75mL,20,,26.67,100ml,False,33,reading glasses,health,2026-10-11,2026-10-10T13:04:42.339816+00:00
coles,1419953,Skin Control Glass Skin Face Mask Collagen,Skin Control,34mL,13,,38.24,100ml,False,34,reading glasses,health,2026-10-11,2026-10-10T13:04:42.339816+00:00
coles,7438021,Windex Multi Surface & Glass Cleaner Trigger Spray,Windex,750mL,5.9,,0.79,100ml,False,35,reading glasses,health,2026-10-11,2026-10-10T13:04:42.339816+00:00
coles,1419964,Skin Control Glass Skin Face Mask Vitamin C,Skin Control,34mL,13,,38.24,100ml,False,36,reading glasses,health,2026-10-11,2026-10-10T13:04:42.339816+00:00
coles,1419931,Skin Control Glass Skin Face Mask Hyaluronic Acid,Skin Control,34mL,13,,38.24,100ml,False,37,reading glasses,health,2026-10-11,2026-10-10T13:04:42.339816+00:00
coles,1420023,Skin Control Glass Skin Under Eye Jelly Masks,Skin Control,3 Pack,13,,4.33,1ea,False,38,reading glasses,health,2026-10-11,2026-10-10T13:04:42.339816+00:00
coles,8132800,Happy Way Glass Tumbler With Stainless Steel Straw 580ml,Happy Way,1 each,35,,,,False,39,reading glasses,health,2026-10-11,2026-10-10T13:04:42.339816+00:00
coles,6065381,Pyrex Glass Measuring Jug,Pyrex,500mL,11,,,,False,40,reading glasses,health,2026-10-11,2026-10-10T13:04:42.339816+00:00
coles,5306518,Pyrex Glass Measuring Jug,Pyrex,1L,14.5,,,,False,41,reading glasses,health,2026-10-11,2026-10-10T13:04:42.339816+00:00
coles,1860751,L'Oreal Paris Revitalift Filler Glass Skin Liquid Cream Face Moisturiser,L'Oreal,50mL,60,,120,100ml,False,42,reading glasses,health,2026-10-11,2026-10-10T13:04:42.339816+00:00
coles,1474645,Glenmorangie 12yo Twin Glass Pack,Glenmorangie,700mL,102,,,,False,43,reading glasses,health,2026-10-11,2026-10-10T13:04:42.339816+00:00
coles,5306733,Pyrex Iconics Glass Mixing Bowl,Pyrex,3.1L,16.5,,,,False,44,reading glasses,health,2026-10-11,2026-10-10T13:04:42.339816+00:00
coles,5306573,Pyrex Iconics Glass Mixing Bowl,Pyrex,1.1L,11,,,,False,45,reading glasses,health,2026-10-11,2026-10-10T13:04:42.339816+00:00
coles,8386230,Pyrex Bake N Store Glass Container,Pyrex,1L,15,,15,1ea,False,46,reading glasses,health,2026-10-11,2026-10-10T13:04:42.339816+00:00
coles,8386251,Pyrex Bake N Serve Glass Baker,Pyrex,1.6L,16,,,,False,47,reading glasses,health,2026-10-11,2026-10-10T13:04:42.339816+00:00
coles,7072236,Pyrex Bake N Store Glass Container,Pyrex,2.5L,29,,29,1ea,False,48,reading glasses,health,2026-10-11,2026-10-10T13:04:42.339816+00:00
woolworths,1122403745,Narium Saline Nasal Spray 100ml,narium,100ML,17.8,17.8,17.8,100ML,False,1,saline nasal spray,health,2026-10-11,2026-10-10T13:04:45.431924+00:00
woolworths,141755,Fess Saline Nasal Spray 75mL,Fess,75mL,17.95,17.95,23.93,100ML,False,2,saline nasal spray,health,2026-10-11,2026-10-10T13:04:45.431924+00:00
woolworths,1122349451,Fess Original Saline Nasal Spray 75ml,Fess,75ML,16.61,16.61,22.15,100ML,False,3,saline nasal spray,health,2026-10-11,2026-10-10T13:04:45.431924+00:00
woolworths,1122348827,Fess Original Saline Nasal Spray 30ml,Fess,60G,12.02,12.02,20.03,100G,False,4,saline nasal spray,health,2026-10-11,2026-10-10T13:04:45.431924+00:00
woolworths,782738,Fess Saline Nasal Spray 30mL,Fess,30mL,8.55,12.25,28.5,100ML,True,5,saline nasal spray,health,2026-10-11,2026-10-10T13:04:45.431924+00:00
woolworths,1122349313,Fess Eucalyptus Saline Nasal Spray 30ml,Fess,30ML,14.28,14.28,47.6,100ML,False,6,saline nasal spray,health,2026-10-11,2026-10-10T13:04:45.431924+00:00
woolworths,1122270679,NeilMed PediaMist Saline Nasal Spray 75ml,Neilmed,75ML,7.3,7.3,9.73,100ML,False,7,saline nasal spray,health,2026-10-11,2026-10-10T13:04:45.431924+00:00
woolworths,1122405297,NeilMed NasaMist Isotonic Saline Nasal Spray 75ml,Neilmed,75ML,7.3,7.3,9.73,100ML,False,8,saline nasal spray,health,2026-10-11,2026-10-10T13:04:45.431924+00:00
woolworths,1122351185,Fess Original Saline Nasal Spray 2 x 75ml,Fess,150ML,19.9,19.9,13.27,100ML,False,9,saline nasal spray,health,2026-10-11,2026-10-10T13:04:45.431924+00:00
woolworths,314374,Flo Saline Plus Nasal Spray 30mL,Flo,30mL,13,13,43.33,100ML,False,10,saline nasal spray,health,2026-10-11,2026-10-10T13:04:45.431924+00:00
coles,7749451,Fess Original Nasal Saline Spray,Fess,30mL,9.8,12.25,32.67,100ml,False,1,saline nasal spray,health,2026-10-11,2026-10-10T13:04:45.431924+00:00
coles,9563396,Fess Nasal Saline Spray Eucalyptus,Fess,30mL,11.75,14.7,39.17,100ml,False,2,saline nasal spray,health,2026-10-11,2026-10-10T13:04:45.431924+00:00
coles,7749280,Flo Saline Plus Nasal Spray,Flo,30mL,13,,43.33,100ml,False,3,saline nasal spray,health,2026-10-11,2026-10-10T13:04:45.431924+00:00
coles,2845877,Coles Nasal Saline Solution,Coles,30mL,7,,23.33,100ml,False,4,saline nasal spray,health,2026-10-11,2026-10-10T13:04:45.431924+00:00
coles,7105459,Fess Little Noses Spray,Fess,15mL,12.85,,85.67,100ml,False,5,saline nasal spray,health,2026-10-11,2026-10-10T13:04:45.431924+00:00
coles,5158319,Nyal Decongested Nasal Spray,Nyal,15mL,10.5,,70,100ml,False,6,saline nasal spray,health,2026-10-11,2026-10-10T13:04:45.431924+00:00
woolworths,35629,Chapstick SPF 15+ Conditioner Lip Balm With Sunscreen 4.2g,Chapstick,4.2g,4.5,4.5,10.71,10G,False,1,lip balm,health,2026-10-11,2026-10-10T13:04:48.239324+00:00
woolworths,38698,Chapstick Strawberry Lip Balm With SPF 15+ Sunscreen 4.2g,Chapstick,4.2g,4.5,4.5,10.71,10G,False,2,lip balm,health,2026-10-11,2026-10-10T13:04:48.239324+00:00
woolworths,6013730,Blistex Intensive Repair Lip Balm 4.25g,Blistex,4.25g,3.9,6.5,9.18,10G,True,3,lip balm,health,2026-10-11,2026-10-10T13:04:48.239324+00:00
woolworths,108822,Dermal Therapy Lip Balm 10g,Dermal Therapy,10g,3.9,7,3.9,10G,True,4,lip balm,health,2026-10-11,2026-10-10T13:04:48.239324+00:00
woolworths,218593,Vaseline Lip Therapy Rosy Lips 4.8g,Vaseline,4.8g,2.7,4.5,5.63,10G,True,5,lip balm,health,2026-10-11,2026-10-10T13:04:48.239324+00:00
woolworths,6010949,Blistex Intensive Repair Lip Balm 7g,Blistex,7g,3.9,6.5,55.71,100G,True,6,lip balm,health,2026-10-11,2026-10-10T13:04:48.239324+00:00
woolworths,218595,Vaseline Lip Therapy Original 4.8g,Vaseline,4.8g,2.7,4.5,5.63,10G,True,7,lip balm,health,2026-10-11,2026-10-10T13:04:48.239324+00:00
woolworths,567595,Nivea 24h Moisture Lip Balm Original Care 4.8g,Nivea,4.8g,5,5,10.42,10G,False,8,lip balm,health,2026-10-11,2026-10-10T13:04:48.239324+00:00
woolworths,343437,Carmex Lip Balm Squeeze Tube 10g,Carmex,10g,6,6,6,10G,False,9,lip balm,health,2026-10-11,2026-10-10T13:04:48.239324+00:00
woolworths,277131,Dermal Therapy Lip Balm Berry 10g,Dermal Therapy,10g,3.9,7,3.9,10G,True,10,lip balm,health,2026-10-11,2026-10-10T13:04:48.239324+00:00
coles,3240984,Dermal Therapy Lip Balm Original,Dermal Therapy,10g,7,,70,100g,False,1,lip balm,health,2026-10-11,2026-10-10T13:04:48.239324+00:00
coles,3273407,Burt's Bees Vanilla Lip Balm,Burt's Bees,4.25g,7,,164.71,100g,False,2,lip balm,health,2026-10-11,2026-10-10T13:04:48.239324+00:00
coles,3833851,Burt's Bees Watermelon Lip Balm,Burt's Bees,4.25g,7,,164.71,100g,False,3,lip balm,health,2026-10-11,2026-10-10T13:04:48.239324+00:00
coles,3271445,Burt's Bees Beeswax Lip Balm,Burt's Bees,4.25g,7,,164.71,100g,False,4,lip balm,health,2026-10-11,2026-10-10T13:04:48.239324+00:00
coles,1441511,Rimmel Omg Lip Butter Bubble Gum,Rimmel,15mL,13,26,8.67,10ml,False,5,lip balm,health,2026-10-11,2026-10-10T13:04:48.239324+00:00
coles,1995885,Rimmel Lip Butter #007 Cappuccino,Rimmel,15mL,13,26,8.67,10ml,False,6,lip balm,health,2026-10-11,2026-10-10T13:04:48.239324+00:00
coles,1441090,Rimmel Omg Lip Butter Latte Delight,Rimmel,15mL,13,26,8.67,10ml,False,7,lip balm,health,2026-10-11,2026-10-10T13:04:48.239324+00:00
coles,1441034,Rimmel Omg Lip Butter Vanilla Frost,Rimmel,15mL,13,26,8.67,10ml,False,8,lip balm,health,2026-10-11,2026-10-10T13:04:48.239324+00:00
coles,6105329,Palmer's Cocoa Butter Lip Balm Stick,Palmer's,4g,5.5,,137.5,100g,False,9,lip balm,health,2026-10-11,2026-10-10T13:04:48.239324+00:00
coles,6693996,Nivea Lip Balm Hydro Care SPF 15,Nivea,4.8g,2.5,5,52.08,100g,False,10,lip balm,health,2026-10-11,2026-10-10T13:04:48.239324+00:00
coles,4510348,Blistex Lip Balm Conditioning,Blistex,4.25g,6.5,,152.94,100g,False,11,lip balm,health,2026-10-11,2026-10-10T13:04:48.239324+00:00
coles,4322494,Nivea Lip Balm Watermelon Shine,Nivea,4.8g,2.5,5,52.08,100g,False,12,lip balm,health,2026-10-11,2026-10-10T13:04:48.239324+00:00
coles,1957490,Nivea Lip Balm Strawberry Shine,Nivea,4.8g,2.5,5,52.08,100g,False,13,lip balm,health,2026-10-11,2026-10-10T13:04:48.239324+00:00
coles,1420395,Nivea Lip Balm Glowy Lips,Nivea,10mL,4,8,40,100ml,False,14,lip balm,health,2026-10-11,2026-10-10T13:04:48.239324+00:00
coles,9479937,Nivea Lip Balm Repair & Protect SPF 15,Nivea,4.8g,2.5,5,52.08,100g,False,15,lip balm,health,2026-10-11,2026-10-10T13:04:48.239324+00:00
coles,7043318,Dermal Therapy Lip Balm Berry,Dermal Therapy,10g,7,,70,100g,False,16,lip balm,health,2026-10-11,2026-10-10T13:04:48.239324+00:00
coles,7043271,Carmex Lip Balm Minis SPF 15,Carmex,15g,8.1,9,54,100g,False,17,lip balm,health,2026-10-11,2026-10-10T13:04:48.239324+00:00
coles,8139220,Nivea Lip Balm Ultra Care Sun Protect SPF 50+,Nivea,4.8g,2.5,5,52.08,100g,False,18,lip balm,health,2026-10-11,2026-10-10T13:04:48.239324+00:00
coles,1420409,Nivea Lip Balm Glowy Lips Berry SPF 30,Nivea,10g,4,8,40,100g,False,19,lip balm,health,2026-10-11,2026-10-10T13:04:48.239324+00:00
coles,8903386,Blistex Ultra Lip Balm SPF 50+,Blistex,4.25g,6.5,,152.94,100g,False,20,lip balm,health,2026-10-11,2026-10-10T13:04:48.239324+00:00
coles,1500031,Dermal Therapy Manuka Honey Lip Balm,Dermal Therapy,10g,8,,80,100g,False,21,lip balm,health,2026-10-11,2026-10-10T13:04:48.239324+00:00
coles,7220333,Blistex Lip Balm Spf15 Intensive Repair,Blistex,7g,6.5,,92.86,100g,False,22,lip balm,health,2026-10-11,2026-10-10T13:04:48.239324+00:00
coles,8177331,Carmex Original Lip Balm Squeeze Tube,Carmex,10g,6,,60,100g,False,23,lip balm,health,2026-10-11,2026-10-10T13:04:48.239324+00:00
coles,3022815,Revlon Kiss Fresh Strawberry Balm,Revlon,2.6g,5,10,19.23,10g,False,24,lip balm,health,2026-10-11,2026-10-10T13:04:48.239324+00:00
coles,3022826,Revlon Kiss Sweet Cherry Balm,Revlon,2.6g,5,10,19.23,10g,False,25,lip balm,health,2026-10-11,2026-10-10T13:04:48.239324+00:00
coles,1339049,Maybelline Lifter Glaze Lip Balm Pink Drip,Maybelline,2.8g,10,20,35.71,10g,False,26,lip balm,health,2026-10-11,2026-10-10T13:04:48.239324+00:00
coles,1339050,Maybelline New York Lifter Glaze Lip Balm Cherry Swirl,Maybelline,2.8g,10,20,35.71,10g,False,27,lip balm,health,2026-10-11,2026-10-10T13:04:48.239324+00:00
coles,1853031,Dermal Therapy Tinted Lip Balm Mocha,Dermal Therapy,8g,10,,125,100g,False,28,lip balm,health,2026-10-11,2026-10-10T13:04:48.239324+00:00
coles,7043340,Dermal Therapy Lip Balm SPF 50+,Dermal Therapy,10g,7.5,,75,100g,False,29,lip balm,health,2026-10-11,2026-10-10T13:04:48.239324+00:00
coles,1420169,Dermal Therapy Tinted Lip Balm Peach Nude,Dermal Therapy,8g,10,,125,100g,False,30,lip balm,health,2026-10-11,2026-10-10T13:04:48.239324+00:00
coles,8177160,Carmex Original Lip Balm Jar,Carmex,7.5g,6,,80,100g,False,31,lip balm,health,2026-10-11,2026-10-10T13:04:48.239324+00:00
coles,4378841,Bondi Sands SPF 50+ Lip Balm Watermelon,Bondi Sands,10g,7,,70,100g,False,32,lip balm,health,2026-10-11,2026-10-10T13:04:48.239324+00:00
coles,4378819,Bondi Sands SPF 50+ Lip Balm Coconut,Bondi Sands,10g,7,,70,100g,False,33,lip balm,health,2026-10-11,2026-10-10T13:04:48.239324+00:00
coles,1700835,Maybelline Baby Lips Berry Crush Lip Balm,Maybelline,4g,4,,10,10g,False,34,lip balm,health,2026-10-11,2026-10-10T13:04:48.239324+00:00
coles,1415453,E.l.f. Glow Reviver Melting Lip Balm Strawberry Shortcake,E.l.f.,15g,20,,13.33,10g,False,35,lip balm,health,2026-10-11,2026-10-10T13:04:48.239324+00:00
coles,3022790,Revlon Kiss Tropical Coconut Balm,Revlon,2.6g,5,10,19.23,10g,False,36,lip balm,health,2026-10-11,2026-10-10T13:04:48.239324+00:00
woolworths,566749,Manicare Precision Tweezers Pink each,Manicare,each,13.5,13.5,13.5,1EA,False,1,tweezers,health,2026-10-11,2026-10-10T13:04:50.448139+00:00
woolworths,566745,Manicare Slant Tweezer Gold Tipped each,Manicare,each,10,10,10,1EA,False,2,tweezers,health,2026-10-11,2026-10-10T13:04:50.448139+00:00
woolworths,1123872913,Beauty Theory Pointed Tweezers,,,3.29,3.29,,,False,3,tweezers,health,2026-10-11,2026-10-10T13:04:50.448139+00:00
woolworths,1117529821,Slim Tweezers,Fillimilli,1EA,8,8,,,False,4,tweezers,health,2026-10-11,2026-10-10T13:04:50.448139+00:00
woolworths,1129617263,SMD TEST TWEEZERS,,,119,119,,,False,5,tweezers,health,2026-10-11,2026-10-10T13:04:50.448139+00:00
woolworths,1123867695,Beauty Theory Tweezers Point,,,5.49,5.49,,,False,6,tweezers,health,2026-10-11,2026-10-10T13:04:50.448139+00:00
woolworths,1127710073,Nippes Assorted Tweezers,,,34.57,34.57,,,False,7,tweezers,health,2026-10-11,2026-10-10T13:04:50.448139+00:00
woolworths,1123867653,Beauty Theory Tweezers Slant,,,5.49,5.49,,,False,8,tweezers,health,2026-10-11,2026-10-10T13:04:50.448139+00:00
woolworths,1117909589,Manicare Triple X Tweezers Gold Tipped,Manicare,,13,13,13,1EA,False,9,tweezers,health,2026-10-11,2026-10-10T13:04:50.448139+00:00
coles,3593521,Coles Tweezer Slant Tip,Coles,1 Pack,4.4,,4.4,1ea,False,1,tweezers,health,2026-10-11,2026-10-10T13:04:50.448139+00:00
coles,1758187,Manicare Face Precision Tweezer Pink,Manicare,1 each,11.5,,11.5,1ea,False,2,tweezers,health,2026-10-11,2026-10-10T13:04:50.448139+00:00
coles,2371739,Manicare Gold Tip Slant Tweezer,Manicare,1 Pack,10,,10,1ea,False,3,tweezers,health,2026-10-11,2026-10-10T13:04:50.448139+00:00
coles,3593532,Coles Tweezer Square Tip,Coles,1 Pack,4.4,,4.4,1ea,False,4,tweezers,health,2026-10-11,2026-10-10T13:04:50.448139+00:00
coles,2371660,Manicare Gold Tip Flat Tweezer,Manicare,1 Pack,10,,10,1ea,False,5,tweezers,health,2026-10-11,2026-10-10T13:04:50.448139+00:00
woolworths,201220,Smitten Clay Clumping Cat Litter 4.5kg,Smitten,4.5kg,3.6,3.6,0.8,1KG,False,1,cat litter,pet,2026-10-11,2026-10-10T13:04:53.469313+00:00
woolworths,109102,Smitten Lightweight Clay Cat Litter 15L,Smitten,15L,10.5,10.5,0.7,1L,False,2,cat litter,pet,2026-10-11,2026-10-10T13:04:53.469313+00:00
woolworths,481187,Smitten Crystal Cat Litter 2kg,Smitten,2kg,9.75,9.75,4.88,1KG,False,3,cat litter,pet,2026-10-11,2026-10-10T13:04:53.469313+00:00
woolworths,183885,Breeders Choice Paper Cat Litter 24l,Breeders Choice,24L,24.5,24.5,1.02,1L,False,4,cat litter,pet,2026-10-11,2026-10-10T13:04:53.469313+00:00
woolworths,672106,Smitten Recycled Paper Cat Litter 20l,Smitten,20L,20,20,1,1L,False,5,cat litter,pet,2026-10-11,2026-10-10T13:04:53.469313+00:00
woolworths,601925,Chandler Cat Litter Original 7l,Chandler,7L,9.5,9.5,1.36,1L,False,6,cat litter,pet,2026-10-11,2026-10-10T13:04:53.469313+00:00
woolworths,117763,Catsan Cat Litter Ultra 7kg,Catsan,7Kg,17,17,2.43,1KG,False,7,cat litter,pet,2026-10-11,2026-10-10T13:04:53.469313+00:00
woolworths,22970,Breeders Choice Paper Cat Litter 6l,Breeders Choice,6L,10,10,1.67,1L,False,8,cat litter,pet,2026-10-11,2026-10-10T13:04:53.469313+00:00
woolworths,672105,Smitten Recycled Paper Cat Litter 10l,Smitten,10L,12,12,1.2,1L,False,9,cat litter,pet,2026-10-11,2026-10-10T13:04:53.469313+00:00
woolworths,183398,Smitten Natural Cat Litter 4kg,Smitten,4kg,15,15,3.75,1KG,False,10,cat litter,pet,2026-10-11,2026-10-10T13:04:53.469313+00:00
coles,8932078,Coles Simply Cat Litter Clumping,Coles Simply,4.5kg,3.5,,0.78,1kg,False,1,cat litter,pet,2026-10-11,2026-10-10T13:04:53.469313+00:00
coles,6957227,Max's Cat Litter,Max's,4kg,9.5,12,2.38,1kg,False,2,cat litter,pet,2026-10-11,2026-10-10T13:04:53.469313+00:00
coles,8811550,Breeders Choice Cat Litter Paper,Breeders Choice,24L,27.5,,1.15,1l,False,3,cat litter,pet,2026-10-11,2026-10-10T13:04:53.469313+00:00
coles,5952079,Catlux Light Clumping Cat Litter,Catlux,6L,8,10,1.33,1l,False,4,cat litter,pet,2026-10-11,2026-10-10T13:04:53.469313+00:00
coles,3863342,Coles Simply Cat Litter Clay,Coles Simply,10Kg,8,,0.8,1kg,False,5,cat litter,pet,2026-10-11,2026-10-10T13:04:53.469313+00:00
coles,3741210,The Natural Paw Company Tofu Cat Litter,The Natural Paw Company,2kg,13.5,,6.75,1kg,False,6,cat litter,pet,2026-10-11,2026-10-10T13:04:53.469313+00:00
coles,8891618,Breeder's Choice Plus Probiotic Cat Litter,Breeder's Choice,20L,28,33.2,,1l,False,7,cat litter,pet,2026-10-11,2026-10-10T13:04:53.469313+00:00
coles,1898299,Vitapet Kitchen & Bathroom Cat Litter,Vitapet,6L,14.5,,2.42,1l,False,8,cat litter,pet,2026-10-11,2026-10-10T13:04:53.469313+00:00
coles,7648705,Coles Silica Gel Cat Litter Crystals,Coles,3.6kg,17.59,,4.89,1kg,False,9,cat litter,pet,2026-10-11,2026-10-10T13:04:53.469313+00:00
coles,400326,Chandler Original Clay Cat Litter,Chandler,7L,9.5,,1.36,1l,False,10,cat litter,pet,2026-10-11,2026-10-10T13:04:53.469313+00:00
coles,8029877,Breeders Choice Cat Litter Paper,Breeders Choice,15L,23,,1.53,1l,False,11,cat litter,pet,2026-10-11,2026-10-10T13:04:53.469313+00:00
coles,8595320,Coles Cat Litter Tray,Coles,1 Pack,7.5,,7.5,1ea,False,12,cat litter,pet,2026-10-11,2026-10-10T13:04:53.469313+00:00
coles,4203622,Breeders Choice Cat Litter Paper,Breeders Choice,6L,10.3,,1.72,1l,False,13,cat litter,pet,2026-10-11,2026-10-10T13:04:53.469313+00:00
coles,8582103,Catsan Cat Litter Ultra Clumping Clay,Catsan,7kg,17,,2.43,1kg,False,14,cat litter,pet,2026-10-11,2026-10-10T13:04:53.469313+00:00
coles,3742280,World's Best Clumping Formula Cat Litter,World's Best,3.63 kg,29,,7.99,1kg,False,15,cat litter,pet,2026-10-11,2026-10-10T13:04:53.469313+00:00
coles,6799997,Rufus & Coco Elasticised Litter Tray Liners Large,Rufus & Coco,8 Pack,8,,1,1ea,False,16,cat litter,pet,2026-10-11,2026-10-10T13:04:53.469313+00:00
coles,1905099,Vitapet Litter Scoop With Rake,Vitapet,1 each,4,,4,1ea,False,17,cat litter,pet,2026-10-11,2026-10-10T13:04:53.469313+00:00
woolworths,646144,Exelpet Vet Flea Intestinal & Heartworm Medium Dog each,Exelpet,each,26,32.5,26,1EA,True,1,flea treatment dog,pet,2026-10-11,2026-10-10T13:04:55.599987+00:00
woolworths,646145,Exelpet Vet Flea Intestinal & Heartworm Treatment Small Dog each,Exelpet,each,22.8,28.5,22.8,1EA,True,2,flea treatment dog,pet,2026-10-11,2026-10-10T13:04:55.599987+00:00
woolworths,376826,Exelpet Vet Series Treatment Spot On Flea Large Dog 2 pack,Exelpet,2 pack,35,35,17.5,1EA,False,3,flea treatment dog,pet,2026-10-11,2026-10-10T13:04:55.599987+00:00
woolworths,376836,Exelpet Vet Series Treatment Spot On Flea Small Dog 2 pack,Exelpet,2 pack,30.5,30.5,15.25,1EA,False,4,flea treatment dog,pet,2026-10-11,2026-10-10T13:04:55.599987+00:00
woolworths,6032418,Purina Total Care Heartwormer Wormer & Flea Protection Large Dog each,Purina,each,30,30,30,1EA,False,5,flea treatment dog,pet,2026-10-11,2026-10-10T13:04:55.599987+00:00
woolworths,6032416,Purina Total Care Heartwormer Wormer & Flea Protection Small Dog each,Purina,each,26,26,26,1EA,False,6,flea treatment dog,pet,2026-10-11,2026-10-10T13:04:55.599987+00:00
woolworths,646333,Exelpet Vet Series Flea Intestinal Worm & Heartworm Lge Dog each,Exelpet,each,28,35,28,1EA,True,7,flea treatment dog,pet,2026-10-11,2026-10-10T13:04:55.599987+00:00
woolworths,360924,Rufus & Coco Flea Flee Dog Treatment Shampoo 200ml,Rufus & Coco,200mL,15.5,15.5,7.75,100ML,False,8,flea treatment dog,pet,2026-10-11,2026-10-10T13:04:55.599987+00:00
woolworths,1114391595,Simparica 10.1-20kg Medium Dog Tick & Flea Chewable Treatment 6 Pack,Simparica,,133.99,133.99,22.33,1EA,False,9,flea treatment dog,pet,2026-10-11,2026-10-10T13:04:55.599987+00:00
woolworths,1114391785,Bravecto Dog 6 Month Chew Tick & Flea Treatment 20-40kg Large Blue,Bravecto,,126.99,126.99,126.99,1EA,False,10,flea treatment dog,pet,2026-10-11,2026-10-10T13:04:55.599987+00:00
coles,2839568,Purina Total Care Flea Knockdown For Medium & Large Dogs Treatment Tablets,Purina,3 Pack,19.5,,6.5,1ea,False,1,flea treatment dog,pet,2026-10-11,2026-10-10T13:04:55.599987+00:00
coles,1091067,Totalcare Heartworm Flea Prot Small Dog Treatment,Totalcare,1 Pack,26,,26,1ea,False,2,flea treatment dog,pet,2026-10-11,2026-10-10T13:04:55.599987+00:00
coles,3971163,Purina Total Care Flea Tick Control Plus Small Dog Treatment,Purina,1 Pack,21,,21,1ea,False,3,flea treatment dog,pet,2026-10-11,2026-10-10T13:04:55.599987+00:00
coles,1091089,Totalcare Heartworm Flea Prot Large Dog Treatment,Totalcare,1 Pack,30,,30,1ea,False,4,flea treatment dog,pet,2026-10-11,2026-10-10T13:04:55.599987+00:00
coles,1091078,Totalcare Heartworm Flea Prot Med Dog Treatment,Totalcare,1 Pack,28,,28,1ea,False,5,flea treatment dog,pet,2026-10-11,2026-10-10T13:04:55.599987+00:00
coles,3971185,Purina Total Care Flea Tick Control Plus Medium Dog Treatment,Purina,1 Pack,22,,22,1ea,False,6,flea treatment dog,pet,2026-10-11,2026-10-10T13:04:55.599987+00:00
coles,2839524,"Purina Total Care Flea Knockdown For Cats, Puppies & Small Dog",Purina,3 Pack,17.5,,5.83,1ea,False,7,flea treatment dog,pet,2026-10-11,2026-10-10T13:04:55.599987+00:00
coles,3971196,Purina Total Care Flea Tick Control Plus Large Dog Treatment,Purina,1 Pack,23,,23,1ea,False,8,flea treatment dog,pet,2026-10-11,2026-10-10T13:04:55.599987+00:00
coles,6164281,Exelpet Ezy-dose Monthly Heartworm & Intestinal All Wormer Dog Treatment,Exelpet,4 Pack,26,,6.5,1ea,False,9,flea treatment dog,pet,2026-10-11,2026-10-10T13:04:55.599987+00:00
coles,2426091,Exelpet Vet Series Spot On Flea Treatment Cat Kitten,Exelpet,2 Pack,29,,14.5,1ea,False,10,flea treatment dog,pet,2026-10-11,2026-10-10T13:04:55.599987+00:00
coles,1091599,Totalcare Heartwormer Prot Medium & Large Dogs Treatment,Totalcare,2 Pack,28,,14,1ea,False,11,flea treatment dog,pet,2026-10-11,2026-10-10T13:04:55.599987+00:00
coles,1091588,Totalcare Heartwormer Prot Puppies Small Dogs Treatment,Totalcare,2 Pack,24,,12,1ea,False,12,flea treatment dog,pet,2026-10-11,2026-10-10T13:04:55.599987+00:00
coles,3537098,Purina Total Care Tasty All Wormer Small Dog Or Puppies Treatment,Purina,1 Pack,14,,14,1ea,False,13,flea treatment dog,pet,2026-10-11,2026-10-10T13:04:55.599987+00:00
coles,1092026,Totalcare Shampoo Flea Control,Totalcare,350 mL,15,,4.29,100ml,False,14,flea treatment dog,pet,2026-10-11,2026-10-10T13:04:55.599987+00:00
woolworths,1114391959,Milpro Broad Spectrum Wormer Tablets for Small Dog & Puppies Green 2 Pack,Milpro,,27.99,27.99,14,1EA,False,1,worming tablets dog,pet,2026-10-11,2026-10-10T13:04:57.655093+00:00
woolworths,1099741023,Virbac Milpro Broad Spectrum Wormer Tablets for Small Dog & Puppies Green 2 Pack,Virbac,,15.99,15.99,8,1EA,False,2,worming tablets dog,pet,2026-10-11,2026-10-10T13:04:57.655093+00:00
woolworths,1121739039,Milbemax Dog Under 5kg Broad Spectrum Allwormer Tablets 50 Pack,Milbemax,,244.99,244.99,4.9,1EA,False,3,worming tablets dog,pet,2026-10-11,2026-10-10T13:04:57.655093+00:00
woolworths,1114391747,Milbemax Dog Over 5kg Broad Spectrum Allwormer Tablets 2 Pack,Milbemax,,40.99,40.99,20.5,1EA,False,4,worming tablets dog,pet,2026-10-11,2026-10-10T13:04:57.655093+00:00
woolworths,1114391829,Milbemax Dog Under 5kg Broad Spectrum Allwormer Tablets 2 Pack,Milbemax,,24.99,24.99,12.5,1EA,False,5,worming tablets dog,pet,2026-10-11,2026-10-10T13:04:57.655093+00:00
woolworths,6032419,Totalcare Heartwormer & Allwormer Protection Tablets For Puppies 2 pack,Totalcare,2 pack,24,24,12,1EA,False,6,worming tablets dog,pet,2026-10-11,2026-10-10T13:04:57.655093+00:00
woolworths,1114391709,Endogard Broadspectrum All-Wormer Tablets for Large Dogs 10-20kg 3 Pack,Endogard,,43.99,43.99,14.66,1EA,False,7,worming tablets dog,pet,2026-10-11,2026-10-10T13:04:57.655093+00:00
woolworths,1113409669,Milbemax Allwormer Tablets For Large Dogs 5 To 25 Kg 2 Tablet,,,27.99,27.99,14,1EA,False,8,worming tablets dog,pet,2026-10-11,2026-10-10T13:04:57.655093+00:00
woolworths,6032430,Purina Totalcare Heartwormer & Allwormer Protection each,Purina,each,26,26,13,1EA,False,9,worming tablets dog,pet,2026-10-11,2026-10-10T13:04:57.655093+00:00
woolworths,308874,Exelpet Ezy Dose Heartwormer & Intestinal Allwormer For Dogs 4 pack,Exelpet,4 pack,20.5,26,5.13,1EA,True,10,worming tablets dog,pet,2026-10-11,2026-10-10T13:04:57.655093+00:00
coles,6164281,Exelpet Ezy-dose Monthly Heartworm & Intestinal All Wormer Dog Treatment,Exelpet,4 Pack,26,,6.5,1ea,False,1,worming tablets dog,pet,2026-10-11,2026-10-10T13:04:57.655093+00:00
coles,7187555,Total Care Tasty Allwormer For Dogs,Total Care,4 Pack,18.5,,4.63,1ea,False,2,worming tablets dog,pet,2026-10-11,2026-10-10T13:04:57.655093+00:00
coles,1091599,Totalcare Heartwormer Prot Medium & Large Dogs Treatment,Totalcare,2 Pack,28,,14,1ea,False,3,worming tablets dog,pet,2026-10-11,2026-10-10T13:04:57.655093+00:00
coles,3537098,Purina Total Care Tasty All Wormer Small Dog Or Puppies Treatment,Purina,1 Pack,14,,14,1ea,False,4,worming tablets dog,pet,2026-10-11,2026-10-10T13:04:57.655093+00:00
coles,2839568,Purina Total Care Flea Knockdown For Medium & Large Dogs Treatment Tablets,Purina,3 Pack,19.5,,6.5,1ea,False,5,worming tablets dog,pet,2026-10-11,2026-10-10T13:04:57.655093+00:00
coles,1091067,Totalcare Heartworm Flea Prot Small Dog Treatment,Totalcare,1 Pack,26,,26,1ea,False,6,worming tablets dog,pet,2026-10-11,2026-10-10T13:04:57.655093+00:00
coles,2839524,"Purina Total Care Flea Knockdown For Cats, Puppies & Small Dog",Purina,3 Pack,17.5,,5.83,1ea,False,7,worming tablets dog,pet,2026-10-11,2026-10-10T13:04:57.655093+00:00
coles,1091588,Totalcare Heartwormer Prot Puppies Small Dogs Treatment,Totalcare,2 Pack,24,,12,1ea,False,8,worming tablets dog,pet,2026-10-11,2026-10-10T13:04:57.655093+00:00
coles,1091089,Totalcare Heartworm Flea Prot Large Dog Treatment,Totalcare,1 Pack,30,,30,1ea,False,9,worming tablets dog,pet,2026-10-11,2026-10-10T13:04:57.655093+00:00
coles,1091078,Totalcare Heartworm Flea Prot Med Dog Treatment,Totalcare,1 Pack,28,,28,1ea,False,10,worming tablets dog,pet,2026-10-11,2026-10-10T13:04:57.655093+00:00
coles,2839466,Purina Total Care Palatable Allwormer Cat Kittens Treatment Tablets,Purina,2 Pack,16.5,,8.25,1ea,False,11,worming tablets dog,pet,2026-10-11,2026-10-10T13:04:57.655093+00:00
woolworths,6086367,Oscar & Friends Pet Nail Clippers each,Oscar & Friends,each,11,15,11,1EA,True,1,pet nail clippers,pet,2026-10-11,2026-10-10T13:05:00.268525+00:00
woolworths,1124431951,Pets Nail Clipper Series - For s And Dogs$pet Nail Clippers For Small Animals - Best Nail Clippers,,1EA,66.75,66.75,,,False,2,pet nail clippers,pet,2026-10-11,2026-10-10T13:05:00.268525+00:00
woolworths,1115747545,All Breed Dog & Cat FURminator Pet Nail Clippers,FURminator,1EA,34.99,34.99,,,False,3,pet nail clippers,pet,2026-10-11,2026-10-10T13:05:00.268525+00:00
woolworths,1128521969,Electric Pet Nail Clippers Grooming Grinder File Trimmer,,,29.95,29.95,,,False,4,pet nail clippers,pet,2026-10-11,2026-10-10T13:05:00.268525+00:00
woolworths,1098228219,Pet Nail Clippers for Large Breed Dogs by Scream,Scream,1EA,18.99,18.99,,,False,5,pet nail clippers,pet,2026-10-11,2026-10-10T13:05:00.268525+00:00
woolworths,1124431949,2Pcs Pet Nail Clipper Portable Magnifying Glass Claw Clippers Nail Cutters,,1EA,63.33,63.33,,,False,6,pet nail clippers,pet,2026-10-11,2026-10-10T13:05:00.268525+00:00
woolworths,1113954813,Pet Nail Clippers Toe Cutter Trimmer Grooming Nail Cut Small Dog Stainless Steel,,1EA,7.72,7.72,,,False,7,pet nail clippers,pet,2026-10-11,2026-10-10T13:05:00.268525+00:00
woolworths,1122995359,Dogs and Cats Grooming Nail Clippers Kit Pet Claws Nail Clipper Trimmers Dog Nail Grinder Pet Nail Trimmer,,1EA,53.62,53.62,,,False,8,pet nail clippers,pet,2026-10-11,2026-10-10T13:05:00.268525+00:00
woolworths,1107219475,2 x Dog Cat Pet Nail Clipper Grooming Shears Scissors Ergonomic Red,Cotton More,1EA,22.5,22.5,,,False,9,pet nail clippers,pet,2026-10-11,2026-10-10T13:05:00.268525+00:00
woolworths,1107219479,2 x Dog Cat Pet Nail Clipper Grooming Shears Scissors Ergonomic Black,Cotton More,1EA,22.5,22.5,,,False,10,pet nail clippers,pet,2026-10-11,2026-10-10T13:05:00.268525+00:00
coles,1098532,Rufus & Coco Safety Nail Clippers File,Rufus & Coco,1 Pack,14.4,16,14.4,1ea,False,1,pet nail clippers,pet,2026-10-11,2026-10-10T13:05:00.268525+00:00
woolworths,521126,Bow Wow Naturals Braided Collagen Chew Stick Dog Treat each,Bow Wow,each,9,9,9,1EA,False,1,dog chew,pet,2026-10-11,2026-10-10T13:05:02.439770+00:00
woolworths,344049,Pedigree DentaStix Large Dental Dog Treats Daily Oral Care Chews 7 pack,Pedigree,7 pack,7,7,1,1EA,False,2,dog chew,pet,2026-10-11,2026-10-10T13:05:02.439770+00:00
woolworths,105857,Bow Wow Naturals Braided Bully Chew Dog Treat each,Bow Wow,each,13,13,13,1EA,False,3,dog chew,pet,2026-10-11,2026-10-10T13:05:02.439770+00:00
woolworths,344052,Pedigree DentaStix Large Dental Dog Treats Daily Oral Care Chews 28 pack,Pedigree,28 pack,16.5,24,0.59,1EA,True,4,dog chew,pet,2026-10-11,2026-10-10T13:05:02.439770+00:00
woolworths,657236,Schmackos Chomp 'n' Chew Dog Treat With Chicken Peanut Butter Flavour 60g,Schmackos,60g,5,5,8.33,100G,False,5,dog chew,pet,2026-10-11,2026-10-10T13:05:02.439770+00:00
woolworths,481185,Baxter's Dog Treats Basted Rawhide Chews Real Kangaroo 100g,Baxter's,100g,4,4,4,100G,False,6,dog chew,pet,2026-10-11,2026-10-10T13:05:02.439770+00:00
woolworths,214652,Pedigree DentaStix Small Dental Dog Treats Daily Oral Care Chews 7 pack,Pedigree,7 pack,7,7,1,1EA,False,7,dog chew,pet,2026-10-11,2026-10-10T13:05:02.439770+00:00
woolworths,921076,Vita Pet Chewz Chicken Wrapped Rawhide Twist Dog Treats 7 pack,Vita Pet,7 pack,10,10,1.43,1EA,False,8,dog chew,pet,2026-10-11,2026-10-10T13:05:02.439770+00:00
woolworths,1129871341,Squeaky Dog Chew Toy for Dogs,,,21.99,21.99,,,False,9,dog chew,pet,2026-10-11,2026-10-10T13:05:02.439770+00:00
woolworths,1129871521,Dog Chew Toy for Large Dogs,,,23.69,23.69,,,False,10,dog chew,pet,2026-10-11,2026-10-10T13:05:02.439770+00:00
coles,9092595,The Fresh Pet Food Co. Kangaroo Bone Chews Dog Food,The Fresh Pet Food Co.,300g,4,,1.33,100g,False,1,dog chew,pet,2026-10-11,2026-10-10T13:05:02.439770+00:00
coles,1614427,Vitapet Chewz Dog Treats Jumbo Sticks Chicken,Vitapet,3 Pack,11,,3.67,1ea,False,2,dog chew,pet,2026-10-11,2026-10-10T13:05:02.439770+00:00
coles,1614438,Vitapet Chewz Dog Treats Jumbo Sticks Duck,Vitapet,3 Pack,11,,3.67,1ea,False,3,dog chew,pet,2026-10-11,2026-10-10T13:05:02.439770+00:00
coles,7531741,Pedigree Dentastix Large Dog Treats Daily Oral Care Dental Chews,Pedigree,7 Pack,5.6,7,0.8,1ea,False,4,dog chew,pet,2026-10-11,2026-10-10T13:05:02.439770+00:00
coles,7531887,Pedigree Dentastix Large Dog Treats Daily Oral Care Dental Chews,Pedigree,28 Pack,24,,0.86,1ea,False,5,dog chew,pet,2026-10-11,2026-10-10T13:05:02.439770+00:00
coles,1648939,Pawk Chewy Pork Ear Dog Treat,Pawk,1 Pack,2.52,3.6,2.52,1ea,False,6,dog chew,pet,2026-10-11,2026-10-10T13:05:02.439770+00:00
coles,9668237,Pedigree Dentastix Medium Dog Treats Daily Oral Care Dental Chews,Pedigree,7 Pack,5.6,7,0.8,1ea,False,7,dog chew,pet,2026-10-11,2026-10-10T13:05:02.439770+00:00
coles,1649046,Pawk Crunchy Pork Snouts Dog Treats,Pawk,4 Pack,7,10,1.75,1ea,False,8,dog chew,pet,2026-10-11,2026-10-10T13:05:02.439770+00:00
coles,1649035,Pawk Chewy Pork Ears Dog Treats,Pawk,5 Pack,11.72,16.75,2.34,1ea,False,9,dog chew,pet,2026-10-11,2026-10-10T13:05:02.439770+00:00
coles,3742701,Schmackos Strapz Dog Treats With Chicken,Schmackos,200g,8,,4,100g,False,10,dog chew,pet,2026-10-11,2026-10-10T13:05:02.439770+00:00
coles,6856376,Pedigree Dentastix Medium Dog Treats Daily Oral Care Dental Chews,Pedigree,28 Pack,24,,0.86,1ea,False,11,dog chew,pet,2026-10-11,2026-10-10T13:05:02.439770+00:00
coles,1790113,Coles Beef Basted Rawhide Chews Beef Dog Treats,Coles,100g,4,,4,100g,False,12,dog chew,pet,2026-10-11,2026-10-10T13:05:02.439770+00:00
coles,3452290,Schmackos Chomp N Chew With Peanut Butter & Chicken Flavoured Dog Treat Large,Schmackos,60g,4,5,4,1ea,False,13,dog chew,pet,2026-10-11,2026-10-10T13:05:02.439770+00:00
coles,9112397,Schmackos Chomp N Chew Large Dog With Beef Dog Treat,Schmackos,1 Pack,4,5,4,1ea,False,14,dog chew,pet,2026-10-11,2026-10-10T13:05:02.439770+00:00
coles,1614019,The Paw Grocer Kangaroo Dental Chews Dog Treats,The Paw Grocer,7 Pack,9.5,,1.36,1ea,False,15,dog chew,pet,2026-10-11,2026-10-10T13:05:02.439770+00:00
coles,1853778,Vitapet Chicken Wrapped Rawhide Dog Chews,Vitapet,1 Pack,9.5,,9.5,1ea,False,16,dog chew,pet,2026-10-11,2026-10-10T13:05:02.439770+00:00
coles,6856060,Pedigree Dentastix Small Dog Treats Daily Oral Care Dental Chews,Pedigree,28 Pack,24,,0.86,1ea,False,17,dog chew,pet,2026-10-11,2026-10-10T13:05:02.439770+00:00
coles,1615780,Bow Wow Bully Stick Dog Treat,Bow Wow,1 Pack,7.5,,7.5,1ea,False,18,dog chew,pet,2026-10-11,2026-10-10T13:05:02.439770+00:00
coles,4257982,Pedigree Dentastix Small Dog Treats Daily Oral Care Dental Chews,Pedigree,7 Pack,5.6,7,0.8,1ea,False,19,dog chew,pet,2026-10-11,2026-10-10T13:05:02.439770+00:00
coles,9086606,Pedigree Dentastix Chewy Chunx Mini Dog Treats,Pedigree,68g,2.8,3,4.12,100g,True,20,dog chew,pet,2026-10-11,2026-10-10T13:05:02.439770+00:00
coles,8445849,Pedigree Dentastix Dog Treat Large,Pedigree Dentastix,70 Pack,36,,0.51,1ea,False,21,dog chew,pet,2026-10-11,2026-10-10T13:05:02.439770+00:00
coles,6585348,Pedigree Dentastix Medium Dog Treat,Pedigree,70 Pack,36,,0.51,1ea,False,22,dog chew,pet,2026-10-11,2026-10-10T13:05:02.439770+00:00
coles,9086548,Pedigree Dentastix Chewy Chunx Maxi Dog Treats,Pedigree,68g,2.8,3,4.12,100g,True,23,dog chew,pet,2026-10-11,2026-10-10T13:05:02.439770+00:00
coles,9241312,Bow Wow Treat & Eat Beef Burgers Dog Treats,Bow Wow,9 Pack,5.5,8,,1ea,True,24,dog chew,pet,2026-10-11,2026-10-10T13:05:02.439770+00:00
coles,5016347,Woofin Good Beef Ear Dog Treat,Woofin Good,1 Pack,4.7,,4.7,1ea,False,25,dog chew,pet,2026-10-11,2026-10-10T13:05:02.439770+00:00
woolworths,696223,Frankie & Friends Wild Bird Seed Blend 5kg,Frankie & Friends,5Kg,12,12,0.24,100G,False,1,wild bird seed,pet,2026-10-11,2026-10-10T13:05:04.512888+00:00
woolworths,679548,Frankie & Friends Large Parrot & Wildbird Bird Seed Mix 2kg,Frankie & Friends,2Kg,5.7,5.7,0.29,100G,False,2,wild bird seed,pet,2026-10-11,2026-10-10T13:05:04.512888+00:00
woolworths,679547,Frankie & Friends Small Parrot & Wildbird Bird Seed Mix 2kg,Frankie & Friends,2Kg,5.7,5.7,0.29,100G,False,3,wild bird seed,pet,2026-10-11,2026-10-10T13:05:04.512888+00:00
woolworths,1112486867,Peters Wild Bird Seed 15kg,Peters,15.0KG,24,24,0.16,100G,False,4,wild bird seed,pet,2026-10-11,2026-10-10T13:05:04.512888+00:00
woolworths,1115976763,Breeders Choice Wild Bird Seed Mix (2kg) Wildbird Bird Food,Breeders Choice,1EA,12.99,12.99,0.65,100G,False,5,wild bird seed,pet,2026-10-11,2026-10-10T13:05:04.512888+00:00
woolworths,1115976761,Breeders Choice Wild Bird Seed Mix (5kg) Wildbird Bird Food,Breeders Choice,1EA,19.99,19.99,0.4,100G,False,6,wild bird seed,pet,2026-10-11,2026-10-10T13:05:04.512888+00:00
woolworths,9115,Frankie & Friends Bird Seed Sunflower Seeds 1.5Kg,Frankie & Friends,1.5Kg,6.7,6.7,0.45,100G,False,7,wild bird seed,pet,2026-10-11,2026-10-10T13:05:04.512888+00:00
woolworths,204524,Frankie & Friends Wild Bird Food 10kg,Frankie & Friends,10Kg,20,20,0.2,100G,False,8,wild bird seed,pet,2026-10-11,2026-10-10T13:05:04.512888+00:00
woolworths,755534,Frankie & Friends Wild Bird Sunflower Seed Bell Treat 585g,Frankie & Friends,585g,6,6,1.03,100G,False,9,wild bird seed,pet,2026-10-11,2026-10-10T13:05:04.512888+00:00
woolworths,176674,Frankie & Friends Fish Food Flakes 50g,Frankie & Friends,50g,4.9,4.9,9.8,100G,False,1,fish food flakes,pet,2026-10-11,2026-10-10T13:05:07.455399+00:00
woolworths,360821,Vita Pet Fish Food Goldfish Flake Plus 90g,Vita Pet,90g,9.5,9.5,10.56,100G,False,2,fish food flakes,pet,2026-10-11,2026-10-10T13:05:07.455399+00:00
woolworths,360825,Vita Pet Fish Food Tropical Flake 36g,Vita Pet,36g,9.5,9.5,26.39,100G,False,3,fish food flakes,pet,2026-10-11,2026-10-10T13:05:07.455399+00:00
woolworths,360823,Vita Pet Fish Food Goldfish Flake Plus 36g,Vita Pet,36g,7.5,7.5,20.83,100G,False,4,fish food flakes,pet,2026-10-11,2026-10-10T13:05:07.455399+00:00
woolworths,1098219861,Cichlid Fish Food Flakes (55 Grams) Aquatopia 55g,Aquatopia,1EA,14.99,14.99,,,False,5,fish food flakes,pet,2026-10-11,2026-10-10T13:05:07.455399+00:00
woolworths,1119491707,Tropical Flakes 2Kg AQF20- Tropical Fish Food -Flakes,,,100,100,,,False,6,fish food flakes,pet,2026-10-11,2026-10-10T13:05:07.455399+00:00
woolworths,1098219877,Goldfish Fish Food Flakes (110 Grams) Aquatopia 110g,Aquatopia,1EA,20.99,20.99,,,False,7,fish food flakes,pet,2026-10-11,2026-10-10T13:05:07.455399+00:00
woolworths,1098219873,Goldfish Fish Food Flakes (24 Grams) Aquatopia 24g,Aquatopia,1EA,8.99,8.99,,,False,8,fish food flakes,pet,2026-10-11,2026-10-10T13:05:07.455399+00:00
woolworths,1098219891,Marine Fish Food Flakes (55 Grams) Aquatopia 55g,Aquatopia,1EA,14.99,14.99,,,False,9,fish food flakes,pet,2026-10-11,2026-10-10T13:05:07.455399+00:00
woolworths,1113075841,Tetra Tetramin Complete Optimal Health Top/Mid Feeder Tropical Fish Food/Flakes,Tetra,200G,41.69,41.69,20.85,100G,False,10,fish food flakes,pet,2026-10-11,2026-10-10T13:05:07.455399+00:00
woolworths,389580,Pretty Wild Cat Litter Scoop each,Pretty Wild,each,4,4,4,1EA,False,1,cat litter scoop,pet,2026-10-11,2026-10-10T13:05:26.062478+00:00
woolworths,1126689785,Cat Litter Scooper With Trash Container Portable Litter Scoop Holder Litter Scoop With Holder,,,23.95,23.95,,,False,2,cat litter scoop,pet,2026-10-11,2026-10-10T13:05:26.062478+00:00
woolworths,1129477731,Premium Cat Litter Scoop with Detachable Holder & Bags,Premium,,26.98,26.98,,,False,3,cat litter scoop,pet,2026-10-11,2026-10-10T13:05:26.062478+00:00
woolworths,1098576455,"Moderna Small Grid Cat Litter Scoop, Grey",Moderna,,6.95,6.95,6.95,1EA,False,4,cat litter scoop,pet,2026-10-11,2026-10-10T13:05:26.062478+00:00
woolworths,1100476543,"Moderna Handy Max Cat Litter Scoop, Warm Grey",Moderna,,8.95,8.95,8.95,1EA,False,5,cat litter scoop,pet,2026-10-11,2026-10-10T13:05:26.062478+00:00
woolworths,1113963405,Cat Litter Scoop Integrated Detachable Shovel Holder Poop Pet Sifter Cleaning,AcosE,,39.66,39.66,39.66,1EA,False,6,cat litter scoop,pet,2026-10-11,2026-10-10T13:05:26.062478+00:00
woolworths,1124349819,20pcs Disposable Cat Litter Scoop Biodegradable Excrement Shovel One Time Tool,,,16.36,16.36,0.82,1EA,False,7,cat litter scoop,pet,2026-10-11,2026-10-10T13:05:26.062478+00:00
woolworths,1124597543,2PCS Cat Litter Scoop Durable Plastic Cleaning Shovel Kitty Box Waste Removal,,,29.82,29.82,29.82,1EA,False,8,cat litter scoop,pet,2026-10-11,2026-10-10T13:05:26.062478+00:00
woolworths,1126591227,Deal365 Durable Cat Litter Scoop and Tray Easy to Use Litter Tray Box Pans Kitty,,,14.99,14.99,14.99,1EA,False,9,cat litter scoop,pet,2026-10-11,2026-10-10T13:05:26.062478+00:00
woolworths,1123571707,FIN Stainless Steel Enclosed Cat Litter Box Top Exit Pet Toilet Box w/ Litter Scoop,,1EA,67.99,67.99,67.99,1EA,False,10,cat litter scoop,pet,2026-10-11,2026-10-10T13:05:26.062478+00:00
woolworths,54514,Whiz Pop Bang Spiral Candles With Holder 24 pack,Whiz Pop Bang,24 pack,3,3,0.13,1EA,False,1,birthday candles,occasion,2026-10-11,2026-10-10T13:05:34.748839+00:00
woolworths,211984,Dollar Sweets Happy Birthday Candle each,Dollar Sweets,each,3,3,1,1EA,False,2,birthday candles,occasion,2026-10-11,2026-10-10T13:05:34.748839+00:00
woolworths,1124334861,Assorted Spiral Pastel Birthday Candles 24pk,Meteor Party,,4.99,4.99,4.99,1EA,False,3,birthday candles,occasion,2026-10-11,2026-10-10T13:05:34.748839+00:00
woolworths,1124326635,Black & White Birthday Candles 10pk,Amscan,,2.99,2.99,0.3,1EA,False,4,birthday candles,occasion,2026-10-11,2026-10-10T13:05:34.748839+00:00
woolworths,244654,Whiz Pop Bang Happy Birthday Candles On Pick 13 pack,Whiz Pop Bang,13 pack,4.5,4.5,0.35,1EA,False,5,birthday candles,occasion,2026-10-11,2026-10-10T13:05:34.748839+00:00
woolworths,54525,Whiz Pop Bang Metallic Taper Candles Assorted 12 pack,Whiz Pop Bang,12 pack,3.15,3.15,0.26,1EA,False,6,birthday candles,occasion,2026-10-11,2026-10-10T13:05:34.748839+00:00
woolworths,1115000281,Birthday Candle Number 8 - Metallic Gold,Meteor Party Pty Ltd,,2.5,2.5,2.5,1EA,False,7,birthday candles,occasion,2026-10-11,2026-10-10T13:05:34.748839+00:00
woolworths,1124333507,Grovvy Birthday Candles 12.7cm 12pk,Meteor Party,,5.99,5.99,0.5,1EA,False,8,birthday candles,occasion,2026-10-11,2026-10-10T13:05:34.748839+00:00
woolworths,612808,Whiz Pop Bang Number Candle 1 Assorted each,Whiz Pop Bang,each,3,3,3,1EA,False,9,birthday candles,occasion,2026-10-11,2026-10-10T13:05:34.748839+00:00
woolworths,244647,Whiz Pop Bang Spiral Candles Large 12 pack,Whiz Pop Bang,12 pack,3,3,0.25,1EA,False,10,birthday candles,occasion,2026-10-11,2026-10-10T13:05:34.748839+00:00
woolworths,6030387,Smart Shoe Polish Brown 65g,Smart,65g,5,5,7.69,100G,False,1,shoe polish,occasion,2026-10-11,2026-10-10T13:05:36.512716+00:00
woolworths,207709,Smart Liquid Shoe Polish Black 75mL,Smart,75mL,6,6,6,1EA,False,2,shoe polish,occasion,2026-10-11,2026-10-10T13:05:36.512716+00:00
woolworths,207229,Smart Kids Liquid Shoe Polish Black 80mL,Smart,80mL,4.5,4.5,4.5,1EA,False,3,shoe polish,occasion,2026-10-11,2026-10-10T13:05:36.512716+00:00
woolworths,525817,Smart Premium Shoe Polish Dubbin Neutral 85g,Smart,85g,5,5,5.88,100G,False,4,shoe polish,occasion,2026-10-11,2026-10-10T13:05:36.512716+00:00
woolworths,6030374,Smart Shoe Polish High Gloss Black 65g,Smart,65g,5,5,7.69,100G,False,5,shoe polish,occasion,2026-10-11,2026-10-10T13:05:36.512716+00:00
woolworths,6030365,Smart Shoe Polish Black 65g,Smart,65g,5,5,7.69,100G,False,6,shoe polish,occasion,2026-10-11,2026-10-10T13:05:36.512716+00:00
woolworths,519535,Smart Premium Instant Shine Sponge Neutral 5mL,Smart,5mL,4.8,6,96,100ML,True,7,shoe polish,occasion,2026-10-11,2026-10-10T13:05:36.512716+00:00
woolworths,791333,Oakwood Leather Wipes 16 pack,Oakwood,16 pack,3.5,3.5,0.22,1EA,False,8,shoe polish,occasion,2026-10-11,2026-10-10T13:05:36.512716+00:00
woolworths,122542,Oakwood Shoe Protector 180ml,Oakwood,180mL,8,8,4.44,100ML,False,9,shoe polish,occasion,2026-10-11,2026-10-10T13:05:36.512716+00:00
woolworths,105182,Korbond Travel Sewing Kit each,Korbond,each,5,5,,0,False,1,sewing kit,occasion,2026-10-11,2026-10-10T13:05:40.883636+00:00
woolworths,101485,Korbond Threaded Needle Kit 10 pack,Korbond,10 pack,3.2,3.2,,0,False,2,sewing kit,occasion,2026-10-11,2026-10-10T13:05:40.883636+00:00
woolworths,1113333337,Sewing Kit with Case Portable Sewing Supplies for Home Traveler,,1EA,36.95,36.95,,,False,3,sewing kit,occasion,2026-10-11,2026-10-10T13:05:40.883636+00:00
woolworths,1127973083,Gear Aid Sewing Kit,Gear Aid,,26.95,26.95,,,False,4,sewing kit,occasion,2026-10-11,2026-10-10T13:05:40.883636+00:00
woolworths,1112079217,My Fabulous Fox Sewing Kit,The Book Warehouse,1EA,16.5,16.5,,,False,5,sewing kit,occasion,2026-10-11,2026-10-10T13:05:40.883636+00:00
woolworths,1118084489,Galt Toys First Sewing Kit,Galt Toys,1EA,26.95,26.95,,,False,6,sewing kit,occasion,2026-10-11,2026-10-10T13:05:40.883636+00:00
woolworths,1111608075,Lulu Grace Round Sewing Kit,Lulu Grace,1EA,15.95,15.95,,,False,7,sewing kit,occasion,2026-10-11,2026-10-10T13:05:40.883636+00:00
woolworths,1127975745,OzOffer Sewing Kit 40pk,,,26,26,,,False,8,sewing kit,occasion,2026-10-11,2026-10-10T13:05:40.883636+00:00
woolworths,1110476803,Portable Sewing Kit Home Travel Sewing Set 128pcs,,1EA,46.95,46.95,,,False,9,sewing kit,occasion,2026-10-11,2026-10-10T13:05:40.883636+00:00
woolworths,1112079547,My Hootiful Owl Sewing Kit,The Book Warehouse,1EA,16.5,16.5,,,False,10,sewing kit,occasion,2026-10-11,2026-10-10T13:05:40.883636+00:00
woolworths,1119106017,Best News Ever! Greeting Card,,,2.2,2.2,,,False,1,greeting card,occasion,2026-10-11,2026-10-10T13:05:46.076555+00:00
woolworths,1128256439,Lovely Person Colourful Greeting Card,Hallmark,,6.6,6.6,,,False,2,greeting card,occasion,2026-10-11,2026-10-10T13:05:46.076555+00:00
woolworths,1119106315,Congratulations! Greeting Card,,,2.2,2.2,,,False,3,greeting card,occasion,2026-10-11,2026-10-10T13:05:46.076555+00:00
woolworths,1128261265,Sesame Street Greeting Card,Hallmark,,8.8,8.8,,,False,4,greeting card,occasion,2026-10-11,2026-10-10T13:05:46.076555+00:00
woolworths,1124536973,Dragonfly Necklace On Greetings Card,,,32,32,,,False,5,greeting card,occasion,2026-10-11,2026-10-10T13:05:46.076555+00:00
woolworths,1128258221,Hallmark Signature Greeting Card - Just For You,Hallmark,,14.3,14.3,,,False,6,greeting card,occasion,2026-10-11,2026-10-10T13:05:46.076555+00:00
woolworths,1128261183,Minions Greeting Card - Celebrate!,Hallmark,,8.8,8.8,,,False,7,greeting card,occasion,2026-10-11,2026-10-10T13:05:46.076555+00:00
woolworths,1128261229,Looney Tunes(TM) Greeting Card,Hallmark,,8.8,8.8,,,False,8,greeting card,occasion,2026-10-11,2026-10-10T13:05:46.076555+00:00
woolworths,1119107049,To You From Me Greeting Card,,,2.2,2.2,,,False,9,greeting card,occasion,2026-10-11,2026-10-10T13:05:46.076555+00:00
woolworths,1119106659,Mummy I Love You Greeting Card,,,2.2,2.2,,,False,10,greeting card,occasion,2026-10-11,2026-10-10T13:05:46.076555+00:00
woolworths,1128085655,Ice Cream Popsicle Gift Wrapping Paper Sheet,Artwrap,,2.99,2.99,,,False,1,wrapping paper,occasion,2026-10-11,2026-10-10T13:05:49.186753+00:00
woolworths,1128269455,Vintage Cars Gift Wrapping Paper Sheet,Artwrap,,2.99,2.99,,,False,2,wrapping paper,occasion,2026-10-11,2026-10-10T13:05:49.186753+00:00
woolworths,1128085741,Dinosaur Party Gift Wrapping Paper Sheet,Artwrap,,3.99,3.99,,,False,3,wrapping paper,occasion,2026-10-11,2026-10-10T13:05:49.186753+00:00
woolworths,7799,Paperclick Kraft Paper Roll 10m each,Paperclick,each,5,5,,0,False,4,wrapping paper,occasion,2026-10-11,2026-10-10T13:05:49.186753+00:00
woolworths,1128085673,Camping Adventure Gift Wrapping Paper Sheet,Artwrap,,2.99,2.99,,,False,5,wrapping paper,occasion,2026-10-11,2026-10-10T13:05:49.186753+00:00
woolworths,1109744073,Magnolia Gold Hearts Gift Wrap - Premium Wrapping Paper,Bliss Gifts and Homewares,,2.99,2.99,,,False,6,wrapping paper,occasion,2026-10-11,2026-10-10T13:05:49.186753+00:00
woolworths,1128085707,Colourful Garden Floral Gift Wrapping Paper Sheet,Artwrap,,2.99,2.99,,,False,7,wrapping paper,occasion,2026-10-11,2026-10-10T13:05:49.186753+00:00
woolworths,1128085649,Colourful Happy Flower Gift Wrapping Paper Sheet,Artwrap,,2.99,2.99,,,False,8,wrapping paper,occasion,2026-10-11,2026-10-10T13:05:49.186753+00:00
woolworths,1128085651,Pink Princess Fairytale Gift Wrapping Paper Sheet,Artwrap,,3.99,3.99,,,False,9,wrapping paper,occasion,2026-10-11,2026-10-10T13:05:49.186753+00:00
woolworths,1101060615,Gold Coast Titans NRL GIFT WRAP Wrapping Paper,,1EA,6.95,6.95,,,False,10,wrapping paper,occasion,2026-10-11,2026-10-10T13:05:49.186753+00:00
woolworths,130700,MINT Everyday Heavy Weight Tea Towel Terry Assorted 5 pack,MINT,5 pack,12,12,,0,False,1,tea towel,occasion,2026-10-11,2026-10-10T13:05:52.313882+00:00
woolworths,775455,MINT Everyday Tea Towel Cotton Starter Assorted 5 pack,MINT,5 pack,6,6,,,False,2,tea towel,occasion,2026-10-11,2026-10-10T13:05:52.313882+00:00
woolworths,634696,MINT Terry Back Tea Towel 2 pack,MINT,2 pack,8,8,,0,False,3,tea towel,occasion,2026-10-11,2026-10-10T13:05:52.313882+00:00
woolworths,6021501,MINT Jacquard Tea Towel Assorted 3 pack,MINT,3 pack,8,8,,0,False,4,tea towel,occasion,2026-10-11,2026-10-10T13:05:52.313882+00:00
woolworths,1121863221,2pc Ashdene Puppy Love Kelpie Kitchen Tea Towel Dish Cloth 50x70cm White,Ashdene,1EA,27.05,27.05,,,False,5,tea towel,occasion,2026-10-11,2026-10-10T13:05:52.313882+00:00
woolworths,1112619963,4PK J.Elliot Chef Absorbent 50x70cm Cotton Tea Towel Kitchen Dish Cloth Assorted,J. Elliot,1EA,22.05,22.05,,,False,6,tea towel,occasion,2026-10-11,2026-10-10T13:05:52.313882+00:00
woolworths,1115749713,6PK J.Elliot Home Eleanor 50x70cm Cotton Kitchen Tea Towel Rectangle Cloth Black,J. Elliot,1EA,20.05,20.05,,,False,7,tea towel,occasion,2026-10-11,2026-10-10T13:05:52.313882+00:00
woolworths,1115749705,6PK J.Elliot Home Eleanor 50x70cm Cotton Kitchen Tea Towel Rectangle Cloth Grey,J. Elliot,1EA,19.05,19.05,,,False,8,tea towel,occasion,2026-10-11,2026-10-10T13:05:52.313882+00:00
woolworths,1128288091,12x Jumbo Size Kitchen Tea Towels Cotton Dish Cloths Bar Towels,,,47.99,47.99,,,False,9,tea towel,occasion,2026-10-11,2026-10-10T13:05:52.313882+00:00
woolworths,1125157439,Kitchen Tea Towels Country Life Teatowel New Green Tractor Dish Cloth,Landmark,1EA,27.5,27.5,,,False,10,tea towel,occasion,2026-10-11,2026-10-10T13:05:52.313882+00:00
woolworths,1124189887,36pcs Wooden Clothes Pegs,,,2.99,2.99,0.08,1EA,False,1,clothes pegs,occasion,2026-10-11,2026-10-10T13:05:56.269888+00:00
woolworths,139815,Sabco Strong Grip Pegs 50 pack,Sabco,50 pack,6.25,6.25,,0,False,2,clothes pegs,occasion,2026-10-11,2026-10-10T13:05:56.269888+00:00
woolworths,20069,Reva Pegs Plastic 48 pack,Reva,48 pack,6.5,6.5,0.14,1EA,False,3,clothes pegs,occasion,2026-10-11,2026-10-10T13:05:56.269888+00:00
woolworths,98078,Clean Wooden Peg 60 Pack,Clean,60 pack,2.6,2.6,,0,False,4,clothes pegs,occasion,2026-10-11,2026-10-10T13:05:56.269888+00:00
woolworths,829999,Woolworths Essentials Peg 60 pack,Woolworths Essentials,60 pack,3.5,3.5,,0,False,5,clothes pegs,occasion,2026-10-11,2026-10-10T13:05:56.269888+00:00
woolworths,1139034390,6-Pack Super Large Windproof clothes pegs Windbreak Clamp Hanging Clothes Pegs White-Blue,,,23.99,23.99,4,1EA,False,6,clothes pegs,occasion,2026-10-11,2026-10-10T13:05:56.269888+00:00
woolworths,1122763323,Clothes Pegs Stainless Steel 20pk,Boxsweden,1EA,21.5,21.5,,,False,7,clothes pegs,occasion,2026-10-11,2026-10-10T13:05:56.269888+00:00
woolworths,1120111883,Clothes Pegs Heavy Duty 20pk,,,10.98,10.98,0.55,1EA,False,8,clothes pegs,occasion,2026-10-11,2026-10-10T13:05:56.269888+00:00
woolworths,1118912241,100 Pcs Eco Bamboo Clothes Pegs,Clevinger,1EA,32.95,32.95,,,False,9,clothes pegs,occasion,2026-10-11,2026-10-10T13:05:56.269888+00:00
woolworths,1109033895,Ozoffer Clothes Pegs Wooden 50pc,,,11.99,11.99,23.98,100EA,False,10,clothes pegs,occasion,2026-10-11,2026-10-10T13:05:56.269888+00:00
woolworths,1129981813,"Velocity Sink Strainer, Insert Sink Screen",,,19,19,,,False,1,sink strainer,occasion,2026-10-11,2026-10-10T13:06:01.576386+00:00
woolworths,1117809021,Wiltshire Sink Strainer Basket,Wiltshire,1EA,16,16,,,False,2,sink strainer,occasion,2026-10-11,2026-10-10T13:06:01.576386+00:00
woolworths,1129982039,"Velocity Sink Strainer Basket, Yellow",,,21,21,,,False,3,sink strainer,occasion,2026-10-11,2026-10-10T13:06:01.576386+00:00
woolworths,1129982339,"Velocity Sink Strainer Basket Sink Strainer Basket for Food Waste, Yellow",,,25,25,,,False,4,sink strainer,occasion,2026-10-11,2026-10-10T13:06:01.576386+00:00
woolworths,1129982331,"Velocity Kitchen Sink Strainer Basket Sink Strainer Basket for Food Waste, Green",,,26,26,,,False,5,sink strainer,occasion,2026-10-11,2026-10-10T13:06:01.576386+00:00
woolworths,1129981947,"Velocity Sink Strainer Basket, Insert Sink Screen",,,19,19,,,False,6,sink strainer,occasion,2026-10-11,2026-10-10T13:06:01.576386+00:00
woolworths,1129982589,"Velocity Sink Strainer Basket, Food Sink Catcher Strainer Basket, Grey",,,20,20,,,False,7,sink strainer,occasion,2026-10-11,2026-10-10T13:06:01.576386+00:00
woolworths,1124436961,8 Pcs Kitchen Sink Strainer Sink Drain Strainer Drain Stopper Kitchen Tool,,1EA,24.04,24.04,,,False,8,sink strainer,occasion,2026-10-11,2026-10-10T13:06:01.576386+00:00
woolworths,1129981459,"Velocity Suction Cup Sink Strainer, Drain Basket Food Catchers, Kitchen Sink Strainer Basket, White",,,19,19,,,False,9,sink strainer,occasion,2026-10-11,2026-10-10T13:06:01.576386+00:00
